path,predicted_class,predicted_char,answer,confidence,model_pred,model_conf,top_3,agree
/Users/thiya/Documents/GitHub/Project-1-Thai-Character-Number-Recognition/PrintAksorn_dataset/test/bo_baimai_JS-Pudgrong-Normal.png,186,บ,122,0.8941,186,0.8941,186(บ):0.894 | 217(ู):0.004 | 201(ษ):0.002,1
/Users/thiya/Documents/GitHub/Project-1-Thai-Character-Number-Recognition/PrintAksorn_dataset/test/bo_baimai_JS-Saksit-Bold-Italic.png,186,บ,122,0.9122,186,0.9122,186(บ):0.912 | 234(๊):0.002 | 231(็):0.002,1
/Users/thiya/Documents/GitHub/Project-1-Thai-Character-Number-Recognition/PrintAksorn_dataset/test/bo_baimai_JS-Wansika-Italic.png,186,บ,122,0.5841,186,0.5841,186(บ):0.584 | 187(ป):0.102 | 170(ช):0.020,1
/Users/thiya/Documents/GitHub/Project-1-Thai-Character-Number-Recognition/PrintAksorn_dataset/test/bo_baimai_JS-Yodthida.png,186,บ,122,0.8876,186,0.8876,186(บ):0.888 | 187(ป):0.004 | 163(ฃ):0.003,1
/Users/thiya/Documents/GitHub/Project-1-Thai-Character-Number-Recognition/PrintAksorn_dataset/test/bo_baimai_Kanit-BoldItalic.png,186,บ,122,0.801,186,0.801,186(บ):0.801 | 194(ย):0.025 | 217(ู):0.010,1
/Users/thiya/Documents/GitHub/Project-1-Thai-Character-Number-Recognition/PrintAksorn_dataset/test/bo_baimai_NotoSerifThai-CondensedThin.png,186,บ,122,0.8822,186,0.8822,186(บ):0.882 | 227(ใ):0.003 | 231(็):0.002,1
/Users/thiya/Documents/GitHub/Project-1-Thai-Character-Number-Recognition/PrintAksorn_dataset/test/bo_baimai_NotoSerifThai-Light.png,186,บ,122,0.9063,186,0.9063,186(บ):0.906 | 231(็):0.002 | 234(๊):0.002,1
/Users/thiya/Documents/GitHub/Project-1-Thai-Character-Number-Recognition/PrintAksorn_dataset/test/bo_baimai_Prompt-Bold.png,186,บ,122,0.5077,186,0.5077,186(บ):0.508 | 209(ั):0.061 | 194(ย):0.046,1
/Users/thiya/Documents/GitHub/Project-1-Thai-Character-Number-Recognition/PrintAksorn_dataset/test/bo_baimai_Prompt-ExtraLightItalic.png,186,บ,122,0.5766,186,0.5766,186(บ):0.577 | 187(ป):0.098 | 240(๐):0.016,1
/Users/thiya/Documents/GitHub/Project-1-Thai-Character-Number-Recognition/PrintAksorn_dataset/test/bo_baimai_Prompt-Light.png,186,บ,122,0.7749,186,0.7749,186(บ):0.775 | 187(ป):0.045 | 232(่):0.009,1
/Users/thiya/Documents/GitHub/Project-1-Thai-Character-Number-Recognition/PrintAksorn_dataset/test/bo_baimai_Sawasdee-Oblique.png,186,บ,122,0.595,186,0.595,186(บ):0.595 | 187(ป):0.076 | 161(ก):0.016,1
/Users/thiya/Documents/GitHub/Project-1-Thai-Character-Number-Recognition/PrintAksorn_dataset/test/bo_baimai_TH-Fahkwang-Italic.png,186,บ,122,0.8832,186,0.8832,186(บ):0.883 | 234(๊):0.003 | 231(็):0.003,1
/Users/thiya/Documents/GitHub/Project-1-Thai-Character-Number-Recognition/PrintAksorn_dataset/test/bo_baimai_TlwgTypist-Bold.png,186,บ,122,0.8467,186,0.8467,186(บ):0.847 | 162(ข):0.005 | 164(ค):0.004,1
/Users/thiya/Documents/GitHub/Project-1-Thai-Character-Number-Recognition/PrintAksorn_dataset/test/cho_chan_FonLeb-Regular.png,168,จ,106,0.9205,168,0.9205,168(จ):0.920 | 197(ล):0.002 | 187(ป):0.002,1
/Users/thiya/Documents/GitHub/Project-1-Thai-Character-Number-Recognition/PrintAksorn_dataset/test/cho_chan_JS-Giat-Bold.png,168,จ,106,0.7404,168,0.7404,168(จ):0.740 | 169(ฉ):0.029 | 187(ป):0.010,1
/Users/thiya/Documents/GitHub/Project-1-Thai-Character-Number-Recognition/PrintAksorn_dataset/test/cho_chan_JS-Sunsanee-Normal.png,168,จ,106,0.7214,168,0.7214,168(จ):0.721 | 169(ฉ):0.013 | 187(ป):0.010,1
/Users/thiya/Documents/GitHub/Project-1-Thai-Character-Number-Recognition/PrintAksorn_dataset/test/cho_chan_NotoSerifThai-ExtraCondensedExtraBold.png,168,จ,106,0.4574,168,0.4574,168(จ):0.457 | 205(อ):0.140 | 199(ว):0.023,1
/Users/thiya/Documents/GitHub/Project-1-Thai-Character-Number-Recognition/PrintAksorn_dataset/test/cho_chan_Prompt-BoldItalic.png,240,๐,301,0.4263,240,0.4263,240(๐):0.426 | 241(๑):0.071 | 199(ว):0.030,1
/Users/thiya/Documents/GitHub/Project-1-Thai-Character-Number-Recognition/PrintAksorn_dataset/test/cho_chan_Prompt-MediumItalic.png,240,๐,301,0.5107,240,0.5107,240(๐):0.511 | 241(๑):0.055 | 233(้):0.026,1
/Users/thiya/Documents/GitHub/Project-1-Thai-Character-Number-Recognition/PrintAksorn_dataset/test/cho_chan_Taviraj-Black.png,168,จ,106,0.7872,168,0.7872,168(จ):0.787 | 197(ล):0.038 | 241(๑):0.010,1
/Users/thiya/Documents/GitHub/Project-1-Thai-Character-Number-Recognition/PrintAksorn_dataset/test/cho_chan_Taviraj-Bold.png,168,จ,106,0.8532,168,0.8532,168(จ):0.853 | 197(ล):0.028 | 248(๘):0.006,1
/Users/thiya/Documents/GitHub/Project-1-Thai-Character-Number-Recognition/PrintAksorn_dataset/test/cho_chan_Trirong-SemiBoldItalic.png,168,จ,106,0.9211,168,0.9211,168(จ):0.921 | 197(ล):0.002 | 206(ฮ):0.002,1
/Users/thiya/Documents/GitHub/Project-1-Thai-Character-Number-Recognition/PrintAksorn_dataset/test/cho_chang_CmPrasanmit-Bold-Italic.png,170,ช,108,0.895,170,0.895,170(ช):0.895 | 202(ส):0.003 | 168(จ):0.002,1
/Users/thiya/Documents/GitHub/Project-1-Thai-Character-Number-Recognition/PrintAksorn_dataset/test/cho_chang_JS-Pisit-Italic.png,170,ช,108,0.7965,170,0.7965,170(ช):0.797 | 162(ข):0.029 | 174(ฎ):0.004,1
/Users/thiya/Documents/GitHub/Project-1-Thai-Character-Number-Recognition/PrintAksorn_dataset/test/cho_chang_JS-Rapee-Bold-Italic.png,170,ช,108,0.8928,170,0.8928,170(ช):0.893 | 168(จ):0.002 | 173(ญ):0.002,1
/Users/thiya/Documents/GitHub/Project-1-Thai-Character-Number-Recognition/PrintAksorn_dataset/test/cho_chang_KaniGa-Bold.png,170,ช,108,0.8919,170,0.8919,170(ช):0.892 | 171(ซ):0.004 | 205(อ):0.002,1
/Users/thiya/Documents/GitHub/Project-1-Thai-Character-Number-Recognition/PrintAksorn_dataset/test/cho_chang_Maitree-Light.png,170,ช,108,0.7976,170,0.7976,170(ช):0.798 | 203(ห):0.008 | 201(ษ):0.006,1
/Users/thiya/Documents/GitHub/Project-1-Thai-Character-Number-Recognition/PrintAksorn_dataset/test/cho_chang_Norasi-Bold.png,170,ช,108,0.8776,170,0.8776,170(ช):0.878 | 202(ส):0.004 | 204(ฬ):0.003,1
/Users/thiya/Documents/GitHub/Project-1-Thai-Character-Number-Recognition/PrintAksorn_dataset/test/cho_chang_NotoSansThaiLooped-ExtraBold.png,201,ษ,136,0.3227,201,0.3227,201(ษ):0.323 | 170(ช):0.120 | 162(ข):0.079,1
/Users/thiya/Documents/GitHub/Project-1-Thai-Character-Number-Recognition/PrintAksorn_dataset/test/cho_chang_NotoSerifThai-CondensedBold.png,170,ช,108,0.8641,170,0.8641,170(ช):0.864 | 162(ข):0.006 | 245(๕):0.004,1
/Users/thiya/Documents/GitHub/Project-1-Thai-Character-Number-Recognition/PrintAksorn_dataset/test/cho_chang_NotoSerifThai-SemiCondensed.png,170,ช,108,0.8525,170,0.8525,170(ช):0.852 | 162(ข):0.009 | 205(อ):0.003,1
/Users/thiya/Documents/GitHub/Project-1-Thai-Character-Number-Recognition/PrintAksorn_dataset/test/cho_chang_Prompt-Regular.png,170,ช,108,0.1613,170,0.1613,170(ช):0.161 | 246(๖):0.079 | 249(๙):0.050,1
/Users/thiya/Documents/GitHub/Project-1-Thai-Character-Number-Recognition/PrintAksorn_dataset/test/cho_chang_TH-Chakra-Petch-Bold.png,170,ช,108,0.6378,170,0.6378,170(ช):0.638 | 171(ซ):0.113 | 162(ข):0.015,1
/Users/thiya/Documents/GitHub/Project-1-Thai-Character-Number-Recognition/PrintAksorn_dataset/test/cho_chang_TH-Fahkwang-Regular.png,170,ช,108,0.8028,170,0.8028,170(ช):0.803 | 162(ข):0.032 | 205(อ):0.006,1
/Users/thiya/Documents/GitHub/Project-1-Thai-Character-Number-Recognition/PrintAksorn_dataset/test/cho_ching_DC-Palamongkol-Italic.png,169,ฉ,107,0.9423,169,0.9423,169(ฉ):0.942 | 174(ฎ):0.005 | 172(ฌ):0.003,1
/Users/thiya/Documents/GitHub/Project-1-Thai-Character-Number-Recognition/PrintAksorn_dataset/test/cho_ching_Himmaparnt-Italic.png,169,ฉ,107,0.9281,169,0.9281,169(ฉ):0.928 | 165(ฅ):0.002 | 185(น):0.001,1
/Users/thiya/Documents/GitHub/Project-1-Thai-Character-Number-Recognition/PrintAksorn_dataset/test/cho_ching_JS-Chusri-Normal.png,169,ฉ,107,0.7176,169,0.7176,169(ฉ):0.718 | 227(ใ):0.021 | 161(ก):0.020,1
/Users/thiya/Documents/GitHub/Project-1-Thai-Character-Number-Recognition/PrintAksorn_dataset/test/cho_ching_JS-Sunsanee-Italic.png,169,ฉ,107,0.9281,169,0.9281,169(ฉ):0.928 | 165(ฅ):0.002 | 163(ฃ):0.002,1
/Users/thiya/Documents/GitHub/Project-1-Thai-Character-Number-Recognition/PrintAksorn_dataset/test/cho_ching_Kanit-ExtraBoldItalic.png,205,อ,140,0.4033,205,0.4033,205(อ):0.403 | 199(ว):0.126 | 197(ล):0.053,1
/Users/thiya/Documents/GitHub/Project-1-Thai-Character-Number-Recognition/PrintAksorn_dataset/test/cho_ching_Kanit-LightItalic.png,240,๐,301,0.5068,240,0.5068,240(๐):0.507 | 205(อ):0.093 | 199(ว):0.019,1
/Users/thiya/Documents/GitHub/Project-1-Thai-Character-Number-Recognition/PrintAksorn_dataset/test/cho_ching_Kinnari-BoldOblique.png,169,ฉ,107,0.8952,169,0.8952,169(ฉ):0.895 | 174(ฎ):0.003 | 176(ฐ):0.002,1
/Users/thiya/Documents/GitHub/Project-1-Thai-Character-Number-Recognition/PrintAksorn_dataset/test/cho_ching_Kinnari.png,169,ฉ,107,0.8789,169,0.8789,169(ฉ):0.879 | 168(จ):0.003 | 186(บ):0.003,1
/Users/thiya/Documents/GitHub/Project-1-Thai-Character-Number-Recognition/PrintAksorn_dataset/test/cho_ching_PSK-Smart-Bold.png,169,ฉ,107,0.8796,169,0.8796,169(ฉ):0.880 | 248(๘):0.003 | 172(ฌ):0.003,1
/Users/thiya/Documents/GitHub/Project-1-Thai-Character-Number-Recognition/PrintAksorn_dataset/test/cho_ching_Prompt-Medium.png,240,๐,301,0.8498,240,0.8498,240(๐):0.850 | 205(อ):0.016 | 241(๑):0.010,1
/Users/thiya/Documents/GitHub/Project-1-Thai-Character-Number-Recognition/PrintAksorn_dataset/test/cho_ching_TH-Sarabun-New-Bold.png,169,ฉ,107,0.8863,169,0.8863,169(ฉ):0.886 | 172(ฌ):0.004 | 174(ฎ):0.003,1
/Users/thiya/Documents/GitHub/Project-1-Thai-Character-Number-Recognition/PrintAksorn_dataset/test/cho_ching_Taviraj-SemiBold.png,169,ฉ,107,0.9081,169,0.9081,169(ฉ):0.908 | 248(๘):0.003 | 179(ณ):0.002,1
/Users/thiya/Documents/GitHub/Project-1-Thai-Character-Number-Recognition/PrintAksorn_dataset/test/cho_choe_Athiti-Medium.png,173,ญ,110,0.8773,173,0.8773,173(ญ):0.877 | 179(ณ):0.038 | 172(ฌ):0.009,1
/Users/thiya/Documents/GitHub/Project-1-Thai-Character-Number-Recognition/PrintAksorn_dataset/test/cho_choe_FonLeb-Bold.png,172,ฌ,,0.8904,172,0.8904,172(ฌ):0.890 | 166(ฆ):0.004 | 199(ว):0.002,1
/Users/thiya/Documents/GitHub/Project-1-Thai-Character-Number-Recognition/PrintAksorn_dataset/test/cho_choe_JS-Giat-Bold.png,172,ฌ,,0.9376,172,0.9376,172(ฌ):0.938 | 178(ฒ):0.003 | 248(๘):0.002,1
/Users/thiya/Documents/GitHub/Project-1-Thai-Character-Number-Recognition/PrintAksorn_dataset/test/cho_choe_JS-Sadayu-Allcaps.png,172,ฌ,,0.8857,172,0.8857,172(ฌ):0.886 | 179(ณ):0.006 | 174(ฎ):0.003,1
/Users/thiya/Documents/GitHub/Project-1-Thai-Character-Number-Recognition/PrintAksorn_dataset/test/cho_choe_JS-Saksit-Italic.png,172,ฌ,,0.8464,172,0.8464,172(ฌ):0.846 | 179(ณ):0.005 | 166(ฆ):0.003,1
/Users/thiya/Documents/GitHub/Project-1-Thai-Character-Number-Recognition/PrintAksorn_dataset/test/cho_choe_Kanit-ExtraBold.png,179,ณ,115,0.6243,179,0.6243,179(ณ):0.624 | 173(ญ):0.180 | 172(ฌ):0.075,1
/Users/thiya/Documents/GitHub/Project-1-Thai-Character-Number-Recognition/PrintAksorn_dataset/test/cho_choe_Maitree-Regular.png,172,ฌ,,0.9347,172,0.9347,172(ฌ):0.935 | 166(ฆ):0.002 | 232(่):0.001,1
/Users/thiya/Documents/GitHub/Project-1-Thai-Character-Number-Recognition/PrintAksorn_dataset/test/cho_choe_NotoSansThai-Black.png,179,ณ,115,0.9053,179,0.9053,179(ณ):0.905 | 172(ฌ):0.021 | 173(ญ):0.017,1
/Users/thiya/Documents/GitHub/Project-1-Thai-Character-Number-Recognition/PrintAksorn_dataset/test/cho_choe_NotoSansThai-ExtraBold.png,179,ณ,115,0.6043,179,0.6043,179(ณ):0.604 | 172(ฌ):0.190 | 173(ญ):0.061,1
/Users/thiya/Documents/GitHub/Project-1-Thai-Character-Number-Recognition/PrintAksorn_dataset/test/cho_choe_NotoSerifThai-Light.png,172,ฌ,,0.9144,172,0.9144,172(ฌ):0.914 | 166(ฆ):0.003 | 182(ถ):0.002,1
/Users/thiya/Documents/GitHub/Project-1-Thai-Character-Number-Recognition/PrintAksorn_dataset/test/cho_choe_PSK-SmartItaic.png,172,ฌ,,0.9222,172,0.9222,172(ฌ):0.922 | 166(ฆ):0.002 | 174(ฎ):0.002,1
/Users/thiya/Documents/GitHub/Project-1-Thai-Character-Number-Recognition/PrintAksorn_dataset/test/cho_choe_Pattaya-Regular.png,179,ณ,115,0.364,179,0.364,179(ณ):0.364 | 173(ญ):0.269 | 161(ก):0.032,1
/Users/thiya/Documents/GitHub/Project-1-Thai-Character-Number-Recognition/PrintAksorn_dataset/test/cho_choe_Prompt-Bold.png,179,ณ,115,0.3832,179,0.3832,179(ณ):0.383 | 172(ฌ):0.240 | 173(ญ):0.178,1
/Users/thiya/Documents/GitHub/Project-1-Thai-Character-Number-Recognition/PrintAksorn_dataset/test/cho_choe_Prompt-BoldItalic.png,179,ณ,115,0.4269,179,0.4269,179(ณ):0.427 | 173(ญ):0.193 | 172(ฌ):0.178,1
/Users/thiya/Documents/GitHub/Project-1-Thai-Character-Number-Recognition/PrintAksorn_dataset/test/cho_choe_Sarabun-Italic.png,172,ฌ,,0.894,172,0.894,172(ฌ):0.894 | 166(ฆ):0.003 | 199(ว):0.002,1
/Users/thiya/Documents/GitHub/Project-1-Thai-Character-Number-Recognition/PrintAksorn_dataset/test/cho_choe_Taviraj-Light.png,172,ฌ,,0.9085,172,0.9085,172(ฌ):0.908 | 166(ฆ):0.003 | 182(ถ):0.002,1
/Users/thiya/Documents/GitHub/Project-1-Thai-Character-Number-Recognition/PrintAksorn_dataset/test/cho_choe_TlwgTypewriter-Bold.png,172,ฌ,,0.8837,172,0.8837,172(ฌ):0.884 | 179(ณ):0.004 | 175(ฏ):0.002,1
/Users/thiya/Documents/GitHub/Project-1-Thai-Character-Number-Recognition/PrintAksorn_dataset/test/cho_choe_Waree-Oblique.png,172,ฌ,,0.9149,172,0.9149,172(ฌ):0.915 | 166(ฆ):0.002 | 199(ว):0.002,1
/Users/thiya/Documents/GitHub/Project-1-Thai-Character-Number-Recognition/PrintAksorn_dataset/test/colon_NotoSansThai-Light.png,186,บ,122,0.1118,186,0.1118,186(บ):0.112 | 187(ป):0.100 | 240(๐):0.048,1
/Users/thiya/Documents/GitHub/Project-1-Thai-Character-Number-Recognition/PrintAksorn_dataset/test/colon_NotoSerifThai-CondensedExtraBold.png,187,ป,123,0.1063,187,0.1063,187(ป):0.106 | 186(บ):0.101 | 240(๐):0.049,1
/Users/thiya/Documents/GitHub/Project-1-Thai-Character-Number-Recognition/PrintAksorn_dataset/test/colon_Prompt-Medium.png,208,ะ,,0.7313,208,0.7313,208(ะ):0.731 | 199(ว):0.021 | 211(ำ):0.019,1
/Users/thiya/Documents/GitHub/Project-1-Thai-Character-Number-Recognition/PrintAksorn_dataset/test/colon_Taviraj-ExtraLight.png,208,ะ,,0.6883,208,0.6883,208(ะ):0.688 | 175(ฏ):0.029 | 176(ฐ):0.027,1
/Users/thiya/Documents/GitHub/Project-1-Thai-Character-Number-Recognition/PrintAksorn_dataset/test/colon_TlwgTypo-BoldOblique.png,208,ะ,,0.6284,208,0.6284,208(ะ):0.628 | 199(ว):0.043 | 211(ำ):0.041,1
/Users/thiya/Documents/GitHub/Project-1-Thai-Character-Number-Recognition/PrintAksorn_dataset/test/colon_Trirong-SemiBoldItalic.png,208,ะ,,0.6526,208,0.6526,208(ะ):0.653 | 199(ว):0.038 | 211(ำ):0.036,1
/Users/thiya/Documents/GitHub/Project-1-Thai-Character-Number-Recognition/PrintAksorn_dataset/test/comma_JS-Jukaphan-Italic.png,216,ุ,208,0.2756,216,0.2756,216(ุ):0.276 | 241(๑):0.206 | 233(้):0.063,1
/Users/thiya/Documents/GitHub/Project-1-Thai-Character-Number-Recognition/PrintAksorn_dataset/test/comma_JS-Prasoplarp-Italic.png,216,ุ,208,0.3348,216,0.3348,216(ุ):0.335 | 232(่):0.162 | 230(ๆ):0.047,1
/Users/thiya/Documents/GitHub/Project-1-Thai-Character-Number-Recognition/PrintAksorn_dataset/test/comma_JS-Saksit-Italic.png,241,๑,302,0.8668,241,0.8668,241(๑):0.867 | 216(ุ):0.014 | 230(ๆ):0.006,1
/Users/thiya/Documents/GitHub/Project-1-Thai-Character-Number-Recognition/PrintAksorn_dataset/test/comma_Kanit-ExtraLight.png,232,่,218,0.908,232,0.908,232(่):0.908 | 187(ป):0.003 | 181(ต):0.002,1
/Users/thiya/Documents/GitHub/Project-1-Thai-Character-Number-Recognition/PrintAksorn_dataset/test/comma_Kinnari-BoldOblique.png,241,๑,302,0.7825,241,0.7825,241(๑):0.782 | 216(ุ):0.035 | 233(้):0.008,1
/Users/thiya/Documents/GitHub/Project-1-Thai-Character-Number-Recognition/PrintAksorn_dataset/test/comma_NotoSansThai-CondensedBold.png,187,ป,123,0.1064,187,0.1064,187(ป):0.106 | 186(บ):0.095 | 161(ก):0.050,1
/Users/thiya/Documents/GitHub/Project-1-Thai-Character-Number-Recognition/PrintAksorn_dataset/test/comma_NotoSansThai-ExtraCondensed.png,186,บ,122,0.1097,186,0.1097,186(บ):0.110 | 187(ป):0.099 | 240(๐):0.050,1
/Users/thiya/Documents/GitHub/Project-1-Thai-Character-Number-Recognition/PrintAksorn_dataset/test/comma_NotoSansThai-SemiCondensedLight.png,187,ป,123,0.0979,187,0.0979,187(ป):0.098 | 186(บ):0.087 | 161(ก):0.057,1
/Users/thiya/Documents/GitHub/Project-1-Thai-Character-Number-Recognition/PrintAksorn_dataset/test/comma_NotoSansThaiLooped-Regular.png,232,่,218,0.8734,232,0.8734,232(่):0.873 | 181(ต):0.005 | 183(ท):0.003,1
/Users/thiya/Documents/GitHub/Project-1-Thai-Character-Number-Recognition/PrintAksorn_dataset/test/comma_NotoSerifThai-CondensedBlack.png,186,บ,122,0.1097,186,0.1097,186(บ):0.110 | 187(ป):0.099 | 240(๐):0.050,1
/Users/thiya/Documents/GitHub/Project-1-Thai-Character-Number-Recognition/PrintAksorn_dataset/test/comma_TH-Fahkwang-Italic.png,216,ุ,208,0.3335,216,0.3335,216(ุ):0.334 | 241(๑):0.228 | 233(้):0.032,1
/Users/thiya/Documents/GitHub/Project-1-Thai-Character-Number-Recognition/PrintAksorn_dataset/test/comma_TlwgTypist-Oblique.png,232,่,218,0.9009,232,0.9009,232(่):0.901 | 233(้):0.004 | 199(ว):0.004,1
/Users/thiya/Documents/GitHub/Project-1-Thai-Character-Number-Recognition/PrintAksorn_dataset/test/digit_0_JS-Prasoplarp-Normal.png,240,๐,301,0.8953,240,0.8953,240(๐):0.895 | 212(ิ):0.003 | 227(ใ):0.002,1
/Users/thiya/Documents/GitHub/Project-1-Thai-Character-Number-Recognition/PrintAksorn_dataset/test/digit_0_JS-Rapee-Bold-Italic.png,240,๐,301,0.9165,240,0.9165,240(๐):0.917 | 212(ิ):0.003 | 227(ใ):0.002,1
/Users/thiya/Documents/GitHub/Project-1-Thai-Character-Number-Recognition/PrintAksorn_dataset/test/digit_0_JS-Saowapark-Italic.png,240,๐,301,0.9135,240,0.9135,240(๐):0.913 | 212(ิ):0.002 | 227(ใ):0.002,1
/Users/thiya/Documents/GitHub/Project-1-Thai-Character-Number-Recognition/PrintAksorn_dataset/test/digit_0_NotoSansThai-ExtraCondensedExtraBold.png,240,๐,301,0.936,240,0.936,240(๐):0.936 | 237(ํ):0.003 | 205(อ):0.002,1
/Users/thiya/Documents/GitHub/Project-1-Thai-Character-Number-Recognition/PrintAksorn_dataset/test/digit_0_NotoSansThai-Light.png,240,๐,301,0.8974,240,0.8974,240(๐):0.897 | 212(ิ):0.003 | 167(ง):0.003,1
/Users/thiya/Documents/GitHub/Project-1-Thai-Character-Number-Recognition/PrintAksorn_dataset/test/digit_0_NotoSansThai-SemiCondensedExtraBold.png,240,๐,301,0.9281,240,0.9281,240(๐):0.928 | 237(ํ):0.003 | 241(๑):0.002,1
/Users/thiya/Documents/GitHub/Project-1-Thai-Character-Number-Recognition/PrintAksorn_dataset/test/digit_0_NotoSerifThai-CondensedMedium.png,240,๐,301,0.9397,240,0.9397,240(๐):0.940 | 212(ิ):0.002 | 242(๒):0.001,1
/Users/thiya/Documents/GitHub/Project-1-Thai-Character-Number-Recognition/PrintAksorn_dataset/test/digit_0_TH-Niramit-AS-Italic.png,240,๐,301,0.8971,240,0.8971,240(๐):0.897 | 212(ิ):0.004 | 227(ใ):0.003,1
/Users/thiya/Documents/GitHub/Project-1-Thai-Character-Number-Recognition/PrintAksorn_dataset/test/digit_0_Trirong-BlackItalic.png,240,๐,301,0.9421,240,0.9421,240(๐):0.942 | 205(อ):0.002 | 237(ํ):0.001,1
/Users/thiya/Documents/GitHub/Project-1-Thai-Character-Number-Recognition/PrintAksorn_dataset/test/digit_0_Trirong-ExtraBold.png,240,๐,301,0.9401,240,0.9401,240(๐):0.940 | 205(อ):0.001 | 242(๒):0.001,1
/Users/thiya/Documents/GitHub/Project-1-Thai-Character-Number-Recognition/PrintAksorn_dataset/test/digit_0_Umpush-Oblique.png,240,๐,301,0.906,240,0.906,240(๐):0.906 | 212(ิ):0.003 | 227(ใ):0.003,1
/Users/thiya/Documents/GitHub/Project-1-Thai-Character-Number-Recognition/PrintAksorn_dataset/test/digit_1_Aksaramatee-Regular.png,241,๑,302,0.9188,241,0.9188,241(๑):0.919 | 240(๐):0.004 | 180(ด):0.003,1
/Users/thiya/Documents/GitHub/Project-1-Thai-Character-Number-Recognition/PrintAksorn_dataset/test/digit_1_CmPrasanmit-Italic.png,241,๑,302,0.9035,241,0.9035,241(๑):0.903 | 240(๐):0.004 | 180(ด):0.003,1
/Users/thiya/Documents/GitHub/Project-1-Thai-Character-Number-Recognition/PrintAksorn_dataset/test/digit_1_JS-Rapee-Normal.png,241,๑,302,0.9286,241,0.9286,241(๑):0.929 | 180(ด):0.004 | 240(๐):0.002,1
/Users/thiya/Documents/GitHub/Project-1-Thai-Character-Number-Recognition/PrintAksorn_dataset/test/digit_1_JS-Sadayu-Allcaps.png,241,๑,302,0.9017,241,0.9017,241(๑):0.902 | 240(๐):0.016 | 182(ถ):0.004,1
/Users/thiya/Documents/GitHub/Project-1-Thai-Character-Number-Recognition/PrintAksorn_dataset/test/digit_1_JS-Saowapark-Normal.png,241,๑,302,0.9298,241,0.9298,241(๑):0.930 | 240(๐):0.003 | 242(๒):0.002,1
/Users/thiya/Documents/GitHub/Project-1-Thai-Character-Number-Recognition/PrintAksorn_dataset/test/digit_1_Prompt-BoldItalic.png,241,๑,302,0.9119,241,0.9119,241(๑):0.912 | 240(๐):0.003 | 196(ฤ):0.002,1
/Users/thiya/Documents/GitHub/Project-1-Thai-Character-Number-Recognition/PrintAksorn_dataset/test/digit_1_Prompt-Italic.png,241,๑,302,0.7585,241,0.7585,241(๑):0.758 | 240(๐):0.049 | 175(ฏ):0.006,1
/Users/thiya/Documents/GitHub/Project-1-Thai-Character-Number-Recognition/PrintAksorn_dataset/test/digit_1_Sawasdee.png,240,๐,301,0.396,240,0.396,240(๐):0.396 | 241(๑):0.311 | 244(๔):0.011,1
/Users/thiya/Documents/GitHub/Project-1-Thai-Character-Number-Recognition/PrintAksorn_dataset/test/digit_1_TH-Srisakdi-Bold.png,241,๑,302,0.9317,241,0.9317,241(๑):0.932 | 205(อ):0.003 | 240(๐):0.002,1
/Users/thiya/Documents/GitHub/Project-1-Thai-Character-Number-Recognition/PrintAksorn_dataset/test/digit_2_Athiti-Bold.png,242,๒,303,0.9255,242,0.9255,242(๒):0.926 | 240(๐):0.006 | 201(ษ):0.003,1
/Users/thiya/Documents/GitHub/Project-1-Thai-Character-Number-Recognition/PrintAksorn_dataset/test/digit_2_JS-Jindara-Italic.png,242,๒,303,0.9434,242,0.9434,242(๒):0.943 | 246(๖):0.002 | 247(๗):0.001,1
/Users/thiya/Documents/GitHub/Project-1-Thai-Character-Number-Recognition/PrintAksorn_dataset/test/digit_2_JS-Pitsamai-Italic.png,242,๒,303,0.8783,242,0.8783,242(๒):0.878 | 230(ๆ):0.003 | 187(ป):0.003,1
/Users/thiya/Documents/GitHub/Project-1-Thai-Character-Number-Recognition/PrintAksorn_dataset/test/digit_2_JS-Sadayu-Allcaps.png,242,๒,303,0.9089,242,0.9089,242(๒):0.909 | 207(ฯ):0.002 | 180(ด):0.002,1
/Users/thiya/Documents/GitHub/Project-1-Thai-Character-Number-Recognition/PrintAksorn_dataset/test/digit_2_JS-Wansika-Italic.png,242,๒,303,0.8736,242,0.8736,242(๒):0.874 | 180(ด):0.003 | 227(ใ):0.003,1
/Users/thiya/Documents/GitHub/Project-1-Thai-Character-Number-Recognition/PrintAksorn_dataset/test/digit_2_KaniGa-Bold-Italic.png,242,๒,303,0.9413,242,0.9413,242(๒):0.941 | 230(ๆ):0.002 | 246(๖):0.002,1
/Users/thiya/Documents/GitHub/Project-1-Thai-Character-Number-Recognition/PrintAksorn_dataset/test/digit_2_NotoSerifThai-SemiCondensed.png,242,๒,303,0.8421,242,0.8421,242(๒):0.842 | 227(ใ):0.004 | 180(ด):0.004,1
/Users/thiya/Documents/GitHub/Project-1-Thai-Character-Number-Recognition/PrintAksorn_dataset/test/digit_2_Sarabun-ExtraBold.png,242,๒,303,0.905,242,0.905,242(๒):0.905 | 246(๖):0.006 | 207(ฯ):0.003,1
/Users/thiya/Documents/GitHub/Project-1-Thai-Character-Number-Recognition/PrintAksorn_dataset/test/digit_2_Sarabun-ExtraLight.png,242,๒,303,0.9193,242,0.9193,242(๒):0.919 | 246(๖):0.006 | 247(๗):0.002,1
/Users/thiya/Documents/GitHub/Project-1-Thai-Character-Number-Recognition/PrintAksorn_dataset/test/digit_2_TH-Chakra-Petch-Italic.png,242,๒,303,0.9398,242,0.9398,242(๒):0.940 | 230(ๆ):0.002 | 247(๗):0.002,1
/Users/thiya/Documents/GitHub/Project-1-Thai-Character-Number-Recognition/PrintAksorn_dataset/test/digit_2_TH-Sarabun-New-Regular.png,242,๒,303,0.9349,242,0.9349,242(๒):0.935 | 247(๗):0.002 | 246(๖):0.002,1
/Users/thiya/Documents/GitHub/Project-1-Thai-Character-Number-Recognition/PrintAksorn_dataset/test/digit_2_TH-Srisakdi-Bold.png,224,เ,210,0.38,224,0.38,224(เ):0.380 | 242(๒):0.234 | 246(๖):0.088,1
/Users/thiya/Documents/GitHub/Project-1-Thai-Character-Number-Recognition/PrintAksorn_dataset/test/digit_3_Aksaramatee-Bold.png,243,๓,304,0.9386,243,0.9386,243(๓):0.939 | 181(ต):0.004 | 165(ฅ):0.002,1
/Users/thiya/Documents/GitHub/Project-1-Thai-Character-Number-Recognition/PrintAksorn_dataset/test/digit_3_Athiti-Medium.png,243,๓,304,0.6099,243,0.6099,243(๓):0.610 | 165(ฅ):0.027 | 242(๒):0.026,1
/Users/thiya/Documents/GitHub/Project-1-Thai-Character-Number-Recognition/PrintAksorn_dataset/test/digit_3_JS-Pumpuang-Normal.png,243,๓,304,0.8651,243,0.8651,243(๓):0.865 | 247(๗):0.012 | 181(ต):0.004,1
/Users/thiya/Documents/GitHub/Project-1-Thai-Character-Number-Recognition/PrintAksorn_dataset/test/digit_3_Krungthep.png,243,๓,304,0.7532,243,0.7532,243(๓):0.753 | 181(ต):0.033 | 165(ฅ):0.027,1
/Users/thiya/Documents/GitHub/Project-1-Thai-Character-Number-Recognition/PrintAksorn_dataset/test/digit_3_Maitree-Medium.png,243,๓,304,0.8697,243,0.8697,243(๓):0.870 | 182(ถ):0.005 | 183(ท):0.005,1
/Users/thiya/Documents/GitHub/Project-1-Thai-Character-Number-Recognition/PrintAksorn_dataset/test/digit_3_Sarabun-SemiBoldItalic.png,243,๓,304,0.6393,243,0.6393,243(๓):0.639 | 181(ต):0.225 | 247(๗):0.006,1
/Users/thiya/Documents/GitHub/Project-1-Thai-Character-Number-Recognition/PrintAksorn_dataset/test/digit_3_TH-K2D-July8-Bold.png,243,๓,304,0.9067,243,0.9067,243(๓):0.907 | 181(ต):0.010 | 182(ถ):0.003,1
/Users/thiya/Documents/GitHub/Project-1-Thai-Character-Number-Recognition/PrintAksorn_dataset/test/digit_3_TH-KoHo-Bold-Italic.png,243,๓,304,0.8866,243,0.8866,243(๓):0.887 | 181(ต):0.008 | 182(ถ):0.004,1
/Users/thiya/Documents/GitHub/Project-1-Thai-Character-Number-Recognition/PrintAksorn_dataset/test/digit_3_TH-Sarabun-New-Italic.png,243,๓,304,0.8221,243,0.8221,243(๓):0.822 | 181(ต):0.055 | 183(ท):0.009,1
/Users/thiya/Documents/GitHub/Project-1-Thai-Character-Number-Recognition/PrintAksorn_dataset/test/digit_3_Taviraj-BoldItalic.png,243,๓,304,0.3402,243,0.3402,243(๓):0.340 | 181(ต):0.306 | 247(๗):0.036,1
/Users/thiya/Documents/GitHub/Project-1-Thai-Character-Number-Recognition/PrintAksorn_dataset/test/digit_3_Taviraj-Thin.png,243,๓,304,0.6877,243,0.6877,243(๓):0.688 | 181(ต):0.131 | 183(ท):0.014,1
/Users/thiya/Documents/GitHub/Project-1-Thai-Character-Number-Recognition/PrintAksorn_dataset/test/digit_3_Trirong-ExtraBold.png,243,๓,304,0.6043,243,0.6043,243(๓):0.604 | 181(ต):0.183 | 247(๗):0.019,1
/Users/thiya/Documents/GitHub/Project-1-Thai-Character-Number-Recognition/PrintAksorn_dataset/test/digit_4_Athiti-ExtraLight.png,244,๔,305,0.8658,244,0.8658,244(๔):0.866 | 248(๘):0.010 | 231(็):0.004,1
/Users/thiya/Documents/GitHub/Project-1-Thai-Character-Number-Recognition/PrintAksorn_dataset/test/digit_4_Garuda-BoldOblique.png,244,๔,305,0.9285,244,0.9285,244(๔):0.928 | 187(ป):0.002 | 231(็):0.002,1
/Users/thiya/Documents/GitHub/Project-1-Thai-Character-Number-Recognition/PrintAksorn_dataset/test/digit_4_Garuda.png,244,๔,305,0.9016,244,0.9016,244(๔):0.902 | 187(ป):0.002 | 185(น):0.002,1
/Users/thiya/Documents/GitHub/Project-1-Thai-Character-Number-Recognition/PrintAksorn_dataset/test/digit_4_JS-Giat-Bold.png,244,๔,305,0.6828,244,0.6828,244(๔):0.683 | 245(๕):0.055 | 248(๘):0.012,1
/Users/thiya/Documents/GitHub/Project-1-Thai-Character-Number-Recognition/PrintAksorn_dataset/test/digit_4_JS-Sunsanee-Italic.png,244,๔,305,0.2724,244,0.2724,244(๔):0.272 | 184(ธ):0.098 | 242(๒):0.032,1
/Users/thiya/Documents/GitHub/Project-1-Thai-Character-Number-Recognition/PrintAksorn_dataset/test/digit_4_Kanit-SemiBold.png,244,๔,305,0.9388,244,0.9388,244(๔):0.939 | 231(็):0.004 | 248(๘):0.002,1
/Users/thiya/Documents/GitHub/Project-1-Thai-Character-Number-Recognition/PrintAksorn_dataset/test/digit_4_NotoSansThai-Bold.png,244,๔,305,0.7325,244,0.7325,244(๔):0.733 | 245(๕):0.031 | 249(๙):0.008,1
/Users/thiya/Documents/GitHub/Project-1-Thai-Character-Number-Recognition/PrintAksorn_dataset/test/digit_4_NotoSerifThai-Bold.png,244,๔,305,0.8985,244,0.8985,244(๔):0.899 | 245(๕):0.004 | 233(้):0.002,1
/Users/thiya/Documents/GitHub/Project-1-Thai-Character-Number-Recognition/PrintAksorn_dataset/test/digit_4_NotoSerifThai-Condensed.png,244,๔,305,0.9085,244,0.9085,244(๔):0.909 | 233(้):0.002 | 231(็):0.002,1
/Users/thiya/Documents/GitHub/Project-1-Thai-Character-Number-Recognition/PrintAksorn_dataset/test/digit_4_NotoSerifThai-CondensedBold.png,244,๔,305,0.8652,244,0.8652,244(๔):0.865 | 245(๕):0.005 | 231(็):0.003,1
/Users/thiya/Documents/GitHub/Project-1-Thai-Character-Number-Recognition/PrintAksorn_dataset/test/digit_4_TH-Niramit-AS-Regular.png,244,๔,305,0.9126,244,0.9126,244(๔):0.913 | 231(็):0.002 | 242(๒):0.002,1
/Users/thiya/Documents/GitHub/Project-1-Thai-Character-Number-Recognition/PrintAksorn_dataset/test/digit_4_TlwgMono-Bold.png,244,๔,305,0.9202,244,0.9202,244(๔):0.920 | 248(๘):0.016 | 231(็):0.004,1
/Users/thiya/Documents/GitHub/Project-1-Thai-Character-Number-Recognition/PrintAksorn_dataset/test/digit_4_TlwgTypo-BoldOblique.png,244,๔,305,0.9166,244,0.9166,244(๔):0.917 | 210(า):0.002 | 185(น):0.002,1
/Users/thiya/Documents/GitHub/Project-1-Thai-Character-Number-Recognition/PrintAksorn_dataset/test/digit_4_Trirong-BlackItalic.png,244,๔,305,0.9084,244,0.9084,244(๔):0.908 | 245(๕):0.003 | 210(า):0.002,1
/Users/thiya/Documents/GitHub/Project-1-Thai-Character-Number-Recognition/PrintAksorn_dataset/test/digit_5_JS-Jindara-Italic.png,245,๕,306,0.9116,245,0.9116,245(๕):0.912 | 174(ฎ):0.002 | 167(ง):0.002,1
/Users/thiya/Documents/GitHub/Project-1-Thai-Character-Number-Recognition/PrintAksorn_dataset/test/digit_5_JS-Oobboon-Normal.png,245,๕,306,0.9254,245,0.9254,245(๕):0.925 | 244(๔):0.002 | 214(ึ):0.002,1
/Users/thiya/Documents/GitHub/Project-1-Thai-Character-Number-Recognition/PrintAksorn_dataset/test/digit_5_JS-Pisit-Normal.png,245,๕,306,0.8903,245,0.8903,245(๕):0.890 | 174(ฎ):0.002 | 208(ะ):0.002,1
/Users/thiya/Documents/GitHub/Project-1-Thai-Character-Number-Recognition/PrintAksorn_dataset/test/digit_5_JS-Rapee-Bold.png,245,๕,306,0.9297,245,0.9297,245(๕):0.930 | 203(ห):0.002 | 196(ฤ):0.002,1
/Users/thiya/Documents/GitHub/Project-1-Thai-Character-Number-Recognition/PrintAksorn_dataset/test/digit_5_Laksaman-BoldItalic.png,245,๕,306,0.9237,245,0.9237,245(๕):0.924 | 185(น):0.002 | 196(ฤ):0.001,1
/Users/thiya/Documents/GitHub/Project-1-Thai-Character-Number-Recognition/PrintAksorn_dataset/test/digit_5_Maitree-Bold.png,245,๕,306,0.9048,245,0.9048,245(๕):0.905 | 249(๙):0.002 | 196(ฤ):0.002,1
/Users/thiya/Documents/GitHub/Project-1-Thai-Character-Number-Recognition/PrintAksorn_dataset/test/digit_5_Norasi-BoldOblique.png,245,๕,306,0.9065,245,0.9065,245(๕):0.906 | 196(ฤ):0.002 | 163(ฃ):0.002,1
/Users/thiya/Documents/GitHub/Project-1-Thai-Character-Number-Recognition/PrintAksorn_dataset/test/digit_5_NotoSansThai-SemiBold.png,245,๕,306,0.9017,245,0.9017,245(๕):0.902 | 185(น):0.002 | 203(ห):0.002,1
/Users/thiya/Documents/GitHub/Project-1-Thai-Character-Number-Recognition/PrintAksorn_dataset/test/digit_5_NotoSerifThai-ExtraCondensedBold.png,245,๕,306,0.9141,245,0.9141,245(๕):0.914 | 188(ผ):0.002 | 203(ห):0.002,1
/Users/thiya/Documents/GitHub/Project-1-Thai-Character-Number-Recognition/PrintAksorn_dataset/test/digit_5_Sarabun-Thin.png,245,๕,306,0.9334,245,0.9334,245(๕):0.933 | 203(ห):0.001 | 167(ง):0.001,1
/Users/thiya/Documents/GitHub/Project-1-Thai-Character-Number-Recognition/PrintAksorn_dataset/test/digit_5_TH-Niramit-AS-Italic.png,245,๕,306,0.9038,245,0.9038,245(๕):0.904 | 208(ะ):0.002 | 164(ค):0.002,1
/Users/thiya/Documents/GitHub/Project-1-Thai-Character-Number-Recognition/PrintAksorn_dataset/test/digit_5_Trirong-MediumItalic.png,245,๕,306,0.9238,245,0.9238,245(๕):0.924 | 188(ผ):0.002 | 196(ฤ):0.001,1
/Users/thiya/Documents/GitHub/Project-1-Thai-Character-Number-Recognition/PrintAksorn_dataset/test/digit_5_Waree-Oblique.png,245,๕,306,0.8935,245,0.8935,245(๕):0.893 | 196(ฤ):0.002 | 182(ถ):0.002,1
/Users/thiya/Documents/GitHub/Project-1-Thai-Character-Number-Recognition/PrintAksorn_dataset/test/digit_6_JS-Jukaphan-Italic.png,246,๖,307,0.877,246,0.877,246(๖):0.877 | 214(ึ):0.003 | 207(ฯ):0.003,1
/Users/thiya/Documents/GitHub/Project-1-Thai-Character-Number-Recognition/PrintAksorn_dataset/test/digit_6_JS-Synjai-Italic.png,246,๖,307,0.8652,246,0.8652,246(๖):0.865 | 214(ึ):0.005 | 207(ฯ):0.003,1
/Users/thiya/Documents/GitHub/Project-1-Thai-Character-Number-Recognition/PrintAksorn_dataset/test/digit_6_Kanit-Medium.png,246,๖,307,0.6338,246,0.6338,246(๖):0.634 | 240(๐):0.020 | 214(ึ):0.012,1
/Users/thiya/Documents/GitHub/Project-1-Thai-Character-Number-Recognition/PrintAksorn_dataset/test/digit_6_NotoSansThai-ExtraCondensedSemiBold.png,246,๖,307,0.9443,246,0.9443,246(๖):0.944 | 230(ๆ):0.004 | 167(ง):0.002,1
/Users/thiya/Documents/GitHub/Project-1-Thai-Character-Number-Recognition/PrintAksorn_dataset/test/digit_6_NotoSansThaiLooped-ExtraLight.png,246,๖,307,0.9069,246,0.9069,246(๖):0.907 | 165(ฅ):0.002 | 241(๑):0.002,1
/Users/thiya/Documents/GitHub/Project-1-Thai-Character-Number-Recognition/PrintAksorn_dataset/test/digit_6_NotoSerifThai-ExtraCondensedMedium.png,246,๖,307,0.8982,246,0.8982,246(๖):0.898 | 188(ผ):0.002 | 230(ๆ):0.002,1
/Users/thiya/Documents/GitHub/Project-1-Thai-Character-Number-Recognition/PrintAksorn_dataset/test/digit_6_Pattaya-Regular.png,246,๖,307,0.8803,246,0.8803,246(๖):0.880 | 208(ะ):0.005 | 241(๑):0.005,1
/Users/thiya/Documents/GitHub/Project-1-Thai-Character-Number-Recognition/PrintAksorn_dataset/test/digit_6_TH-Baijam-Bold.png,246,๖,307,0.929,246,0.929,246(๖):0.929 | 249(๙):0.002 | 234(๊):0.002,1
/Users/thiya/Documents/GitHub/Project-1-Thai-Character-Number-Recognition/PrintAksorn_dataset/test/digit_7_Ayuthaya.png,247,๗,308,0.8386,247,0.8386,247(๗):0.839 | 242(๒):0.013 | 241(๑):0.007,1
/Users/thiya/Documents/GitHub/Project-1-Thai-Character-Number-Recognition/PrintAksorn_dataset/test/digit_7_JS-Synjai-Italic.png,247,๗,308,0.8546,247,0.8546,247(๗):0.855 | 234(๊):0.017 | 213(ี):0.003,1
/Users/thiya/Documents/GitHub/Project-1-Thai-Character-Number-Recognition/PrintAksorn_dataset/test/digit_7_Laksaman-BoldItalic.png,247,๗,308,0.917,247,0.917,247(๗):0.917 | 242(๒):0.006 | 178(ฒ):0.002,1
/Users/thiya/Documents/GitHub/Project-1-Thai-Character-Number-Recognition/PrintAksorn_dataset/test/digit_7_Nakaracha-Bold.png,247,๗,308,0.911,247,0.911,247(๗):0.911 | 242(๒):0.010 | 234(๊):0.003,1
/Users/thiya/Documents/GitHub/Project-1-Thai-Character-Number-Recognition/PrintAksorn_dataset/test/digit_7_Pridi-Regular.png,247,๗,308,0.6692,247,0.6692,247(๗):0.669 | 173(ญ):0.029 | 243(๓):0.023,1
/Users/thiya/Documents/GitHub/Project-1-Thai-Character-Number-Recognition/PrintAksorn_dataset/test/digit_7_Prompt-LightItalic.png,247,๗,308,0.6741,247,0.6741,247(๗):0.674 | 242(๒):0.055 | 240(๐):0.021,1
/Users/thiya/Documents/GitHub/Project-1-Thai-Character-Number-Recognition/PrintAksorn_dataset/test/digit_7_Sarabun-Regular.png,247,๗,308,0.9188,247,0.9188,247(๗):0.919 | 242(๒):0.004 | 188(ผ):0.002,1
/Users/thiya/Documents/GitHub/Project-1-Thai-Character-Number-Recognition/PrintAksorn_dataset/test/digit_7_Sarabun-SemiBoldItalic.png,247,๗,308,0.9289,247,0.9289,247(๗):0.929 | 242(๒):0.003 | 234(๊):0.002,1
/Users/thiya/Documents/GitHub/Project-1-Thai-Character-Number-Recognition/PrintAksorn_dataset/test/digit_7_Sawasdee-Bold.png,247,๗,308,0.6186,247,0.6186,247(๗):0.619 | 242(๒):0.055 | 240(๐):0.024,1
/Users/thiya/Documents/GitHub/Project-1-Thai-Character-Number-Recognition/PrintAksorn_dataset/test/digit_7_Taviraj-Regular.png,247,๗,308,0.9054,247,0.9054,247(๗):0.905 | 181(ต):0.004 | 243(๓):0.003,1
/Users/thiya/Documents/GitHub/Project-1-Thai-Character-Number-Recognition/PrintAksorn_dataset/test/digit_7_TlwgTypo-Bold.png,247,๗,308,0.8357,247,0.8357,247(๗):0.836 | 234(๊):0.058 | 178(ฒ):0.005,1
/Users/thiya/Documents/GitHub/Project-1-Thai-Character-Number-Recognition/PrintAksorn_dataset/test/digit_7_Trirong-Light.png,247,๗,308,0.9004,247,0.9004,247(๗):0.900 | 243(๓):0.005 | 242(๒):0.004,1
/Users/thiya/Documents/GitHub/Project-1-Thai-Character-Number-Recognition/PrintAksorn_dataset/test/digit_7_Trirong-LightItalic.png,247,๗,308,0.9036,247,0.9036,247(๗):0.904 | 242(๒):0.003 | 181(ต):0.003,1
/Users/thiya/Documents/GitHub/Project-1-Thai-Character-Number-Recognition/PrintAksorn_dataset/test/digit_7_Umpush-BoldOblique.png,247,๗,308,0.9005,247,0.9005,247(๗):0.900 | 234(๊):0.011 | 242(๒):0.005,1
/Users/thiya/Documents/GitHub/Project-1-Thai-Character-Number-Recognition/PrintAksorn_dataset/test/digit_8_ChulaNarak-Bold.png,248,๘,309,0.8316,248,0.8316,248(๘):0.832 | 231(็):0.015 | 244(๔):0.011,1
/Users/thiya/Documents/GitHub/Project-1-Thai-Character-Number-Recognition/PrintAksorn_dataset/test/digit_8_JS-75-Pumpuang.png,248,๘,309,0.8903,248,0.8903,248(๘):0.890 | 231(็):0.007 | 204(ฬ):0.004,1
/Users/thiya/Documents/GitHub/Project-1-Thai-Character-Number-Recognition/PrintAksorn_dataset/test/digit_8_Kanit-MediumItalic.png,248,๘,309,0.9237,248,0.9237,248(๘):0.924 | 231(็):0.004 | 229(ๅ):0.002,1
/Users/thiya/Documents/GitHub/Project-1-Thai-Character-Number-Recognition/PrintAksorn_dataset/test/digit_8_Kinnari-BoldOblique.png,248,๘,309,0.9373,248,0.9373,248(๘):0.937 | 231(็):0.004 | 176(ฐ):0.002,1
/Users/thiya/Documents/GitHub/Project-1-Thai-Character-Number-Recognition/PrintAksorn_dataset/test/digit_8_NotoSansThai-SemiCondensedExtraLight.png,248,๘,309,0.8667,248,0.8667,248(๘):0.867 | 244(๔):0.006 | 231(็):0.004,1
/Users/thiya/Documents/GitHub/Project-1-Thai-Character-Number-Recognition/PrintAksorn_dataset/test/digit_8_NotoSansThai-SemiCondensedLight.png,248,๘,309,0.8458,248,0.8458,248(๘):0.846 | 231(็):0.009 | 244(๔):0.006,1
/Users/thiya/Documents/GitHub/Project-1-Thai-Character-Number-Recognition/PrintAksorn_dataset/test/digit_8_NotoSerifThai-SemiCondensedBlack.png,248,๘,309,0.9359,248,0.9359,248(๘):0.936 | 231(็):0.003 | 242(๒):0.002,1
/Users/thiya/Documents/GitHub/Project-1-Thai-Character-Number-Recognition/PrintAksorn_dataset/test/digit_8_PSK-SmartBI.png,248,๘,309,0.937,248,0.937,248(๘):0.937 | 231(็):0.008 | 176(ฐ):0.002,1
/Users/thiya/Documents/GitHub/Project-1-Thai-Character-Number-Recognition/PrintAksorn_dataset/test/digit_8_Sathu.png,248,๘,309,0.8238,248,0.8238,248(๘):0.824 | 176(ฐ):0.012 | 231(็):0.009,1
/Users/thiya/Documents/GitHub/Project-1-Thai-Character-Number-Recognition/PrintAksorn_dataset/test/digit_8_Silom.png,248,๘,309,0.9078,248,0.9078,248(๘):0.908 | 199(ว):0.003 | 244(๔):0.003,1
/Users/thiya/Documents/GitHub/Project-1-Thai-Character-Number-Recognition/PrintAksorn_dataset/test/digit_8_TH-KoHo-Bold-Italic.png,248,๘,309,0.9154,248,0.9154,248(๘):0.915 | 231(็):0.009 | 176(ฐ):0.002,1
/Users/thiya/Documents/GitHub/Project-1-Thai-Character-Number-Recognition/PrintAksorn_dataset/test/digit_9_JS-Obsaward-Normal.png,249,๙,310,0.8505,249,0.8505,249(๙):0.851 | 200(ศ):0.005 | 243(๓):0.004,1
/Users/thiya/Documents/GitHub/Project-1-Thai-Character-Number-Recognition/PrintAksorn_dataset/test/digit_9_JS-Prapakorn-Normal.png,249,๙,310,0.8842,249,0.8842,249(๙):0.884 | 236(์):0.003 | 192(ภ):0.002,1
/Users/thiya/Documents/GitHub/Project-1-Thai-Character-Number-Recognition/PrintAksorn_dataset/test/digit_9_JS-Saksit-Bold-Italic.png,249,๙,310,0.9636,249,0.9636,249(๙):0.964 | 245(๕):0.007 | 248(๘):0.002,1
/Users/thiya/Documents/GitHub/Project-1-Thai-Character-Number-Recognition/PrintAksorn_dataset/test/digit_9_JS-Saksit-Normal.png,249,๙,310,0.964,249,0.964,249(๙):0.964 | 245(๕):0.007 | 202(ส):0.001,1
/Users/thiya/Documents/GitHub/Project-1-Thai-Character-Number-Recognition/PrintAksorn_dataset/test/digit_9_Kanit-ExtraLightItalic.png,249,๙,310,0.9291,249,0.9291,249(๙):0.929 | 248(๘):0.005 | 244(๔):0.002,1
/Users/thiya/Documents/GitHub/Project-1-Thai-Character-Number-Recognition/PrintAksorn_dataset/test/digit_9_Kanit-Light.png,249,๙,310,0.9155,249,0.9155,249(๙):0.915 | 248(๘):0.005 | 194(ย):0.002,1
/Users/thiya/Documents/GitHub/Project-1-Thai-Character-Number-Recognition/PrintAksorn_dataset/test/digit_9_Kinnari-Italic.png,249,๙,310,0.9276,249,0.9276,249(๙):0.928 | 192(ภ):0.002 | 195(ร):0.002,1
/Users/thiya/Documents/GitHub/Project-1-Thai-Character-Number-Recognition/PrintAksorn_dataset/test/digit_9_Mitr-ExtraLight.png,244,๔,305,0.4326,244,0.4326,244(๔):0.433 | 249(๙):0.182 | 248(๘):0.119,1
/Users/thiya/Documents/GitHub/Project-1-Thai-Character-Number-Recognition/PrintAksorn_dataset/test/digit_9_NotoSansThai-ExtraCondensed.png,249,๙,310,0.8458,249,0.8458,249(๙):0.846 | 200(ศ):0.013 | 161(ก):0.005,1
/Users/thiya/Documents/GitHub/Project-1-Thai-Character-Number-Recognition/PrintAksorn_dataset/test/digit_9_NotoSansThai-SemiCondensedMedium.png,249,๙,310,0.8876,249,0.8876,249(๙):0.888 | 200(ศ):0.004 | 161(ก):0.003,1
/Users/thiya/Documents/GitHub/Project-1-Thai-Character-Number-Recognition/PrintAksorn_dataset/test/digit_9_PSK-SmartBI.png,249,๙,310,0.8826,249,0.8826,249(๙):0.883 | 244(๔):0.004 | 200(ศ):0.003,1
/Users/thiya/Documents/GitHub/Project-1-Thai-Character-Number-Recognition/PrintAksorn_dataset/test/digit_9_TH-Kodchasal-Bold.png,249,๙,310,0.8945,249,0.8945,249(๙):0.895 | 248(๘):0.003 | 195(ร):0.003,1
/Users/thiya/Documents/GitHub/Project-1-Thai-Character-Number-Recognition/PrintAksorn_dataset/test/digit_9_TlwgTypewriter-BoldOblique.png,249,๙,310,0.905,249,0.905,249(๙):0.905 | 247(๗):0.009 | 234(๊):0.003,1
/Users/thiya/Documents/GitHub/Project-1-Thai-Character-Number-Recognition/PrintAksorn_dataset/test/digit_9_TlwgTypo-Oblique.png,249,๙,310,0.9285,249,0.9285,249(๙):0.929 | 195(ร):0.002 | 248(๘):0.002,1
/Users/thiya/Documents/GitHub/Project-1-Thai-Character-Number-Recognition/PrintAksorn_dataset/test/digit_9_Trirong-ExtraBold.png,249,๙,310,0.9214,249,0.9214,249(๙):0.921 | 248(๘):0.002 | 185(น):0.002,1
/Users/thiya/Documents/GitHub/Project-1-Thai-Character-Number-Recognition/PrintAksorn_dataset/test/digit_9_Waree-BoldOblique.png,249,๙,310,0.8817,249,0.8817,249(๙):0.882 | 195(ร):0.003 | 184(ธ):0.003,1
/Users/thiya/Documents/GitHub/Project-1-Thai-Character-Number-Recognition/PrintAksorn_dataset/test/do_chada_CmPrasanmit-Bold.png,174,ฎ,,0.8714,174,0.8714,174(ฎ):0.871 | 175(ฏ):0.046 | 182(ถ):0.004,1
/Users/thiya/Documents/GitHub/Project-1-Thai-Character-Number-Recognition/PrintAksorn_dataset/test/do_chada_DC-Palamongkol-Bold-Italic.png,174,ฎ,,0.6247,174,0.6247,174(ฎ):0.625 | 175(ฏ):0.187 | 194(ย):0.010,1
/Users/thiya/Documents/GitHub/Project-1-Thai-Character-Number-Recognition/PrintAksorn_dataset/test/do_chada_JS-Jindara-Italic.png,174,ฎ,,0.9486,174,0.9486,174(ฎ):0.949 | 175(ฏ):0.010 | 246(๖):0.001,1
/Users/thiya/Documents/GitHub/Project-1-Thai-Character-Number-Recognition/PrintAksorn_dataset/test/do_chada_Kinnari-BoldItalic.png,174,ฎ,,0.6839,174,0.6839,174(ฎ):0.684 | 175(ฏ):0.228 | 197(ล):0.002,1
/Users/thiya/Documents/GitHub/Project-1-Thai-Character-Number-Recognition/PrintAksorn_dataset/test/do_chada_Mitr-Bold.png,174,ฎ,,0.5275,174,0.5275,174(ฎ):0.528 | 175(ฏ):0.150 | 205(อ):0.037,1
/Users/thiya/Documents/GitHub/Project-1-Thai-Character-Number-Recognition/PrintAksorn_dataset/test/do_chada_NotoSansThai-SemiBold.png,174,ฎ,,0.9129,174,0.9129,174(ฎ):0.913 | 175(ฏ):0.016 | 230(ๆ):0.003,1
/Users/thiya/Documents/GitHub/Project-1-Thai-Character-Number-Recognition/PrintAksorn_dataset/test/do_chada_NotoSansThaiLooped-ExtraLight.png,174,ฎ,,0.8947,174,0.8947,174(ฎ):0.895 | 175(ฏ):0.009 | 246(๖):0.005,1
/Users/thiya/Documents/GitHub/Project-1-Thai-Character-Number-Recognition/PrintAksorn_dataset/test/do_chada_NotoSerifThai-SemiCondensedSemiBold.png,174,ฎ,,0.6501,174,0.6501,174(ฎ):0.650 | 175(ฏ):0.259 | 182(ถ):0.003,1
/Users/thiya/Documents/GitHub/Project-1-Thai-Character-Number-Recognition/PrintAksorn_dataset/test/do_chada_Sarabun-Medium.png,174,ฎ,,0.9227,174,0.9227,174(ฎ):0.923 | 175(ฏ):0.017 | 182(ถ):0.002,1
/Users/thiya/Documents/GitHub/Project-1-Thai-Character-Number-Recognition/PrintAksorn_dataset/test/do_chada_Sathu.png,174,ฎ,,0.8469,174,0.8469,174(ฎ):0.847 | 175(ฏ):0.047 | 192(ภ):0.007,1
/Users/thiya/Documents/GitHub/Project-1-Thai-Character-Number-Recognition/PrintAksorn_dataset/test/do_dek_Chonburi-Regular.png,240,๐,301,0.3163,240,0.3163,240(๐):0.316 | 161(ก):0.295 | 199(ว):0.032,1
/Users/thiya/Documents/GitHub/Project-1-Thai-Character-Number-Recognition/PrintAksorn_dataset/test/do_dek_Himmaparnt-Bold-Italic.png,180,ด,116,0.9082,180,0.9082,180(ด):0.908 | 181(ต):0.002 | 161(ก):0.002,1
/Users/thiya/Documents/GitHub/Project-1-Thai-Character-Number-Recognition/PrintAksorn_dataset/test/do_dek_JS-Jukaphan.png,180,ด,116,0.8958,180,0.8958,180(ด):0.896 | 161(ก):0.002 | 181(ต):0.002,1
/Users/thiya/Documents/GitHub/Project-1-Thai-Character-Number-Recognition/PrintAksorn_dataset/test/do_dek_JS-Junkaew-Italic.png,180,ด,116,0.895,180,0.895,180(ด):0.895 | 161(ก):0.003 | 243(๓):0.002,1
/Users/thiya/Documents/GitHub/Project-1-Thai-Character-Number-Recognition/PrintAksorn_dataset/test/do_dek_JS-Pisit-Italic.png,180,ด,116,0.8986,180,0.8986,180(ด):0.899 | 161(ก):0.003 | 169(ฉ):0.002,1
/Users/thiya/Documents/GitHub/Project-1-Thai-Character-Number-Recognition/PrintAksorn_dataset/test/do_dek_Kanit-SemiBoldItalic.png,240,๐,301,0.6121,240,0.6121,240(๐):0.612 | 241(๑):0.185 | 182(ถ):0.032,1
/Users/thiya/Documents/GitHub/Project-1-Thai-Character-Number-Recognition/PrintAksorn_dataset/test/do_dek_NotoSansThai-Condensed.png,240,๐,301,0.825,240,0.825,240(๐):0.825 | 161(ก):0.031 | 182(ถ):0.009,1
/Users/thiya/Documents/GitHub/Project-1-Thai-Character-Number-Recognition/PrintAksorn_dataset/test/do_dek_Taviraj-Bold.png,180,ด,116,0.8797,180,0.8797,180(ด):0.880 | 205(อ):0.004 | 169(ฉ):0.004,1
/Users/thiya/Documents/GitHub/Project-1-Thai-Character-Number-Recognition/PrintAksorn_dataset/test/dot_JS-Charnchai-Normal.png,237,ํ,,0.5302,237,0.5302,237(ํ):0.530 | 240(๐):0.113 | 232(่):0.036,1
/Users/thiya/Documents/GitHub/Project-1-Thai-Character-Number-Recognition/PrintAksorn_dataset/test/dot_JS-Rapee-Bold.png,237,ํ,,0.4824,237,0.4824,237(ํ):0.482 | 240(๐):0.191 | 232(่):0.028,1
/Users/thiya/Documents/GitHub/Project-1-Thai-Character-Number-Recognition/PrintAksorn_dataset/test/dot_Kanit-BlackItalic.png,232,่,218,0.8746,232,0.8746,232(่):0.875 | 242(๒):0.008 | 165(ฅ):0.004,1
/Users/thiya/Documents/GitHub/Project-1-Thai-Character-Number-Recognition/PrintAksorn_dataset/test/dot_Kinnari-Oblique.png,240,๐,301,0.4054,240,0.4054,240(๐):0.405 | 237(ํ):0.312 | 199(ว):0.019,1
/Users/thiya/Documents/GitHub/Project-1-Thai-Character-Number-Recognition/PrintAksorn_dataset/test/dot_Maitree-Bold.png,240,๐,301,0.6087,240,0.6087,240(๐):0.609 | 237(ํ):0.140 | 199(ว):0.020,1
/Users/thiya/Documents/GitHub/Project-1-Thai-Character-Number-Recognition/PrintAksorn_dataset/test/dot_Mitr-Regular.png,237,ํ,,0.5159,237,0.5159,237(ํ):0.516 | 240(๐):0.142 | 232(่):0.041,1
/Users/thiya/Documents/GitHub/Project-1-Thai-Character-Number-Recognition/PrintAksorn_dataset/test/dot_Norasi.png,237,ํ,,0.5511,237,0.5511,237(ํ):0.551 | 240(๐):0.168 | 232(่):0.021,1
/Users/thiya/Documents/GitHub/Project-1-Thai-Character-Number-Recognition/PrintAksorn_dataset/test/dot_NotoSansThai-CondensedBlack.png,186,บ,122,0.1097,186,0.1097,186(บ):0.110 | 187(ป):0.099 | 240(๐):0.050,1
/Users/thiya/Documents/GitHub/Project-1-Thai-Character-Number-Recognition/PrintAksorn_dataset/test/dot_NotoSerifThai-ExtraCondensed.png,186,บ,122,0.1097,186,0.1097,186(บ):0.110 | 187(ป):0.099 | 240(๐):0.050,1
/Users/thiya/Documents/GitHub/Project-1-Thai-Character-Number-Recognition/PrintAksorn_dataset/test/dot_Prompt-ExtraBoldItalic.png,240,๐,301,0.3929,240,0.3929,240(๐):0.393 | 237(ํ):0.279 | 199(ว):0.033,1
/Users/thiya/Documents/GitHub/Project-1-Thai-Character-Number-Recognition/PrintAksorn_dataset/test/dot_Sarabun-BoldItalic.png,240,๐,301,0.6965,240,0.6965,240(๐):0.697 | 237(ํ):0.098 | 199(ว):0.017,1
/Users/thiya/Documents/GitHub/Project-1-Thai-Character-Number-Recognition/PrintAksorn_dataset/test/dot_TH-Fahkwang-Regular.png,237,ํ,,0.4569,237,0.4569,237(ํ):0.457 | 232(่):0.189 | 236(์):0.031,1
/Users/thiya/Documents/GitHub/Project-1-Thai-Character-Number-Recognition/PrintAksorn_dataset/test/dot_TH-KoHo-Bold-Italic.png,237,ํ,,0.3834,237,0.3834,237(ํ):0.383 | 232(่):0.181 | 236(์):0.037,1
/Users/thiya/Documents/GitHub/Project-1-Thai-Character-Number-Recognition/PrintAksorn_dataset/test/dot_TH-Niramit-AS-Bold-Italic.png,237,ํ,,0.5854,237,0.5854,237(ํ):0.585 | 240(๐):0.099 | 232(่):0.034,1
/Users/thiya/Documents/GitHub/Project-1-Thai-Character-Number-Recognition/PrintAksorn_dataset/test/dot_TlwgTypewriter.png,237,ํ,,0.3859,237,0.3859,237(ํ):0.386 | 240(๐):0.334 | 232(่):0.017,1
/Users/thiya/Documents/GitHub/Project-1-Thai-Character-Number-Recognition/PrintAksorn_dataset/test/dot_TlwgTypo-Bold.png,237,ํ,,0.3776,237,0.3776,237(ํ):0.378 | 240(๐):0.355 | 199(ว):0.018,1
/Users/thiya/Documents/GitHub/Project-1-Thai-Character-Number-Recognition/PrintAksorn_dataset/test/exclamation_JS-Prasoplarp-Normal.png,187,ป,123,0.4486,187,0.4486,187(ป):0.449 | 232(่):0.089 | 224(เ):0.032,1
/Users/thiya/Documents/GitHub/Project-1-Thai-Character-Number-Recognition/PrintAksorn_dataset/test/exclamation_JS-Synjai-Italic.png,187,ป,123,0.1788,187,0.1788,187(ป):0.179 | 208(ะ):0.067 | 174(ฎ):0.060,1
/Users/thiya/Documents/GitHub/Project-1-Thai-Character-Number-Recognition/PrintAksorn_dataset/test/exclamation_Norasi-Bold.png,227,ใ,213,0.2314,227,0.2314,227(ใ):0.231 | 195(ร):0.099 | 232(่):0.052,1
/Users/thiya/Documents/GitHub/Project-1-Thai-Character-Number-Recognition/PrintAksorn_dataset/test/exclamation_NotoSerifThai-CondensedBlack.png,186,บ,122,0.1097,186,0.1097,186(บ):0.110 | 187(ป):0.099 | 240(๐):0.050,1
/Users/thiya/Documents/GitHub/Project-1-Thai-Character-Number-Recognition/PrintAksorn_dataset/test/exclamation_NotoSerifThai-ExtraCondensedBlack.png,186,บ,122,0.1097,186,0.1097,186(บ):0.110 | 187(ป):0.099 | 240(๐):0.050,1
/Users/thiya/Documents/GitHub/Project-1-Thai-Character-Number-Recognition/PrintAksorn_dataset/test/exclamation_Taviraj-BoldItalic.png,227,ใ,213,0.2575,227,0.2575,227(ใ):0.257 | 224(เ):0.148 | 232(่):0.071,1
/Users/thiya/Documents/GitHub/Project-1-Thai-Character-Number-Recognition/PrintAksorn_dataset/test/exclamation_Taviraj-ExtraLight.png,187,ป,123,0.1579,187,0.1579,187(ป):0.158 | 227(ใ):0.130 | 232(่):0.121,1
/Users/thiya/Documents/GitHub/Project-1-Thai-Character-Number-Recognition/PrintAksorn_dataset/test/exclamation_Taviraj-LightItalic.png,227,ใ,213,0.2979,227,0.2979,227(ใ):0.298 | 187(ป):0.122 | 224(เ):0.046,1
/Users/thiya/Documents/GitHub/Project-1-Thai-Character-Number-Recognition/PrintAksorn_dataset/test/fo_fa_Garuda-Oblique.png,189,ฝ,125,0.8754,189,0.8754,189(ฝ):0.875 | 179(ณ):0.003 | 230(ๆ):0.003,1
/Users/thiya/Documents/GitHub/Project-1-Thai-Character-Number-Recognition/PrintAksorn_dataset/test/fo_fa_JS-Wanida-Italic.png,189,ฝ,125,0.9077,189,0.9077,189(ฝ):0.908 | 191(ฟ):0.004 | 200(ศ):0.003,1
/Users/thiya/Documents/GitHub/Project-1-Thai-Character-Number-Recognition/PrintAksorn_dataset/test/fo_fa_NotoSansThai-SemiCondensedThin.png,189,ฝ,125,0.8293,189,0.8293,189(ฝ):0.829 | 191(ฟ):0.030 | 200(ศ):0.008,1
/Users/thiya/Documents/GitHub/Project-1-Thai-Character-Number-Recognition/PrintAksorn_dataset/test/fo_fa_Pridi-Bold.png,189,ฝ,125,0.9147,189,0.9147,189(ฝ):0.915 | 191(ฟ):0.010 | 175(ฏ):0.003,1
/Users/thiya/Documents/GitHub/Project-1-Thai-Character-Number-Recognition/PrintAksorn_dataset/test/fo_fa_Prompt-ExtraLight.png,189,ฝ,125,0.8526,189,0.8526,189(ฝ):0.853 | 191(ฟ):0.030 | 200(ศ):0.004,1
/Users/thiya/Documents/GitHub/Project-1-Thai-Character-Number-Recognition/PrintAksorn_dataset/test/fo_fa_Purisa-Bold.png,189,ฝ,125,0.8951,189,0.8951,189(ฝ):0.895 | 185(น):0.003 | 248(๘):0.003,1
/Users/thiya/Documents/GitHub/Project-1-Thai-Character-Number-Recognition/PrintAksorn_dataset/test/fo_fa_TH-Krub-Bold-Italic.png,189,ฝ,125,0.9062,189,0.9062,189(ฝ):0.906 | 188(ผ):0.007 | 191(ฟ):0.003,1
/Users/thiya/Documents/GitHub/Project-1-Thai-Character-Number-Recognition/PrintAksorn_dataset/test/fo_fa_TH-Krub-Italic.png,189,ฝ,125,0.9036,189,0.9036,189(ฝ):0.904 | 188(ผ):0.010 | 191(ฟ):0.002,1
/Users/thiya/Documents/GitHub/Project-1-Thai-Character-Number-Recognition/PrintAksorn_dataset/test/fo_fa_Taviraj-ExtraBold.png,189,ฝ,125,0.558,189,0.558,189(ฝ):0.558 | 191(ฟ):0.080 | 204(ฬ):0.030,1
/Users/thiya/Documents/GitHub/Project-1-Thai-Character-Number-Recognition/PrintAksorn_dataset/test/fo_fa_TlwgTypist-BoldOblique.png,189,ฝ,125,0.9332,189,0.9332,189(ฝ):0.933 | 175(ฏ):0.003 | 191(ฟ):0.002,1
/Users/thiya/Documents/GitHub/Project-1-Thai-Character-Number-Recognition/PrintAksorn_dataset/test/fo_fan_JS-Hariphan.png,189,ฝ,125,0.6481,189,0.6481,189(ฝ):0.648 | 191(ฟ):0.243 | 200(ศ):0.004,1
/Users/thiya/Documents/GitHub/Project-1-Thai-Character-Number-Recognition/PrintAksorn_dataset/test/fo_fan_Kanit-BlackItalic.png,190,พ,126,0.304,190,0.304,190(พ):0.304 | 191(ฟ):0.125 | 247(๗):0.060,1
/Users/thiya/Documents/GitHub/Project-1-Thai-Character-Number-Recognition/PrintAksorn_dataset/test/fo_fan_Kinnari-Italic.png,191,ฟ,127,0.879,191,0.879,191(ฟ):0.879 | 189(ฝ):0.008 | 187(ป):0.006,1
/Users/thiya/Documents/GitHub/Project-1-Thai-Character-Number-Recognition/PrintAksorn_dataset/test/fo_fan_Loma-Oblique.png,191,ฟ,127,0.9089,191,0.9089,191(ฟ):0.909 | 190(พ):0.005 | 204(ฬ):0.002,1
/Users/thiya/Documents/GitHub/Project-1-Thai-Character-Number-Recognition/PrintAksorn_dataset/test/fo_fan_NotoSerifThai-ExtraCondensedBlack.png,191,ฟ,127,0.9136,191,0.9136,191(ฟ):0.914 | 190(พ):0.009 | 189(ฝ):0.004,1
/Users/thiya/Documents/GitHub/Project-1-Thai-Character-Number-Recognition/PrintAksorn_dataset/test/fo_fan_NotoSerifThai-Medium.png,191,ฟ,127,0.9286,191,0.9286,191(ฟ):0.929 | 189(ฝ):0.005 | 187(ป):0.003,1
/Users/thiya/Documents/GitHub/Project-1-Thai-Character-Number-Recognition/PrintAksorn_dataset/test/fo_fan_PSK-Smart-Bold.png,191,ฟ,127,0.912,191,0.912,191(ฟ):0.912 | 189(ฝ):0.007 | 200(ศ):0.002,1
/Users/thiya/Documents/GitHub/Project-1-Thai-Character-Number-Recognition/PrintAksorn_dataset/test/fo_fan_PSK-Smart-Regular.png,191,ฟ,127,0.817,191,0.817,191(ฟ):0.817 | 189(ฝ):0.034 | 200(ศ):0.006,1
/Users/thiya/Documents/GitHub/Project-1-Thai-Character-Number-Recognition/PrintAksorn_dataset/test/fo_fan_Sarabun-ExtraBold.png,191,ฟ,127,0.9111,191,0.9111,191(ฟ):0.911 | 189(ฝ):0.005 | 187(ป):0.003,1
/Users/thiya/Documents/GitHub/Project-1-Thai-Character-Number-Recognition/PrintAksorn_dataset/test/fo_fan_TH-Chakra-Petch-Bold-Italic.png,191,ฟ,127,0.8911,191,0.8911,191(ฟ):0.891 | 189(ฝ):0.006 | 178(ฒ):0.003,1
/Users/thiya/Documents/GitHub/Project-1-Thai-Character-Number-Recognition/PrintAksorn_dataset/test/fo_fan_TH-Niramit-AS-Italic.png,191,ฟ,127,0.9054,191,0.9054,191(ฟ):0.905 | 189(ฝ):0.005 | 178(ฒ):0.002,1
/Users/thiya/Documents/GitHub/Project-1-Thai-Character-Number-Recognition/PrintAksorn_dataset/test/fo_fan_Trirong-Regular.png,191,ฟ,127,0.8756,191,0.8756,191(ฟ):0.876 | 189(ฝ):0.007 | 187(ป):0.005,1
/Users/thiya/Documents/GitHub/Project-1-Thai-Character-Number-Recognition/PrintAksorn_dataset/test/ho_hip_Aksaramatee-Regular.png,203,ห,138,0.8659,203,0.8659,203(ห):0.866 | 201(ษ):0.005 | 169(ฉ):0.003,1
/Users/thiya/Documents/GitHub/Project-1-Thai-Character-Number-Recognition/PrintAksorn_dataset/test/ho_hip_NotoSansThai-ExtraLight.png,203,ห,138,0.4753,203,0.4753,203(ห):0.475 | 170(ช):0.047 | 171(ซ):0.035,1
/Users/thiya/Documents/GitHub/Project-1-Thai-Character-Number-Recognition/PrintAksorn_dataset/test/ho_hip_NotoSansThaiLooped-ExtraLight.png,203,ห,138,0.906,203,0.906,203(ห):0.906 | 201(ษ):0.003 | 163(ฃ):0.003,1
/Users/thiya/Documents/GitHub/Project-1-Thai-Character-Number-Recognition/PrintAksorn_dataset/test/ho_hip_NotoSerifThai-ExtraBold.png,203,ห,138,0.8833,203,0.8833,203(ห):0.883 | 204(ฬ):0.003 | 248(๘):0.002,1
/Users/thiya/Documents/GitHub/Project-1-Thai-Character-Number-Recognition/PrintAksorn_dataset/test/ho_hip_NotoSerifThai-ExtraLight.png,203,ห,138,0.8924,203,0.8924,203(ห):0.892 | 163(ฃ):0.003 | 201(ษ):0.003,1
/Users/thiya/Documents/GitHub/Project-1-Thai-Character-Number-Recognition/PrintAksorn_dataset/test/ho_hip_Purisa.png,203,ห,138,0.8919,203,0.8919,203(ห):0.892 | 227(ใ):0.003 | 226(โ):0.002,1
/Users/thiya/Documents/GitHub/Project-1-Thai-Character-Number-Recognition/PrintAksorn_dataset/test/ho_hip_SR-FahMai-Bold-Italic.png,203,ห,138,0.9032,203,0.9032,203(ห):0.903 | 201(ษ):0.002 | 213(ี):0.002,1
/Users/thiya/Documents/GitHub/Project-1-Thai-Character-Number-Recognition/PrintAksorn_dataset/test/ho_hip_Sawasdee-BoldOblique.png,203,ห,138,0.1612,203,0.1612,203(ห):0.161 | 202(ส):0.098 | 171(ซ):0.073,1
/Users/thiya/Documents/GitHub/Project-1-Thai-Character-Number-Recognition/PrintAksorn_dataset/test/ho_hip_TH-Fahkwang-Bold.png,203,ห,138,0.8765,203,0.8765,203(ห):0.877 | 201(ษ):0.006 | 204(ฬ):0.005,1
/Users/thiya/Documents/GitHub/Project-1-Thai-Character-Number-Recognition/PrintAksorn_dataset/test/ho_hip_Taviraj-ExtraBoldItalic.png,203,ห,138,0.8851,203,0.8851,203(ห):0.885 | 204(ฬ):0.006 | 169(ฉ):0.002,1
/Users/thiya/Documents/GitHub/Project-1-Thai-Character-Number-Recognition/PrintAksorn_dataset/test/ho_hip_Taviraj-SemiBold.png,203,ห,138,0.8927,203,0.8927,203(ห):0.893 | 204(ฬ):0.003 | 169(ฉ):0.002,1
/Users/thiya/Documents/GitHub/Project-1-Thai-Character-Number-Recognition/PrintAksorn_dataset/test/ho_hip_TlwgMono-Oblique.png,203,ห,138,0.887,203,0.887,203(ห):0.887 | 201(ษ):0.002 | 229(ๅ):0.002,1
/Users/thiya/Documents/GitHub/Project-1-Thai-Character-Number-Recognition/PrintAksorn_dataset/test/ho_hip_TlwgTypo-Bold.png,203,ห,138,0.8978,203,0.8978,203(ห):0.898 | 192(ภ):0.002 | 163(ฃ):0.002,1
/Users/thiya/Documents/GitHub/Project-1-Thai-Character-Number-Recognition/PrintAksorn_dataset/test/ho_hip_Waree-Oblique.png,203,ห,138,0.881,203,0.881,203(ห):0.881 | 163(ฃ):0.003 | 202(ส):0.002,1
/Users/thiya/Documents/GitHub/Project-1-Thai-Character-Number-Recognition/PrintAksorn_dataset/test/ho_nokhuk_JS-Oobboon-Normal.png,205,อ,140,0.5787,205,0.5787,205(อ):0.579 | 246(๖):0.122 | 206(ฮ):0.031,1
/Users/thiya/Documents/GitHub/Project-1-Thai-Character-Number-Recognition/PrintAksorn_dataset/test/ho_nokhuk_JS-Pisit-Normal.png,206,ฮ,141,0.9198,206,0.9198,206(ฮ):0.920 | 194(ย):0.005 | 246(๖):0.002,1
/Users/thiya/Documents/GitHub/Project-1-Thai-Character-Number-Recognition/PrintAksorn_dataset/test/ho_nokhuk_JS-Prajuk-Italic.png,206,ฮ,141,0.8913,206,0.8913,206(ฮ):0.891 | 205(อ):0.007 | 204(ฬ):0.005,1
/Users/thiya/Documents/GitHub/Project-1-Thai-Character-Number-Recognition/PrintAksorn_dataset/test/ho_nokhuk_Kanit-Italic.png,206,ฮ,141,0.4519,206,0.4519,206(ฮ):0.452 | 184(ธ):0.155 | 205(อ):0.056,1
/Users/thiya/Documents/GitHub/Project-1-Thai-Character-Number-Recognition/PrintAksorn_dataset/test/ho_nokhuk_Laksaman-BoldItalic.png,206,ฮ,141,0.9227,206,0.9227,206(ฮ):0.923 | 194(ย):0.004 | 246(๖):0.002,1
/Users/thiya/Documents/GitHub/Project-1-Thai-Character-Number-Recognition/PrintAksorn_dataset/test/ho_nokhuk_NotoSansThai-ExtraCondensed.png,206,ฮ,141,0.5394,206,0.5394,206(ฮ):0.539 | 246(๖):0.107 | 184(ธ):0.033,1
/Users/thiya/Documents/GitHub/Project-1-Thai-Character-Number-Recognition/PrintAksorn_dataset/test/ho_nokhuk_PSK-Smart-Bold.png,206,ฮ,141,0.9157,206,0.9157,206(ฮ):0.916 | 194(ย):0.004 | 176(ฐ):0.003,1
/Users/thiya/Documents/GitHub/Project-1-Thai-Character-Number-Recognition/PrintAksorn_dataset/test/ho_nokhuk_PSK-SmartBI.png,206,ฮ,141,0.9325,206,0.9325,206(ฮ):0.933 | 176(ฐ):0.003 | 205(อ):0.003,1
/Users/thiya/Documents/GitHub/Project-1-Thai-Character-Number-Recognition/PrintAksorn_dataset/test/ho_nokhuk_Prompt-MediumItalic.png,206,ฮ,141,0.777,206,0.777,206(ฮ):0.777 | 246(๖):0.067 | 184(ธ):0.022,1
/Users/thiya/Documents/GitHub/Project-1-Thai-Character-Number-Recognition/PrintAksorn_dataset/test/ho_nokhuk_Prompt-SemiBoldItalic.png,206,ฮ,141,0.7816,206,0.7816,206(ฮ):0.782 | 246(๖):0.076 | 184(ธ):0.010,1
/Users/thiya/Documents/GitHub/Project-1-Thai-Character-Number-Recognition/PrintAksorn_dataset/test/ho_nokhuk_TH-Sarabun-New-BoldItalic.png,206,ฮ,141,0.9224,206,0.9224,206(ฮ):0.922 | 194(ย):0.004 | 207(ฯ):0.002,1
/Users/thiya/Documents/GitHub/Project-1-Thai-Character-Number-Recognition/PrintAksorn_dataset/test/ho_nokhuk_Taviraj-Light.png,206,ฮ,141,0.9445,206,0.9445,206(ฮ):0.944 | 227(ใ):0.002 | 194(ย):0.002,1
/Users/thiya/Documents/GitHub/Project-1-Thai-Character-Number-Recognition/PrintAksorn_dataset/test/ho_nokhuk_Taviraj-SemiBoldItalic.png,206,ฮ,141,0.9071,206,0.9071,206(ฮ):0.907 | 202(ส):0.010 | 245(๕):0.004,1
/Users/thiya/Documents/GitHub/Project-1-Thai-Character-Number-Recognition/PrintAksorn_dataset/test/kho_khai_Aksaramatee-Bold-Italic.png,162,ข,102,0.8978,162,0.8978,162(ข):0.898 | 205(อ):0.003 | 163(ฃ):0.003,1
/Users/thiya/Documents/GitHub/Project-1-Thai-Character-Number-Recognition/PrintAksorn_dataset/test/kho_khai_DC-Palamongkol-Regular.png,162,ข,102,0.8477,162,0.8477,162(ข):0.848 | 205(อ):0.007 | 241(๑):0.005,1
/Users/thiya/Documents/GitHub/Project-1-Thai-Character-Number-Recognition/PrintAksorn_dataset/test/kho_khai_JS-Obsaward-Italic.png,162,ข,102,0.9414,162,0.9414,162(ข):0.941 | 163(ฃ):0.006 | 170(ช):0.003,1
/Users/thiya/Documents/GitHub/Project-1-Thai-Character-Number-Recognition/PrintAksorn_dataset/test/kho_khai_Mitr-ExtraLight.png,194,ย,130,0.2313,194,0.2313,194(ย):0.231 | 186(บ):0.222 | 205(อ):0.054,1
/Users/thiya/Documents/GitHub/Project-1-Thai-Character-Number-Recognition/PrintAksorn_dataset/test/kho_khai_NotoSansThai-ExtraLight.png,162,ข,102,0.1693,162,0.1693,162(ข):0.169 | 186(บ):0.157 | 240(๐):0.089,1
/Users/thiya/Documents/GitHub/Project-1-Thai-Character-Number-Recognition/PrintAksorn_dataset/test/kho_khai_NotoSansThaiLooped-Medium.png,162,ข,102,0.3767,162,0.3767,162(ข):0.377 | 186(บ):0.171 | 217(ู):0.089,1
/Users/thiya/Documents/GitHub/Project-1-Thai-Character-Number-Recognition/PrintAksorn_dataset/test/kho_khai_NotoSerifThai-ExtraCondensed.png,162,ข,102,0.9106,162,0.9106,162(ข):0.911 | 205(อ):0.003 | 214(ึ):0.002,1
/Users/thiya/Documents/GitHub/Project-1-Thai-Character-Number-Recognition/PrintAksorn_dataset/test/kho_khai_Prompt-Black.png,194,ย,130,0.6955,194,0.6955,194(ย):0.696 | 162(ข):0.038 | 163(ฃ):0.017,1
/Users/thiya/Documents/GitHub/Project-1-Thai-Character-Number-Recognition/PrintAksorn_dataset/test/kho_khon_CmPrasanmit-Italic.png,165,ฅ,,0.9264,165,0.9264,165(ฅ):0.926 | 181(ต):0.002 | 164(ค):0.002,1
/Users/thiya/Documents/GitHub/Project-1-Thai-Character-Number-Recognition/PrintAksorn_dataset/test/kho_khon_JS-Pitsamai-Italic.png,165,ฅ,,0.8388,165,0.8388,165(ฅ):0.839 | 181(ต):0.027 | 164(ค):0.013,1
/Users/thiya/Documents/GitHub/Project-1-Thai-Character-Number-Recognition/PrintAksorn_dataset/test/kho_khon_Laksaman-Italic.png,165,ฅ,,0.9091,165,0.9091,165(ฅ):0.909 | 242(๒):0.003 | 226(โ):0.002,1
/Users/thiya/Documents/GitHub/Project-1-Thai-Character-Number-Recognition/PrintAksorn_dataset/test/kho_khon_Loma-Oblique.png,165,ฅ,,0.9142,165,0.9142,165(ฅ):0.914 | 243(๓):0.007 | 181(ต):0.005,1
/Users/thiya/Documents/GitHub/Project-1-Thai-Character-Number-Recognition/PrintAksorn_dataset/test/kho_khon_Maitree-ExtraLight.png,165,ฅ,,0.9031,165,0.9031,165(ฅ):0.903 | 243(๓):0.005 | 242(๒):0.003,1
/Users/thiya/Documents/GitHub/Project-1-Thai-Character-Number-Recognition/PrintAksorn_dataset/test/kho_khon_Norasi-BoldItalic.png,165,ฅ,,0.9068,165,0.9068,165(ฅ):0.907 | 181(ต):0.004 | 164(ค):0.003,1
/Users/thiya/Documents/GitHub/Project-1-Thai-Character-Number-Recognition/PrintAksorn_dataset/test/kho_khon_Prompt-Thin.png,165,ฅ,,0.575,165,0.575,165(ฅ):0.575 | 243(๓):0.087 | 242(๒):0.062,1
/Users/thiya/Documents/GitHub/Project-1-Thai-Character-Number-Recognition/PrintAksorn_dataset/test/kho_khon_Sarabun-ExtraBoldItalic.png,165,ฅ,,0.9005,165,0.9005,165(ฅ):0.900 | 243(๓):0.008 | 181(ต):0.008,1
/Users/thiya/Documents/GitHub/Project-1-Thai-Character-Number-Recognition/PrintAksorn_dataset/test/kho_khon_Sawasdee-Bold.png,243,๓,304,0.368,243,0.368,243(๓):0.368 | 165(ฅ):0.302 | 242(๒):0.034,1
/Users/thiya/Documents/GitHub/Project-1-Thai-Character-Number-Recognition/PrintAksorn_dataset/test/kho_khon_TH-Fahkwang-Bold.png,165,ฅ,,0.9259,165,0.9259,165(ฅ):0.926 | 181(ต):0.004 | 164(ค):0.002,1
/Users/thiya/Documents/GitHub/Project-1-Thai-Character-Number-Recognition/PrintAksorn_dataset/test/kho_khon_TH-Kodchasal-Bold.png,165,ฅ,,0.9281,165,0.9281,165(ฅ):0.928 | 243(๓):0.004 | 181(ต):0.003,1
/Users/thiya/Documents/GitHub/Project-1-Thai-Character-Number-Recognition/PrintAksorn_dataset/test/kho_khon_TH-Sarabun-New-Bold.png,165,ฅ,,0.919,165,0.919,165(ฅ):0.919 | 181(ต):0.003 | 164(ค):0.002,1
/Users/thiya/Documents/GitHub/Project-1-Thai-Character-Number-Recognition/PrintAksorn_dataset/test/kho_khon_Taviraj-Light.png,165,ฅ,,0.9441,165,0.9441,165(ฅ):0.944 | 181(ต):0.003 | 243(๓):0.002,1
/Users/thiya/Documents/GitHub/Project-1-Thai-Character-Number-Recognition/PrintAksorn_dataset/test/kho_khon_Trirong-ExtraBold.png,165,ฅ,,0.9096,165,0.9096,165(ฅ):0.910 | 181(ต):0.017 | 243(๓):0.009,1
/Users/thiya/Documents/GitHub/Project-1-Thai-Character-Number-Recognition/PrintAksorn_dataset/test/kho_khuat_JS-Giat-Bold.png,162,ข,102,0.7518,162,0.7518,162(ข):0.752 | 194(ย):0.042 | 170(ช):0.020,1
/Users/thiya/Documents/GitHub/Project-1-Thai-Character-Number-Recognition/PrintAksorn_dataset/test/kho_khuat_JS-Saksit-Normal.png,163,ฃ,103,0.7874,163,0.7874,163(ฃ):0.787 | 230(ๆ):0.019 | 187(ป):0.007,1
/Users/thiya/Documents/GitHub/Project-1-Thai-Character-Number-Recognition/PrintAksorn_dataset/test/kho_khuat_KaniGa-Bold.png,162,ข,102,0.4839,162,0.4839,162(ข):0.484 | 163(ฃ):0.224 | 171(ซ):0.014,1
/Users/thiya/Documents/GitHub/Project-1-Thai-Character-Number-Recognition/PrintAksorn_dataset/test/kho_khuat_NotoSansThai-SemiCondensedBold.png,163,ฃ,103,0.5535,163,0.5535,163(ฃ):0.553 | 162(ข):0.261 | 194(ย):0.027,1
/Users/thiya/Documents/GitHub/Project-1-Thai-Character-Number-Recognition/PrintAksorn_dataset/test/kho_khuat_Sawasdee-Bold.png,194,ย,130,0.2133,194,0.2133,194(ย):0.213 | 246(๖):0.104 | 163(ฃ):0.071,1
/Users/thiya/Documents/GitHub/Project-1-Thai-Character-Number-Recognition/PrintAksorn_dataset/test/kho_khuat_Taviraj-Thin.png,163,ฃ,103,0.6272,163,0.6272,163(ฃ):0.627 | 162(ข):0.036 | 242(๒):0.031,1
/Users/thiya/Documents/GitHub/Project-1-Thai-Character-Number-Recognition/PrintAksorn_dataset/test/kho_khwai_Athiti-Bold.png,164,ค,104,0.8977,164,0.8977,164(ค):0.898 | 161(ก):0.038 | 169(ฉ):0.013,1
/Users/thiya/Documents/GitHub/Project-1-Thai-Character-Number-Recognition/PrintAksorn_dataset/test/kho_khwai_FonLeb-Italic.png,164,ค,104,0.8376,164,0.8376,164(ค):0.838 | 180(ด):0.024 | 161(ก):0.003,1
/Users/thiya/Documents/GitHub/Project-1-Thai-Character-Number-Recognition/PrintAksorn_dataset/test/kho_khwai_Kanit-ExtraBoldItalic.png,164,ค,104,0.9182,164,0.9182,164(ค):0.918 | 161(ก):0.013 | 205(อ):0.003,1
/Users/thiya/Documents/GitHub/Project-1-Thai-Character-Number-Recognition/PrintAksorn_dataset/test/kho_khwai_Maitree-Bold.png,164,ค,104,0.9304,164,0.9304,164(ค):0.930 | 180(ด):0.006 | 205(อ):0.003,1
/Users/thiya/Documents/GitHub/Project-1-Thai-Character-Number-Recognition/PrintAksorn_dataset/test/kho_khwai_NotoSansThai-Regular.png,164,ค,104,0.4054,164,0.4054,164(ค):0.405 | 161(ก):0.230 | 212(ิ):0.038,1
/Users/thiya/Documents/GitHub/Project-1-Thai-Character-Number-Recognition/PrintAksorn_dataset/test/kho_khwai_Sawasdee-Bold.png,161,ก,101,0.6453,161,0.6453,161(ก):0.645 | 164(ค):0.076 | 240(๐):0.019,1
/Users/thiya/Documents/GitHub/Project-1-Thai-Character-Number-Recognition/PrintAksorn_dataset/test/kho_khwai_Taviraj-MediumItalic.png,164,ค,104,0.855,164,0.855,164(ค):0.855 | 180(ด):0.033 | 197(ล):0.003,1
/Users/thiya/Documents/GitHub/Project-1-Thai-Character-Number-Recognition/PrintAksorn_dataset/test/kho_khwai_Trirong-ExtraBoldItalic.png,164,ค,104,0.9001,164,0.9001,164(ค):0.900 | 180(ด):0.007 | 205(อ):0.004,1
/Users/thiya/Documents/GitHub/Project-1-Thai-Character-Number-Recognition/PrintAksorn_dataset/test/kho_rakhang_Athiti-Bold.png,162,ข,102,0.4582,162,0.4582,162(ข):0.458 | 194(ย):0.185 | 163(ฃ):0.054,1
/Users/thiya/Documents/GitHub/Project-1-Thai-Character-Number-Recognition/PrintAksorn_dataset/test/kho_rakhang_Ayuthaya.png,166,ฆ,,0.8575,166,0.8575,166(ฆ):0.857 | 174(ฎ):0.006 | 181(ต):0.005,1
/Users/thiya/Documents/GitHub/Project-1-Thai-Character-Number-Recognition/PrintAksorn_dataset/test/kho_rakhang_JS-Jindara-Bold.png,166,ฆ,,0.9249,166,0.9249,166(ฆ):0.925 | 181(ต):0.002 | 232(่):0.002,1
/Users/thiya/Documents/GitHub/Project-1-Thai-Character-Number-Recognition/PrintAksorn_dataset/test/kho_rakhang_JS-Yodthida-Italic.png,166,ฆ,,0.9233,166,0.9233,166(ฆ):0.923 | 177(ฑ):0.002 | 174(ฎ):0.002,1
/Users/thiya/Documents/GitHub/Project-1-Thai-Character-Number-Recognition/PrintAksorn_dataset/test/kho_rakhang_Mitr-SemiBold.png,163,ฃ,103,0.2849,163,0.2849,163(ฃ):0.285 | 162(ข):0.247 | 194(ย):0.123,1
/Users/thiya/Documents/GitHub/Project-1-Thai-Character-Number-Recognition/PrintAksorn_dataset/test/kho_rakhang_Taviraj-Black.png,166,ฆ,,0.8362,166,0.8362,166(ฆ):0.836 | 181(ต):0.011 | 193(ม):0.007,1
/Users/thiya/Documents/GitHub/Project-1-Thai-Character-Number-Recognition/PrintAksorn_dataset/test/kho_rakhang_Taviraj-SemiBoldItalic.png,166,ฆ,,0.702,166,0.702,166(ฆ):0.702 | 181(ต):0.021 | 193(ม):0.016,1
/Users/thiya/Documents/GitHub/Project-1-Thai-Character-Number-Recognition/PrintAksorn_dataset/test/kho_rakhang_Umpush.png,166,ฆ,,0.9172,166,0.9172,166(ฆ):0.917 | 181(ต):0.003 | 174(ฎ):0.002,1
/Users/thiya/Documents/GitHub/Project-1-Thai-Character-Number-Recognition/PrintAksorn_dataset/test/ko_kai_Himmaparnt-Regular.png,161,ก,101,0.9223,161,0.9223,161(ก):0.922 | 229(ๅ):0.002 | 244(๔):0.002,1
/Users/thiya/Documents/GitHub/Project-1-Thai-Character-Number-Recognition/PrintAksorn_dataset/test/ko_kai_JS-Pitsanu.png,161,ก,101,0.9026,161,0.9026,161(ก):0.903 | 229(ๅ):0.003 | 205(อ):0.002,1
/Users/thiya/Documents/GitHub/Project-1-Thai-Character-Number-Recognition/PrintAksorn_dataset/test/ko_kai_JS-Synjai-Normal.png,161,ก,101,0.9156,161,0.9156,161(ก):0.916 | 212(ิ):0.002 | 208(ะ):0.002,1
/Users/thiya/Documents/GitHub/Project-1-Thai-Character-Number-Recognition/PrintAksorn_dataset/test/ko_kai_Kanit-Medium.png,161,ก,101,0.8793,161,0.8793,161(ก):0.879 | 192(ภ):0.008 | 182(ถ):0.007,1
/Users/thiya/Documents/GitHub/Project-1-Thai-Character-Number-Recognition/PrintAksorn_dataset/test/ko_kai_NotoSansThai-CondensedBlack.png,161,ก,101,0.7776,161,0.7776,161(ก):0.778 | 192(ภ):0.075 | 164(ค):0.004,1
/Users/thiya/Documents/GitHub/Project-1-Thai-Character-Number-Recognition/PrintAksorn_dataset/test/ko_kai_NotoSansThai-ExtraCondensedBold.png,161,ก,101,0.8968,161,0.8968,161(ก):0.897 | 192(ภ):0.011 | 168(จ):0.003,1
/Users/thiya/Documents/GitHub/Project-1-Thai-Character-Number-Recognition/PrintAksorn_dataset/test/ko_kai_NotoSansThai-SemiCondensedMedium.png,161,ก,101,0.8261,161,0.8261,161(ก):0.826 | 192(ภ):0.025 | 182(ถ):0.007,1
/Users/thiya/Documents/GitHub/Project-1-Thai-Character-Number-Recognition/PrintAksorn_dataset/test/ko_kai_NotoSansThaiLooped-Light.png,161,ก,101,0.9226,161,0.9226,161(ก):0.923 | 210(า):0.002 | 205(อ):0.002,1
/Users/thiya/Documents/GitHub/Project-1-Thai-Character-Number-Recognition/PrintAksorn_dataset/test/ko_kai_NotoSansThaiLooped-Medium.png,161,ก,101,0.8238,161,0.8238,161(ก):0.824 | 192(ภ):0.033 | 182(ถ):0.012,1
/Users/thiya/Documents/GitHub/Project-1-Thai-Character-Number-Recognition/PrintAksorn_dataset/test/ko_kai_Taviraj-ExtraBold.png,161,ก,101,0.6715,161,0.6715,161(ก):0.672 | 192(ภ):0.078 | 164(ค):0.012,1
/Users/thiya/Documents/GitHub/Project-1-Thai-Character-Number-Recognition/PrintAksorn_dataset/test/ko_kai_Waree-Oblique.png,161,ก,101,0.9162,161,0.9162,161(ก):0.916 | 208(ะ):0.002 | 245(๕):0.002,1
/Users/thiya/Documents/GitHub/Project-1-Thai-Character-Number-Recognition/PrintAksorn_dataset/test/lakkhangyao_Chonburi-Regular.png,210,า,203,0.758,210,0.758,210(า):0.758 | 229(ๅ):0.042 | 232(่):0.020,1
/Users/thiya/Documents/GitHub/Project-1-Thai-Character-Number-Recognition/PrintAksorn_dataset/test/lakkhangyao_JS-Prasoplarp-Normal.png,229,ๅ,215,0.6614,229,0.6614,229(ๅ):0.661 | 210(า):0.117 | 215(ื):0.005,1
/Users/thiya/Documents/GitHub/Project-1-Thai-Character-Number-Recognition/PrintAksorn_dataset/test/lakkhangyao_JS-Saksit-Bold-Italic.png,229,ๅ,215,0.8581,229,0.8581,229(ๅ):0.858 | 210(า):0.008 | 175(ฏ):0.005,1
/Users/thiya/Documents/GitHub/Project-1-Thai-Character-Number-Recognition/PrintAksorn_dataset/test/lakkhangyao_Kanit-ExtraLightItalic.png,229,ๅ,215,0.6419,229,0.6419,229(ๅ):0.642 | 210(า):0.147 | 226(โ):0.006,1
/Users/thiya/Documents/GitHub/Project-1-Thai-Character-Number-Recognition/PrintAksorn_dataset/test/lakkhangyao_NotoSansThai-ExtraLight.png,229,ๅ,215,0.5738,229,0.5738,229(ๅ):0.574 | 210(า):0.144 | 187(ป):0.008,1
/Users/thiya/Documents/GitHub/Project-1-Thai-Character-Number-Recognition/PrintAksorn_dataset/test/lakkhangyao_NotoSansThaiLooped-ExtraBold.png,229,ๅ,215,0.8144,229,0.8144,229(ๅ):0.814 | 210(า):0.012 | 175(ฏ):0.005,1
/Users/thiya/Documents/GitHub/Project-1-Thai-Character-Number-Recognition/PrintAksorn_dataset/test/lakkhangyao_Purisa.png,229,ๅ,215,0.6824,229,0.6824,229(ๅ):0.682 | 210(า):0.167 | 187(ป):0.005,1
/Users/thiya/Documents/GitHub/Project-1-Thai-Character-Number-Recognition/PrintAksorn_dataset/test/lakkhangyao_TlwgTypo.png,210,า,203,0.3793,210,0.3793,210(า):0.379 | 229(ๅ):0.371 | 212(ิ):0.008,1
/Users/thiya/Documents/GitHub/Project-1-Thai-Character-Number-Recognition/PrintAksorn_dataset/test/lakkhangyao_Trirong-MediumItalic.png,229,ๅ,215,0.887,229,0.887,229(ๅ):0.887 | 210(า):0.010 | 175(ฏ):0.003,1
/Users/thiya/Documents/GitHub/Project-1-Thai-Character-Number-Recognition/PrintAksorn_dataset/test/lbrace_Ayuthaya.png,226,โ,212,0.4376,226,0.4376,226(โ):0.438 | 176(ฐ):0.095 | 245(๕):0.074,1
/Users/thiya/Documents/GitHub/Project-1-Thai-Character-Number-Recognition/PrintAksorn_dataset/test/lbrace_JS-Wanida-Italic.png,226,โ,212,0.6514,226,0.6514,226(โ):0.651 | 228(ไ):0.033 | 232(่):0.017,1
/Users/thiya/Documents/GitHub/Project-1-Thai-Character-Number-Recognition/PrintAksorn_dataset/test/lbrace_Kanit-Medium.png,228,ไ,214,0.2171,228,0.2171,228(ไ):0.217 | 232(่):0.178 | 226(โ):0.120,1
/Users/thiya/Documents/GitHub/Project-1-Thai-Character-Number-Recognition/PrintAksorn_dataset/test/lbrace_Mitr-ExtraLight.png,226,โ,212,0.3347,226,0.3347,226(โ):0.335 | 228(ไ):0.161 | 227(ใ):0.090,1
/Users/thiya/Documents/GitHub/Project-1-Thai-Character-Number-Recognition/PrintAksorn_dataset/test/lbrace_NotoSansThai-ExtraCondensedLight.png,186,บ,122,0.1109,186,0.1109,186(บ):0.111 | 187(ป):0.099 | 240(๐):0.050,1
/Users/thiya/Documents/GitHub/Project-1-Thai-Character-Number-Recognition/PrintAksorn_dataset/test/lbrace_NotoSansThai-Regular.png,186,บ,122,0.1109,186,0.1109,186(บ):0.111 | 187(ป):0.100 | 240(๐):0.048,1
/Users/thiya/Documents/GitHub/Project-1-Thai-Character-Number-Recognition/PrintAksorn_dataset/test/lbrace_NotoSerifThai-ExtraCondensedLight.png,186,บ,122,0.1109,186,0.1109,186(บ):0.111 | 187(ป):0.099 | 240(๐):0.050,1
/Users/thiya/Documents/GitHub/Project-1-Thai-Character-Number-Recognition/PrintAksorn_dataset/test/lbrace_Prompt-Italic.png,226,โ,212,0.3647,226,0.3647,226(โ):0.365 | 228(ไ):0.154 | 227(ใ):0.088,1
/Users/thiya/Documents/GitHub/Project-1-Thai-Character-Number-Recognition/PrintAksorn_dataset/test/lbrace_Prompt-Light.png,228,ไ,214,0.4267,228,0.4267,228(ไ):0.427 | 226(โ):0.223 | 227(ใ):0.074,1
/Users/thiya/Documents/GitHub/Project-1-Thai-Character-Number-Recognition/PrintAksorn_dataset/test/lbrace_TH-Baijam-Bold-Italic.png,226,โ,212,0.6196,226,0.6196,226(โ):0.620 | 228(ไ):0.037 | 227(ใ):0.030,1
/Users/thiya/Documents/GitHub/Project-1-Thai-Character-Number-Recognition/PrintAksorn_dataset/test/lbracket_Himmaparnt-Regular.png,226,โ,212,0.5263,226,0.5263,226(โ):0.526 | 228(ไ):0.052 | 224(เ):0.052,1
/Users/thiya/Documents/GitHub/Project-1-Thai-Character-Number-Recognition/PrintAksorn_dataset/test/lbracket_Kanit-ThinItalic.png,226,โ,212,0.8576,226,0.8576,226(โ):0.858 | 228(ไ):0.009 | 224(เ):0.008,1
/Users/thiya/Documents/GitHub/Project-1-Thai-Character-Number-Recognition/PrintAksorn_dataset/test/lbracket_Kinnari-Oblique.png,226,โ,212,0.6948,226,0.6948,226(โ):0.695 | 227(ใ):0.021 | 228(ไ):0.017,1
/Users/thiya/Documents/GitHub/Project-1-Thai-Character-Number-Recognition/PrintAksorn_dataset/test/lbracket_Laksaman-BoldItalic.png,226,โ,212,0.6583,226,0.6583,226(โ):0.658 | 228(ไ):0.022 | 224(เ):0.016,1
/Users/thiya/Documents/GitHub/Project-1-Thai-Character-Number-Recognition/PrintAksorn_dataset/test/lbracket_NotoSerifThai-SemiCondensedExtraLight.png,187,ป,123,0.0982,187,0.0982,187(ป):0.098 | 186(บ):0.086 | 161(ก):0.057,1
/Users/thiya/Documents/GitHub/Project-1-Thai-Character-Number-Recognition/PrintAksorn_dataset/test/lbracket_NotoSerifThai-SemiCondensedThin.png,187,ป,123,0.0982,187,0.0982,187(ป):0.098 | 186(บ):0.086 | 161(ก):0.057,1
/Users/thiya/Documents/GitHub/Project-1-Thai-Character-Number-Recognition/PrintAksorn_dataset/test/lbracket_Pridi-Regular.png,226,โ,212,0.509,226,0.509,226(โ):0.509 | 224(เ):0.050 | 228(ไ):0.043,1
/Users/thiya/Documents/GitHub/Project-1-Thai-Character-Number-Recognition/PrintAksorn_dataset/test/lbracket_Prompt-Italic.png,226,โ,212,0.6049,226,0.6049,226(โ):0.605 | 228(ไ):0.024 | 227(ใ):0.021,1
/Users/thiya/Documents/GitHub/Project-1-Thai-Character-Number-Recognition/PrintAksorn_dataset/test/lo_chula_Himmaparnt-Bold.png,204,ฬ,139,0.929,204,0.929,204(ฬ):0.929 | 190(พ):0.002 | 201(ษ):0.002,1
/Users/thiya/Documents/GitHub/Project-1-Thai-Character-Number-Recognition/PrintAksorn_dataset/test/lo_chula_JS-Thanaporn-Normal.png,204,ฬ,139,0.0775,204,0.0775,204(ฬ):0.077 | 201(ษ):0.065 | 188(ผ):0.038,1
/Users/thiya/Documents/GitHub/Project-1-Thai-Character-Number-Recognition/PrintAksorn_dataset/test/lo_chula_Kinnari-Oblique.png,204,ฬ,139,0.9028,204,0.9028,204(ฬ):0.903 | 203(ห):0.006 | 201(ษ):0.005,1
/Users/thiya/Documents/GitHub/Project-1-Thai-Character-Number-Recognition/PrintAksorn_dataset/test/lo_chula_TH-Fahkwang-Italic.png,204,ฬ,139,0.8395,204,0.8395,204(ฬ):0.840 | 190(พ):0.013 | 203(ห):0.008,1
/Users/thiya/Documents/GitHub/Project-1-Thai-Character-Number-Recognition/PrintAksorn_dataset/test/lo_ling_ChulaNarak-Bold-Italic.png,197,ล,133,0.9082,197,0.9082,197(ล):0.908 | 174(ฎ):0.002 | 167(ง):0.002,1
/Users/thiya/Documents/GitHub/Project-1-Thai-Character-Number-Recognition/PrintAksorn_dataset/test/lo_ling_DC-Palamongkol-Bold.png,197,ล,133,0.8816,197,0.8816,197(ล):0.882 | 202(ส):0.003 | 176(ฐ):0.003,1
/Users/thiya/Documents/GitHub/Project-1-Thai-Character-Number-Recognition/PrintAksorn_dataset/test/lo_ling_FonLeb-Regular.png,197,ล,133,0.9353,197,0.9353,197(ล):0.935 | 229(ๅ):0.001 | 211(ำ):0.001,1
/Users/thiya/Documents/GitHub/Project-1-Thai-Character-Number-Recognition/PrintAksorn_dataset/test/lo_ling_JS-Arisa.png,197,ล,133,0.9354,197,0.9354,197(ล):0.935 | 171(ซ):0.001 | 211(ำ):0.001,1
/Users/thiya/Documents/GitHub/Project-1-Thai-Character-Number-Recognition/PrintAksorn_dataset/test/lo_ling_JS-Wanida-Italic.png,197,ล,133,0.7604,197,0.7604,197(ล):0.760 | 167(ง):0.007 | 248(๘):0.005,1
/Users/thiya/Documents/GitHub/Project-1-Thai-Character-Number-Recognition/PrintAksorn_dataset/test/lo_ling_Kanit-Black.png,197,ล,133,0.7339,197,0.7339,197(ล):0.734 | 182(ถ):0.023 | 206(ฮ):0.018,1
/Users/thiya/Documents/GitHub/Project-1-Thai-Character-Number-Recognition/PrintAksorn_dataset/test/lo_ling_Kanit-ExtraBoldItalic.png,197,ล,133,0.8521,197,0.8521,197(ล):0.852 | 206(ฮ):0.010 | 246(๖):0.010,1
/Users/thiya/Documents/GitHub/Project-1-Thai-Character-Number-Recognition/PrintAksorn_dataset/test/lo_ling_Kanit-Light.png,197,ล,133,0.6284,197,0.6284,197(ล):0.628 | 240(๐):0.085 | 199(ว):0.044,1
/Users/thiya/Documents/GitHub/Project-1-Thai-Character-Number-Recognition/PrintAksorn_dataset/test/lo_ling_Kanit-Thin.png,197,ล,133,0.2399,197,0.2399,197(ล):0.240 | 240(๐):0.099 | 241(๑):0.079,1
/Users/thiya/Documents/GitHub/Project-1-Thai-Character-Number-Recognition/PrintAksorn_dataset/test/lo_ling_Mitr-Medium.png,197,ล,133,0.9165,197,0.9165,197(ล):0.917 | 246(๖):0.011 | 199(ว):0.008,1
/Users/thiya/Documents/GitHub/Project-1-Thai-Character-Number-Recognition/PrintAksorn_dataset/test/lo_ling_NotoSerifThai-Thin.png,197,ล,133,0.9156,197,0.9156,197(ล):0.916 | 176(ฐ):0.002 | 229(ๅ):0.002,1
/Users/thiya/Documents/GitHub/Project-1-Thai-Character-Number-Recognition/PrintAksorn_dataset/test/lo_ling_TlwgMono-BoldOblique.png,197,ล,133,0.9056,197,0.9056,197(ล):0.906 | 202(ส):0.002 | 247(๗):0.002,1
/Users/thiya/Documents/GitHub/Project-1-Thai-Character-Number-Recognition/PrintAksorn_dataset/test/lo_ling_Trirong-Medium.png,197,ล,133,0.9429,197,0.9429,197(ล):0.943 | 229(ๅ):0.001 | 174(ฎ):0.001,1
/Users/thiya/Documents/GitHub/Project-1-Thai-Character-Number-Recognition/PrintAksorn_dataset/test/lparen_ChulaNarak-Regular.png,244,๔,305,0.1823,244,0.1823,244(๔):0.182 | 226(โ):0.085 | 161(ก):0.077,1
/Users/thiya/Documents/GitHub/Project-1-Thai-Character-Number-Recognition/PrintAksorn_dataset/test/lparen_CmPrasanmit-Bold-Italic.png,232,่,218,0.3488,232,0.3488,232(่):0.349 | 236(์):0.090 | 244(๔):0.065,1
/Users/thiya/Documents/GitHub/Project-1-Thai-Character-Number-Recognition/PrintAksorn_dataset/test/lparen_FonLeb-Regular.png,244,๔,305,0.46,244,0.46,244(๔):0.460 | 232(่):0.054 | 161(ก):0.038,1
/Users/thiya/Documents/GitHub/Project-1-Thai-Character-Number-Recognition/PrintAksorn_dataset/test/lparen_JS-Prajuk-Italic.png,236,์,221,0.1837,236,0.1837,236(์):0.184 | 226(โ):0.178 | 232(่):0.146,1
/Users/thiya/Documents/GitHub/Project-1-Thai-Character-Number-Recognition/PrintAksorn_dataset/test/lparen_JS-Wanida-Italic.png,236,์,221,0.1783,236,0.1783,236(์):0.178 | 232(่):0.166 | 226(โ):0.160,1
/Users/thiya/Documents/GitHub/Project-1-Thai-Character-Number-Recognition/PrintAksorn_dataset/test/lparen_Kanit-ExtraLight.png,244,๔,305,0.13,244,0.13,244(๔):0.130 | 227(ใ):0.100 | 226(โ):0.088,1
/Users/thiya/Documents/GitHub/Project-1-Thai-Character-Number-Recognition/PrintAksorn_dataset/test/lparen_Loma-BoldOblique.png,244,๔,305,0.2552,244,0.2552,244(๔):0.255 | 232(่):0.092 | 226(โ):0.090,1
/Users/thiya/Documents/GitHub/Project-1-Thai-Character-Number-Recognition/PrintAksorn_dataset/test/lparen_Maitree-Light.png,232,่,218,0.2506,232,0.2506,232(่):0.251 | 244(๔):0.100 | 227(ใ):0.074,1
/Users/thiya/Documents/GitHub/Project-1-Thai-Character-Number-Recognition/PrintAksorn_dataset/test/lparen_NotoSansThai-CondensedExtraLight.png,187,ป,123,0.106,187,0.106,187(ป):0.106 | 186(บ):0.097 | 161(ก):0.049,1
/Users/thiya/Documents/GitHub/Project-1-Thai-Character-Number-Recognition/PrintAksorn_dataset/test/lparen_Purisa-Oblique.png,244,๔,305,0.1797,244,0.1797,244(๔):0.180 | 226(โ):0.118 | 249(๙):0.091,1
/Users/thiya/Documents/GitHub/Project-1-Thai-Character-Number-Recognition/PrintAksorn_dataset/test/lparen_Sarabun-ExtraLightItalic.png,226,โ,212,0.2244,226,0.2244,226(โ):0.224 | 244(๔):0.098 | 227(ใ):0.062,1
/Users/thiya/Documents/GitHub/Project-1-Thai-Character-Number-Recognition/PrintAksorn_dataset/test/lparen_TH-Baijam-Bold.png,232,่,218,0.1664,232,0.1664,232(่):0.166 | 227(ใ):0.117 | 226(โ):0.116,1
/Users/thiya/Documents/GitHub/Project-1-Thai-Character-Number-Recognition/PrintAksorn_dataset/test/lparen_Trirong-LightItalic.png,244,๔,305,0.1174,244,0.1174,244(๔):0.117 | 226(โ):0.115 | 232(่):0.109,1
/Users/thiya/Documents/GitHub/Project-1-Thai-Character-Number-Recognition/PrintAksorn_dataset/test/mai_chattawa_CmPrasanmit-Italic.png,235,๋,,0.9158,235,0.9158,235(๋):0.916 | 232(่):0.002 | 208(ะ):0.002,1
/Users/thiya/Documents/GitHub/Project-1-Thai-Character-Number-Recognition/PrintAksorn_dataset/test/mai_chattawa_JS-Sadayu-Bold.png,235,๋,,0.893,235,0.893,235(๋):0.893 | 201(ษ):0.007 | 170(ช):0.005,1
/Users/thiya/Documents/GitHub/Project-1-Thai-Character-Number-Recognition/PrintAksorn_dataset/test/mai_chattawa_NotoSansThai-CondensedExtraLight.png,235,๋,,0.8907,235,0.8907,235(๋):0.891 | 232(่):0.002 | 204(ฬ):0.002,1
/Users/thiya/Documents/GitHub/Project-1-Thai-Character-Number-Recognition/PrintAksorn_dataset/test/mai_chattawa_NotoSansThai-Thin.png,235,๋,,0.8799,235,0.8799,235(๋):0.880 | 232(่):0.003 | 229(ๅ):0.003,1
/Users/thiya/Documents/GitHub/Project-1-Thai-Character-Number-Recognition/PrintAksorn_dataset/test/mai_chattawa_NotoSerifThai-Black.png,235,๋,,0.6114,235,0.6114,235(๋):0.611 | 201(ษ):0.168 | 171(ซ):0.016,1
/Users/thiya/Documents/GitHub/Project-1-Thai-Character-Number-Recognition/PrintAksorn_dataset/test/mai_chattawa_NotoSerifThai-Condensed.png,235,๋,,0.9231,235,0.9231,235(๋):0.923 | 171(ซ):0.003 | 201(ษ):0.002,1
/Users/thiya/Documents/GitHub/Project-1-Thai-Character-Number-Recognition/PrintAksorn_dataset/test/mai_chattawa_Prompt-ExtraBold.png,232,่,218,0.4485,232,0.4485,232(่):0.449 | 235(๋):0.063 | 217(ู):0.031,1
/Users/thiya/Documents/GitHub/Project-1-Thai-Character-Number-Recognition/PrintAksorn_dataset/test/mai_chattawa_SR-FahMai-Bold.png,235,๋,,0.9189,235,0.9189,235(๋):0.919 | 232(่):0.003 | 224(เ):0.002,1
/Users/thiya/Documents/GitHub/Project-1-Thai-Character-Number-Recognition/PrintAksorn_dataset/test/mai_chattawa_TH-K2D-July8-Italic.png,235,๋,,0.8933,235,0.8933,235(๋):0.893 | 232(่):0.002 | 201(ษ):0.002,1
/Users/thiya/Documents/GitHub/Project-1-Thai-Character-Number-Recognition/PrintAksorn_dataset/test/mai_chattawa_TH-Sarabun-New-Italic.png,235,๋,,0.8927,235,0.8927,235(๋):0.893 | 201(ษ):0.004 | 167(ง):0.002,1
/Users/thiya/Documents/GitHub/Project-1-Thai-Character-Number-Recognition/PrintAksorn_dataset/test/mai_chattawa_Taviraj-ExtraLight.png,235,๋,,0.8825,235,0.8825,235(๋):0.883 | 242(๒):0.003 | 232(่):0.003,1
/Users/thiya/Documents/GitHub/Project-1-Thai-Character-Number-Recognition/PrintAksorn_dataset/test/mai_chattawa_TlwgMono.png,235,๋,,0.9014,235,0.9014,235(๋):0.901 | 201(ษ):0.006 | 232(่):0.004,1
/Users/thiya/Documents/GitHub/Project-1-Thai-Character-Number-Recognition/PrintAksorn_dataset/test/mai_chattawa_TlwgTypist-BoldOblique.png,235,๋,,0.4532,235,0.4532,235(๋):0.453 | 232(่):0.182 | 224(เ):0.047,1
/Users/thiya/Documents/GitHub/Project-1-Thai-Character-Number-Recognition/PrintAksorn_dataset/test/mai_chattawa_Umpush-BoldOblique.png,235,๋,,0.8938,235,0.8938,235(๋):0.894 | 201(ษ):0.024 | 170(ช):0.005,1
/Users/thiya/Documents/GitHub/Project-1-Thai-Character-Number-Recognition/PrintAksorn_dataset/test/mai_ek_JS-Jindara-Italic.png,232,่,218,0.9125,232,0.9125,232(่):0.913 | 229(ๅ):0.003 | 210(า):0.003,1
/Users/thiya/Documents/GitHub/Project-1-Thai-Character-Number-Recognition/PrintAksorn_dataset/test/mai_ek_JS-Saksit-Italic.png,232,่,218,0.9054,232,0.9054,232(่):0.905 | 181(ต):0.003 | 199(ว):0.002,1
/Users/thiya/Documents/GitHub/Project-1-Thai-Character-Number-Recognition/PrintAksorn_dataset/test/mai_ek_Kanit-LightItalic.png,232,่,218,0.8845,232,0.8845,232(่):0.884 | 181(ต):0.004 | 194(ย):0.003,1
/Users/thiya/Documents/GitHub/Project-1-Thai-Character-Number-Recognition/PrintAksorn_dataset/test/mai_ek_Laksaman-Bold.png,232,่,218,0.8783,232,0.8783,232(่):0.878 | 181(ต):0.003 | 194(ย):0.003,1
/Users/thiya/Documents/GitHub/Project-1-Thai-Character-Number-Recognition/PrintAksorn_dataset/test/mai_ek_Maitree-Medium.png,232,่,218,0.9197,232,0.9197,232(่):0.920 | 199(ว):0.002 | 237(ํ):0.002,1
/Users/thiya/Documents/GitHub/Project-1-Thai-Character-Number-Recognition/PrintAksorn_dataset/test/mai_ek_Norasi-Bold.png,232,่,218,0.9157,232,0.9157,232(่):0.916 | 181(ต):0.003 | 215(ื):0.002,1
/Users/thiya/Documents/GitHub/Project-1-Thai-Character-Number-Recognition/PrintAksorn_dataset/test/mai_ek_NotoSansThai-CondensedBlack.png,232,่,218,0.7337,232,0.7337,232(่):0.734 | 194(ย):0.017 | 242(๒):0.012,1
/Users/thiya/Documents/GitHub/Project-1-Thai-Character-Number-Recognition/PrintAksorn_dataset/test/mai_ek_NotoSansThai-CondensedBold.png,232,่,218,0.8373,232,0.8373,232(่):0.837 | 194(ย):0.006 | 181(ต):0.005,1
/Users/thiya/Documents/GitHub/Project-1-Thai-Character-Number-Recognition/PrintAksorn_dataset/test/mai_ek_NotoSansThaiLooped-SemiBold.png,232,่,218,0.8449,232,0.8449,232(่):0.845 | 194(ย):0.005 | 181(ต):0.005,1
/Users/thiya/Documents/GitHub/Project-1-Thai-Character-Number-Recognition/PrintAksorn_dataset/test/mai_ek_Prompt-SemiBoldItalic.png,232,่,218,0.8207,232,0.8207,232(่):0.821 | 181(ต):0.011 | 163(ฃ):0.007,1
/Users/thiya/Documents/GitHub/Project-1-Thai-Character-Number-Recognition/PrintAksorn_dataset/test/mai_ek_Silom.png,232,่,218,0.9219,232,0.9219,232(่):0.922 | 237(ํ):0.002 | 181(ต):0.002,1
/Users/thiya/Documents/GitHub/Project-1-Thai-Character-Number-Recognition/PrintAksorn_dataset/test/mai_ek_TH-Baijam-Bold-Italic.png,232,่,218,0.8827,232,0.8827,232(่):0.883 | 202(ส):0.003 | 181(ต):0.003,1
/Users/thiya/Documents/GitHub/Project-1-Thai-Character-Number-Recognition/PrintAksorn_dataset/test/mai_ek_TH-Baijam-Bold.png,232,่,218,0.8952,232,0.8952,232(่):0.895 | 194(ย):0.003 | 181(ต):0.003,1
/Users/thiya/Documents/GitHub/Project-1-Thai-Character-Number-Recognition/PrintAksorn_dataset/test/mai_ek_TH-Chakra-Petch-Regular.png,232,่,218,0.8519,232,0.8519,232(่):0.852 | 229(ๅ):0.019 | 187(ป):0.009,1
/Users/thiya/Documents/GitHub/Project-1-Thai-Character-Number-Recognition/PrintAksorn_dataset/test/mai_ek_TH-Charm-of-AU-Regular.png,232,่,218,0.8821,232,0.8821,232(่):0.882 | 210(า):0.004 | 229(ๅ):0.004,1
/Users/thiya/Documents/GitHub/Project-1-Thai-Character-Number-Recognition/PrintAksorn_dataset/test/mai_ek_TH-Fahkwang-Italic.png,232,่,218,0.8984,232,0.8984,232(่):0.898 | 181(ต):0.003 | 215(ื):0.003,1
/Users/thiya/Documents/GitHub/Project-1-Thai-Character-Number-Recognition/PrintAksorn_dataset/test/mai_ek_Trirong-SemiBold.png,232,่,218,0.8449,232,0.8449,232(่):0.845 | 194(ย):0.005 | 181(ต):0.005,1
/Users/thiya/Documents/GitHub/Project-1-Thai-Character-Number-Recognition/PrintAksorn_dataset/test/mai_ek_Umpush-Oblique.png,232,่,218,0.864,232,0.864,232(่):0.864 | 181(ต):0.004 | 199(ว):0.004,1
/Users/thiya/Documents/GitHub/Project-1-Thai-Character-Number-Recognition/PrintAksorn_dataset/test/mai_tho_JS-Prajuk-Italic.png,233,้,219,0.9001,233,0.9001,233(้):0.900 | 209(ั):0.003 | 206(ฮ):0.002,1
/Users/thiya/Documents/GitHub/Project-1-Thai-Character-Number-Recognition/PrintAksorn_dataset/test/mai_tho_Kanit-Light.png,235,๋,,0.2706,235,0.2706,235(๋):0.271 | 233(้):0.112 | 186(บ):0.091,1
/Users/thiya/Documents/GitHub/Project-1-Thai-Character-Number-Recognition/PrintAksorn_dataset/test/mai_tho_TH-Baijam-Regular.png,233,้,219,0.9098,233,0.9098,233(้):0.910 | 209(ั):0.002 | 241(๑):0.002,1
/Users/thiya/Documents/GitHub/Project-1-Thai-Character-Number-Recognition/PrintAksorn_dataset/test/mai_tho_TH-Srisakdi-Regular.png,209,ั,202,0.8153,209,0.8153,209(ั):0.815 | 233(้):0.012 | 227(ใ):0.008,1
/Users/thiya/Documents/GitHub/Project-1-Thai-Character-Number-Recognition/PrintAksorn_dataset/test/mai_tho_Trirong-ExtraLight.png,233,้,219,0.8774,233,0.8774,233(้):0.877 | 209(ั):0.007 | 193(ม):0.004,1
/Users/thiya/Documents/GitHub/Project-1-Thai-Character-Number-Recognition/PrintAksorn_dataset/test/mai_tho_Trirong-SemiBoldItalic.png,233,้,219,0.8927,233,0.8927,233(้):0.893 | 209(ั):0.004 | 193(ม):0.003,1
/Users/thiya/Documents/GitHub/Project-1-Thai-Character-Number-Recognition/PrintAksorn_dataset/test/mai_tri_JS-Jukaphan.png,234,๊,220,0.7793,234,0.7793,234(๊):0.779 | 247(๗):0.092 | 209(ั):0.004,1
/Users/thiya/Documents/GitHub/Project-1-Thai-Character-Number-Recognition/PrintAksorn_dataset/test/mai_tri_NotoSerifThai-Condensed.png,247,๗,308,0.755,247,0.755,247(๗):0.755 | 178(ฒ):0.033 | 234(๊):0.025,1
/Users/thiya/Documents/GitHub/Project-1-Thai-Character-Number-Recognition/PrintAksorn_dataset/test/mai_tri_NotoSerifThai-ExtraCondensedBlack.png,247,๗,308,0.7946,247,0.7946,247(๗):0.795 | 234(๊):0.034 | 178(ฒ):0.014,1
/Users/thiya/Documents/GitHub/Project-1-Thai-Character-Number-Recognition/PrintAksorn_dataset/test/mai_tri_TH-Srisakdi-Bold.png,247,๗,308,0.9226,247,0.9226,247(๗):0.923 | 234(๊):0.013 | 189(ฝ):0.005,1
/Users/thiya/Documents/GitHub/Project-1-Thai-Character-Number-Recognition/PrintAksorn_dataset/test/maihan-akat_JS-Prasoplarp-Normal.png,209,ั,202,0.9067,209,0.9067,209(ั):0.907 | 227(ใ):0.003 | 208(ะ):0.002,1
/Users/thiya/Documents/GitHub/Project-1-Thai-Character-Number-Recognition/PrintAksorn_dataset/test/maihan-akat_Kanit-Thin.png,186,บ,122,0.2297,186,0.2297,186(บ):0.230 | 213(ี):0.136 | 235(๋):0.061,1
/Users/thiya/Documents/GitHub/Project-1-Thai-Character-Number-Recognition/PrintAksorn_dataset/test/maihan-akat_NotoSansThai-SemiCondensedBlack.png,209,ั,202,0.7121,209,0.7121,209(ั):0.712 | 212(ิ):0.019 | 232(่):0.012,1
/Users/thiya/Documents/GitHub/Project-1-Thai-Character-Number-Recognition/PrintAksorn_dataset/test/maihan-akat_NotoSerifThai-SemiCondensedThin.png,209,ั,202,0.8701,209,0.8701,209(ั):0.870 | 240(๐):0.008 | 207(ฯ):0.006,1
/Users/thiya/Documents/GitHub/Project-1-Thai-Character-Number-Recognition/PrintAksorn_dataset/test/maihan-akat_TH-KoHo-Italic.png,209,ั,202,0.9049,209,0.9049,209(ั):0.905 | 177(ฑ):0.002 | 227(ใ):0.002,1
/Users/thiya/Documents/GitHub/Project-1-Thai-Character-Number-Recognition/PrintAksorn_dataset/test/maitaikhu_JS-Jukaphan.png,248,๘,309,0.6438,248,0.6438,248(๘):0.644 | 231(็):0.258 | 217(ู):0.002,1
/Users/thiya/Documents/GitHub/Project-1-Thai-Character-Number-Recognition/PrintAksorn_dataset/test/maitaikhu_JS-Obsaward-Italic.png,231,็,217,0.4926,231,0.4926,231(็):0.493 | 248(๘):0.368 | 215(ื):0.003,1
/Users/thiya/Documents/GitHub/Project-1-Thai-Character-Number-Recognition/PrintAksorn_dataset/test/maitaikhu_Kanit-LightItalic.png,244,๔,305,0.5033,244,0.5033,244(๔):0.503 | 248(๘):0.138 | 231(็):0.096,1
/Users/thiya/Documents/GitHub/Project-1-Thai-Character-Number-Recognition/PrintAksorn_dataset/test/maitaikhu_NotoSerifThai-SemiCondensedSemiBold.png,248,๘,309,0.843,248,0.843,248(๘):0.843 | 231(็):0.073 | 197(ล):0.002,1
/Users/thiya/Documents/GitHub/Project-1-Thai-Character-Number-Recognition/PrintAksorn_dataset/test/maitaikhu_TH-Charmonman-Bold.png,249,๙,310,0.6172,249,0.6172,249(๙):0.617 | 248(๘):0.225 | 244(๔):0.027,1
/Users/thiya/Documents/GitHub/Project-1-Thai-Character-Number-Recognition/PrintAksorn_dataset/test/maitaikhu_Umpush-LightOblique.png,248,๘,309,0.851,248,0.851,248(๘):0.851 | 231(็):0.068 | 191(ฟ):0.002,1
/Users/thiya/Documents/GitHub/Project-1-Thai-Character-Number-Recognition/PrintAksorn_dataset/test/maiyamok_Garuda-BoldOblique.png,230,ๆ,216,0.936,230,0.936,230(ๆ):0.936 | 196(ฤ):0.004 | 242(๒):0.002,1
/Users/thiya/Documents/GitHub/Project-1-Thai-Character-Number-Recognition/PrintAksorn_dataset/test/maiyamok_JS-Junkaew.png,230,ๆ,216,0.9147,230,0.9147,230(ๆ):0.915 | 163(ฃ):0.006 | 198(ฦ):0.006,1
/Users/thiya/Documents/GitHub/Project-1-Thai-Character-Number-Recognition/PrintAksorn_dataset/test/maiyamok_JS-Pisit-Italic.png,230,ๆ,216,0.9376,230,0.9376,230(ๆ):0.938 | 207(ฯ):0.004 | 163(ฃ):0.002,1
/Users/thiya/Documents/GitHub/Project-1-Thai-Character-Number-Recognition/PrintAksorn_dataset/test/maiyamok_Kanit-Italic.png,243,๓,304,0.3589,243,0.3589,243(๓):0.359 | 230(ๆ):0.257 | 242(๒):0.015,1
/Users/thiya/Documents/GitHub/Project-1-Thai-Character-Number-Recognition/PrintAksorn_dataset/test/maiyamok_NotoSansThai-CondensedExtraBold.png,230,ๆ,216,0.7039,230,0.7039,230(ๆ):0.704 | 163(ฃ):0.025 | 228(ไ):0.012,1
/Users/thiya/Documents/GitHub/Project-1-Thai-Character-Number-Recognition/PrintAksorn_dataset/test/maiyamok_NotoSansThai-ExtraCondensedBlack.png,230,ๆ,216,0.7103,230,0.7103,230(ๆ):0.710 | 163(ฃ):0.042 | 228(ไ):0.013,1
/Users/thiya/Documents/GitHub/Project-1-Thai-Character-Number-Recognition/PrintAksorn_dataset/test/maiyamok_NotoSansThai-SemiCondensedThin.png,230,ๆ,216,0.8312,230,0.8312,230(ๆ):0.831 | 243(๓):0.017 | 242(๒):0.007,1
/Users/thiya/Documents/GitHub/Project-1-Thai-Character-Number-Recognition/PrintAksorn_dataset/test/maiyamok_NotoSansThaiLooped-Bold.png,230,ๆ,216,0.895,230,0.895,230(ๆ):0.895 | 163(ฃ):0.011 | 181(ต):0.003,1
/Users/thiya/Documents/GitHub/Project-1-Thai-Character-Number-Recognition/PrintAksorn_dataset/test/maiyamok_NotoSerifThai-CondensedLight.png,230,ๆ,216,0.8372,230,0.8372,230(ๆ):0.837 | 196(ฤ):0.014 | 163(ฃ):0.011,1
/Users/thiya/Documents/GitHub/Project-1-Thai-Character-Number-Recognition/PrintAksorn_dataset/test/maiyamok_NotoSerifThai-SemiCondensedExtraBold.png,230,ๆ,216,0.7273,230,0.7273,230(ๆ):0.727 | 163(ฃ):0.022 | 196(ฤ):0.014,1
/Users/thiya/Documents/GitHub/Project-1-Thai-Character-Number-Recognition/PrintAksorn_dataset/test/maiyamok_TlwgMono-Bold.png,230,ๆ,216,0.9219,230,0.9219,230(ๆ):0.922 | 163(ฃ):0.009 | 207(ฯ):0.004,1
/Users/thiya/Documents/GitHub/Project-1-Thai-Character-Number-Recognition/PrintAksorn_dataset/test/maiyamok_Waree-Bold.png,230,ๆ,216,0.8555,230,0.8555,230(ๆ):0.855 | 243(๓):0.007 | 181(ต):0.007,1
/Users/thiya/Documents/GitHub/Project-1-Thai-Character-Number-Recognition/PrintAksorn_dataset/test/mdash_JS-Chodok-Bold.png,213,ี,205,0.308,213,0.308,213(ี):0.308 | 235(๋):0.169 | 248(๘):0.051,1
/Users/thiya/Documents/GitHub/Project-1-Thai-Character-Number-Recognition/PrintAksorn_dataset/test/mdash_Kinnari-Italic.png,213,ี,205,0.1669,213,0.1669,213(ี):0.167 | 235(๋):0.086 | 215(ื):0.064,1
/Users/thiya/Documents/GitHub/Project-1-Thai-Character-Number-Recognition/PrintAksorn_dataset/test/mdash_Laksaman-Italic.png,213,ี,205,0.22,213,0.22,213(ี):0.220 | 215(ื):0.079 | 226(โ):0.069,1
/Users/thiya/Documents/GitHub/Project-1-Thai-Character-Number-Recognition/PrintAksorn_dataset/test/mdash_NotoSansThai-ExtraCondensedThin.png,186,บ,122,0.1109,186,0.1109,186(บ):0.111 | 187(ป):0.099 | 240(๐):0.050,1
/Users/thiya/Documents/GitHub/Project-1-Thai-Character-Number-Recognition/PrintAksorn_dataset/test/mdash_NotoSansThai-SemiCondensed.png,187,ป,123,0.0982,187,0.0982,187(ป):0.098 | 186(บ):0.086 | 161(ก):0.057,1
/Users/thiya/Documents/GitHub/Project-1-Thai-Character-Number-Recognition/PrintAksorn_dataset/test/mdash_NotoSerifThai-ExtraCondensedExtraBold.png,186,บ,122,0.1097,186,0.1097,186(บ):0.110 | 187(ป):0.099 | 240(๐):0.050,1
/Users/thiya/Documents/GitHub/Project-1-Thai-Character-Number-Recognition/PrintAksorn_dataset/test/mdash_NotoSerifThai-ExtraCondensedLight.png,186,บ,122,0.1109,186,0.1109,186(บ):0.111 | 187(ป):0.099 | 240(๐):0.050,1
/Users/thiya/Documents/GitHub/Project-1-Thai-Character-Number-Recognition/PrintAksorn_dataset/test/mdash_NotoSerifThai-SemiCondensedExtraLight.png,187,ป,123,0.0982,187,0.0982,187(ป):0.098 | 186(บ):0.086 | 161(ก):0.057,1
/Users/thiya/Documents/GitHub/Project-1-Thai-Character-Number-Recognition/PrintAksorn_dataset/test/mdash_NotoSerifThai-SemiCondensedSemiBold.png,187,ป,123,0.0982,187,0.0982,187(ป):0.098 | 186(บ):0.086 | 161(ก):0.057,1
/Users/thiya/Documents/GitHub/Project-1-Thai-Character-Number-Recognition/PrintAksorn_dataset/test/mdash_Purisa-BoldOblique.png,213,ี,205,0.3986,213,0.3986,213(ี):0.399 | 248(๘):0.096 | 231(็):0.058,1
/Users/thiya/Documents/GitHub/Project-1-Thai-Character-Number-Recognition/PrintAksorn_dataset/test/mdash_TH-Sarabun-New-Bold.png,213,ี,205,0.3635,213,0.3635,213(ี):0.363 | 215(ื):0.071 | 248(๘):0.050,1
/Users/thiya/Documents/GitHub/Project-1-Thai-Character-Number-Recognition/PrintAksorn_dataset/test/mdash_Taviraj-Light.png,213,ี,205,0.2648,213,0.2648,213(ี):0.265 | 215(ื):0.095 | 226(โ):0.057,1
/Users/thiya/Documents/GitHub/Project-1-Thai-Character-Number-Recognition/PrintAksorn_dataset/test/mo_ma_JS-Pitsamai-Italic.png,193,ม,129,0.933,193,0.933,193(ม):0.933 | 166(ฆ):0.002 | 210(า):0.001,1
/Users/thiya/Documents/GitHub/Project-1-Thai-Character-Number-Recognition/PrintAksorn_dataset/test/mo_ma_KaniGa-Regular.png,193,ม,129,0.8588,193,0.8588,193(ม):0.859 | 186(บ):0.009 | 187(ป):0.005,1
/Users/thiya/Documents/GitHub/Project-1-Thai-Character-Number-Recognition/PrintAksorn_dataset/test/mo_ma_Mitr-ExtraLight.png,186,บ,122,0.3537,186,0.3537,186(บ):0.354 | 187(ป):0.059 | 161(ก):0.030,1
/Users/thiya/Documents/GitHub/Project-1-Thai-Character-Number-Recognition/PrintAksorn_dataset/test/mo_ma_NotoSansThai-Thin.png,186,บ,122,0.2165,186,0.2165,186(บ):0.216 | 187(ป):0.111 | 228(ไ):0.033,1
/Users/thiya/Documents/GitHub/Project-1-Thai-Character-Number-Recognition/PrintAksorn_dataset/test/mo_ma_NotoSerifThai-Light.png,193,ม,129,0.9173,193,0.9173,193(ม):0.917 | 236(์):0.002 | 210(า):0.001,1
/Users/thiya/Documents/GitHub/Project-1-Thai-Character-Number-Recognition/PrintAksorn_dataset/test/mo_ma_Purisa-Bold.png,193,ม,129,0.9287,193,0.9287,193(ม):0.929 | 186(บ):0.003 | 166(ฆ):0.002,1
/Users/thiya/Documents/GitHub/Project-1-Thai-Character-Number-Recognition/PrintAksorn_dataset/test/mo_ma_TH-Baijam-Italic.png,193,ม,129,0.891,193,0.891,193(ม):0.891 | 186(บ):0.002 | 229(ๅ):0.002,1
/Users/thiya/Documents/GitHub/Project-1-Thai-Character-Number-Recognition/PrintAksorn_dataset/test/mo_ma_TH-Baijam-Regular.png,193,ม,129,0.8932,193,0.8932,193(ม):0.893 | 187(ป):0.002 | 210(า):0.002,1
/Users/thiya/Documents/GitHub/Project-1-Thai-Character-Number-Recognition/PrintAksorn_dataset/test/mo_ma_TlwgTypo-BoldOblique.png,193,ม,129,0.9143,193,0.9143,193(ม):0.914 | 185(น):0.001 | 183(ท):0.001,1
/Users/thiya/Documents/GitHub/Project-1-Thai-Character-Number-Recognition/PrintAksorn_dataset/test/mo_ma_Trirong-Medium.png,193,ม,129,0.8659,193,0.8659,193(ม):0.866 | 236(์):0.003 | 191(ฟ):0.003,1
/Users/thiya/Documents/GitHub/Project-1-Thai-Character-Number-Recognition/PrintAksorn_dataset/test/ndash_JS-Charnchai-Normal.png,213,ี,205,0.4296,213,0.4296,213(ี):0.430 | 235(๋):0.076 | 248(๘):0.057,1
/Users/thiya/Documents/GitHub/Project-1-Thai-Character-Number-Recognition/PrintAksorn_dataset/test/ndash_Kanit-ExtraBold.png,212,ิ,204,0.4726,212,0.4726,212(ิ):0.473 | 213(ี):0.150 | 235(๋):0.054,1
/Users/thiya/Documents/GitHub/Project-1-Thai-Character-Number-Recognition/PrintAksorn_dataset/test/ndash_NotoSansThai-CondensedExtraLight.png,187,ป,123,0.106,187,0.106,187(ป):0.106 | 186(บ):0.097 | 161(ก):0.049,1
/Users/thiya/Documents/GitHub/Project-1-Thai-Character-Number-Recognition/PrintAksorn_dataset/test/ndash_Sawasdee.png,212,ิ,204,0.3463,212,0.3463,212(ิ):0.346 | 213(ี):0.337 | 235(๋):0.047,1
/Users/thiya/Documents/GitHub/Project-1-Thai-Character-Number-Recognition/PrintAksorn_dataset/test/ndash_Taviraj-ExtraBold.png,213,ี,205,0.4106,213,0.4106,213(ี):0.411 | 235(๋):0.073 | 212(ิ):0.048,1
/Users/thiya/Documents/GitHub/Project-1-Thai-Character-Number-Recognition/PrintAksorn_dataset/test/ngo_ngu_FonLeb-Italic.png,167,ง,105,0.8951,167,0.8951,167(ง):0.895 | 246(๖):0.002 | 248(๘):0.002,1
/Users/thiya/Documents/GitHub/Project-1-Thai-Character-Number-Recognition/PrintAksorn_dataset/test/ngo_ngu_JS-Jindara-Bold.png,167,ง,105,0.9152,167,0.9152,167(ง):0.915 | 197(ล):0.002 | 240(๐):0.002,1
/Users/thiya/Documents/GitHub/Project-1-Thai-Character-Number-Recognition/PrintAksorn_dataset/test/ngo_ngu_JS-Pranee-Italic.png,167,ง,105,0.5734,167,0.5734,167(ง):0.573 | 168(จ):0.067 | 240(๐):0.051,1
/Users/thiya/Documents/GitHub/Project-1-Thai-Character-Number-Recognition/PrintAksorn_dataset/test/ngo_ngu_Kanit-Bold.png,240,๐,301,0.1639,240,0.1639,240(๐):0.164 | 167(ง):0.117 | 246(๖):0.069,1
/Users/thiya/Documents/GitHub/Project-1-Thai-Character-Number-Recognition/PrintAksorn_dataset/test/ngo_ngu_NotoSansThai-CondensedBold.png,240,๐,301,0.2483,240,0.2483,240(๐):0.248 | 162(ข):0.115 | 233(้):0.057,1
/Users/thiya/Documents/GitHub/Project-1-Thai-Character-Number-Recognition/PrintAksorn_dataset/test/ngo_ngu_NotoSerifThai-ExtraCondensedExtraBold.png,167,ง,105,0.5964,167,0.5964,167(ง):0.596 | 168(จ):0.075 | 187(ป):0.022,1
/Users/thiya/Documents/GitHub/Project-1-Thai-Character-Number-Recognition/PrintAksorn_dataset/test/ngo_ngu_Pridi-Bold.png,167,ง,105,0.2029,167,0.2029,167(ง):0.203 | 203(ห):0.169 | 169(ฉ):0.106,1
/Users/thiya/Documents/GitHub/Project-1-Thai-Character-Number-Recognition/PrintAksorn_dataset/test/ngo_ngu_Prompt-LightItalic.png,240,๐,301,0.1975,240,0.1975,240(๐):0.198 | 246(๖):0.095 | 233(้):0.063,1
/Users/thiya/Documents/GitHub/Project-1-Thai-Character-Number-Recognition/PrintAksorn_dataset/test/ngo_ngu_Prompt-Regular.png,240,๐,301,0.3945,240,0.3945,240(๐):0.394 | 246(๖):0.055 | 233(้):0.039,1
/Users/thiya/Documents/GitHub/Project-1-Thai-Character-Number-Recognition/PrintAksorn_dataset/test/no_nen_FonLeb-Bold-Italic.png,179,ณ,115,0.8821,179,0.8821,179(ณ):0.882 | 190(พ):0.004 | 173(ญ):0.004,1
/Users/thiya/Documents/GitHub/Project-1-Thai-Character-Number-Recognition/PrintAksorn_dataset/test/no_nen_Kanit-ExtraLight.png,173,ญ,110,0.8481,173,0.8481,173(ญ):0.848 | 179(ณ):0.095 | 172(ฌ):0.002,1
/Users/thiya/Documents/GitHub/Project-1-Thai-Character-Number-Recognition/PrintAksorn_dataset/test/no_nen_Maitree-Regular.png,179,ณ,115,0.9405,179,0.9405,179(ณ):0.941 | 173(ญ):0.004 | 190(พ):0.002,1
/Users/thiya/Documents/GitHub/Project-1-Thai-Character-Number-Recognition/PrintAksorn_dataset/test/no_nen_Nakaracha-Regular.png,179,ณ,115,0.887,179,0.887,179(ณ):0.887 | 183(ท):0.003 | 164(ค):0.003,1
/Users/thiya/Documents/GitHub/Project-1-Thai-Character-Number-Recognition/PrintAksorn_dataset/test/no_nen_NotoSansThai-ExtraCondensedBlack.png,179,ณ,115,0.8662,179,0.8662,179(ณ):0.866 | 173(ญ):0.050 | 172(ฌ):0.006,1
/Users/thiya/Documents/GitHub/Project-1-Thai-Character-Number-Recognition/PrintAksorn_dataset/test/no_nen_NotoSansThaiLooped-Bold.png,179,ณ,115,0.9128,179,0.9128,179(ณ):0.913 | 190(พ):0.002 | 184(ธ):0.002,1
/Users/thiya/Documents/GitHub/Project-1-Thai-Character-Number-Recognition/PrintAksorn_dataset/test/no_nen_NotoSerifThai-CondensedLight.png,179,ณ,115,0.9095,179,0.9095,179(ณ):0.910 | 190(พ):0.003 | 183(ท):0.002,1
/Users/thiya/Documents/GitHub/Project-1-Thai-Character-Number-Recognition/PrintAksorn_dataset/test/no_nen_Pattaya-Regular.png,179,ณ,115,0.8675,179,0.8675,179(ณ):0.868 | 183(ท):0.004 | 190(พ):0.004,1
/Users/thiya/Documents/GitHub/Project-1-Thai-Character-Number-Recognition/PrintAksorn_dataset/test/no_nen_Prompt-SemiBold.png,179,ณ,115,0.6866,179,0.6866,179(ณ):0.687 | 173(ญ):0.216 | 172(ฌ):0.014,1
/Users/thiya/Documents/GitHub/Project-1-Thai-Character-Number-Recognition/PrintAksorn_dataset/test/no_nen_Sarabun-Thin.png,179,ณ,115,0.9071,179,0.9071,179(ณ):0.907 | 173(ญ):0.003 | 190(พ):0.002,1
/Users/thiya/Documents/GitHub/Project-1-Thai-Character-Number-Recognition/PrintAksorn_dataset/test/no_nen_Sawasdee-BoldOblique.png,179,ณ,115,0.806,179,0.806,179(ณ):0.806 | 173(ญ):0.108 | 172(ฌ):0.011,1
/Users/thiya/Documents/GitHub/Project-1-Thai-Character-Number-Recognition/PrintAksorn_dataset/test/no_nen_TH-Sarabun-New-Bold.png,179,ณ,115,0.9071,179,0.9071,179(ณ):0.907 | 190(พ):0.003 | 224(เ):0.002,1
/Users/thiya/Documents/GitHub/Project-1-Thai-Character-Number-Recognition/PrintAksorn_dataset/test/no_nen_Waree-Oblique.png,179,ณ,115,0.9041,179,0.9041,179(ณ):0.904 | 190(พ):0.003 | 173(ญ):0.002,1
/Users/thiya/Documents/GitHub/Project-1-Thai-Character-Number-Recognition/PrintAksorn_dataset/test/no_nu_Ayuthaya.png,185,น,121,0.8716,185,0.8716,185(น):0.872 | 186(บ):0.004 | 227(ใ):0.003,1
/Users/thiya/Documents/GitHub/Project-1-Thai-Character-Number-Recognition/PrintAksorn_dataset/test/no_nu_DC-Palamongkol-Bold.png,185,น,121,0.8788,185,0.8788,185(น):0.879 | 227(ใ):0.004 | 186(บ):0.004,1
/Users/thiya/Documents/GitHub/Project-1-Thai-Character-Number-Recognition/PrintAksorn_dataset/test/no_nu_JS-Chulee.png,185,น,121,0.9152,185,0.9152,185(น):0.915 | 186(บ):0.003 | 188(ผ):0.002,1
/Users/thiya/Documents/GitHub/Project-1-Thai-Character-Number-Recognition/PrintAksorn_dataset/test/no_nu_JS-Jukaphan.png,185,น,121,0.8688,185,0.8688,185(น):0.869 | 186(บ):0.004 | 227(ใ):0.004,1
/Users/thiya/Documents/GitHub/Project-1-Thai-Character-Number-Recognition/PrintAksorn_dataset/test/no_nu_JS-Mookravee-Normal.png,185,น,121,0.8539,185,0.8539,185(น):0.854 | 186(บ):0.006 | 227(ใ):0.004,1
/Users/thiya/Documents/GitHub/Project-1-Thai-Character-Number-Recognition/PrintAksorn_dataset/test/no_nu_JS-Pisit-Italic.png,185,น,121,0.8387,185,0.8387,185(น):0.839 | 186(บ):0.005 | 227(ใ):0.005,1
/Users/thiya/Documents/GitHub/Project-1-Thai-Character-Number-Recognition/PrintAksorn_dataset/test/no_nu_JS-Prapakorn-Normal.png,186,บ,122,0.1797,186,0.1797,186(บ):0.180 | 185(น):0.124 | 203(ห):0.119,1
/Users/thiya/Documents/GitHub/Project-1-Thai-Character-Number-Recognition/PrintAksorn_dataset/test/no_nu_JS-Wansika-Italic.png,185,น,121,0.7948,185,0.7948,185(น):0.795 | 203(ห):0.020 | 169(ฉ):0.017,1
/Users/thiya/Documents/GitHub/Project-1-Thai-Character-Number-Recognition/PrintAksorn_dataset/test/no_nu_Mitr-Regular.png,186,บ,122,0.6142,186,0.6142,186(บ):0.614 | 203(ห):0.050 | 232(่):0.021,1
/Users/thiya/Documents/GitHub/Project-1-Thai-Character-Number-Recognition/PrintAksorn_dataset/test/no_nu_Nakaracha-Regular.png,185,น,121,0.8849,185,0.8849,185(น):0.885 | 203(ห):0.003 | 183(ท):0.002,1
/Users/thiya/Documents/GitHub/Project-1-Thai-Character-Number-Recognition/PrintAksorn_dataset/test/no_nu_NotoSansThai-SemiCondensed.png,186,บ,122,0.6233,186,0.6233,186(บ):0.623 | 227(ใ):0.021 | 203(ห):0.021,1
/Users/thiya/Documents/GitHub/Project-1-Thai-Character-Number-Recognition/PrintAksorn_dataset/test/no_nu_PSK-SmartBI.png,185,น,121,0.8963,185,0.8963,185(น):0.896 | 169(ฉ):0.003 | 203(ห):0.003,1
/Users/thiya/Documents/GitHub/Project-1-Thai-Character-Number-Recognition/PrintAksorn_dataset/test/no_nu_Prompt-ThinItalic.png,186,บ,122,0.3133,186,0.3133,186(บ):0.313 | 187(ป):0.159 | 203(ห):0.035,1
/Users/thiya/Documents/GitHub/Project-1-Thai-Character-Number-Recognition/PrintAksorn_dataset/test/no_nu_TH-Kodchasal-Bold.png,185,น,121,0.7859,185,0.7859,185(น):0.786 | 186(บ):0.016 | 203(ห):0.015,1
/Users/thiya/Documents/GitHub/Project-1-Thai-Character-Number-Recognition/PrintAksorn_dataset/test/no_nu_TlwgMono.png,185,น,121,0.8861,185,0.8861,185(น):0.886 | 227(ใ):0.003 | 186(บ):0.003,1
/Users/thiya/Documents/GitHub/Project-1-Thai-Character-Number-Recognition/PrintAksorn_dataset/test/o_ang_CmPrasanmit-Italic.png,205,อ,140,0.9158,205,0.9158,205(อ):0.916 | 206(ฮ):0.002 | 241(๑):0.001,1
/Users/thiya/Documents/GitHub/Project-1-Thai-Character-Number-Recognition/PrintAksorn_dataset/test/o_ang_JS-Jukaphan.png,205,อ,140,0.906,205,0.906,205(อ):0.906 | 197(ล):0.002 | 209(ั):0.002,1
/Users/thiya/Documents/GitHub/Project-1-Thai-Character-Number-Recognition/PrintAksorn_dataset/test/o_ang_JS-Padachamai-Normal.png,205,อ,140,0.9098,205,0.9098,205(อ):0.910 | 197(ล):0.003 | 175(ฏ):0.002,1
/Users/thiya/Documents/GitHub/Project-1-Thai-Character-Number-Recognition/PrintAksorn_dataset/test/o_ang_JS-Saksit-Bold-Italic.png,205,อ,140,0.9236,205,0.9236,205(อ):0.924 | 240(๐):0.002 | 197(ล):0.002,1
/Users/thiya/Documents/GitHub/Project-1-Thai-Character-Number-Recognition/PrintAksorn_dataset/test/o_ang_JS-Thanaporn-Normal.png,240,๐,301,0.4587,240,0.4587,240(๐):0.459 | 205(อ):0.175 | 246(๖):0.026,1
/Users/thiya/Documents/GitHub/Project-1-Thai-Character-Number-Recognition/PrintAksorn_dataset/test/o_ang_Kanit-BlackItalic.png,205,อ,140,0.3089,205,0.3089,205(อ):0.309 | 240(๐):0.268 | 241(๑):0.070,1
/Users/thiya/Documents/GitHub/Project-1-Thai-Character-Number-Recognition/PrintAksorn_dataset/test/o_ang_Kanit-ExtraLightItalic.png,240,๐,301,0.5323,240,0.5323,240(๐):0.532 | 205(อ):0.165 | 199(ว):0.015,1
/Users/thiya/Documents/GitHub/Project-1-Thai-Character-Number-Recognition/PrintAksorn_dataset/test/o_ang_NotoSansThai-CondensedLight.png,205,อ,140,0.7871,205,0.7871,205(อ):0.787 | 240(๐):0.045 | 199(ว):0.007,1
/Users/thiya/Documents/GitHub/Project-1-Thai-Character-Number-Recognition/PrintAksorn_dataset/test/o_ang_NotoSansThaiLooped-Thin.png,205,อ,140,0.929,205,0.929,205(อ):0.929 | 206(ฮ):0.002 | 174(ฎ):0.001,1
/Users/thiya/Documents/GitHub/Project-1-Thai-Character-Number-Recognition/PrintAksorn_dataset/test/o_ang_NotoSerifThai-CondensedExtraLight.png,205,อ,140,0.9113,205,0.9113,205(อ):0.911 | 246(๖):0.002 | 206(ฮ):0.002,1
/Users/thiya/Documents/GitHub/Project-1-Thai-Character-Number-Recognition/PrintAksorn_dataset/test/o_ang_NotoSerifThai-ExtraCondensedMedium.png,205,อ,140,0.9131,205,0.9131,205(อ):0.913 | 199(ว):0.002 | 175(ฏ):0.002,1
/Users/thiya/Documents/GitHub/Project-1-Thai-Character-Number-Recognition/PrintAksorn_dataset/test/o_ang_Prompt-ThinItalic.png,240,๐,301,0.5917,240,0.5917,240(๐):0.592 | 205(อ):0.079 | 241(๑):0.028,1
/Users/thiya/Documents/GitHub/Project-1-Thai-Character-Number-Recognition/PrintAksorn_dataset/test/o_ang_Sarabun-ExtraBoldItalic.png,205,อ,140,0.8573,205,0.8573,205(อ):0.857 | 241(๑):0.007 | 240(๐):0.006,1
/Users/thiya/Documents/GitHub/Project-1-Thai-Character-Number-Recognition/PrintAksorn_dataset/test/o_ang_Sawasdee-Bold.png,240,๐,301,0.9021,240,0.9021,240(๐):0.902 | 241(๑):0.004 | 205(อ):0.004,1
/Users/thiya/Documents/GitHub/Project-1-Thai-Character-Number-Recognition/PrintAksorn_dataset/test/o_ang_TH-Krub-Regular.png,205,อ,140,0.8754,205,0.8754,205(อ):0.875 | 241(๑):0.007 | 246(๖):0.005,1
/Users/thiya/Documents/GitHub/Project-1-Thai-Character-Number-Recognition/PrintAksorn_dataset/test/o_ang_TH-Srisakdi-Bold.png,205,อ,140,0.9023,205,0.9023,205(อ):0.902 | 164(ค):0.003 | 167(ง):0.002,1
/Users/thiya/Documents/GitHub/Project-1-Thai-Character-Number-Recognition/PrintAksorn_dataset/test/o_ang_TH-Srisakdi-Regular.png,205,อ,140,0.8991,205,0.8991,205(อ):0.899 | 164(ค):0.002 | 197(ล):0.002,1
/Users/thiya/Documents/GitHub/Project-1-Thai-Character-Number-Recognition/PrintAksorn_dataset/test/o_ang_Trirong-ThinItalic.png,205,อ,140,0.9218,205,0.9218,205(อ):0.922 | 169(ฉ):0.002 | 174(ฎ):0.002,1
/Users/thiya/Documents/GitHub/Project-1-Thai-Character-Number-Recognition/PrintAksorn_dataset/test/o_ang_Umpush-LightOblique.png,205,อ,140,0.8916,205,0.8916,205(อ):0.892 | 242(๒):0.002 | 164(ค):0.002,1
/Users/thiya/Documents/GitHub/Project-1-Thai-Character-Number-Recognition/PrintAksorn_dataset/test/paiyannoi_CmPrasanmit-Italic.png,207,ฯ,201,0.906,207,0.906,207(ฯ):0.906 | 209(ั):0.004 | 241(๑):0.003,1
/Users/thiya/Documents/GitHub/Project-1-Thai-Character-Number-Recognition/PrintAksorn_dataset/test/paiyannoi_Prompt-BoldItalic.png,207,ฯ,201,0.8825,207,0.8825,207(ฯ):0.883 | 216(ุ):0.029 | 227(ใ):0.010,1
/Users/thiya/Documents/GitHub/Project-1-Thai-Character-Number-Recognition/PrintAksorn_dataset/test/paiyannoi_TH-Fahkwang-Bold-Italic.png,207,ฯ,201,0.8728,207,0.8728,207(ฯ):0.873 | 211(ำ):0.006 | 230(ๆ):0.004,1
/Users/thiya/Documents/GitHub/Project-1-Thai-Character-Number-Recognition/PrintAksorn_dataset/test/paiyannoi_Waree-Bold.png,207,ฯ,201,0.9336,207,0.9336,207(ฯ):0.934 | 209(ั):0.002 | 194(ย):0.002,1
/Users/thiya/Documents/GitHub/Project-1-Thai-Character-Number-Recognition/PrintAksorn_dataset/test/pho_phan_ChulaNarak-Italic.png,190,พ,126,0.891,190,0.891,190(พ):0.891 | 191(ฟ):0.010 | 193(ม):0.002,1
/Users/thiya/Documents/GitHub/Project-1-Thai-Character-Number-Recognition/PrintAksorn_dataset/test/pho_phan_Kinnari.png,190,พ,126,0.8829,190,0.8829,190(พ):0.883 | 186(บ):0.005 | 188(ผ):0.005,1
/Users/thiya/Documents/GitHub/Project-1-Thai-Character-Number-Recognition/PrintAksorn_dataset/test/pho_phan_NotoSansThai-ExtraCondensedBlack.png,190,พ,126,0.6549,190,0.6549,190(พ):0.655 | 225(แ):0.097 | 188(ผ):0.035,1
/Users/thiya/Documents/GitHub/Project-1-Thai-Character-Number-Recognition/PrintAksorn_dataset/test/pho_phan_NotoSerifThai-CondensedMedium.png,190,พ,126,0.8978,190,0.8978,190(พ):0.898 | 188(ผ):0.005 | 183(ท):0.004,1
/Users/thiya/Documents/GitHub/Project-1-Thai-Character-Number-Recognition/PrintAksorn_dataset/test/pho_phan_Sriracha-Regular.png,188,ผ,124,0.3927,188,0.3927,188(ผ):0.393 | 190(พ):0.231 | 247(๗):0.021,1
/Users/thiya/Documents/GitHub/Project-1-Thai-Character-Number-Recognition/PrintAksorn_dataset/test/pho_phan_Waree-Bold.png,190,พ,126,0.9172,190,0.9172,190(พ):0.917 | 191(ฟ):0.007 | 204(ฬ):0.002,1
/Users/thiya/Documents/GitHub/Project-1-Thai-Character-Number-Recognition/PrintAksorn_dataset/test/pho_phueng_Itim-Regular.png,188,ผ,124,0.8824,188,0.8824,188(ผ):0.882 | 189(ฝ):0.005 | 166(ฆ):0.003,1
/Users/thiya/Documents/GitHub/Project-1-Thai-Character-Number-Recognition/PrintAksorn_dataset/test/pho_phueng_JS-Jindara-Bold-Italic.png,188,ผ,124,0.889,188,0.889,188(ผ):0.889 | 189(ฝ):0.012 | 167(ง):0.002,1
/Users/thiya/Documents/GitHub/Project-1-Thai-Character-Number-Recognition/PrintAksorn_dataset/test/pho_phueng_NotoSerifThai-SemiCondensed.png,188,ผ,124,0.8769,188,0.8769,188(ผ):0.877 | 189(ฝ):0.012 | 203(ห):0.003,1
/Users/thiya/Documents/GitHub/Project-1-Thai-Character-Number-Recognition/PrintAksorn_dataset/test/pho_samphao_JS-Giat-Bold.png,192,ภ,128,0.9412,192,0.9412,192(ภ):0.941 | 198(ฦ):0.002 | 183(ท):0.002,1
/Users/thiya/Documents/GitHub/Project-1-Thai-Character-Number-Recognition/PrintAksorn_dataset/test/pho_samphao_JS-Rapee-Normal.png,192,ภ,128,0.9262,192,0.9262,192(ภ):0.926 | 198(ฦ):0.003 | 195(ร):0.002,1
/Users/thiya/Documents/GitHub/Project-1-Thai-Character-Number-Recognition/PrintAksorn_dataset/test/pho_samphao_Kanit-BoldItalic.png,161,ก,101,0.3962,161,0.3962,161(ก):0.396 | 192(ภ):0.359 | 182(ถ):0.011,1
/Users/thiya/Documents/GitHub/Project-1-Thai-Character-Number-Recognition/PrintAksorn_dataset/test/pho_samphao_Kanit-LightItalic.png,161,ก,101,0.7376,161,0.7376,161(ก):0.738 | 192(ภ):0.044 | 226(โ):0.006,1
/Users/thiya/Documents/GitHub/Project-1-Thai-Character-Number-Recognition/PrintAksorn_dataset/test/pho_samphao_Sarabun-ThinItalic.png,192,ภ,128,0.9135,192,0.9135,192(ภ):0.913 | 198(ฦ):0.009 | 195(ร):0.003,1
/Users/thiya/Documents/GitHub/Project-1-Thai-Character-Number-Recognition/PrintAksorn_dataset/test/pho_samphao_TH-Mali-Grade6-Regular.png,192,ภ,128,0.9343,192,0.9343,192(ภ):0.934 | 198(ฦ):0.006 | 195(ร):0.002,1
/Users/thiya/Documents/GitHub/Project-1-Thai-Character-Number-Recognition/PrintAksorn_dataset/test/pho_samphao_Taviraj-Thin.png,192,ภ,128,0.9189,192,0.9189,192(ภ):0.919 | 198(ฦ):0.006 | 182(ถ):0.003,1
/Users/thiya/Documents/GitHub/Project-1-Thai-Character-Number-Recognition/PrintAksorn_dataset/test/po_pla_Aksaramatee-Bold.png,187,ป,123,0.9314,187,0.9314,187(ป):0.931 | 167(ง):0.002 | 227(ใ):0.002,1
/Users/thiya/Documents/GitHub/Project-1-Thai-Character-Number-Recognition/PrintAksorn_dataset/test/po_pla_Itim-Regular.png,187,ป,123,0.9234,187,0.9234,187(ป):0.923 | 186(บ):0.002 | 167(ง):0.002,1
/Users/thiya/Documents/GitHub/Project-1-Thai-Character-Number-Recognition/PrintAksorn_dataset/test/po_pla_JS-Arisa.png,187,ป,123,0.9099,187,0.9099,187(ป):0.910 | 188(ผ):0.002 | 227(ใ):0.002,1
/Users/thiya/Documents/GitHub/Project-1-Thai-Character-Number-Recognition/PrintAksorn_dataset/test/po_pla_JS-Obsaward-Italic.png,187,ป,123,0.8412,187,0.8412,187(ป):0.841 | 191(ฟ):0.027 | 203(ห):0.003,1
/Users/thiya/Documents/GitHub/Project-1-Thai-Character-Number-Recognition/PrintAksorn_dataset/test/po_pla_JS-Prapakorn-Normal.png,187,ป,123,0.9352,187,0.9352,187(ป):0.935 | 186(บ):0.004 | 167(ง):0.003,1
/Users/thiya/Documents/GitHub/Project-1-Thai-Character-Number-Recognition/PrintAksorn_dataset/test/po_pla_JS-Puriphop-Normal.png,187,ป,123,0.93,187,0.93,187(ป):0.930 | 194(ย):0.002 | 229(ๅ):0.002,1
/Users/thiya/Documents/GitHub/Project-1-Thai-Character-Number-Recognition/PrintAksorn_dataset/test/po_pla_JS-Saksit-Bold-Italic.png,187,ป,123,0.9371,187,0.9371,187(ป):0.937 | 231(็):0.001 | 244(๔):0.001,1
/Users/thiya/Documents/GitHub/Project-1-Thai-Character-Number-Recognition/PrintAksorn_dataset/test/po_pla_KaniGa-Regular.png,187,ป,123,0.8962,187,0.8962,187(ป):0.896 | 227(ใ):0.002 | 194(ย):0.002,1
/Users/thiya/Documents/GitHub/Project-1-Thai-Character-Number-Recognition/PrintAksorn_dataset/test/po_pla_NotoSansThaiLooped-ExtraBold.png,187,ป,123,0.9163,187,0.9163,187(ป):0.916 | 201(ษ):0.002 | 170(ช):0.002,1
/Users/thiya/Documents/GitHub/Project-1-Thai-Character-Number-Recognition/PrintAksorn_dataset/test/po_pla_Sarabun-Italic.png,187,ป,123,0.9293,187,0.9293,187(ป):0.929 | 167(ง):0.002 | 227(ใ):0.002,1
/Users/thiya/Documents/GitHub/Project-1-Thai-Character-Number-Recognition/PrintAksorn_dataset/test/po_pla_TH-Sarabun-New-Regular.png,187,ป,123,0.9241,187,0.9241,187(ป):0.924 | 227(ใ):0.002 | 230(ๆ):0.001,1
/Users/thiya/Documents/GitHub/Project-1-Thai-Character-Number-Recognition/PrintAksorn_dataset/test/po_pla_TlwgTypo.png,187,ป,123,0.916,187,0.916,187(ป):0.916 | 231(็):0.002 | 186(บ):0.002,1
/Users/thiya/Documents/GitHub/Project-1-Thai-Character-Number-Recognition/PrintAksorn_dataset/test/question_Himmaparnt-Bold-Italic.png,210,า,203,0.5649,210,0.5649,210(า):0.565 | 227(ใ):0.051 | 199(ว):0.024,1
/Users/thiya/Documents/GitHub/Project-1-Thai-Character-Number-Recognition/PrintAksorn_dataset/test/question_Kanit-Black.png,245,๕,306,0.4183,245,0.4183,245(๕):0.418 | 246(๖):0.052 | 199(ว):0.041,1
/Users/thiya/Documents/GitHub/Project-1-Thai-Character-Number-Recognition/PrintAksorn_dataset/test/question_Norasi-Italic.png,227,ใ,213,0.2668,227,0.2668,227(ใ):0.267 | 241(๑):0.139 | 210(า):0.033,1
/Users/thiya/Documents/GitHub/Project-1-Thai-Character-Number-Recognition/PrintAksorn_dataset/test/question_NotoSerifThai-SemiCondensedBlack.png,186,บ,122,0.1097,186,0.1097,186(บ):0.110 | 187(ป):0.099 | 240(๐):0.050,1
/Users/thiya/Documents/GitHub/Project-1-Thai-Character-Number-Recognition/PrintAksorn_dataset/test/question_SR-FahMai-Italic.png,210,า,203,0.3635,210,0.3635,210(า):0.364 | 199(ว):0.057 | 241(๑):0.047,1
/Users/thiya/Documents/GitHub/Project-1-Thai-Character-Number-Recognition/PrintAksorn_dataset/test/question_TH-Baijam-Italic.png,210,า,203,0.2671,210,0.2671,210(า):0.267 | 226(โ):0.073 | 197(ล):0.057,1
/Users/thiya/Documents/GitHub/Project-1-Thai-Character-Number-Recognition/PrintAksorn_dataset/test/question_Umpush-Bold.png,210,า,203,0.4847,210,0.4847,210(า):0.485 | 227(ใ):0.046 | 199(ว):0.042,1
/Users/thiya/Documents/GitHub/Project-1-Thai-Character-Number-Recognition/PrintAksorn_dataset/test/quote_CmPrasanmit-Italic.png,225,แ,211,0.3678,225,0.3678,225(แ):0.368 | 186(บ):0.165 | 161(ก):0.145,1
/Users/thiya/Documents/GitHub/Project-1-Thai-Character-Number-Recognition/PrintAksorn_dataset/test/quote_JS-Junkaew-Italic.png,225,แ,211,0.33,225,0.33,225(แ):0.330 | 186(บ):0.146 | 161(ก):0.126,1
/Users/thiya/Documents/GitHub/Project-1-Thai-Character-Number-Recognition/PrintAksorn_dataset/test/quote_JS-Sadayu-Allcaps.png,225,แ,211,0.241,225,0.241,225(แ):0.241 | 186(บ):0.195 | 161(ก):0.046,1
/Users/thiya/Documents/GitHub/Project-1-Thai-Character-Number-Recognition/PrintAksorn_dataset/test/quote_KaniGa-Italic.png,225,แ,211,0.2163,225,0.2163,225(แ):0.216 | 161(ก):0.171 | 186(บ):0.126,1
/Users/thiya/Documents/GitHub/Project-1-Thai-Character-Number-Recognition/PrintAksorn_dataset/test/quote_Laksaman-Italic.png,225,แ,211,0.2793,225,0.2793,225(แ):0.279 | 186(บ):0.222 | 161(ก):0.132,1
/Users/thiya/Documents/GitHub/Project-1-Thai-Character-Number-Recognition/PrintAksorn_dataset/test/quote_Maitree-Regular.png,186,บ,122,0.2829,186,0.2829,186(บ):0.283 | 225(แ):0.264 | 161(ก):0.084,1
/Users/thiya/Documents/GitHub/Project-1-Thai-Character-Number-Recognition/PrintAksorn_dataset/test/quote_NotoSansThai-SemiCondensedMedium.png,187,ป,123,0.0982,187,0.0982,187(ป):0.098 | 186(บ):0.086 | 161(ก):0.057,1
/Users/thiya/Documents/GitHub/Project-1-Thai-Character-Number-Recognition/PrintAksorn_dataset/test/quote_NotoSansThaiLooped-Regular.png,225,แ,211,0.2597,225,0.2597,225(แ):0.260 | 186(บ):0.150 | 161(ก):0.065,1
/Users/thiya/Documents/GitHub/Project-1-Thai-Character-Number-Recognition/PrintAksorn_dataset/test/quote_NotoSerifThai-ExtraCondensed.png,186,บ,122,0.1097,186,0.1097,186(บ):0.110 | 187(ป):0.099 | 240(๐):0.050,1
/Users/thiya/Documents/GitHub/Project-1-Thai-Character-Number-Recognition/PrintAksorn_dataset/test/quote_PSK-Smart-Regular.png,225,แ,211,0.1735,225,0.1735,225(แ):0.174 | 232(่):0.109 | 186(บ):0.095,1
/Users/thiya/Documents/GitHub/Project-1-Thai-Character-Number-Recognition/PrintAksorn_dataset/test/quote_Pridi-ExtraLight.png,225,แ,211,0.2649,225,0.2649,225(แ):0.265 | 186(บ):0.152 | 161(ก):0.083,1
/Users/thiya/Documents/GitHub/Project-1-Thai-Character-Number-Recognition/PrintAksorn_dataset/test/quote_TH-Krub-Bold.png,225,แ,211,0.2655,225,0.2655,225(แ):0.266 | 186(บ):0.191 | 161(ก):0.059,1
/Users/thiya/Documents/GitHub/Project-1-Thai-Character-Number-Recognition/PrintAksorn_dataset/test/quote_TlwgTypo-Bold.png,225,แ,211,0.2226,225,0.2226,225(แ):0.223 | 186(บ):0.102 | 161(ก):0.074,1
/Users/thiya/Documents/GitHub/Project-1-Thai-Character-Number-Recognition/PrintAksorn_dataset/test/quote_Umpush-Bold.png,225,แ,211,0.341,225,0.341,225(แ):0.341 | 161(ก):0.054 | 232(่):0.051,1
/Users/thiya/Documents/GitHub/Project-1-Thai-Character-Number-Recognition/PrintAksorn_dataset/test/rbrace_Athiti-Light.png,227,ใ,213,0.1323,227,0.1323,227(ใ):0.132 | 226(โ):0.131 | 246(๖):0.076,1
/Users/thiya/Documents/GitHub/Project-1-Thai-Character-Number-Recognition/PrintAksorn_dataset/test/rbrace_FonLeb-Bold-Italic.png,176,ฐ,112,0.1365,176,0.1365,176(ฐ):0.136 | 227(ใ):0.080 | 210(า):0.067,1
/Users/thiya/Documents/GitHub/Project-1-Thai-Character-Number-Recognition/PrintAksorn_dataset/test/rbrace_Himmaparnt-Bold-Italic.png,227,ใ,213,0.1272,227,0.1272,227(ใ):0.127 | 228(ไ):0.097 | 210(า):0.092,1
/Users/thiya/Documents/GitHub/Project-1-Thai-Character-Number-Recognition/PrintAksorn_dataset/test/rbrace_Himmaparnt-Italic.png,227,ใ,213,0.2271,227,0.2271,227(ใ):0.227 | 210(า):0.119 | 226(โ):0.079,1
/Users/thiya/Documents/GitHub/Project-1-Thai-Character-Number-Recognition/PrintAksorn_dataset/test/rbrace_Prompt-LightItalic.png,227,ใ,213,0.3472,227,0.3472,227(ใ):0.347 | 226(โ):0.097 | 228(ไ):0.081,1
/Users/thiya/Documents/GitHub/Project-1-Thai-Character-Number-Recognition/PrintAksorn_dataset/test/rbrace_Sarabun-Light.png,210,า,203,0.2928,210,0.2928,210(า):0.293 | 226(โ):0.059 | 232(่):0.052,1
/Users/thiya/Documents/GitHub/Project-1-Thai-Character-Number-Recognition/PrintAksorn_dataset/test/rbrace_Silom.png,210,า,203,0.1377,210,0.1377,210(า):0.138 | 246(๖):0.090 | 226(โ):0.081,1
/Users/thiya/Documents/GitHub/Project-1-Thai-Character-Number-Recognition/PrintAksorn_dataset/test/rbrace_Taviraj-Thin.png,176,ฐ,112,0.1492,176,0.1492,176(ฐ):0.149 | 227(ใ):0.114 | 226(โ):0.109,1
/Users/thiya/Documents/GitHub/Project-1-Thai-Character-Number-Recognition/PrintAksorn_dataset/test/rbrace_Taviraj-ThinItalic.png,227,ใ,213,0.2463,227,0.2463,227(ใ):0.246 | 176(ฐ):0.090 | 226(โ):0.071,1
/Users/thiya/Documents/GitHub/Project-1-Thai-Character-Number-Recognition/PrintAksorn_dataset/test/rbrace_TlwgMono-Oblique.png,227,ใ,213,0.411,227,0.411,227(ใ):0.411 | 226(โ):0.107 | 228(ไ):0.076,1
/Users/thiya/Documents/GitHub/Project-1-Thai-Character-Number-Recognition/PrintAksorn_dataset/test/rbracket_ChulaNarak-Italic.png,210,า,203,0.463,210,0.463,210(า):0.463 | 229(ๅ):0.197 | 232(่):0.047,1
/Users/thiya/Documents/GitHub/Project-1-Thai-Character-Number-Recognition/PrintAksorn_dataset/test/rbracket_JS-75-Pumpuang.png,229,ๅ,215,0.2647,229,0.2647,229(ๅ):0.265 | 187(ป):0.172 | 167(ง):0.071,1
/Users/thiya/Documents/GitHub/Project-1-Thai-Character-Number-Recognition/PrintAksorn_dataset/test/rbracket_JS-Pisit-Normal.png,187,ป,123,0.29,187,0.29,187(ป):0.290 | 229(ๅ):0.130 | 167(ง):0.080,1
/Users/thiya/Documents/GitHub/Project-1-Thai-Character-Number-Recognition/PrintAksorn_dataset/test/rbracket_NotoSansThai-SemiCondensedMedium.png,187,ป,123,0.0982,187,0.0982,187(ป):0.098 | 186(บ):0.086 | 161(ก):0.057,1
/Users/thiya/Documents/GitHub/Project-1-Thai-Character-Number-Recognition/PrintAksorn_dataset/test/rbracket_PSK-SmartItaic.png,229,ๅ,215,0.3034,229,0.3034,229(ๅ):0.303 | 187(ป):0.114 | 210(า):0.096,1
/Users/thiya/Documents/GitHub/Project-1-Thai-Character-Number-Recognition/PrintAksorn_dataset/test/rbracket_TH-K2D-July8-Bold-Italic.png,229,ๅ,215,0.2427,229,0.2427,229(ๅ):0.243 | 187(ป):0.087 | 186(บ):0.031,1
/Users/thiya/Documents/GitHub/Project-1-Thai-Character-Number-Recognition/PrintAksorn_dataset/test/rbracket_Taviraj-Light.png,187,ป,123,0.2407,187,0.2407,187(ป):0.241 | 229(ๅ):0.161 | 167(ง):0.078,1
/Users/thiya/Documents/GitHub/Project-1-Thai-Character-Number-Recognition/PrintAksorn_dataset/test/rbracket_Taviraj-Medium.png,229,ๅ,215,0.264,229,0.264,229(ๅ):0.264 | 187(ป):0.176 | 167(ง):0.030,1
/Users/thiya/Documents/GitHub/Project-1-Thai-Character-Number-Recognition/PrintAksorn_dataset/test/rbracket_TlwgTypo-Oblique.png,229,ๅ,215,0.2415,229,0.2415,229(ๅ):0.241 | 187(ป):0.102 | 167(ง):0.065,1
/Users/thiya/Documents/GitHub/Project-1-Thai-Character-Number-Recognition/PrintAksorn_dataset/test/rbracket_Trirong-LightItalic.png,229,ๅ,215,0.3827,229,0.3827,229(ๅ):0.383 | 187(ป):0.096 | 210(า):0.038,1
/Users/thiya/Documents/GitHub/Project-1-Thai-Character-Number-Recognition/PrintAksorn_dataset/test/rbracket_Umpush-Light.png,187,ป,123,0.2249,187,0.2249,187(ป):0.225 | 229(ๅ):0.164 | 167(ง):0.042,1
/Users/thiya/Documents/GitHub/Project-1-Thai-Character-Number-Recognition/PrintAksorn_dataset/test/ro_ruea_JS-Chodok-Bold.png,195,ร,131,0.8649,195,0.8649,195(ร):0.865 | 246(๖):0.006 | 202(ส):0.004,1
/Users/thiya/Documents/GitHub/Project-1-Thai-Character-Number-Recognition/PrintAksorn_dataset/test/ro_ruea_JS-Korakhot-Normal.png,195,ร,131,0.8858,195,0.8858,195(ร):0.886 | 246(๖):0.007 | 199(ว):0.003,1
/Users/thiya/Documents/GitHub/Project-1-Thai-Character-Number-Recognition/PrintAksorn_dataset/test/ro_ruea_JS-Rapee-Italic.png,195,ร,131,0.882,195,0.882,195(ร):0.882 | 246(๖):0.003 | 202(ส):0.002,1
/Users/thiya/Documents/GitHub/Project-1-Thai-Character-Number-Recognition/PrintAksorn_dataset/test/ro_ruea_JS-Saowapark-Italic.png,195,ร,131,0.8828,195,0.8828,195(ร):0.883 | 199(ว):0.003 | 246(๖):0.003,1
/Users/thiya/Documents/GitHub/Project-1-Thai-Character-Number-Recognition/PrintAksorn_dataset/test/ro_ruea_Kanit-Black.png,176,ฐ,112,0.4258,176,0.4258,176(ฐ):0.426 | 245(๕):0.162 | 195(ร):0.068,1
/Users/thiya/Documents/GitHub/Project-1-Thai-Character-Number-Recognition/PrintAksorn_dataset/test/ro_ruea_Mitr-Regular.png,246,๖,307,0.2046,246,0.2046,246(๖):0.205 | 167(ง):0.098 | 195(ร):0.064,1
/Users/thiya/Documents/GitHub/Project-1-Thai-Character-Number-Recognition/PrintAksorn_dataset/test/ro_ruea_NotoSerifThai-CondensedMedium.png,195,ร,131,0.903,195,0.903,195(ร):0.903 | 246(๖):0.003 | 199(ว):0.002,1
/Users/thiya/Documents/GitHub/Project-1-Thai-Character-Number-Recognition/PrintAksorn_dataset/test/ro_ruea_NotoSerifThai-ExtraLight.png,195,ร,131,0.8681,195,0.8681,195(ร):0.868 | 246(๖):0.008 | 199(ว):0.005,1
/Users/thiya/Documents/GitHub/Project-1-Thai-Character-Number-Recognition/PrintAksorn_dataset/test/ro_ruea_Prompt-ExtraLight.png,240,๐,301,0.2212,240,0.2212,240(๐):0.221 | 246(๖):0.104 | 241(๑):0.099,1
/Users/thiya/Documents/GitHub/Project-1-Thai-Character-Number-Recognition/PrintAksorn_dataset/test/ro_ruea_Sarabun-Bold.png,195,ร,131,0.91,195,0.91,195(ร):0.910 | 249(๙):0.002 | 246(๖):0.002,1
/Users/thiya/Documents/GitHub/Project-1-Thai-Character-Number-Recognition/PrintAksorn_dataset/test/ro_ruea_TH-Mali-Grade6-Regular.png,195,ร,131,0.9031,195,0.9031,195(ร):0.903 | 246(๖):0.008 | 249(๙):0.004,1
/Users/thiya/Documents/GitHub/Project-1-Thai-Character-Number-Recognition/PrintAksorn_dataset/test/ro_ruea_Taviraj-LightItalic.png,195,ร,131,0.8939,195,0.8939,195(ร):0.894 | 246(๖):0.004 | 248(๘):0.002,1
/Users/thiya/Documents/GitHub/Project-1-Thai-Character-Number-Recognition/PrintAksorn_dataset/test/ro_ruea_TlwgTypo-Oblique.png,195,ร,131,0.9001,195,0.9001,195(ร):0.900 | 246(๖):0.002 | 172(ฌ):0.002,1
/Users/thiya/Documents/GitHub/Project-1-Thai-Character-Number-Recognition/PrintAksorn_dataset/test/ro_ruea_Umpush-BoldOblique.png,195,ร,131,0.911,195,0.911,195(ร):0.911 | 202(ส):0.003 | 246(๖):0.003,1
/Users/thiya/Documents/GitHub/Project-1-Thai-Character-Number-Recognition/PrintAksorn_dataset/test/rparen_CmPrasanmit-Italic.png,210,า,203,0.3216,210,0.3216,210(า):0.322 | 232(่):0.237 | 229(ๅ):0.067,1
/Users/thiya/Documents/GitHub/Project-1-Thai-Character-Number-Recognition/PrintAksorn_dataset/test/rparen_JS-Jindara-Normal.png,210,า,203,0.2838,210,0.2838,210(า):0.284 | 229(ๅ):0.119 | 246(๖):0.060,1
/Users/thiya/Documents/GitHub/Project-1-Thai-Character-Number-Recognition/PrintAksorn_dataset/test/rparen_Kanit-ExtraBoldItalic.png,210,า,203,0.1417,210,0.1417,210(า):0.142 | 244(๔):0.089 | 241(๑):0.079,1
/Users/thiya/Documents/GitHub/Project-1-Thai-Character-Number-Recognition/PrintAksorn_dataset/test/rparen_Kinnari-Bold.png,210,า,203,0.1476,210,0.1476,210(า):0.148 | 246(๖):0.119 | 229(ๅ):0.084,1
/Users/thiya/Documents/GitHub/Project-1-Thai-Character-Number-Recognition/PrintAksorn_dataset/test/rparen_Nakaracha-Regular.png,210,า,203,0.3361,210,0.3361,210(า):0.336 | 229(ๅ):0.158 | 246(๖):0.055,1
/Users/thiya/Documents/GitHub/Project-1-Thai-Character-Number-Recognition/PrintAksorn_dataset/test/rparen_NotoSansThai-ExtraBold.png,187,ป,123,0.1024,187,0.1024,187(ป):0.102 | 186(บ):0.088 | 161(ก):0.054,1
/Users/thiya/Documents/GitHub/Project-1-Thai-Character-Number-Recognition/PrintAksorn_dataset/test/rparen_NotoSerifThai-CondensedExtraBold.png,187,ป,123,0.1063,187,0.1063,187(ป):0.106 | 186(บ):0.101 | 240(๐):0.049,1
/Users/thiya/Documents/GitHub/Project-1-Thai-Character-Number-Recognition/PrintAksorn_dataset/test/rparen_NotoSerifThai-SemiCondensedThin.png,187,ป,123,0.0982,187,0.0982,187(ป):0.098 | 186(บ):0.086 | 161(ก):0.057,1
/Users/thiya/Documents/GitHub/Project-1-Thai-Character-Number-Recognition/PrintAksorn_dataset/test/rparen_NotoSerifThai-Thin.png,186,บ,122,0.1109,186,0.1109,186(บ):0.111 | 187(ป):0.100 | 240(๐):0.048,1
/Users/thiya/Documents/GitHub/Project-1-Thai-Character-Number-Recognition/PrintAksorn_dataset/test/rparen_Prompt-BoldItalic.png,210,า,203,0.2054,210,0.2054,210(า):0.205 | 229(ๅ):0.124 | 240(๐):0.056,1
/Users/thiya/Documents/GitHub/Project-1-Thai-Character-Number-Recognition/PrintAksorn_dataset/test/rparen_Prompt-SemiBold.png,210,า,203,0.1954,210,0.1954,210(า):0.195 | 229(ๅ):0.152 | 240(๐):0.090,1
/Users/thiya/Documents/GitHub/Project-1-Thai-Character-Number-Recognition/PrintAksorn_dataset/test/rparen_Sarabun-ExtraLight.png,210,า,203,0.2611,210,0.2611,210(า):0.261 | 229(ๅ):0.101 | 240(๐):0.071,1
/Users/thiya/Documents/GitHub/Project-1-Thai-Character-Number-Recognition/PrintAksorn_dataset/test/rparen_Sarabun-Thin.png,210,า,203,0.2993,210,0.2993,210(า):0.299 | 229(ๅ):0.075 | 240(๐):0.059,1
/Users/thiya/Documents/GitHub/Project-1-Thai-Character-Number-Recognition/PrintAksorn_dataset/test/rparen_TH-Kodchasal-Bold-Italic.png,232,่,218,0.4323,232,0.4323,232(่):0.432 | 229(ๅ):0.176 | 210(า):0.077,1
/Users/thiya/Documents/GitHub/Project-1-Thai-Character-Number-Recognition/PrintAksorn_dataset/test/rparen_TH-Krub-Bold.png,229,ๅ,215,0.2272,229,0.2272,229(ๅ):0.227 | 210(า):0.183 | 199(ว):0.054,1
/Users/thiya/Documents/GitHub/Project-1-Thai-Character-Number-Recognition/PrintAksorn_dataset/test/rparen_Taviraj-ExtraBoldItalic.png,210,า,203,0.1643,210,0.1643,210(า):0.164 | 229(ๅ):0.086 | 240(๐):0.075,1
/Users/thiya/Documents/GitHub/Project-1-Thai-Character-Number-Recognition/PrintAksorn_dataset/test/sara_a_ChulaNarak-Bold-Italic.png,208,ะ,,0.9254,208,0.9254,208(ะ):0.925 | 225(แ):0.002 | 174(ฎ):0.002,1
/Users/thiya/Documents/GitHub/Project-1-Thai-Character-Number-Recognition/PrintAksorn_dataset/test/sara_a_JS-Pisit-Normal.png,208,ะ,,0.9159,208,0.9159,208(ะ):0.916 | 225(แ):0.003 | 245(๕):0.002,1
/Users/thiya/Documents/GitHub/Project-1-Thai-Character-Number-Recognition/PrintAksorn_dataset/test/sara_a_JS-Sadayu-Bold-Italic.png,208,ะ,,0.904,208,0.904,208(ะ):0.904 | 245(๕):0.003 | 176(ฐ):0.002,1
/Users/thiya/Documents/GitHub/Project-1-Thai-Character-Number-Recognition/PrintAksorn_dataset/test/sara_a_Kanit-Light.png,208,ะ,,0.8607,208,0.8607,208(ะ):0.861 | 167(ง):0.025 | 184(ธ):0.008,1
/Users/thiya/Documents/GitHub/Project-1-Thai-Character-Number-Recognition/PrintAksorn_dataset/test/sara_a_NotoSansThai-SemiCondensed.png,208,ะ,,0.8597,208,0.8597,208(ะ):0.860 | 167(ง):0.007 | 228(ไ):0.004,1
/Users/thiya/Documents/GitHub/Project-1-Thai-Character-Number-Recognition/PrintAksorn_dataset/test/sara_a_NotoSerifThai-CondensedExtraBold.png,208,ะ,,0.8332,208,0.8332,208(ะ):0.833 | 245(๕):0.017 | 176(ฐ):0.007,1
/Users/thiya/Documents/GitHub/Project-1-Thai-Character-Number-Recognition/PrintAksorn_dataset/test/sara_a_NotoSerifThai-ExtraBold.png,208,ะ,,0.8669,208,0.8669,208(ะ):0.867 | 245(๕):0.008 | 176(ฐ):0.004,1
/Users/thiya/Documents/GitHub/Project-1-Thai-Character-Number-Recognition/PrintAksorn_dataset/test/sara_a_NotoSerifThai-Regular.png,208,ะ,,0.9078,208,0.9078,208(ะ):0.908 | 245(๕):0.003 | 225(แ):0.003,1
/Users/thiya/Documents/GitHub/Project-1-Thai-Character-Number-Recognition/PrintAksorn_dataset/test/sara_a_Pridi-SemiBold.png,208,ะ,,0.7791,208,0.7791,208(ะ):0.779 | 245(๕):0.025 | 176(ฐ):0.010,1
/Users/thiya/Documents/GitHub/Project-1-Thai-Character-Number-Recognition/PrintAksorn_dataset/test/sara_a_Prompt-Black.png,208,ะ,,0.6911,208,0.6911,208(ะ):0.691 | 245(๕):0.035 | 176(ฐ):0.022,1
/Users/thiya/Documents/GitHub/Project-1-Thai-Character-Number-Recognition/PrintAksorn_dataset/test/sara_a_TH-Baijam-Bold-Italic.png,208,ะ,,0.9331,208,0.9331,208(ะ):0.933 | 245(๕):0.004 | 225(แ):0.002,1
/Users/thiya/Documents/GitHub/Project-1-Thai-Character-Number-Recognition/PrintAksorn_dataset/test/sara_a_TH-Sarabun-New-Bold.png,208,ะ,,0.937,208,0.937,208(ะ):0.937 | 245(๕):0.002 | 225(แ):0.002,1
/Users/thiya/Documents/GitHub/Project-1-Thai-Character-Number-Recognition/PrintAksorn_dataset/test/sara_a_TH-Srisakdi-Regular.png,208,ะ,,0.9316,208,0.9316,208(ะ):0.932 | 225(แ):0.002 | 176(ฐ):0.001,1
/Users/thiya/Documents/GitHub/Project-1-Thai-Character-Number-Recognition/PrintAksorn_dataset/test/sara_a_Taviraj-ThinItalic.png,208,ะ,,0.906,208,0.906,208(ะ):0.906 | 225(แ):0.004 | 245(๕):0.003,1
/Users/thiya/Documents/GitHub/Project-1-Thai-Character-Number-Recognition/PrintAksorn_dataset/test/sara_a_TlwgTypist-BoldOblique.png,208,ะ,,0.7721,208,0.7721,208(ะ):0.772 | 245(๕):0.018 | 176(ฐ):0.012,1
/Users/thiya/Documents/GitHub/Project-1-Thai-Character-Number-Recognition/PrintAksorn_dataset/test/sara_a_Trirong-SemiBold.png,208,ะ,,0.9279,208,0.9279,208(ะ):0.928 | 245(๕):0.004 | 225(แ):0.002,1
/Users/thiya/Documents/GitHub/Project-1-Thai-Character-Number-Recognition/PrintAksorn_dataset/test/sara_a_Umpush-BoldOblique.png,208,ะ,,0.9054,208,0.9054,208(ะ):0.905 | 245(๕):0.005 | 225(แ):0.002,1
/Users/thiya/Documents/GitHub/Project-1-Thai-Character-Number-Recognition/PrintAksorn_dataset/test/sara_a_Waree-Oblique.png,208,ะ,,0.8989,208,0.8989,208(ะ):0.899 | 245(๕):0.003 | 225(แ):0.002,1
/Users/thiya/Documents/GitHub/Project-1-Thai-Character-Number-Recognition/PrintAksorn_dataset/test/sara_aa_KaniGa-Italic.png,210,า,203,0.9123,210,0.9123,210(า):0.912 | 199(ว):0.003 | 229(ๅ):0.002,1
/Users/thiya/Documents/GitHub/Project-1-Thai-Character-Number-Recognition/PrintAksorn_dataset/test/sara_aa_NotoSansThai-SemiCondensedLight.png,229,ๅ,215,0.8224,229,0.8224,229(ๅ):0.822 | 210(า):0.017 | 187(ป):0.006,1
/Users/thiya/Documents/GitHub/Project-1-Thai-Character-Number-Recognition/PrintAksorn_dataset/test/sara_aa_NotoSansThaiUI-Regular.png,229,ๅ,215,0.8326,229,0.8326,229(ๅ):0.833 | 210(า):0.020 | 187(ป):0.005,1
/Users/thiya/Documents/GitHub/Project-1-Thai-Character-Number-Recognition/PrintAksorn_dataset/test/sara_aa_Prompt-BlackItalic.png,210,า,203,0.5654,210,0.5654,210(า):0.565 | 229(ๅ):0.079 | 216(ุ):0.039,1
/Users/thiya/Documents/GitHub/Project-1-Thai-Character-Number-Recognition/PrintAksorn_dataset/test/sara_aa_Prompt-ExtraBoldItalic.png,210,า,203,0.5394,210,0.5394,210(า):0.539 | 229(ๅ):0.213 | 161(ก):0.011,1
/Users/thiya/Documents/GitHub/Project-1-Thai-Character-Number-Recognition/PrintAksorn_dataset/test/sara_aa_Prompt-Italic.png,229,ๅ,215,0.8623,229,0.8623,229(ๅ):0.862 | 210(า):0.024 | 187(ป):0.003,1
/Users/thiya/Documents/GitHub/Project-1-Thai-Character-Number-Recognition/PrintAksorn_dataset/test/sara_aa_TH-Charmonman-Regular.png,210,า,203,0.9137,210,0.9137,210(า):0.914 | 227(ใ):0.003 | 199(ว):0.003,1
/Users/thiya/Documents/GitHub/Project-1-Thai-Character-Number-Recognition/PrintAksorn_dataset/test/sara_aa_TH-Kodchasal-Bold.png,210,า,203,0.9182,210,0.9182,210(า):0.918 | 212(ิ):0.004 | 199(ว):0.003,1
/Users/thiya/Documents/GitHub/Project-1-Thai-Character-Number-Recognition/PrintAksorn_dataset/test/sara_aa_Taviraj-ExtraBoldItalic.png,210,า,203,0.7726,210,0.7726,210(า):0.773 | 229(ๅ):0.052 | 188(ผ):0.004,1
/Users/thiya/Documents/GitHub/Project-1-Thai-Character-Number-Recognition/PrintAksorn_dataset/test/sara_ae_CmPrasanmit-Regular.png,225,แ,211,0.8371,225,0.8371,225(แ):0.837 | 224(เ):0.008 | 208(ะ):0.004,1
/Users/thiya/Documents/GitHub/Project-1-Thai-Character-Number-Recognition/PrintAksorn_dataset/test/sara_ae_JS-Junkaew-Italic.png,225,แ,211,0.8601,225,0.8601,225(แ):0.860 | 208(ะ):0.004 | 224(เ):0.003,1
/Users/thiya/Documents/GitHub/Project-1-Thai-Character-Number-Recognition/PrintAksorn_dataset/test/sara_ae_JS-Mookravee-Normal.png,225,แ,211,0.8604,225,0.8604,225(แ):0.860 | 224(เ):0.005 | 174(ฎ):0.004,1
/Users/thiya/Documents/GitHub/Project-1-Thai-Character-Number-Recognition/PrintAksorn_dataset/test/sara_ae_JS-Obsaward-Italic.png,225,แ,211,0.8974,225,0.8974,225(แ):0.897 | 179(ณ):0.004 | 207(ฯ):0.003,1
/Users/thiya/Documents/GitHub/Project-1-Thai-Character-Number-Recognition/PrintAksorn_dataset/test/sara_ae_JS-Puchong-Normal.png,161,ก,101,0.7175,161,0.7175,161(ก):0.717 | 225(แ):0.080 | 183(ท):0.011,1
/Users/thiya/Documents/GitHub/Project-1-Thai-Character-Number-Recognition/PrintAksorn_dataset/test/sara_ae_JS-Rapee-Bold-Italic.png,225,แ,211,0.8105,225,0.8105,225(แ):0.810 | 208(ะ):0.007 | 183(ท):0.004,1
/Users/thiya/Documents/GitHub/Project-1-Thai-Character-Number-Recognition/PrintAksorn_dataset/test/sara_ae_JS-Rapee-Italic.png,225,แ,211,0.8883,225,0.8883,225(แ):0.888 | 208(ะ):0.004 | 224(เ):0.003,1
/Users/thiya/Documents/GitHub/Project-1-Thai-Character-Number-Recognition/PrintAksorn_dataset/test/sara_ae_Kinnari-Italic.png,225,แ,211,0.8867,225,0.8867,225(แ):0.887 | 224(เ):0.003 | 208(ะ):0.003,1
/Users/thiya/Documents/GitHub/Project-1-Thai-Character-Number-Recognition/PrintAksorn_dataset/test/sara_ae_Kinnari.png,225,แ,211,0.8454,225,0.8454,225(แ):0.845 | 224(เ):0.006 | 208(ะ):0.005,1
/Users/thiya/Documents/GitHub/Project-1-Thai-Character-Number-Recognition/PrintAksorn_dataset/test/sara_ae_Mitr-Bold.png,225,แ,211,0.2501,225,0.2501,225(แ):0.250 | 186(บ):0.119 | 161(ก):0.066,1
/Users/thiya/Documents/GitHub/Project-1-Thai-Character-Number-Recognition/PrintAksorn_dataset/test/sara_ae_Pridi-ExtraLight.png,225,แ,211,0.8477,225,0.8477,225(แ):0.848 | 224(เ):0.005 | 208(ะ):0.004,1
/Users/thiya/Documents/GitHub/Project-1-Thai-Character-Number-Recognition/PrintAksorn_dataset/test/sara_ae_Pridi-Medium.png,225,แ,211,0.8971,225,0.8971,225(แ):0.897 | 208(ะ):0.004 | 224(เ):0.003,1
/Users/thiya/Documents/GitHub/Project-1-Thai-Character-Number-Recognition/PrintAksorn_dataset/test/sara_ae_Sarabun-Bold.png,225,แ,211,0.8733,225,0.8733,225(แ):0.873 | 224(เ):0.005 | 208(ะ):0.004,1
/Users/thiya/Documents/GitHub/Project-1-Thai-Character-Number-Recognition/PrintAksorn_dataset/test/sara_ai_maimalai_JS-Chulee.png,228,ไ,214,0.8429,228,0.8429,228(ไ):0.843 | 198(ฦ):0.004 | 210(า):0.004,1
/Users/thiya/Documents/GitHub/Project-1-Thai-Character-Number-Recognition/PrintAksorn_dataset/test/sara_ai_maimalai_JS-Jukaphan-Italic.png,228,ไ,214,0.9056,228,0.9056,228(ไ):0.906 | 180(ด):0.002 | 227(ใ):0.002,1
/Users/thiya/Documents/GitHub/Project-1-Thai-Character-Number-Recognition/PrintAksorn_dataset/test/sara_ai_maimalai_Pridi-Medium.png,226,โ,212,0.8104,226,0.8104,226(โ):0.810 | 227(ใ):0.020 | 228(ไ):0.013,1
/Users/thiya/Documents/GitHub/Project-1-Thai-Character-Number-Recognition/PrintAksorn_dataset/test/sara_ai_maimalai_Pridi-Regular.png,226,โ,212,0.8255,226,0.8255,226(โ):0.826 | 227(ใ):0.014 | 228(ไ):0.013,1
/Users/thiya/Documents/GitHub/Project-1-Thai-Character-Number-Recognition/PrintAksorn_dataset/test/sara_ai_maimalai_Sarabun-ExtraLight.png,228,ไ,214,0.885,228,0.885,228(ไ):0.885 | 227(ใ):0.004 | 164(ค):0.002,1
/Users/thiya/Documents/GitHub/Project-1-Thai-Character-Number-Recognition/PrintAksorn_dataset/test/sara_ai_maimalai_TH-Srisakdi-Bold.png,228,ไ,214,0.7351,228,0.7351,228(ไ):0.735 | 246(๖):0.059 | 242(๒):0.016,1
/Users/thiya/Documents/GitHub/Project-1-Thai-Character-Number-Recognition/PrintAksorn_dataset/test/sara_ai_maimalai_TlwgTypist-BoldOblique.png,228,ไ,214,0.9025,228,0.9025,228(ไ):0.902 | 246(๖):0.002 | 193(ม):0.002,1
/Users/thiya/Documents/GitHub/Project-1-Thai-Character-Number-Recognition/PrintAksorn_dataset/test/sara_ai_maimuan_Himmaparnt-Italic.png,227,ใ,213,0.9269,227,0.9269,227(ใ):0.927 | 226(โ):0.003 | 245(๕):0.002,1
/Users/thiya/Documents/GitHub/Project-1-Thai-Character-Number-Recognition/PrintAksorn_dataset/test/sara_ai_maimuan_JS-Giat-Bold.png,227,ใ,213,0.8985,227,0.8985,227(ใ):0.898 | 228(ไ):0.003 | 245(๕):0.003,1
/Users/thiya/Documents/GitHub/Project-1-Thai-Character-Number-Recognition/PrintAksorn_dataset/test/sara_ai_maimuan_JS-Prapakorn-Italic.png,227,ใ,213,0.6135,227,0.6135,227(ใ):0.613 | 210(า):0.110 | 228(ไ):0.031,1
/Users/thiya/Documents/GitHub/Project-1-Thai-Character-Number-Recognition/PrintAksorn_dataset/test/sara_ai_maimuan_Maitree-ExtraLight.png,227,ใ,213,0.8882,227,0.8882,227(ใ):0.888 | 245(๕):0.005 | 211(ำ):0.003,1
/Users/thiya/Documents/GitHub/Project-1-Thai-Character-Number-Recognition/PrintAksorn_dataset/test/sara_ai_maimuan_NotoSerifThai-ExtraCondensedThin.png,227,ใ,213,0.9211,227,0.9211,227(ใ):0.921 | 226(โ):0.003 | 228(ไ):0.002,1
/Users/thiya/Documents/GitHub/Project-1-Thai-Character-Number-Recognition/PrintAksorn_dataset/test/sara_ai_maimuan_Sarabun-Regular.png,227,ใ,213,0.9173,227,0.9173,227(ใ):0.917 | 226(โ):0.002 | 228(ไ):0.002,1
/Users/thiya/Documents/GitHub/Project-1-Thai-Character-Number-Recognition/PrintAksorn_dataset/test/sara_ai_maimuan_TH-KoHo-Bold.png,227,ใ,213,0.9291,227,0.9291,227(ใ):0.929 | 226(โ):0.008 | 170(ช):0.001,1
/Users/thiya/Documents/GitHub/Project-1-Thai-Character-Number-Recognition/PrintAksorn_dataset/test/sara_ai_maimuan_Trirong-Regular.png,227,ใ,213,0.9238,227,0.9238,227(ใ):0.924 | 226(โ):0.004 | 245(๕):0.003,1
/Users/thiya/Documents/GitHub/Project-1-Thai-Character-Number-Recognition/PrintAksorn_dataset/test/sara_am_Chonburi-Regular.png,211,ำ,,0.8191,211,0.8191,211(ำ):0.819 | 229(ๅ):0.006 | 210(า):0.006,1
/Users/thiya/Documents/GitHub/Project-1-Thai-Character-Number-Recognition/PrintAksorn_dataset/test/sara_am_Garuda-BoldOblique.png,211,ำ,,0.8989,211,0.8989,211(ำ):0.899 | 246(๖):0.003 | 229(ๅ):0.002,1
/Users/thiya/Documents/GitHub/Project-1-Thai-Character-Number-Recognition/PrintAksorn_dataset/test/sara_am_JS-Rapee-Bold.png,211,ำ,,0.8061,211,0.8061,211(ำ):0.806 | 229(ๅ):0.006 | 212(ิ):0.005,1
/Users/thiya/Documents/GitHub/Project-1-Thai-Character-Number-Recognition/PrintAksorn_dataset/test/sara_am_Maitree-Medium.png,211,ำ,,0.8812,211,0.8812,211(ำ):0.881 | 246(๖):0.005 | 229(ๅ):0.004,1
/Users/thiya/Documents/GitHub/Project-1-Thai-Character-Number-Recognition/PrintAksorn_dataset/test/sara_am_Maitree-Regular.png,211,ำ,,0.8405,211,0.8405,211(ำ):0.840 | 246(๖):0.007 | 229(ๅ):0.006,1
/Users/thiya/Documents/GitHub/Project-1-Thai-Character-Number-Recognition/PrintAksorn_dataset/test/sara_am_NotoSansThai-SemiBold.png,211,ำ,,0.7986,211,0.7986,211(ำ):0.799 | 229(ๅ):0.008 | 210(า):0.005,1
/Users/thiya/Documents/GitHub/Project-1-Thai-Character-Number-Recognition/PrintAksorn_dataset/test/sara_am_Prompt-BoldItalic.png,211,ำ,,0.8916,211,0.8916,211(ำ):0.892 | 226(โ):0.003 | 185(น):0.003,1
/Users/thiya/Documents/GitHub/Project-1-Thai-Character-Number-Recognition/PrintAksorn_dataset/test/sara_am_Prompt-ExtraBold.png,211,ำ,,0.8444,211,0.8444,211(ำ):0.844 | 229(ๅ):0.004 | 193(ม):0.004,1
/Users/thiya/Documents/GitHub/Project-1-Thai-Character-Number-Recognition/PrintAksorn_dataset/test/sara_am_Silom.png,211,ำ,,0.8715,211,0.8715,211(ำ):0.871 | 246(๖):0.005 | 229(ๅ):0.003,1
/Users/thiya/Documents/GitHub/Project-1-Thai-Character-Number-Recognition/PrintAksorn_dataset/test/sara_am_TlwgMono.png,211,ำ,,0.8204,211,0.8204,211(ำ):0.820 | 207(ฯ):0.006 | 193(ม):0.005,1
/Users/thiya/Documents/GitHub/Project-1-Thai-Character-Number-Recognition/PrintAksorn_dataset/test/sara_am_Umpush-Bold.png,211,ำ,,0.8715,211,0.8715,211(ำ):0.872 | 246(๖):0.004 | 213(ี):0.003,1
/Users/thiya/Documents/GitHub/Project-1-Thai-Character-Number-Recognition/PrintAksorn_dataset/test/sara_e_Athiti-Regular.png,224,เ,210,0.2788,224,0.2788,224(เ):0.279 | 232(่):0.092 | 227(ใ):0.068,1
/Users/thiya/Documents/GitHub/Project-1-Thai-Character-Number-Recognition/PrintAksorn_dataset/test/sara_e_JS-Arisa.png,224,เ,210,0.8966,224,0.8966,224(เ):0.897 | 227(ใ):0.004 | 226(โ):0.003,1
/Users/thiya/Documents/GitHub/Project-1-Thai-Character-Number-Recognition/PrintAksorn_dataset/test/sara_e_JS-Pisit-Normal.png,224,เ,210,0.8965,224,0.8965,224(เ):0.897 | 227(ใ):0.004 | 173(ญ):0.003,1
/Users/thiya/Documents/GitHub/Project-1-Thai-Character-Number-Recognition/PrintAksorn_dataset/test/sara_e_JS-Pudgrong-Normal.png,224,เ,210,0.9175,224,0.9175,224(เ):0.917 | 236(์):0.002 | 226(โ):0.002,1
/Users/thiya/Documents/GitHub/Project-1-Thai-Character-Number-Recognition/PrintAksorn_dataset/test/sara_e_KaniGa-Bold.png,224,เ,210,0.9103,224,0.9103,224(เ):0.910 | 227(ใ):0.003 | 226(โ):0.003,1
/Users/thiya/Documents/GitHub/Project-1-Thai-Character-Number-Recognition/PrintAksorn_dataset/test/sara_e_NotoSansThai-ExtraCondensedBlack.png,232,่,218,0.6934,232,0.6934,232(่):0.693 | 224(เ):0.091 | 244(๔):0.009,1
/Users/thiya/Documents/GitHub/Project-1-Thai-Character-Number-Recognition/PrintAksorn_dataset/test/sara_e_TH-Chakra-Petch-Bold-Italic.png,224,เ,210,0.9196,224,0.9196,224(เ):0.920 | 236(์):0.004 | 227(ใ):0.003,1
/Users/thiya/Documents/GitHub/Project-1-Thai-Character-Number-Recognition/PrintAksorn_dataset/test/sara_e_TH-K2D-July8-Bold.png,224,เ,210,0.9011,224,0.9011,224(เ):0.901 | 173(ญ):0.003 | 227(ใ):0.003,1
/Users/thiya/Documents/GitHub/Project-1-Thai-Character-Number-Recognition/PrintAksorn_dataset/test/sara_e_Taviraj-BlackItalic.png,224,เ,210,0.7282,224,0.7282,224(เ):0.728 | 232(่):0.026 | 236(์):0.014,1
/Users/thiya/Documents/GitHub/Project-1-Thai-Character-Number-Recognition/PrintAksorn_dataset/test/sara_e_Trirong-ExtraLightItalic.png,224,เ,210,0.8896,224,0.8896,224(เ):0.890 | 227(ใ):0.009 | 226(โ):0.007,1
/Users/thiya/Documents/GitHub/Project-1-Thai-Character-Number-Recognition/PrintAksorn_dataset/test/sara_e_Trirong-MediumItalic.png,224,เ,210,0.843,224,0.843,224(เ):0.843 | 227(ใ):0.012 | 226(โ):0.006,1
/Users/thiya/Documents/GitHub/Project-1-Thai-Character-Number-Recognition/PrintAksorn_dataset/test/sara_e_Trirong-SemiBoldItalic.png,224,เ,210,0.8526,224,0.8526,224(เ):0.853 | 227(ใ):0.008 | 236(์):0.005,1
/Users/thiya/Documents/GitHub/Project-1-Thai-Character-Number-Recognition/PrintAksorn_dataset/test/sara_i_Aksaramatee-Regular.png,212,ิ,204,0.8733,212,0.8733,212(ิ):0.873 | 213(ี):0.005 | 161(ก):0.003,1
/Users/thiya/Documents/GitHub/Project-1-Thai-Character-Number-Recognition/PrintAksorn_dataset/test/sara_i_JS-Prajuk-Italic.png,212,ิ,204,0.8477,212,0.8477,212(ิ):0.848 | 213(ี):0.009 | 235(๋):0.007,1
/Users/thiya/Documents/GitHub/Project-1-Thai-Character-Number-Recognition/PrintAksorn_dataset/test/sara_i_Kanit-Thin.png,213,ี,205,0.3604,213,0.3604,213(ี):0.360 | 248(๘):0.079 | 226(โ):0.068,1
/Users/thiya/Documents/GitHub/Project-1-Thai-Character-Number-Recognition/PrintAksorn_dataset/test/sara_i_NotoSansThai-SemiCondensedThin.png,213,ี,205,0.3635,213,0.3635,213(ี):0.364 | 235(๋):0.079 | 248(๘):0.068,1
/Users/thiya/Documents/GitHub/Project-1-Thai-Character-Number-Recognition/PrintAksorn_dataset/test/sara_i_NotoSerifThai-ExtraCondensedLight.png,212,ิ,204,0.8567,212,0.8567,212(ิ):0.857 | 240(๐):0.013 | 213(ี):0.006,1
/Users/thiya/Documents/GitHub/Project-1-Thai-Character-Number-Recognition/PrintAksorn_dataset/test/sara_i_TH-Baijam-Regular.png,212,ิ,204,0.8643,212,0.8643,212(ิ):0.864 | 213(ี):0.005 | 165(ฅ):0.003,1
/Users/thiya/Documents/GitHub/Project-1-Thai-Character-Number-Recognition/PrintAksorn_dataset/test/sara_i_TH-Charmonman-Regular.png,212,ิ,204,0.6341,212,0.6341,212(ิ):0.634 | 168(จ):0.118 | 167(ง):0.018,1
/Users/thiya/Documents/GitHub/Project-1-Thai-Character-Number-Recognition/PrintAksorn_dataset/test/sara_i_TH-KoHo-Bold-Italic.png,212,ิ,204,0.8887,212,0.8887,212(ิ):0.889 | 213(ี):0.007 | 215(ื):0.003,1
/Users/thiya/Documents/GitHub/Project-1-Thai-Character-Number-Recognition/PrintAksorn_dataset/test/sara_i_Taviraj-SemiBoldItalic.png,212,ิ,204,0.8924,212,0.8924,212(ิ):0.892 | 213(ี):0.008 | 214(ึ):0.003,1
/Users/thiya/Documents/GitHub/Project-1-Thai-Character-Number-Recognition/PrintAksorn_dataset/test/sara_i_Waree.png,212,ิ,204,0.8757,212,0.8757,212(ิ):0.876 | 213(ี):0.007 | 240(๐):0.005,1
/Users/thiya/Documents/GitHub/Project-1-Thai-Character-Number-Recognition/PrintAksorn_dataset/test/sara_ii_Himmaparnt-Regular.png,213,ี,205,0.8937,213,0.8937,213(ี):0.894 | 215(ื):0.005 | 212(ิ):0.003,1
/Users/thiya/Documents/GitHub/Project-1-Thai-Character-Number-Recognition/PrintAksorn_dataset/test/sara_ii_JS-Arisa-Italic.png,213,ี,205,0.8917,213,0.8917,213(ี):0.892 | 215(ื):0.004 | 233(้):0.003,1
/Users/thiya/Documents/GitHub/Project-1-Thai-Character-Number-Recognition/PrintAksorn_dataset/test/sara_ii_JS-Pumpuang-Normal.png,214,ึ,206,0.7954,214,0.7954,214(ึ):0.795 | 215(ื):0.050 | 213(ี):0.016,1
/Users/thiya/Documents/GitHub/Project-1-Thai-Character-Number-Recognition/PrintAksorn_dataset/test/sara_ii_JS-Synjai-Normal.png,213,ี,205,0.8902,213,0.8902,213(ี):0.890 | 215(ื):0.006 | 201(ษ):0.002,1
/Users/thiya/Documents/GitHub/Project-1-Thai-Character-Number-Recognition/PrintAksorn_dataset/test/sara_ii_Kanit-Regular.png,213,ี,205,0.8378,213,0.8378,213(ี):0.838 | 186(บ):0.033 | 235(๋):0.013,1
/Users/thiya/Documents/GitHub/Project-1-Thai-Character-Number-Recognition/PrintAksorn_dataset/test/sara_ii_NotoSansThai-SemiCondensedBold.png,213,ี,205,0.9548,213,0.9548,213(ี):0.955 | 215(ื):0.009 | 235(๋):0.006,1
/Users/thiya/Documents/GitHub/Project-1-Thai-Character-Number-Recognition/PrintAksorn_dataset/test/sara_ii_NotoSansThai-SemiCondensedSemiBold.png,213,ี,205,0.9343,213,0.9343,213(ี):0.934 | 215(ื):0.021 | 235(๋):0.005,1
/Users/thiya/Documents/GitHub/Project-1-Thai-Character-Number-Recognition/PrintAksorn_dataset/test/sara_ii_NotoSansThaiLooped-SemiBold.png,213,ี,205,0.8932,213,0.8932,213(ี):0.893 | 212(ิ):0.010 | 215(ื):0.010,1
/Users/thiya/Documents/GitHub/Project-1-Thai-Character-Number-Recognition/PrintAksorn_dataset/test/sara_ii_PSK-SmartItaic.png,213,ี,205,0.9201,213,0.9201,213(ี):0.920 | 215(ื):0.004 | 212(ิ):0.003,1
/Users/thiya/Documents/GitHub/Project-1-Thai-Character-Number-Recognition/PrintAksorn_dataset/test/sara_ii_TH-Kodchasal-Regular.png,213,ี,205,0.8609,213,0.8609,213(ี):0.861 | 215(ื):0.010 | 212(ิ):0.004,1
/Users/thiya/Documents/GitHub/Project-1-Thai-Character-Number-Recognition/PrintAksorn_dataset/test/sara_ii_Umpush-Oblique.png,213,ี,205,0.9034,213,0.9034,213(ี):0.903 | 215(ื):0.004 | 233(้):0.003,1
/Users/thiya/Documents/GitHub/Project-1-Thai-Character-Number-Recognition/PrintAksorn_dataset/test/sara_o_Himmaparnt-Regular.png,226,โ,212,0.9276,226,0.9276,226(โ):0.928 | 249(๙):0.002 | 211(ำ):0.002,1
/Users/thiya/Documents/GitHub/Project-1-Thai-Character-Number-Recognition/PrintAksorn_dataset/test/sara_o_Itim-Regular.png,226,โ,212,0.867,226,0.867,226(โ):0.867 | 249(๙):0.005 | 245(๕):0.003,1
/Users/thiya/Documents/GitHub/Project-1-Thai-Character-Number-Recognition/PrintAksorn_dataset/test/sara_o_JS-Pitsamai-Italic.png,226,โ,212,0.9032,226,0.9032,226(โ):0.903 | 249(๙):0.003 | 224(เ):0.003,1
/Users/thiya/Documents/GitHub/Project-1-Thai-Character-Number-Recognition/PrintAksorn_dataset/test/sara_o_Maitree-Medium.png,226,โ,212,0.9125,226,0.9125,226(โ):0.913 | 249(๙):0.003 | 193(ม):0.002,1
/Users/thiya/Documents/GitHub/Project-1-Thai-Character-Number-Recognition/PrintAksorn_dataset/test/sara_o_NotoSansThai-ExtraCondensedExtraBold.png,226,โ,212,0.8283,226,0.8283,226(โ):0.828 | 161(ก):0.010 | 184(ธ):0.008,1
/Users/thiya/Documents/GitHub/Project-1-Thai-Character-Number-Recognition/PrintAksorn_dataset/test/sara_o_Pattaya-Regular.png,226,โ,212,0.8913,226,0.8913,226(โ):0.891 | 184(ธ):0.004 | 161(ก):0.003,1
/Users/thiya/Documents/GitHub/Project-1-Thai-Character-Number-Recognition/PrintAksorn_dataset/test/sara_o_Trirong-LightItalic.png,226,โ,212,0.931,226,0.931,226(โ):0.931 | 249(๙):0.002 | 211(ำ):0.001,1
/Users/thiya/Documents/GitHub/Project-1-Thai-Character-Number-Recognition/PrintAksorn_dataset/test/sara_u_Garuda-Bold.png,216,ุ,208,0.4891,216,0.4891,216(ุ):0.489 | 227(ใ):0.033 | 162(ข):0.025,1
/Users/thiya/Documents/GitHub/Project-1-Thai-Character-Number-Recognition/PrintAksorn_dataset/test/sara_u_NotoSansThai-ExtraCondensed.png,232,่,218,0.7004,232,0.7004,232(่):0.700 | 216(ุ):0.079 | 210(า):0.046,1
/Users/thiya/Documents/GitHub/Project-1-Thai-Character-Number-Recognition/PrintAksorn_dataset/test/sara_u_NotoSansThai-Light.png,210,า,203,0.3845,210,0.3845,210(า):0.385 | 232(่):0.197 | 229(ๅ):0.116,1
/Users/thiya/Documents/GitHub/Project-1-Thai-Character-Number-Recognition/PrintAksorn_dataset/test/sara_u_Prompt-Medium.png,216,ุ,208,0.5419,216,0.5419,216(ุ):0.542 | 210(า):0.115 | 217(ู):0.074,1
/Users/thiya/Documents/GitHub/Project-1-Thai-Character-Number-Recognition/PrintAksorn_dataset/test/sara_u_TH-Baijam-Italic.png,216,ุ,208,0.8506,216,0.8506,216(ุ):0.851 | 241(๑):0.011 | 237(ํ):0.006,1
/Users/thiya/Documents/GitHub/Project-1-Thai-Character-Number-Recognition/PrintAksorn_dataset/test/sara_u_TH-K2D-July8-Bold.png,216,ุ,208,0.5238,216,0.5238,216(ุ):0.524 | 217(ู):0.063 | 241(๑):0.032,1
/Users/thiya/Documents/GitHub/Project-1-Thai-Character-Number-Recognition/PrintAksorn_dataset/test/sara_u_TlwgTypist-Bold.png,216,ุ,208,0.5934,216,0.5934,216(ุ):0.593 | 241(๑):0.035 | 168(จ):0.028,1
/Users/thiya/Documents/GitHub/Project-1-Thai-Character-Number-Recognition/PrintAksorn_dataset/test/sara_u_TlwgTypist-Oblique.png,216,ุ,208,0.5797,216,0.5797,216(ุ):0.580 | 241(๑):0.035 | 217(ู):0.030,1
/Users/thiya/Documents/GitHub/Project-1-Thai-Character-Number-Recognition/PrintAksorn_dataset/test/sara_ue_JS-Chulee.png,214,ึ,206,0.9157,214,0.9157,214(ึ):0.916 | 215(ื):0.004 | 211(ำ):0.002,1
/Users/thiya/Documents/GitHub/Project-1-Thai-Character-Number-Recognition/PrintAksorn_dataset/test/sara_ue_JS-Rapee-Bold-Italic.png,214,ึ,206,0.882,214,0.882,214(ึ):0.882 | 215(ื):0.019 | 167(ง):0.005,1
/Users/thiya/Documents/GitHub/Project-1-Thai-Character-Number-Recognition/PrintAksorn_dataset/test/sara_ue_JS-Sadayu-Allcaps.png,214,ึ,206,0.9401,214,0.9401,214(ึ):0.940 | 215(ื):0.002 | 212(ิ):0.002,1
/Users/thiya/Documents/GitHub/Project-1-Thai-Character-Number-Recognition/PrintAksorn_dataset/test/sara_ue_Kanit-ThinItalic.png,214,ึ,206,0.7525,214,0.7525,214(ึ):0.752 | 224(เ):0.016 | 209(ั):0.011,1
/Users/thiya/Documents/GitHub/Project-1-Thai-Character-Number-Recognition/PrintAksorn_dataset/test/sara_ue_Loma-Bold.png,214,ึ,206,0.9578,214,0.9578,214(ึ):0.958 | 194(ย):0.001 | 215(ื):0.001,1
/Users/thiya/Documents/GitHub/Project-1-Thai-Character-Number-Recognition/PrintAksorn_dataset/test/sara_ue_NotoSansThai-CondensedExtraLight.png,214,ึ,206,0.7274,214,0.7274,214(ึ):0.727 | 224(เ):0.018 | 246(๖):0.016,1
/Users/thiya/Documents/GitHub/Project-1-Thai-Character-Number-Recognition/PrintAksorn_dataset/test/sara_ue_NotoSansThai-ExtraCondensedSemiBold.png,214,ึ,206,0.8636,214,0.8636,214(ึ):0.864 | 212(ิ):0.010 | 235(๋):0.009,1
/Users/thiya/Documents/GitHub/Project-1-Thai-Character-Number-Recognition/PrintAksorn_dataset/test/sara_ue_NotoSansThaiLooped-Light.png,214,ึ,206,0.9141,214,0.9141,214(ึ):0.914 | 227(ใ):0.002 | 206(ฮ):0.002,1
/Users/thiya/Documents/GitHub/Project-1-Thai-Character-Number-Recognition/PrintAksorn_dataset/test/sara_ue_PSK-Smart-Regular.png,214,ึ,206,0.9188,214,0.9188,214(ึ):0.919 | 215(ื):0.006 | 194(ย):0.002,1
/Users/thiya/Documents/GitHub/Project-1-Thai-Character-Number-Recognition/PrintAksorn_dataset/test/sara_ue_SR-FahMai-Normal.png,214,ึ,206,0.9046,214,0.9046,214(ึ):0.905 | 215(ื):0.010 | 167(ง):0.004,1
/Users/thiya/Documents/GitHub/Project-1-Thai-Character-Number-Recognition/PrintAksorn_dataset/test/sara_ue_TlwgTypist-Oblique.png,214,ึ,206,0.9318,214,0.9318,214(ึ):0.932 | 215(ื):0.002 | 224(เ):0.002,1
/Users/thiya/Documents/GitHub/Project-1-Thai-Character-Number-Recognition/PrintAksorn_dataset/test/sara_uee_Athiti-SemiBold.png,215,ื,207,0.4285,215,0.4285,215(ื):0.428 | 235(๋):0.134 | 201(ษ):0.045,1
/Users/thiya/Documents/GitHub/Project-1-Thai-Character-Number-Recognition/PrintAksorn_dataset/test/sara_uee_ChulaNarak-Bold-Italic.png,232,่,218,0.0789,232,0.0789,232(่):0.079 | 198(ฦ):0.032 | 210(า):0.031,1
/Users/thiya/Documents/GitHub/Project-1-Thai-Character-Number-Recognition/PrintAksorn_dataset/test/sara_uee_Himmaparnt-Italic.png,215,ื,207,0.8991,215,0.8991,215(ื):0.899 | 214(ึ):0.004 | 247(๗):0.002,1
/Users/thiya/Documents/GitHub/Project-1-Thai-Character-Number-Recognition/PrintAksorn_dataset/test/sara_uee_JS-Arisa-Italic.png,215,ื,207,0.8936,215,0.8936,215(ื):0.894 | 205(อ):0.002 | 228(ไ):0.002,1
/Users/thiya/Documents/GitHub/Project-1-Thai-Character-Number-Recognition/PrintAksorn_dataset/test/sara_uee_JS-Saksit-Normal.png,215,ื,207,0.9245,215,0.9245,215(ื):0.925 | 212(ิ):0.002 | 242(๒):0.002,1
/Users/thiya/Documents/GitHub/Project-1-Thai-Character-Number-Recognition/PrintAksorn_dataset/test/sara_uee_JS-Saowapark-Normal.png,215,ื,207,0.92,215,0.92,215(ื):0.920 | 214(ึ):0.002 | 227(ใ):0.002,1
/Users/thiya/Documents/GitHub/Project-1-Thai-Character-Number-Recognition/PrintAksorn_dataset/test/sara_uee_NotoSerifThai-Medium.png,215,ื,207,0.9005,215,0.9005,215(ื):0.900 | 214(ึ):0.006 | 247(๗):0.003,1
/Users/thiya/Documents/GitHub/Project-1-Thai-Character-Number-Recognition/PrintAksorn_dataset/test/sara_uee_NotoSerifThai-SemiCondensed.png,215,ื,207,0.9136,215,0.9136,215(ื):0.914 | 214(ึ):0.004 | 247(๗):0.003,1
/Users/thiya/Documents/GitHub/Project-1-Thai-Character-Number-Recognition/PrintAksorn_dataset/test/sara_uee_Pridi-Light.png,215,ื,207,0.896,215,0.896,215(ื):0.896 | 214(ึ):0.005 | 228(ไ):0.003,1
/Users/thiya/Documents/GitHub/Project-1-Thai-Character-Number-Recognition/PrintAksorn_dataset/test/sara_uee_Prompt-Thin.png,186,บ,122,0.2687,186,0.2687,186(บ):0.269 | 193(ม):0.232 | 187(ป):0.062,1
/Users/thiya/Documents/GitHub/Project-1-Thai-Character-Number-Recognition/PrintAksorn_dataset/test/sara_uee_Purisa-Oblique.png,215,ื,207,0.843,215,0.843,215(ื):0.843 | 214(ึ):0.007 | 247(๗):0.007,1
/Users/thiya/Documents/GitHub/Project-1-Thai-Character-Number-Recognition/PrintAksorn_dataset/test/sara_uee_Sarabun-Thin.png,215,ื,207,0.9143,215,0.9143,215(ื):0.914 | 212(ิ):0.002 | 174(ฎ):0.002,1
/Users/thiya/Documents/GitHub/Project-1-Thai-Character-Number-Recognition/PrintAksorn_dataset/test/sara_uee_TH-Baijam-Regular.png,215,ื,207,0.9128,215,0.9128,215(ื):0.913 | 214(ึ):0.002 | 166(ฆ):0.002,1
/Users/thiya/Documents/GitHub/Project-1-Thai-Character-Number-Recognition/PrintAksorn_dataset/test/sara_uu_FonLeb-Bold-Italic.png,217,ู,209,0.7989,217,0.7989,217(ู):0.799 | 186(บ):0.138 | 162(ข):0.011,1
/Users/thiya/Documents/GitHub/Project-1-Thai-Character-Number-Recognition/PrintAksorn_dataset/test/sara_uu_JS-Pisit-Normal.png,217,ู,209,0.5248,217,0.5248,217(ู):0.525 | 186(บ):0.256 | 162(ข):0.056,1
/Users/thiya/Documents/GitHub/Project-1-Thai-Character-Number-Recognition/PrintAksorn_dataset/test/sara_uu_NotoSerifThai-SemiCondensedLight.png,186,บ,122,0.5428,186,0.5428,186(บ):0.543 | 217(ู):0.308 | 162(ข):0.017,1
/Users/thiya/Documents/GitHub/Project-1-Thai-Character-Number-Recognition/PrintAksorn_dataset/test/sara_uu_Pridi-Regular.png,217,ู,209,0.8661,217,0.8661,217(ู):0.866 | 186(บ):0.076 | 162(ข):0.015,1
/Users/thiya/Documents/GitHub/Project-1-Thai-Character-Number-Recognition/PrintAksorn_dataset/test/sara_uu_Silom.png,217,ู,209,0.852,217,0.852,217(ู):0.852 | 186(บ):0.081 | 162(ข):0.020,1
/Users/thiya/Documents/GitHub/Project-1-Thai-Character-Number-Recognition/PrintAksorn_dataset/test/sara_uu_TH-Chakra-Petch-Bold.png,217,ู,209,0.9043,217,0.9043,217(ู):0.904 | 186(บ):0.026 | 162(ข):0.018,1
/Users/thiya/Documents/GitHub/Project-1-Thai-Character-Number-Recognition/PrintAksorn_dataset/test/sara_uu_TH-K2D-July8-Italic.png,217,ู,209,0.8267,217,0.8267,217(ู):0.827 | 162(ข):0.056 | 186(บ):0.041,1
/Users/thiya/Documents/GitHub/Project-1-Thai-Character-Number-Recognition/PrintAksorn_dataset/test/sara_uu_TH-KoHo-Bold.png,217,ู,209,0.8593,217,0.8593,217(ู):0.859 | 186(บ):0.054 | 162(ข):0.015,1
/Users/thiya/Documents/GitHub/Project-1-Thai-Character-Number-Recognition/PrintAksorn_dataset/test/sara_uu_Taviraj-SemiBoldItalic.png,186,บ,122,0.798,186,0.798,186(บ):0.798 | 217(ู):0.080 | 162(ข):0.007,1
/Users/thiya/Documents/GitHub/Project-1-Thai-Character-Number-Recognition/PrintAksorn_dataset/test/sara_uu_Trirong-Regular.png,186,บ,122,0.7518,186,0.7518,186(บ):0.752 | 217(ู):0.045 | 162(ข):0.020,1
/Users/thiya/Documents/GitHub/Project-1-Thai-Character-Number-Recognition/PrintAksorn_dataset/test/sara_uu_Trirong-SemiBoldItalic.png,186,บ,122,0.7565,186,0.7565,186(บ):0.756 | 217(ู):0.124 | 162(ข):0.006,1
/Users/thiya/Documents/GitHub/Project-1-Thai-Character-Number-Recognition/PrintAksorn_dataset/test/sara_uu_Umpush-Bold.png,217,ู,209,0.4672,217,0.4672,217(ู):0.467 | 186(บ):0.338 | 162(ข):0.054,1
/Users/thiya/Documents/GitHub/Project-1-Thai-Character-Number-Recognition/PrintAksorn_dataset/test/semicolon_Aksaramatee-Regular.png,208,ะ,,0.2559,208,0.2559,208(ะ):0.256 | 211(ำ):0.162 | 227(ใ):0.065,1
/Users/thiya/Documents/GitHub/Project-1-Thai-Character-Number-Recognition/PrintAksorn_dataset/test/semicolon_JS-Thanaporn-Normal.png,208,ะ,,0.2957,208,0.2957,208(ะ):0.296 | 211(ำ):0.149 | 232(่):0.043,1
/Users/thiya/Documents/GitHub/Project-1-Thai-Character-Number-Recognition/PrintAksorn_dataset/test/semicolon_Kanit-SemiBold.png,208,ะ,,0.3492,208,0.3492,208(ะ):0.349 | 228(ไ):0.067 | 232(่):0.060,1
/Users/thiya/Documents/GitHub/Project-1-Thai-Character-Number-Recognition/PrintAksorn_dataset/test/semicolon_NotoSansThai-Bold.png,186,บ,122,0.1109,186,0.1109,186(บ):0.111 | 187(ป):0.100 | 240(๐):0.048,1
/Users/thiya/Documents/GitHub/Project-1-Thai-Character-Number-Recognition/PrintAksorn_dataset/test/semicolon_NotoSansThai-CondensedThin.png,187,ป,123,0.106,187,0.106,187(ป):0.106 | 186(บ):0.097 | 161(ก):0.049,1
/Users/thiya/Documents/GitHub/Project-1-Thai-Character-Number-Recognition/PrintAksorn_dataset/test/semicolon_NotoSansThai-SemiCondensedExtraBold.png,187,ป,123,0.1064,187,0.1064,187(ป):0.106 | 186(บ):0.095 | 161(ก):0.050,1
/Users/thiya/Documents/GitHub/Project-1-Thai-Character-Number-Recognition/PrintAksorn_dataset/test/semicolon_NotoSerifThai-CondensedLight.png,187,ป,123,0.106,187,0.106,187(ป):0.106 | 186(บ):0.097 | 161(ก):0.049,1
/Users/thiya/Documents/GitHub/Project-1-Thai-Character-Number-Recognition/PrintAksorn_dataset/test/semicolon_NotoSerifThai-ExtraLight.png,186,บ,122,0.1109,186,0.1109,186(บ):0.111 | 187(ป):0.100 | 240(๐):0.048,1
/Users/thiya/Documents/GitHub/Project-1-Thai-Character-Number-Recognition/PrintAksorn_dataset/test/semicolon_Sawasdee-Oblique.png,208,ะ,,0.2273,208,0.2273,208(ะ):0.227 | 199(ว):0.147 | 167(ง):0.058,1
/Users/thiya/Documents/GitHub/Project-1-Thai-Character-Number-Recognition/PrintAksorn_dataset/test/semicolon_Taviraj-ExtraLight.png,208,ะ,,0.3092,208,0.3092,208(ะ):0.309 | 211(ำ):0.126 | 176(ฐ):0.078,1
/Users/thiya/Documents/GitHub/Project-1-Thai-Character-Number-Recognition/PrintAksorn_dataset/test/slash_ChulaNarak-Regular.png,232,่,218,0.4438,232,0.4438,232(่):0.444 | 229(ๅ):0.170 | 187(ป):0.078,1
/Users/thiya/Documents/GitHub/Project-1-Thai-Character-Number-Recognition/PrintAksorn_dataset/test/slash_FonLeb-Bold-Italic.png,232,่,218,0.5988,232,0.5988,232(่):0.599 | 187(ป):0.079 | 189(ฝ):0.046,1
/Users/thiya/Documents/GitHub/Project-1-Thai-Character-Number-Recognition/PrintAksorn_dataset/test/slash_JS-75-Pumpuang.png,232,่,218,0.3522,232,0.3522,232(่):0.352 | 187(ป):0.124 | 189(ฝ):0.087,1
/Users/thiya/Documents/GitHub/Project-1-Thai-Character-Number-Recognition/PrintAksorn_dataset/test/slash_JS-Pranee-Italic.png,232,่,218,0.4781,232,0.4781,232(่):0.478 | 244(๔):0.057 | 210(า):0.048,1
/Users/thiya/Documents/GitHub/Project-1-Thai-Character-Number-Recognition/PrintAksorn_dataset/test/slash_JS-Pumpuang-Normal.png,232,่,218,0.3724,232,0.3724,232(่):0.372 | 187(ป):0.132 | 229(ๅ):0.103,1
/Users/thiya/Documents/GitHub/Project-1-Thai-Character-Number-Recognition/PrintAksorn_dataset/test/slash_Kanit-MediumItalic.png,232,่,218,0.5429,232,0.5429,232(่):0.543 | 187(ป):0.069 | 229(ๅ):0.064,1
/Users/thiya/Documents/GitHub/Project-1-Thai-Character-Number-Recognition/PrintAksorn_dataset/test/slash_NotoSansThai-CondensedExtraLight.png,187,ป,123,0.106,187,0.106,187(ป):0.106 | 186(บ):0.097 | 161(ก):0.049,1
/Users/thiya/Documents/GitHub/Project-1-Thai-Character-Number-Recognition/PrintAksorn_dataset/test/slash_NotoSerifThai-Black.png,186,บ,122,0.1097,186,0.1097,186(บ):0.110 | 187(ป):0.099 | 240(๐):0.050,1
/Users/thiya/Documents/GitHub/Project-1-Thai-Character-Number-Recognition/PrintAksorn_dataset/test/slash_Pridi-Regular.png,229,ๅ,215,0.3012,229,0.3012,229(ๅ):0.301 | 232(่):0.269 | 187(ป):0.109,1
/Users/thiya/Documents/GitHub/Project-1-Thai-Character-Number-Recognition/PrintAksorn_dataset/test/slash_Prompt-ExtraLightItalic.png,232,่,218,0.5121,232,0.5121,232(่):0.512 | 187(ป):0.087 | 189(ฝ):0.045,1
/Users/thiya/Documents/GitHub/Project-1-Thai-Character-Number-Recognition/PrintAksorn_dataset/test/slash_Prompt-Italic.png,232,่,218,0.5028,232,0.5028,232(่):0.503 | 187(ป):0.104 | 229(ๅ):0.046,1
/Users/thiya/Documents/GitHub/Project-1-Thai-Character-Number-Recognition/PrintAksorn_dataset/test/slash_Sarabun-Light.png,232,่,218,0.3017,232,0.3017,232(่):0.302 | 187(ป):0.149 | 229(ๅ):0.110,1
/Users/thiya/Documents/GitHub/Project-1-Thai-Character-Number-Recognition/PrintAksorn_dataset/test/slash_TH-Baijam-Bold-Italic.png,232,่,218,0.4975,232,0.4975,232(่):0.498 | 244(๔):0.052 | 233(้):0.043,1
/Users/thiya/Documents/GitHub/Project-1-Thai-Character-Number-Recognition/PrintAksorn_dataset/test/slash_TH-Baijam-Regular.png,232,่,218,0.3763,232,0.3763,232(่):0.376 | 187(ป):0.123 | 229(ๅ):0.095,1
/Users/thiya/Documents/GitHub/Project-1-Thai-Character-Number-Recognition/PrintAksorn_dataset/test/slash_TH-Niramit-AS-Italic.png,232,่,218,0.4698,232,0.4698,232(่):0.470 | 187(ป):0.102 | 189(ฝ):0.067,1
/Users/thiya/Documents/GitHub/Project-1-Thai-Character-Number-Recognition/PrintAksorn_dataset/test/so_ruesi_Aksaramatee-Bold.png,201,ษ,136,0.7805,201,0.7805,201(ษ):0.780 | 207(ฯ):0.011 | 173(ญ):0.008,1
/Users/thiya/Documents/GitHub/Project-1-Thai-Character-Number-Recognition/PrintAksorn_dataset/test/so_ruesi_Athiti-Light.png,201,ษ,136,0.8736,201,0.8736,201(ษ):0.874 | 242(๒):0.013 | 186(บ):0.004,1
/Users/thiya/Documents/GitHub/Project-1-Thai-Character-Number-Recognition/PrintAksorn_dataset/test/so_ruesi_Garuda-BoldOblique.png,201,ษ,136,0.8875,201,0.8875,201(ษ):0.888 | 194(ย):0.003 | 245(๕):0.002,1
/Users/thiya/Documents/GitHub/Project-1-Thai-Character-Number-Recognition/PrintAksorn_dataset/test/so_ruesi_JS-Pumpuang-Normal.png,201,ษ,136,0.7924,201,0.7924,201(ษ):0.792 | 206(ฮ):0.011 | 242(๒):0.011,1
/Users/thiya/Documents/GitHub/Project-1-Thai-Character-Number-Recognition/PrintAksorn_dataset/test/so_ruesi_JS-Sadayu-Bold.png,201,ษ,136,0.8748,201,0.8748,201(ษ):0.875 | 170(ช):0.003 | 236(์):0.003,1
/Users/thiya/Documents/GitHub/Project-1-Thai-Character-Number-Recognition/PrintAksorn_dataset/test/so_ruesi_NotoSansThaiLooped-Bold.png,201,ษ,136,0.9019,201,0.9019,201(ษ):0.902 | 194(ย):0.002 | 197(ล):0.002,1
/Users/thiya/Documents/GitHub/Project-1-Thai-Character-Number-Recognition/PrintAksorn_dataset/test/so_ruesi_NotoSerifThai-SemiCondensed.png,201,ษ,136,0.8724,201,0.8724,201(ษ):0.872 | 194(ย):0.003 | 170(ช):0.003,1
/Users/thiya/Documents/GitHub/Project-1-Thai-Character-Number-Recognition/PrintAksorn_dataset/test/so_ruesi_Sriracha-Regular.png,201,ษ,136,0.8911,201,0.8911,201(ษ):0.891 | 242(๒):0.006 | 245(๕):0.002,1
/Users/thiya/Documents/GitHub/Project-1-Thai-Character-Number-Recognition/PrintAksorn_dataset/test/so_ruesi_TH-KoHo-Bold-Italic.png,201,ษ,136,0.894,201,0.894,201(ษ):0.894 | 207(ฯ):0.003 | 180(ด):0.002,1
/Users/thiya/Documents/GitHub/Project-1-Thai-Character-Number-Recognition/PrintAksorn_dataset/test/so_ruesi_Taviraj-ExtraLightItalic.png,201,ษ,136,0.91,201,0.91,201(ษ):0.910 | 204(ฬ):0.002 | 207(ฯ):0.002,1
/Users/thiya/Documents/GitHub/Project-1-Thai-Character-Number-Recognition/PrintAksorn_dataset/test/so_ruesi_Taviraj-Italic.png,201,ษ,136,0.8898,201,0.8898,201(ษ):0.890 | 242(๒):0.002 | 204(ฬ):0.002,1
/Users/thiya/Documents/GitHub/Project-1-Thai-Character-Number-Recognition/PrintAksorn_dataset/test/so_ruesi_Umpush-Light.png,201,ษ,136,0.8882,201,0.8882,201(ษ):0.888 | 204(ฬ):0.003 | 207(ฯ):0.003,1
/Users/thiya/Documents/GitHub/Project-1-Thai-Character-Number-Recognition/PrintAksorn_dataset/test/so_ruesi_Waree-BoldOblique.png,201,ษ,136,0.8702,201,0.8702,201(ษ):0.870 | 216(ุ):0.003 | 198(ฦ):0.003,1
/Users/thiya/Documents/GitHub/Project-1-Thai-Character-Number-Recognition/PrintAksorn_dataset/test/so_sala_JS-Saksit-Normal.png,200,ศ,135,0.9076,200,0.9076,200(ศ):0.908 | 206(ฮ):0.005 | 202(ส):0.003,1
/Users/thiya/Documents/GitHub/Project-1-Thai-Character-Number-Recognition/PrintAksorn_dataset/test/so_sala_Kanit-BlackItalic.png,164,ค,104,0.6618,164,0.6618,164(ค):0.662 | 200(ศ):0.090 | 248(๘):0.016,1
/Users/thiya/Documents/GitHub/Project-1-Thai-Character-Number-Recognition/PrintAksorn_dataset/test/so_sala_Kinnari-Italic.png,200,ศ,135,0.8808,200,0.8808,200(ศ):0.881 | 206(ฮ):0.003 | 196(ฤ):0.003,1
/Users/thiya/Documents/GitHub/Project-1-Thai-Character-Number-Recognition/PrintAksorn_dataset/test/so_sala_Laksaman.png,200,ศ,135,0.931,200,0.931,200(ศ):0.931 | 189(ฝ):0.002 | 196(ฤ):0.002,1
/Users/thiya/Documents/GitHub/Project-1-Thai-Character-Number-Recognition/PrintAksorn_dataset/test/so_sala_NotoSansThai-SemiCondensedSemiBold.png,200,ศ,135,0.906,200,0.906,200(ศ):0.906 | 248(๘):0.005 | 161(ก):0.005,1
/Users/thiya/Documents/GitHub/Project-1-Thai-Character-Number-Recognition/PrintAksorn_dataset/test/so_sala_NotoSansThaiLooped-SemiBold.png,200,ศ,135,0.7894,200,0.7894,200(ศ):0.789 | 164(ค):0.017 | 248(๘):0.009,1
/Users/thiya/Documents/GitHub/Project-1-Thai-Character-Number-Recognition/PrintAksorn_dataset/test/so_sala_NotoSerifThai-ExtraCondensedLight.png,200,ศ,135,0.8743,200,0.8743,200(ศ):0.874 | 248(๘):0.007 | 206(ฮ):0.006,1
/Users/thiya/Documents/GitHub/Project-1-Thai-Character-Number-Recognition/PrintAksorn_dataset/test/so_sala_TH-Kodchasal-Regular.png,200,ศ,135,0.8627,200,0.8627,200(ศ):0.863 | 202(ส):0.007 | 248(๘):0.005,1
/Users/thiya/Documents/GitHub/Project-1-Thai-Character-Number-Recognition/PrintAksorn_dataset/test/so_sala_Taviraj-ExtraBold.png,200,ศ,135,0.8105,200,0.8105,200(ศ):0.810 | 202(ส):0.006 | 170(ช):0.005,1
/Users/thiya/Documents/GitHub/Project-1-Thai-Character-Number-Recognition/PrintAksorn_dataset/test/so_sala_Taviraj-LightItalic.png,200,ศ,135,0.8424,200,0.8424,200(ศ):0.842 | 202(ส):0.006 | 180(ด):0.004,1
/Users/thiya/Documents/GitHub/Project-1-Thai-Character-Number-Recognition/PrintAksorn_dataset/test/so_sala_TlwgTypewriter.png,200,ศ,135,0.8127,200,0.8127,200(ศ):0.813 | 202(ส):0.014 | 248(๘):0.008,1
/Users/thiya/Documents/GitHub/Project-1-Thai-Character-Number-Recognition/PrintAksorn_dataset/test/so_sala_Trirong-Medium.png,200,ศ,135,0.838,200,0.838,200(ศ):0.838 | 202(ส):0.007 | 164(ค):0.005,1
/Users/thiya/Documents/GitHub/Project-1-Thai-Character-Number-Recognition/PrintAksorn_dataset/test/so_so_JS-Wansika-Italic.png,171,ซ,109,0.6174,171,0.6174,171(ซ):0.617 | 170(ช):0.226 | 248(๘):0.009,1
/Users/thiya/Documents/GitHub/Project-1-Thai-Character-Number-Recognition/PrintAksorn_dataset/test/so_so_Kinnari.png,171,ซ,109,0.8954,171,0.8954,171(ซ):0.895 | 247(๗):0.005 | 187(ป):0.002,1
/Users/thiya/Documents/GitHub/Project-1-Thai-Character-Number-Recognition/PrintAksorn_dataset/test/so_so_Maitree-Bold.png,170,ช,108,0.5097,170,0.5097,170(ช):0.510 | 171(ซ):0.185 | 201(ษ):0.015,1
/Users/thiya/Documents/GitHub/Project-1-Thai-Character-Number-Recognition/PrintAksorn_dataset/test/so_so_NotoSerifThai-SemiCondensedSemiBold.png,171,ซ,109,0.8048,171,0.8048,171(ซ):0.805 | 163(ฃ):0.016 | 242(๒):0.008,1
/Users/thiya/Documents/GitHub/Project-1-Thai-Character-Number-Recognition/PrintAksorn_dataset/test/so_so_PSK-SmartBI.png,171,ซ,109,0.9345,171,0.9345,171(ซ):0.934 | 170(ช):0.004 | 163(ฃ):0.002,1
/Users/thiya/Documents/GitHub/Project-1-Thai-Character-Number-Recognition/PrintAksorn_dataset/test/so_so_TH-Niramit-AS-Bold-Italic.png,171,ซ,109,0.8976,171,0.8976,171(ซ):0.898 | 170(ช):0.004 | 187(ป):0.002,1
/Users/thiya/Documents/GitHub/Project-1-Thai-Character-Number-Recognition/PrintAksorn_dataset/test/so_so_TH-Niramit-AS-Italic.png,171,ซ,109,0.9018,171,0.9018,171(ซ):0.902 | 170(ช):0.007 | 187(ป):0.002,1
/Users/thiya/Documents/GitHub/Project-1-Thai-Character-Number-Recognition/PrintAksorn_dataset/test/so_so_TlwgTypo.png,171,ซ,109,0.7633,171,0.7633,171(ซ):0.763 | 163(ฃ):0.008 | 242(๒):0.008,1
/Users/thiya/Documents/GitHub/Project-1-Thai-Character-Number-Recognition/PrintAksorn_dataset/test/so_suea_JS-Jindara-Bold-Italic.png,202,ส,137,0.9183,202,0.9183,202(ส):0.918 | 195(ร):0.002 | 249(๙):0.002,1
/Users/thiya/Documents/GitHub/Project-1-Thai-Character-Number-Recognition/PrintAksorn_dataset/test/so_suea_JS-Padachamai-Normal.png,202,ส,137,0.9265,202,0.9265,202(ส):0.926 | 249(๙):0.003 | 176(ฐ):0.002,1
/Users/thiya/Documents/GitHub/Project-1-Thai-Character-Number-Recognition/PrintAksorn_dataset/test/so_suea_JS-Pranee-Italic.png,202,ส,137,0.8999,202,0.8999,202(ส):0.900 | 249(๙):0.010 | 170(ช):0.003,1
/Users/thiya/Documents/GitHub/Project-1-Thai-Character-Number-Recognition/PrintAksorn_dataset/test/so_suea_JS-Pudgrong-Normal.png,202,ส,137,0.8988,202,0.8988,202(ส):0.899 | 248(๘):0.003 | 249(๙):0.003,1
/Users/thiya/Documents/GitHub/Project-1-Thai-Character-Number-Recognition/PrintAksorn_dataset/test/so_suea_JS-Saksit-Bold.png,202,ส,137,0.9047,202,0.9047,202(ส):0.905 | 249(๙):0.002 | 248(๘):0.002,1
/Users/thiya/Documents/GitHub/Project-1-Thai-Character-Number-Recognition/PrintAksorn_dataset/test/so_suea_Kanit-Black.png,202,ส,137,0.6104,202,0.6104,202(ส):0.610 | 206(ฮ):0.042 | 192(ภ):0.025,1
/Users/thiya/Documents/GitHub/Project-1-Thai-Character-Number-Recognition/PrintAksorn_dataset/test/so_suea_Kinnari-BoldOblique.png,202,ส,137,0.9056,202,0.9056,202(ส):0.906 | 182(ถ):0.002 | 245(๕):0.002,1
/Users/thiya/Documents/GitHub/Project-1-Thai-Character-Number-Recognition/PrintAksorn_dataset/test/so_suea_Maitree-Medium.png,202,ส,137,0.901,202,0.901,202(ส):0.901 | 195(ร):0.003 | 249(๙):0.003,1
/Users/thiya/Documents/GitHub/Project-1-Thai-Character-Number-Recognition/PrintAksorn_dataset/test/so_suea_NotoSansThai-SemiCondensed.png,202,ส,137,0.8234,202,0.8234,202(ส):0.823 | 249(๙):0.022 | 248(๘):0.011,1
/Users/thiya/Documents/GitHub/Project-1-Thai-Character-Number-Recognition/PrintAksorn_dataset/test/so_suea_NotoSerifThai-ExtraCondensedExtraBold.png,202,ส,137,0.9281,202,0.9281,202(ส):0.928 | 197(ล):0.005 | 249(๙):0.002,1
/Users/thiya/Documents/GitHub/Project-1-Thai-Character-Number-Recognition/PrintAksorn_dataset/test/so_suea_Prompt-ExtraLightItalic.png,202,ส,137,0.8008,202,0.8008,202(ส):0.801 | 249(๙):0.039 | 200(ศ):0.019,1
/Users/thiya/Documents/GitHub/Project-1-Thai-Character-Number-Recognition/PrintAksorn_dataset/test/so_suea_Sarabun-ExtraLight.png,202,ส,137,0.9256,202,0.9256,202(ส):0.926 | 249(๙):0.002 | 176(ฐ):0.002,1
/Users/thiya/Documents/GitHub/Project-1-Thai-Character-Number-Recognition/PrintAksorn_dataset/test/so_suea_TH-Baijam-Bold-Italic.png,202,ส,137,0.9187,202,0.9187,202(ส):0.919 | 195(ร):0.002 | 197(ล):0.002,1
/Users/thiya/Documents/GitHub/Project-1-Thai-Character-Number-Recognition/PrintAksorn_dataset/test/so_suea_TH-Fahkwang-Regular.png,202,ส,137,0.9259,202,0.9259,202(ส):0.926 | 176(ฐ):0.002 | 249(๙):0.002,1
/Users/thiya/Documents/GitHub/Project-1-Thai-Character-Number-Recognition/PrintAksorn_dataset/test/so_suea_Taviraj-SemiBoldItalic.png,202,ส,137,0.917,202,0.917,202(ส):0.917 | 195(ร):0.002 | 213(ี):0.002,1
/Users/thiya/Documents/GitHub/Project-1-Thai-Character-Number-Recognition/PrintAksorn_dataset/test/so_suea_Taviraj-Thin.png,202,ส,137,0.9109,202,0.9109,202(ส):0.911 | 249(๙):0.002 | 176(ฐ):0.002,1
/Users/thiya/Documents/GitHub/Project-1-Thai-Character-Number-Recognition/PrintAksorn_dataset/test/thanthakhat_DC-Palamongkol-Bold.png,236,์,221,0.9171,236,0.9171,236(์):0.917 | 249(๙):0.003 | 197(ล):0.003,1
/Users/thiya/Documents/GitHub/Project-1-Thai-Character-Number-Recognition/PrintAksorn_dataset/test/thanthakhat_Garuda-Bold.png,236,์,221,0.8755,236,0.8755,236(์):0.875 | 244(๔):0.007 | 248(๘):0.004,1
/Users/thiya/Documents/GitHub/Project-1-Thai-Character-Number-Recognition/PrintAksorn_dataset/test/thanthakhat_JS-Mookravee-Normal.png,236,์,221,0.8915,236,0.8915,236(์):0.891 | 194(ย):0.003 | 248(๘):0.003,1
/Users/thiya/Documents/GitHub/Project-1-Thai-Character-Number-Recognition/PrintAksorn_dataset/test/thanthakhat_JS-Rapee-Italic.png,236,์,221,0.9184,236,0.9184,236(์):0.918 | 210(า):0.002 | 244(๔):0.002,1
/Users/thiya/Documents/GitHub/Project-1-Thai-Character-Number-Recognition/PrintAksorn_dataset/test/thanthakhat_Kinnari-Italic.png,236,์,221,0.9093,236,0.9093,236(์):0.909 | 189(ฝ):0.002 | 244(๔):0.002,1
/Users/thiya/Documents/GitHub/Project-1-Thai-Character-Number-Recognition/PrintAksorn_dataset/test/thanthakhat_NotoSansThai-SemiCondensedBlack.png,164,ค,104,0.4001,164,0.4001,164(ค):0.400 | 232(่):0.059 | 212(ิ):0.056,1
/Users/thiya/Documents/GitHub/Project-1-Thai-Character-Number-Recognition/PrintAksorn_dataset/test/thanthakhat_NotoSansThaiLooped-Light.png,236,์,221,0.626,236,0.626,236(์):0.626 | 244(๔):0.067 | 249(๙):0.023,1
/Users/thiya/Documents/GitHub/Project-1-Thai-Character-Number-Recognition/PrintAksorn_dataset/test/thanthakhat_Pattaya-Regular.png,244,๔,305,0.3929,244,0.3929,244(๔):0.393 | 236(์):0.114 | 231(็):0.088,1
/Users/thiya/Documents/GitHub/Project-1-Thai-Character-Number-Recognition/PrintAksorn_dataset/test/thanthakhat_Prompt-SemiBoldItalic.png,212,ิ,204,0.3087,212,0.3087,212(ิ):0.309 | 231(็):0.110 | 244(๔):0.076,1
/Users/thiya/Documents/GitHub/Project-1-Thai-Character-Number-Recognition/PrintAksorn_dataset/test/thanthakhat_TH-Baijam-Bold-Italic.png,236,์,221,0.7819,236,0.7819,236(์):0.782 | 209(ั):0.016 | 244(๔):0.008,1
/Users/thiya/Documents/GitHub/Project-1-Thai-Character-Number-Recognition/PrintAksorn_dataset/test/thanthakhat_TH-Srisakdi-Bold.png,236,์,221,0.5328,236,0.5328,236(์):0.533 | 209(ั):0.080 | 248(๘):0.060,1
/Users/thiya/Documents/GitHub/Project-1-Thai-Character-Number-Recognition/PrintAksorn_dataset/test/thanthakhat_TlwgMono-BoldOblique.png,244,๔,305,0.4665,244,0.4665,244(๔):0.467 | 214(ึ):0.072 | 240(๐):0.066,1
/Users/thiya/Documents/GitHub/Project-1-Thai-Character-Number-Recognition/PrintAksorn_dataset/test/thanthakhat_Umpush-Oblique.png,236,์,221,0.3047,236,0.3047,236(์):0.305 | 244(๔):0.160 | 248(๘):0.139,1
/Users/thiya/Documents/GitHub/Project-1-Thai-Character-Number-Recognition/PrintAksorn_dataset/test/thanthakhat_Umpush.png,236,์,221,0.2644,236,0.2644,236(์):0.264 | 244(๔):0.205 | 248(๘):0.138,1
/Users/thiya/Documents/GitHub/Project-1-Thai-Character-Number-Recognition/PrintAksorn_dataset/test/tho_montho_Chonburi-Regular.png,183,ท,119,0.2199,183,0.2199,183(ท):0.220 | 161(ก):0.098 | 177(ฑ):0.084,1
/Users/thiya/Documents/GitHub/Project-1-Thai-Character-Number-Recognition/PrintAksorn_dataset/test/tho_montho_JS-Chulee.png,177,ฑ,113,0.9114,177,0.9114,177(ฑ):0.911 | 203(ห):0.003 | 185(น):0.003,1
/Users/thiya/Documents/GitHub/Project-1-Thai-Character-Number-Recognition/PrintAksorn_dataset/test/tho_montho_JS-Junkaew-Italic.png,177,ฑ,113,0.9078,177,0.9078,177(ฑ):0.908 | 183(ท):0.005 | 203(ห):0.005,1
/Users/thiya/Documents/GitHub/Project-1-Thai-Character-Number-Recognition/PrintAksorn_dataset/test/tho_montho_JS-Puriphop-Normal.png,177,ฑ,113,0.6311,177,0.6311,177(ฑ):0.631 | 203(ห):0.067 | 163(ฃ):0.057,1
/Users/thiya/Documents/GitHub/Project-1-Thai-Character-Number-Recognition/PrintAksorn_dataset/test/tho_montho_JS-Synjai-Italic.png,177,ฑ,113,0.8879,177,0.8879,177(ฑ):0.888 | 163(ฃ):0.012 | 203(ห):0.006,1
/Users/thiya/Documents/GitHub/Project-1-Thai-Character-Number-Recognition/PrintAksorn_dataset/test/tho_montho_NotoSansThai-SemiBold.png,177,ฑ,113,0.809,177,0.809,177(ฑ):0.809 | 183(ท):0.028 | 182(ถ):0.006,1
/Users/thiya/Documents/GitHub/Project-1-Thai-Character-Number-Recognition/PrintAksorn_dataset/test/tho_montho_NotoSerifThai-ExtraCondensed.png,177,ฑ,113,0.8352,177,0.8352,177(ฑ):0.835 | 183(ท):0.010 | 163(ฃ):0.008,1
/Users/thiya/Documents/GitHub/Project-1-Thai-Character-Number-Recognition/PrintAksorn_dataset/test/tho_montho_NotoSerifThai-SemiCondensedBlack.png,177,ฑ,113,0.3726,177,0.3726,177(ฑ):0.373 | 183(ท):0.134 | 181(ต):0.055,1
/Users/thiya/Documents/GitHub/Project-1-Thai-Character-Number-Recognition/PrintAksorn_dataset/test/tho_montho_NotoSerifThai-SemiCondensedExtraBold.png,177,ฑ,113,0.7471,177,0.7471,177(ฑ):0.747 | 183(ท):0.042 | 181(ต):0.016,1
/Users/thiya/Documents/GitHub/Project-1-Thai-Character-Number-Recognition/PrintAksorn_dataset/test/tho_montho_Sriracha-Regular.png,177,ฑ,113,0.7128,177,0.7128,177(ฑ):0.713 | 183(ท):0.056 | 228(ไ):0.011,1
/Users/thiya/Documents/GitHub/Project-1-Thai-Character-Number-Recognition/PrintAksorn_dataset/test/tho_montho_TH-Fahkwang-Regular.png,177,ฑ,113,0.7095,177,0.7095,177(ฑ):0.709 | 203(ห):0.084 | 183(ท):0.027,1
/Users/thiya/Documents/GitHub/Project-1-Thai-Character-Number-Recognition/PrintAksorn_dataset/test/tho_montho_TlwgMono-Bold.png,177,ฑ,113,0.8992,177,0.8992,177(ฑ):0.899 | 203(ห):0.010 | 163(ฃ):0.007,1
/Users/thiya/Documents/GitHub/Project-1-Thai-Character-Number-Recognition/PrintAksorn_dataset/test/tho_montho_TlwgTypo-BoldOblique.png,177,ฑ,113,0.7219,177,0.7219,177(ฑ):0.722 | 183(ท):0.110 | 203(ห):0.026,1
/Users/thiya/Documents/GitHub/Project-1-Thai-Character-Number-Recognition/PrintAksorn_dataset/test/tho_montho_Trirong-Medium.png,177,ฑ,113,0.7822,177,0.7822,177(ฑ):0.782 | 163(ฃ):0.053 | 203(ห):0.008,1
/Users/thiya/Documents/GitHub/Project-1-Thai-Character-Number-Recognition/PrintAksorn_dataset/test/tho_phuthao_JS-Thanaporn-Normal.png,247,๗,308,0.5022,247,0.5022,247(๗):0.502 | 178(ฒ):0.093 | 173(ญ):0.081,1
/Users/thiya/Documents/GitHub/Project-1-Thai-Character-Number-Recognition/PrintAksorn_dataset/test/tho_phuthao_Kinnari-BoldOblique.png,178,ฒ,114,0.9136,178,0.9136,178(ฒ):0.914 | 247(๗):0.003 | 181(ต):0.002,1
/Users/thiya/Documents/GitHub/Project-1-Thai-Character-Number-Recognition/PrintAksorn_dataset/test/tho_phuthao_Laksaman-Italic.png,178,ฒ,114,0.9259,178,0.9259,178(ฒ):0.926 | 181(ต):0.002 | 247(๗):0.002,1
/Users/thiya/Documents/GitHub/Project-1-Thai-Character-Number-Recognition/PrintAksorn_dataset/test/tho_phuthao_NotoSansThai-CondensedThin.png,247,๗,308,0.4451,247,0.4451,247(๗):0.445 | 163(ฃ):0.050 | 178(ฒ):0.041,1
/Users/thiya/Documents/GitHub/Project-1-Thai-Character-Number-Recognition/PrintAksorn_dataset/test/tho_phuthao_NotoSerifThai-SemiCondensed.png,178,ฒ,114,0.8891,178,0.8891,178(ฒ):0.889 | 181(ต):0.002 | 228(ไ):0.002,1
/Users/thiya/Documents/GitHub/Project-1-Thai-Character-Number-Recognition/PrintAksorn_dataset/test/tho_phuthao_NotoSerifThai-SemiCondensedBlack.png,178,ฒ,114,0.9184,178,0.9184,178(ฒ):0.918 | 179(ณ):0.004 | 247(๗):0.003,1
/Users/thiya/Documents/GitHub/Project-1-Thai-Character-Number-Recognition/PrintAksorn_dataset/test/tho_phuthao_Sarabun-Regular.png,178,ฒ,114,0.8827,178,0.8827,178(ฒ):0.883 | 168(จ):0.002 | 181(ต):0.002,1
/Users/thiya/Documents/GitHub/Project-1-Thai-Character-Number-Recognition/PrintAksorn_dataset/test/tho_phuthao_Umpush-Oblique.png,178,ฒ,114,0.9071,178,0.9071,178(ฒ):0.907 | 228(ไ):0.002 | 242(๒):0.002,1
/Users/thiya/Documents/GitHub/Project-1-Thai-Character-Number-Recognition/PrintAksorn_dataset/test/tho_phuthao_Waree-Bold.png,178,ฒ,114,0.8986,178,0.8986,178(ฒ):0.899 | 168(จ):0.003 | 181(ต):0.002,1
/Users/thiya/Documents/GitHub/Project-1-Thai-Character-Number-Recognition/PrintAksorn_dataset/test/tho_thahan_DC-Palamongkol-Regular.png,183,ท,119,0.8303,183,0.8303,183(ท):0.830 | 162(ข):0.007 | 203(ห):0.004,1
/Users/thiya/Documents/GitHub/Project-1-Thai-Character-Number-Recognition/PrintAksorn_dataset/test/tho_thahan_JS-Saowapark-Italic.png,183,ท,119,0.8833,183,0.8833,183(ท):0.883 | 182(ถ):0.003 | 180(ด):0.002,1
/Users/thiya/Documents/GitHub/Project-1-Thai-Character-Number-Recognition/PrintAksorn_dataset/test/tho_thahan_NotoSansThaiLooped-Bold.png,183,ท,119,0.8883,183,0.8883,183(ท):0.888 | 182(ถ):0.003 | 170(ช):0.003,1
/Users/thiya/Documents/GitHub/Project-1-Thai-Character-Number-Recognition/PrintAksorn_dataset/test/tho_thahan_NotoSerifThai-SemiCondensed.png,183,ท,119,0.9001,183,0.9001,183(ท):0.900 | 162(ข):0.002 | 203(ห):0.002,1
/Users/thiya/Documents/GitHub/Project-1-Thai-Character-Number-Recognition/PrintAksorn_dataset/test/tho_thahan_Sarabun-ThinItalic.png,183,ท,119,0.7832,183,0.7832,183(ท):0.783 | 203(ห):0.007 | 162(ข):0.006,1
/Users/thiya/Documents/GitHub/Project-1-Thai-Character-Number-Recognition/PrintAksorn_dataset/test/tho_thahan_Taviraj-ExtraLightItalic.png,183,ท,119,0.7881,183,0.7881,183(ท):0.788 | 203(ห):0.020 | 161(ก):0.005,1
/Users/thiya/Documents/GitHub/Project-1-Thai-Character-Number-Recognition/PrintAksorn_dataset/test/tho_thahan_Trirong-BoldItalic.png,183,ท,119,0.7956,183,0.7956,183(ท):0.796 | 203(ห):0.035 | 185(น):0.005,1
/Users/thiya/Documents/GitHub/Project-1-Thai-Character-Number-Recognition/PrintAksorn_dataset/test/tho_than_Aksaramatee-Italic.png,176,ฐ,112,0.9377,176,0.9377,176(ฐ):0.938 | 245(๕):0.002 | 173(ญ):0.002,1
/Users/thiya/Documents/GitHub/Project-1-Thai-Character-Number-Recognition/PrintAksorn_dataset/test/tho_than_ChulaNarak-Regular.png,176,ฐ,112,0.9207,176,0.9207,176(ฐ):0.921 | 245(๕):0.003 | 169(ฉ):0.002,1
/Users/thiya/Documents/GitHub/Project-1-Thai-Character-Number-Recognition/PrintAksorn_dataset/test/tho_than_DC-Palamongkol-Regular.png,176,ฐ,112,0.9218,176,0.9218,176(ฐ):0.922 | 245(๕):0.003 | 173(ญ):0.003,1
/Users/thiya/Documents/GitHub/Project-1-Thai-Character-Number-Recognition/PrintAksorn_dataset/test/tho_than_JS-Saksit-Normal.png,176,ฐ,112,0.9462,176,0.9462,176(ฐ):0.946 | 245(๕):0.002 | 173(ญ):0.002,1
/Users/thiya/Documents/GitHub/Project-1-Thai-Character-Number-Recognition/PrintAksorn_dataset/test/tho_than_Kinnari-Bold.png,176,ฐ,112,0.922,176,0.922,176(ฐ):0.922 | 245(๕):0.008 | 173(ญ):0.003,1
/Users/thiya/Documents/GitHub/Project-1-Thai-Character-Number-Recognition/PrintAksorn_dataset/test/tho_than_Mitr-Regular.png,176,ฐ,112,0.5862,176,0.5862,176(ฐ):0.586 | 245(๕):0.031 | 175(ฏ):0.028,1
/Users/thiya/Documents/GitHub/Project-1-Thai-Character-Number-Recognition/PrintAksorn_dataset/test/tho_than_Norasi-BoldItalic.png,176,ฐ,112,0.891,176,0.891,176(ฐ):0.891 | 245(๕):0.012 | 173(ญ):0.003,1
/Users/thiya/Documents/GitHub/Project-1-Thai-Character-Number-Recognition/PrintAksorn_dataset/test/tho_than_NotoSansThai-CondensedBold.png,176,ฐ,112,0.8545,176,0.8545,176(ฐ):0.854 | 175(ฏ):0.007 | 245(๕):0.007,1
/Users/thiya/Documents/GitHub/Project-1-Thai-Character-Number-Recognition/PrintAksorn_dataset/test/tho_than_NotoSerifThai-ExtraCondensedExtraLight.png,176,ฐ,112,0.897,176,0.897,176(ฐ):0.897 | 175(ฏ):0.009 | 204(ฬ):0.003,1
/Users/thiya/Documents/GitHub/Project-1-Thai-Character-Number-Recognition/PrintAksorn_dataset/test/tho_than_Sriracha-Regular.png,176,ฐ,112,0.909,176,0.909,176(ฐ):0.909 | 245(๕):0.015 | 248(๘):0.009,1
/Users/thiya/Documents/GitHub/Project-1-Thai-Character-Number-Recognition/PrintAksorn_dataset/test/tho_thong_Loma.png,184,ธ,120,0.9319,184,0.9319,184(ธ):0.932 | 176(ฐ):0.002 | 208(ะ):0.002,1
/Users/thiya/Documents/GitHub/Project-1-Thai-Character-Number-Recognition/PrintAksorn_dataset/test/tho_thong_NotoSansThai-Bold.png,184,ธ,120,0.59,184,0.59,184(ธ):0.590 | 195(ร):0.044 | 246(๖):0.039,1
/Users/thiya/Documents/GitHub/Project-1-Thai-Character-Number-Recognition/PrintAksorn_dataset/test/tho_thong_NotoSansThaiLooped-Thin.png,184,ธ,120,0.8787,184,0.8787,184(ธ):0.879 | 240(๐):0.009 | 246(๖):0.009,1
/Users/thiya/Documents/GitHub/Project-1-Thai-Character-Number-Recognition/PrintAksorn_dataset/test/tho_thong_Prompt-ExtraLight.png,246,๖,307,0.251,246,0.251,246(๖):0.251 | 240(๐):0.201 | 206(ฮ):0.057,1
/Users/thiya/Documents/GitHub/Project-1-Thai-Character-Number-Recognition/PrintAksorn_dataset/test/tho_thong_Sarabun-ExtraBold.png,184,ธ,120,0.6864,184,0.6864,184(ธ):0.686 | 195(ร):0.029 | 249(๙):0.023,1
/Users/thiya/Documents/GitHub/Project-1-Thai-Character-Number-Recognition/PrintAksorn_dataset/test/tho_thong_TH-Charmonman-Regular.png,184,ธ,120,0.873,184,0.873,184(ธ):0.873 | 195(ร):0.005 | 226(โ):0.005,1
/Users/thiya/Documents/GitHub/Project-1-Thai-Character-Number-Recognition/PrintAksorn_dataset/test/tho_thong_Taviraj-MediumItalic.png,184,ธ,120,0.8644,184,0.8644,184(ธ):0.864 | 208(ะ):0.009 | 176(ฐ):0.007,1
/Users/thiya/Documents/GitHub/Project-1-Thai-Character-Number-Recognition/PrintAksorn_dataset/test/tho_thung_ChulaNarak-Bold-Italic.png,182,ถ,118,0.9054,182,0.9054,182(ถ):0.905 | 196(ฤ):0.003 | 185(น):0.003,1
/Users/thiya/Documents/GitHub/Project-1-Thai-Character-Number-Recognition/PrintAksorn_dataset/test/tho_thung_FonLeb-Italic.png,182,ถ,118,0.9096,182,0.9096,182(ถ):0.910 | 196(ฤ):0.003 | 224(เ):0.002,1
/Users/thiya/Documents/GitHub/Project-1-Thai-Character-Number-Recognition/PrintAksorn_dataset/test/tho_thung_Himmaparnt-Bold.png,182,ถ,118,0.9299,182,0.9299,182(ถ):0.930 | 173(ญ):0.003 | 199(ว):0.002,1
/Users/thiya/Documents/GitHub/Project-1-Thai-Character-Number-Recognition/PrintAksorn_dataset/test/tho_thung_JS-75-Pumpuang.png,161,ก,101,0.7983,161,0.7983,161(ก):0.798 | 174(ฎ):0.008 | 186(บ):0.007,1
/Users/thiya/Documents/GitHub/Project-1-Thai-Character-Number-Recognition/PrintAksorn_dataset/test/tho_thung_JS-Angsumalin.png,182,ถ,118,0.902,182,0.902,182(ถ):0.902 | 196(ฤ):0.004 | 199(ว):0.003,1
/Users/thiya/Documents/GitHub/Project-1-Thai-Character-Number-Recognition/PrintAksorn_dataset/test/tho_thung_Prompt-BoldItalic.png,161,ก,101,0.404,161,0.404,161(ก):0.404 | 182(ถ):0.286 | 192(ภ):0.024,1
/Users/thiya/Documents/GitHub/Project-1-Thai-Character-Number-Recognition/PrintAksorn_dataset/test/tho_thung_TH-Fahkwang-Italic.png,182,ถ,118,0.9316,182,0.9316,182(ถ):0.932 | 197(ล):0.003 | 246(๖):0.002,1
/Users/thiya/Documents/GitHub/Project-1-Thai-Character-Number-Recognition/PrintAksorn_dataset/test/tho_thung_Taviraj-LightItalic.png,182,ถ,118,0.9294,182,0.9294,182(ถ):0.929 | 197(ล):0.003 | 196(ฤ):0.002,1
/Users/thiya/Documents/GitHub/Project-1-Thai-Character-Number-Recognition/PrintAksorn_dataset/test/to_patak_JS-Saksit-Normal.png,175,ฏ,111,0.9379,175,0.9379,175(ฏ):0.938 | 174(ฎ):0.013 | 211(ำ):0.001,1
/Users/thiya/Documents/GitHub/Project-1-Thai-Character-Number-Recognition/PrintAksorn_dataset/test/to_patak_Laksaman.png,175,ฏ,111,0.9103,175,0.9103,175(ฏ):0.910 | 174(ฎ):0.005 | 211(ำ):0.002,1
/Users/thiya/Documents/GitHub/Project-1-Thai-Character-Number-Recognition/PrintAksorn_dataset/test/to_patak_NotoSerifThai-CondensedBlack.png,175,ฏ,111,0.935,175,0.935,175(ฏ):0.935 | 174(ฎ):0.013 | 176(ฐ):0.002,1
/Users/thiya/Documents/GitHub/Project-1-Thai-Character-Number-Recognition/PrintAksorn_dataset/test/to_patak_NotoSerifThai-CondensedSemiBold.png,175,ฏ,111,0.9416,175,0.9416,175(ฏ):0.942 | 174(ฎ):0.011 | 172(ฌ):0.002,1
/Users/thiya/Documents/GitHub/Project-1-Thai-Character-Number-Recognition/PrintAksorn_dataset/test/to_patak_NotoSerifThai-SemiCondensedLight.png,175,ฏ,111,0.9112,175,0.9112,175(ฏ):0.911 | 174(ฎ):0.009 | 203(ห):0.002,1
/Users/thiya/Documents/GitHub/Project-1-Thai-Character-Number-Recognition/PrintAksorn_dataset/test/to_patak_SR-FahMai-Bold.png,175,ฏ,111,0.9295,175,0.9295,175(ฏ):0.930 | 174(ฎ):0.010 | 172(ฌ):0.002,1
/Users/thiya/Documents/GitHub/Project-1-Thai-Character-Number-Recognition/PrintAksorn_dataset/test/to_patak_SukhumvitSet.png,174,ฎ,,0.5887,174,0.5887,174(ฎ):0.589 | 175(ฏ):0.357 | 182(ถ):0.002,1
/Users/thiya/Documents/GitHub/Project-1-Thai-Character-Number-Recognition/PrintAksorn_dataset/test/to_patak_TlwgMono-Oblique.png,175,ฏ,111,0.9105,175,0.9105,175(ฏ):0.910 | 174(ฎ):0.006 | 211(ำ):0.002,1
/Users/thiya/Documents/GitHub/Project-1-Thai-Character-Number-Recognition/PrintAksorn_dataset/test/to_patak_Trirong-Thin.png,175,ฏ,111,0.9072,175,0.9072,175(ฏ):0.907 | 174(ฎ):0.010 | 211(ำ):0.002,1
/Users/thiya/Documents/GitHub/Project-1-Thai-Character-Number-Recognition/PrintAksorn_dataset/test/to_tao_JS-Charnchai-Normal.png,181,ต,117,0.9086,181,0.9086,181(ต):0.909 | 197(ล):0.002 | 217(ู):0.002,1
/Users/thiya/Documents/GitHub/Project-1-Thai-Character-Number-Recognition/PrintAksorn_dataset/test/to_tao_JS-Junkaew-Italic.png,181,ต,117,0.8929,181,0.8929,181(ต):0.893 | 180(ด):0.002 | 162(ข):0.002,1
/Users/thiya/Documents/GitHub/Project-1-Thai-Character-Number-Recognition/PrintAksorn_dataset/test/to_tao_JS-Saowapark-Italic.png,181,ต,117,0.8996,181,0.8996,181(ต):0.900 | 217(ู):0.002 | 187(ป):0.002,1
/Users/thiya/Documents/GitHub/Project-1-Thai-Character-Number-Recognition/PrintAksorn_dataset/test/to_tao_Kanit-MediumItalic.png,243,๓,304,0.7088,243,0.7088,243(๓):0.709 | 240(๐):0.019 | 242(๒):0.014,1
/Users/thiya/Documents/GitHub/Project-1-Thai-Character-Number-Recognition/PrintAksorn_dataset/test/to_tao_NotoSansThai-ExtraCondensedMedium.png,243,๓,304,0.8184,243,0.8184,243(๓):0.818 | 181(ต):0.029 | 240(๐):0.014,1
/Users/thiya/Documents/GitHub/Project-1-Thai-Character-Number-Recognition/PrintAksorn_dataset/test/to_tao_NotoSansThai-Light.png,243,๓,304,0.3843,243,0.3843,243(๓):0.384 | 242(๒):0.068 | 240(๐):0.066,1
/Users/thiya/Documents/GitHub/Project-1-Thai-Character-Number-Recognition/PrintAksorn_dataset/test/to_tao_NotoSansThai-SemiCondensedExtraLight.png,243,๓,304,0.6137,243,0.6137,243(๓):0.614 | 242(๒):0.023 | 230(ๆ):0.016,1
/Users/thiya/Documents/GitHub/Project-1-Thai-Character-Number-Recognition/PrintAksorn_dataset/test/to_tao_NotoSerifThai-CondensedLight.png,181,ต,117,0.9236,181,0.9236,181(ต):0.924 | 165(ฅ):0.003 | 243(๓):0.002,1
/Users/thiya/Documents/GitHub/Project-1-Thai-Character-Number-Recognition/PrintAksorn_dataset/test/to_tao_Prompt-Medium.png,243,๓,304,0.484,243,0.484,243(๓):0.484 | 240(๐):0.097 | 242(๒):0.032,1
/Users/thiya/Documents/GitHub/Project-1-Thai-Character-Number-Recognition/PrintAksorn_dataset/test/to_tao_Prompt-SemiBoldItalic.png,243,๓,304,0.6702,243,0.6702,243(๓):0.670 | 240(๐):0.035 | 242(๒):0.015,1
/Users/thiya/Documents/GitHub/Project-1-Thai-Character-Number-Recognition/PrintAksorn_dataset/test/to_tao_Sarabun-Italic.png,181,ต,117,0.911,181,0.911,181(ต):0.911 | 243(๓):0.003 | 165(ฅ):0.003,1
/Users/thiya/Documents/GitHub/Project-1-Thai-Character-Number-Recognition/PrintAksorn_dataset/test/to_tao_Trirong-ThinItalic.png,181,ต,117,0.9212,181,0.9212,181(ต):0.921 | 243(๓):0.002 | 165(ฅ):0.002,1
/Users/thiya/Documents/GitHub/Project-1-Thai-Character-Number-Recognition/PrintAksorn_dataset/test/wo_waen_DC-Palamongkol-Regular.png,199,ว,134,0.9279,199,0.9279,199(ว):0.928 | 183(ท):0.001 | 205(อ):0.001,1
/Users/thiya/Documents/GitHub/Project-1-Thai-Character-Number-Recognition/PrintAksorn_dataset/test/wo_waen_FonLeb-Bold.png,199,ว,134,0.9091,199,0.9091,199(ว):0.909 | 227(ใ):0.002 | 195(ร):0.002,1
/Users/thiya/Documents/GitHub/Project-1-Thai-Character-Number-Recognition/PrintAksorn_dataset/test/wo_waen_JS-Prajuk-Italic.png,199,ว,134,0.9,199,0.9,199(ว):0.900 | 195(ร):0.005 | 246(๖):0.004,1
/Users/thiya/Documents/GitHub/Project-1-Thai-Character-Number-Recognition/PrintAksorn_dataset/test/wo_waen_JS-Pumpuang-Normal.png,240,๐,301,0.5877,240,0.5877,240(๐):0.588 | 241(๑):0.107 | 199(ว):0.054,1
/Users/thiya/Documents/GitHub/Project-1-Thai-Character-Number-Recognition/PrintAksorn_dataset/test/wo_waen_KaniGa-Bold.png,199,ว,134,0.9182,199,0.9182,199(ว):0.918 | 246(๖):0.002 | 162(ข):0.002,1
/Users/thiya/Documents/GitHub/Project-1-Thai-Character-Number-Recognition/PrintAksorn_dataset/test/wo_waen_Loma-Bold.png,199,ว,134,0.9258,199,0.9258,199(ว):0.926 | 195(ร):0.002 | 246(๖):0.002,1
/Users/thiya/Documents/GitHub/Project-1-Thai-Character-Number-Recognition/PrintAksorn_dataset/test/wo_waen_Mitr-Medium.png,199,ว,134,0.2725,199,0.2725,199(ว):0.272 | 240(๐):0.157 | 241(๑):0.117,1
/Users/thiya/Documents/GitHub/Project-1-Thai-Character-Number-Recognition/PrintAksorn_dataset/test/wo_waen_PSK-Smart-Bold.png,199,ว,134,0.922,199,0.922,199(ว):0.922 | 162(ข):0.002 | 240(๐):0.001,1
/Users/thiya/Documents/GitHub/Project-1-Thai-Character-Number-Recognition/PrintAksorn_dataset/test/wo_waen_Pattaya-Regular.png,241,๑,302,0.3022,241,0.3022,241(๑):0.302 | 199(ว):0.171 | 240(๐):0.093,1
/Users/thiya/Documents/GitHub/Project-1-Thai-Character-Number-Recognition/PrintAksorn_dataset/test/wo_waen_Pridi-Bold.png,199,ว,134,0.8712,199,0.8712,199(ว):0.871 | 195(ร):0.011 | 246(๖):0.004,1
/Users/thiya/Documents/GitHub/Project-1-Thai-Character-Number-Recognition/PrintAksorn_dataset/test/wo_waen_Pridi-SemiBold.png,199,ว,134,0.899,199,0.899,199(ว):0.899 | 195(ร):0.006 | 246(๖):0.003,1
/Users/thiya/Documents/GitHub/Project-1-Thai-Character-Number-Recognition/PrintAksorn_dataset/test/wo_waen_TH-Mali-Grade6-Regular.png,199,ว,134,0.9256,199,0.9256,199(ว):0.926 | 197(ล):0.002 | 246(๖):0.001,1
/Users/thiya/Documents/GitHub/Project-1-Thai-Character-Number-Recognition/PrintAksorn_dataset/test/yo_yak_JS-Rapee-Bold.png,194,ย,130,0.8928,194,0.8928,194(ย):0.893 | 199(ว):0.002 | 172(ฌ):0.002,1
/Users/thiya/Documents/GitHub/Project-1-Thai-Character-Number-Recognition/PrintAksorn_dataset/test/yo_yak_Kinnari-BoldItalic.png,194,ย,130,0.9103,194,0.9103,194(ย):0.910 | 206(ฮ):0.002 | 207(ฯ):0.002,1
/Users/thiya/Documents/GitHub/Project-1-Thai-Character-Number-Recognition/PrintAksorn_dataset/test/yo_yak_NotoSansThai-CondensedExtraBold.png,194,ย,130,0.883,194,0.883,194(ย):0.883 | 162(ข):0.006 | 217(ู):0.005,1
/Users/thiya/Documents/GitHub/Project-1-Thai-Character-Number-Recognition/PrintAksorn_dataset/test/yo_yak_NotoSerifThai-SemiCondensedMedium.png,194,ย,130,0.9052,194,0.9052,194(ย):0.905 | 230(ๆ):0.002 | 210(า):0.002,1
/Users/thiya/Documents/GitHub/Project-1-Thai-Character-Number-Recognition/PrintAksorn_dataset/test/yo_yak_Taviraj-Light.png,194,ย,130,0.8766,194,0.8766,194(ย):0.877 | 186(บ):0.004 | 165(ฅ):0.003,1
/Users/thiya/Documents/GitHub/Project-1-Thai-Character-Number-Recognition/PrintAksorn_dataset/test/yo_ying_CmPrasanmit-Bold.png,173,ญ,110,0.9311,173,0.9311,173(ญ):0.931 | 169(ฉ):0.002 | 194(ย):0.001,1
/Users/thiya/Documents/GitHub/Project-1-Thai-Character-Number-Recognition/PrintAksorn_dataset/test/yo_ying_FonLeb-Italic.png,173,ญ,110,0.9353,173,0.9353,173(ญ):0.935 | 185(น):0.001 | 171(ซ):0.001,1
/Users/thiya/Documents/GitHub/Project-1-Thai-Character-Number-Recognition/PrintAksorn_dataset/test/yo_ying_Himmaparnt-Bold.png,173,ญ,110,0.8981,173,0.8981,173(ญ):0.898 | 199(ว):0.002 | 224(เ):0.002,1
/Users/thiya/Documents/GitHub/Project-1-Thai-Character-Number-Recognition/PrintAksorn_dataset/test/yo_ying_NotoSansThai-CondensedThin.png,173,ญ,110,0.8585,173,0.8585,173(ญ):0.858 | 227(ใ):0.004 | 247(๗):0.003,1
/Users/thiya/Documents/GitHub/Project-1-Thai-Character-Number-Recognition/PrintAksorn_dataset/test/yo_ying_NotoSansThai-SemiCondensedBlack.png,173,ญ,110,0.9125,173,0.9125,173(ญ):0.912 | 245(๕):0.002 | 190(พ):0.002,1
/Users/thiya/Documents/GitHub/Project-1-Thai-Character-Number-Recognition/PrintAksorn_dataset/test/yo_ying_NotoSansThaiLooped-Medium.png,173,ญ,110,0.9244,173,0.9244,173(ญ):0.924 | 169(ฉ):0.002 | 224(เ):0.002,1
/Users/thiya/Documents/GitHub/Project-1-Thai-Character-Number-Recognition/PrintAksorn_dataset/test/yo_ying_NotoSerifThai-Black.png,173,ญ,110,0.9511,173,0.9511,173(ญ):0.951 | 174(ฎ):0.002 | 169(ฉ):0.002,1
/Users/thiya/Documents/GitHub/Project-1-Thai-Character-Number-Recognition/PrintAksorn_dataset/test/yo_ying_NotoSerifThai-ExtraCondensedLight.png,173,ญ,110,0.9247,173,0.9247,173(ญ):0.925 | 169(ฉ):0.002 | 194(ย):0.002,1
/Users/thiya/Documents/GitHub/Project-1-Thai-Character-Number-Recognition/PrintAksorn_dataset/test/yo_ying_Prompt-BoldItalic.png,173,ญ,110,0.9395,173,0.9395,173(ญ):0.940 | 201(ษ):0.003 | 179(ณ):0.002,1
/Users/thiya/Documents/GitHub/Project-1-Thai-Character-Number-Recognition/PrintAksorn_dataset/test/yo_ying_Purisa-Oblique.png,173,ญ,110,0.9051,173,0.9051,173(ญ):0.905 | 175(ฏ):0.003 | 248(๘):0.002,1
/Users/thiya/Documents/GitHub/Project-1-Thai-Character-Number-Recognition/PrintAksorn_dataset/test/yo_ying_Sriracha-Regular.png,173,ญ,110,0.9347,173,0.9347,173(ญ):0.935 | 175(ฏ):0.002 | 224(เ):0.001,1
/Users/thiya/Documents/GitHub/Project-1-Thai-Character-Number-Recognition/PrintAksorn_dataset/test/yo_ying_Taviraj-Medium.png,173,ญ,110,0.9087,173,0.9087,173(ญ):0.909 | 199(ว):0.002 | 194(ย):0.002,1
