path,predicted_class,predicted_char,confidence,true_class,true_char,correct,model_pred,model_conf,top_3,agree
PrintAksorn_dataset/test/bo_baimai_JS-Pudgrong-Normal.png,186,บ,0.8781,186,บ,1,186,0.8781,186(บ):0.878 | 194(ย):0.005 | 201(ษ):0.005,1
PrintAksorn_dataset/test/bo_baimai_JS-Saksit-Bold-Italic.png,186,บ,0.9183,186,บ,1,186,0.9183,186(บ):0.918 | 164(ค):0.001 | 190(พ):0.001,1
PrintAksorn_dataset/test/bo_baimai_JS-Wansika-Italic.png,186,บ,0.7914,186,บ,1,186,0.7914,186(บ):0.791 | 187(ป):0.019 | 170(ช):0.007,1
PrintAksorn_dataset/test/bo_baimai_JS-Yodthida.png,186,บ,0.8257,186,บ,1,186,0.8257,186(บ):0.826 | 185(น):0.038 | 201(ษ):0.005,1
PrintAksorn_dataset/test/bo_baimai_Kanit-BoldItalic.png,186,บ,0.1793,186,บ,1,186,0.1793,186(บ):0.179 | 194(ย):0.170 | 209(ั):0.120,1
PrintAksorn_dataset/test/bo_baimai_NotoSerifThai-CondensedThin.png,186,บ,0.8995,186,บ,1,186,0.8995,186(บ):0.899 | 201(ษ):0.003 | 183(ท):0.002,1
PrintAksorn_dataset/test/bo_baimai_NotoSerifThai-Light.png,186,บ,0.9181,186,บ,1,186,0.9181,186(บ):0.918 | 229(ๅ):0.001 | 201(ษ):0.001,1
PrintAksorn_dataset/test/bo_baimai_Prompt-Bold.png,194,ย,0.1421,186,บ,0,194,0.1421,194(ย):0.142 | 209(ั):0.124 | 186(บ):0.103,1
PrintAksorn_dataset/test/bo_baimai_Prompt-ExtraLightItalic.png,186,บ,0.1993,186,บ,1,186,0.1993,186(บ):0.199 | 194(ย):0.072 | 209(ั):0.051,1
PrintAksorn_dataset/test/bo_baimai_Prompt-Light.png,186,บ,0.2,186,บ,1,186,0.2,186(บ):0.200 | 194(ย):0.077 | 240(๐):0.071,1
PrintAksorn_dataset/test/bo_baimai_Sawasdee-Oblique.png,186,บ,0.1623,186,บ,1,186,0.1623,186(บ):0.162 | 209(ั):0.069 | 194(ย):0.059,1
PrintAksorn_dataset/test/bo_baimai_TH-Fahkwang-Italic.png,186,บ,0.8892,186,บ,1,186,0.8892,186(บ):0.889 | 162(ข):0.004 | 217(ู):0.003,1
PrintAksorn_dataset/test/bo_baimai_TlwgTypist-Bold.png,186,บ,0.8787,186,บ,1,186,0.8787,186(บ):0.879 | 216(ุ):0.003 | 217(ู):0.003,1
PrintAksorn_dataset/test/cho_chan_FonLeb-Regular.png,168,จ,0.9096,168,จ,1,168,0.9096,168(จ):0.910 | 187(ป):0.002 | 196(ฤ):0.002,1
PrintAksorn_dataset/test/cho_chan_JS-Giat-Bold.png,168,จ,0.2987,168,จ,1,168,0.2987,168(จ):0.299 | 187(ป):0.075 | 205(อ):0.071,1
PrintAksorn_dataset/test/cho_chan_JS-Sunsanee-Normal.png,168,จ,0.4311,168,จ,1,168,0.4311,168(จ):0.431 | 205(อ):0.122 | 187(ป):0.030,1
PrintAksorn_dataset/test/cho_chan_NotoSerifThai-ExtraCondensedExtraBold.png,168,จ,0.7526,168,จ,1,168,0.7526,168(จ):0.753 | 205(อ):0.025 | 175(ฏ):0.010,1
PrintAksorn_dataset/test/cho_chan_Prompt-BoldItalic.png,205,อ,0.2485,168,จ,0,205,0.2485,205(อ):0.248 | 240(๐):0.186 | 197(ล):0.041,1
PrintAksorn_dataset/test/cho_chan_Prompt-MediumItalic.png,240,๐,0.5089,168,จ,0,240,0.5089,240(๐):0.509 | 205(อ):0.033 | 199(ว):0.022,1
PrintAksorn_dataset/test/cho_chan_Taviraj-Black.png,168,จ,0.9074,168,จ,1,168,0.9074,168(จ):0.907 | 197(ล):0.003 | 162(ข):0.002,1
PrintAksorn_dataset/test/cho_chan_Taviraj-Bold.png,168,จ,0.9169,168,จ,1,168,0.9169,168(จ):0.917 | 197(ล):0.003 | 202(ส):0.002,1
PrintAksorn_dataset/test/cho_chan_Trirong-SemiBoldItalic.png,168,จ,0.8988,168,จ,1,168,0.8988,168(จ):0.899 | 197(ล):0.005 | 187(ป):0.003,1
PrintAksorn_dataset/test/cho_chang_CmPrasanmit-Bold-Italic.png,170,ช,0.9045,170,ช,1,170,0.9045,170(ช):0.905 | 213(ี):0.002 | 164(ค):0.002,1
PrintAksorn_dataset/test/cho_chang_JS-Pisit-Italic.png,170,ช,0.8691,170,ช,1,170,0.8691,170(ช):0.869 | 162(ข):0.032 | 171(ซ):0.005,1
PrintAksorn_dataset/test/cho_chang_JS-Rapee-Bold-Italic.png,170,ช,0.9284,170,ช,1,170,0.9284,170(ช):0.928 | 227(ใ):0.001 | 185(น):0.001,1
PrintAksorn_dataset/test/cho_chang_KaniGa-Bold.png,170,ช,0.8993,170,ช,1,170,0.8993,170(ช):0.899 | 236(์):0.002 | 201(ษ):0.002,1
PrintAksorn_dataset/test/cho_chang_Maitree-Light.png,201,ษ,0.0842,170,ช,0,201,0.0842,201(ษ):0.084 | 186(บ):0.076 | 170(ช):0.069,1
PrintAksorn_dataset/test/cho_chang_Norasi-Bold.png,170,ช,0.897,170,ช,1,170,0.897,170(ช):0.897 | 186(บ):0.003 | 184(ธ):0.002,1
PrintAksorn_dataset/test/cho_chang_NotoSansThaiLooped-ExtraBold.png,194,ย,0.4017,170,ช,0,194,0.4017,194(ย):0.402 | 201(ษ):0.084 | 245(๕):0.021,1
PrintAksorn_dataset/test/cho_chang_NotoSerifThai-CondensedBold.png,170,ช,0.8474,170,ช,1,170,0.8474,170(ช):0.847 | 162(ข):0.013 | 201(ษ):0.008,1
PrintAksorn_dataset/test/cho_chang_NotoSerifThai-SemiCondensed.png,170,ช,0.8351,170,ช,1,170,0.8351,170(ช):0.835 | 162(ข):0.014 | 201(ษ):0.007,1
PrintAksorn_dataset/test/cho_chang_Prompt-Regular.png,246,๖,0.1486,170,ช,0,246,0.1486,246(๖):0.149 | 240(๐):0.076 | 249(๙):0.042,1
PrintAksorn_dataset/test/cho_chang_TH-Chakra-Petch-Bold.png,170,ช,0.5591,170,ช,1,170,0.5591,170(ช):0.559 | 171(ซ):0.086 | 162(ข):0.081,1
PrintAksorn_dataset/test/cho_chang_TH-Fahkwang-Regular.png,170,ช,0.6836,170,ช,1,170,0.6836,170(ช):0.684 | 180(ด):0.019 | 162(ข):0.017,1
PrintAksorn_dataset/test/cho_ching_DC-Palamongkol-Italic.png,169,ฉ,0.9356,169,ฉ,1,169,0.9356,169(ฉ):0.936 | 179(ณ):0.007 | 173(ญ):0.003,1
PrintAksorn_dataset/test/cho_ching_Himmaparnt-Italic.png,169,ฉ,0.9131,169,ฉ,1,169,0.9131,169(ฉ):0.913 | 168(จ):0.009 | 179(ณ):0.004,1
PrintAksorn_dataset/test/cho_ching_JS-Chusri-Normal.png,182,ถ,0.1029,169,ฉ,0,182,0.1029,182(ถ):0.103 | 179(ณ):0.071 | 169(ฉ):0.065,1
PrintAksorn_dataset/test/cho_ching_JS-Sunsanee-Italic.png,169,ฉ,0.9222,169,ฉ,1,169,0.9222,169(ฉ):0.922 | 168(จ):0.010 | 179(ณ):0.004,1
PrintAksorn_dataset/test/cho_ching_Kanit-ExtraBoldItalic.png,205,อ,0.7339,169,ฉ,0,205,0.7339,205(อ):0.734 | 182(ถ):0.016 | 197(ล):0.014,1
PrintAksorn_dataset/test/cho_ching_Kanit-LightItalic.png,205,อ,0.1643,169,ฉ,0,205,0.1643,205(อ):0.164 | 240(๐):0.127 | 182(ถ):0.041,1
PrintAksorn_dataset/test/cho_ching_Kinnari-BoldOblique.png,169,ฉ,0.9177,169,ฉ,1,169,0.9177,169(ฉ):0.918 | 179(ณ):0.003 | 175(ฏ):0.003,1
PrintAksorn_dataset/test/cho_ching_Kinnari.png,169,ฉ,0.7731,169,ฉ,1,169,0.7731,169(ฉ):0.773 | 168(จ):0.022 | 199(ว):0.009,1
PrintAksorn_dataset/test/cho_ching_PSK-Smart-Bold.png,169,ฉ,0.9134,169,ฉ,1,169,0.9134,169(ฉ):0.913 | 179(ณ):0.011 | 233(้):0.003,1
PrintAksorn_dataset/test/cho_ching_Prompt-Medium.png,240,๐,0.5411,169,ฉ,0,240,0.5411,240(๐):0.541 | 199(ว):0.046 | 197(ล):0.020,1
PrintAksorn_dataset/test/cho_ching_TH-Sarabun-New-Bold.png,169,ฉ,0.9486,169,ฉ,1,169,0.9486,169(ฉ):0.949 | 175(ฏ):0.002 | 179(ณ):0.002,1
PrintAksorn_dataset/test/cho_ching_Taviraj-SemiBold.png,169,ฉ,0.919,169,ฉ,1,169,0.919,169(ฉ):0.919 | 179(ณ):0.009 | 168(จ):0.003,1
PrintAksorn_dataset/test/cho_choe_Athiti-Medium.png,173,ญ,0.837,172,ฌ,0,173,0.837,173(ญ):0.837 | 179(ณ):0.023 | 161(ก):0.009,1
PrintAksorn_dataset/test/cho_choe_FonLeb-Bold.png,179,ณ,0.5685,172,ฌ,0,179,0.5685,179(ณ):0.569 | 173(ญ):0.120 | 178(ฒ):0.019,1
PrintAksorn_dataset/test/cho_choe_JS-Giat-Bold.png,179,ณ,0.5171,172,ฌ,0,179,0.5171,179(ณ):0.517 | 173(ญ):0.068 | 178(ฒ):0.026,1
PrintAksorn_dataset/test/cho_choe_JS-Sadayu-Allcaps.png,179,ณ,0.8225,172,ฌ,0,179,0.8225,179(ณ):0.823 | 173(ญ):0.011 | 178(ฒ):0.009,1
PrintAksorn_dataset/test/cho_choe_JS-Saksit-Italic.png,179,ณ,0.5435,172,ฌ,0,179,0.5435,179(ณ):0.543 | 173(ญ):0.148 | 193(ม):0.022,1
PrintAksorn_dataset/test/cho_choe_Kanit-ExtraBold.png,179,ณ,0.4516,172,ฌ,0,179,0.4516,179(ณ):0.452 | 173(ญ):0.186 | 217(ู):0.040,1
PrintAksorn_dataset/test/cho_choe_Maitree-Regular.png,173,ญ,0.3643,172,ฌ,0,173,0.3643,173(ญ):0.364 | 193(ม):0.117 | 179(ณ):0.112,1
PrintAksorn_dataset/test/cho_choe_NotoSansThai-Black.png,179,ณ,0.5674,172,ฌ,0,179,0.5674,179(ณ):0.567 | 173(ญ):0.249 | 217(ู):0.010,1
PrintAksorn_dataset/test/cho_choe_NotoSansThai-ExtraBold.png,173,ญ,0.7377,172,ฌ,0,173,0.7377,173(ญ):0.738 | 179(ณ):0.136 | 217(ู):0.006,1
PrintAksorn_dataset/test/cho_choe_NotoSerifThai-Light.png,179,ณ,0.2291,172,ฌ,0,179,0.2291,179(ณ):0.229 | 173(ญ):0.221 | 193(ม):0.083,1
PrintAksorn_dataset/test/cho_choe_PSK-SmartItaic.png,179,ณ,0.5289,172,ฌ,0,179,0.5289,179(ณ):0.529 | 173(ญ):0.159 | 178(ฒ):0.012,1
PrintAksorn_dataset/test/cho_choe_Pattaya-Regular.png,179,ณ,0.3025,172,ฌ,0,179,0.3025,179(ณ):0.303 | 173(ญ):0.195 | 161(ก):0.057,1
PrintAksorn_dataset/test/cho_choe_Prompt-Bold.png,179,ณ,0.4655,172,ฌ,0,179,0.4655,179(ณ):0.465 | 173(ญ):0.225 | 217(ู):0.019,1
PrintAksorn_dataset/test/cho_choe_Prompt-BoldItalic.png,179,ณ,0.3429,172,ฌ,0,179,0.3429,179(ณ):0.343 | 173(ญ):0.182 | 234(๊):0.054,1
PrintAksorn_dataset/test/cho_choe_Sarabun-Italic.png,179,ณ,0.6354,172,ฌ,0,179,0.6354,179(ณ):0.635 | 173(ญ):0.094 | 193(ม):0.016,1
PrintAksorn_dataset/test/cho_choe_Taviraj-Light.png,173,ญ,0.364,172,ฌ,0,173,0.364,173(ญ):0.364 | 179(ณ):0.228 | 193(ม):0.044,1
PrintAksorn_dataset/test/cho_choe_TlwgTypewriter-Bold.png,179,ณ,0.3153,172,ฌ,0,179,0.3153,179(ณ):0.315 | 173(ญ):0.180 | 178(ฒ):0.062,1
PrintAksorn_dataset/test/cho_choe_Waree-Oblique.png,179,ณ,0.6305,172,ฌ,0,179,0.6305,179(ณ):0.630 | 173(ญ):0.085 | 193(ม):0.012,1
PrintAksorn_dataset/test/colon_NotoSansThai-Light.png,187,ป,0.1329,,,,187,0.1329,187(ป):0.133 | 194(ย):0.087 | 240(๐):0.057,1
PrintAksorn_dataset/test/colon_NotoSerifThai-CondensedExtraBold.png,187,ป,0.1458,,,,187,0.1458,187(ป):0.146 | 194(ย):0.072 | 240(๐):0.056,1
PrintAksorn_dataset/test/colon_Prompt-Medium.png,236,์,0.0471,,,,236,0.0471,236(์):0.047 | 227(ใ):0.042 | 195(ร):0.041,1
PrintAksorn_dataset/test/colon_Taviraj-ExtraLight.png,210,า,0.1097,,,,210,0.1097,210(า):0.110 | 199(ว):0.103 | 227(ใ):0.078,1
PrintAksorn_dataset/test/colon_TlwgTypo-BoldOblique.png,195,ร,0.1299,,,,195,0.1299,195(ร):0.130 | 236(์):0.057 | 227(ใ):0.037,1
PrintAksorn_dataset/test/colon_Trirong-SemiBoldItalic.png,195,ร,0.0782,,,,195,0.0782,195(ร):0.078 | 236(์):0.058 | 227(ใ):0.049,1
PrintAksorn_dataset/test/comma_JS-Jukaphan-Italic.png,216,ุ,0.4945,,,,216,0.4945,216(ุ):0.494 | 199(ว):0.045 | 167(ง):0.024,1
PrintAksorn_dataset/test/comma_JS-Prasoplarp-Italic.png,232,่,0.1531,,,,232,0.1531,232(่):0.153 | 167(ง):0.138 | 216(ุ):0.078,1
PrintAksorn_dataset/test/comma_JS-Saksit-Italic.png,216,ุ,0.1535,,,,216,0.1535,216(ุ):0.154 | 230(ๆ):0.103 | 167(ง):0.059,1
PrintAksorn_dataset/test/comma_Kanit-ExtraLight.png,232,่,0.9032,,,,232,0.9032,232(่):0.903 | 210(า):0.004 | 229(ๅ):0.003,1
PrintAksorn_dataset/test/comma_Kinnari-BoldOblique.png,216,ุ,0.3892,,,,216,0.3892,216(ุ):0.389 | 167(ง):0.037 | 199(ว):0.027,1
PrintAksorn_dataset/test/comma_NotoSansThai-CondensedBold.png,187,ป,0.1387,,,,187,0.1387,187(ป):0.139 | 194(ย):0.061 | 240(๐):0.059,1
PrintAksorn_dataset/test/comma_NotoSansThai-ExtraCondensed.png,187,ป,0.1355,,,,187,0.1355,187(ป):0.135 | 194(ย):0.082 | 240(๐):0.056,1
PrintAksorn_dataset/test/comma_NotoSansThai-SemiCondensedLight.png,187,ป,0.1222,,,,187,0.1222,187(ป):0.122 | 240(๐):0.066 | 194(ย):0.062,1
PrintAksorn_dataset/test/comma_NotoSansThaiLooped-Regular.png,232,่,0.8986,,,,232,0.8986,232(่):0.899 | 210(า):0.004 | 229(ๅ):0.003,1
PrintAksorn_dataset/test/comma_NotoSerifThai-CondensedBlack.png,187,ป,0.1355,,,,187,0.1355,187(ป):0.135 | 194(ย):0.082 | 240(๐):0.056,1
PrintAksorn_dataset/test/comma_TH-Fahkwang-Italic.png,216,ุ,0.4271,,,,216,0.4271,216(ุ):0.427 | 230(ๆ):0.035 | 207(ฯ):0.027,1
PrintAksorn_dataset/test/comma_TlwgTypist-Oblique.png,232,่,0.8708,,,,232,0.8708,232(่):0.871 | 233(้):0.007 | 210(า):0.007,1
PrintAksorn_dataset/test/digit_0_JS-Prasoplarp-Normal.png,240,๐,0.9051,240,๐,1,240,0.9051,240(๐):0.905 | 241(๑):0.004 | 237(ํ):0.003,1
PrintAksorn_dataset/test/digit_0_JS-Rapee-Bold-Italic.png,240,๐,0.9053,240,๐,1,240,0.9053,240(๐):0.905 | 241(๑):0.004 | 237(ํ):0.003,1
PrintAksorn_dataset/test/digit_0_JS-Saowapark-Italic.png,240,๐,0.8997,240,๐,1,240,0.8997,240(๐):0.900 | 241(๑):0.004 | 237(ํ):0.003,1
PrintAksorn_dataset/test/digit_0_NotoSansThai-ExtraCondensedExtraBold.png,240,๐,0.8808,240,๐,1,240,0.8808,240(๐):0.881 | 237(ํ):0.005 | 205(อ):0.004,1
PrintAksorn_dataset/test/digit_0_NotoSansThai-Light.png,240,๐,0.8745,240,๐,1,240,0.8745,240(๐):0.875 | 237(ํ):0.004 | 241(๑):0.002,1
PrintAksorn_dataset/test/digit_0_NotoSansThai-SemiCondensedExtraBold.png,240,๐,0.8797,240,๐,1,240,0.8797,240(๐):0.880 | 237(ํ):0.006 | 241(๑):0.004,1
PrintAksorn_dataset/test/digit_0_NotoSerifThai-CondensedMedium.png,240,๐,0.9194,240,๐,1,240,0.9194,240(๐):0.919 | 237(ํ):0.002 | 161(ก):0.002,1
PrintAksorn_dataset/test/digit_0_TH-Niramit-AS-Italic.png,240,๐,0.8859,240,๐,1,240,0.8859,240(๐):0.886 | 241(๑):0.005 | 237(ํ):0.004,1
PrintAksorn_dataset/test/digit_0_Trirong-BlackItalic.png,240,๐,0.937,240,๐,1,240,0.937,240(๐):0.937 | 241(๑):0.004 | 237(ํ):0.003,1
PrintAksorn_dataset/test/digit_0_Trirong-ExtraBold.png,240,๐,0.9405,240,๐,1,240,0.9405,240(๐):0.940 | 241(๑):0.004 | 237(ํ):0.002,1
PrintAksorn_dataset/test/digit_0_Umpush-Oblique.png,240,๐,0.897,240,๐,1,240,0.897,240(๐):0.897 | 241(๑):0.005 | 237(ํ):0.003,1
PrintAksorn_dataset/test/digit_1_Aksaramatee-Regular.png,241,๑,0.7159,241,๑,1,241,0.7159,241(๑):0.716 | 180(ด):0.021 | 205(อ):0.016,1
PrintAksorn_dataset/test/digit_1_CmPrasanmit-Italic.png,241,๑,0.7034,241,๑,1,241,0.7034,241(๑):0.703 | 180(ด):0.058 | 205(อ):0.005,1
PrintAksorn_dataset/test/digit_1_JS-Rapee-Normal.png,241,๑,0.8866,241,๑,1,241,0.8866,241(๑):0.887 | 180(ด):0.007 | 240(๐):0.005,1
PrintAksorn_dataset/test/digit_1_JS-Sadayu-Allcaps.png,241,๑,0.818,241,๑,1,241,0.818,241(๑):0.818 | 205(อ):0.010 | 180(ด):0.006,1
PrintAksorn_dataset/test/digit_1_JS-Saowapark-Normal.png,241,๑,0.6379,241,๑,1,241,0.6379,241(๑):0.638 | 180(ด):0.067 | 205(อ):0.008,1
PrintAksorn_dataset/test/digit_1_Prompt-BoldItalic.png,241,๑,0.1452,241,๑,1,241,0.1452,241(๑):0.145 | 168(จ):0.090 | 205(อ):0.083,1
PrintAksorn_dataset/test/digit_1_Prompt-Italic.png,240,๐,0.446,241,๑,0,240,0.446,240(๐):0.446 | 241(๑):0.037 | 237(ํ):0.025,1
PrintAksorn_dataset/test/digit_1_Sawasdee.png,240,๐,0.4982,241,๑,0,240,0.4982,240(๐):0.498 | 241(๑):0.037 | 205(อ):0.020,1
PrintAksorn_dataset/test/digit_1_TH-Srisakdi-Bold.png,241,๑,0.7258,241,๑,1,241,0.7258,241(๑):0.726 | 180(ด):0.021 | 205(อ):0.017,1
PrintAksorn_dataset/test/digit_2_Athiti-Bold.png,194,ย,0.459,242,๒,0,194,0.459,194(ย):0.459 | 242(๒):0.065 | 209(ั):0.039,1
PrintAksorn_dataset/test/digit_2_JS-Jindara-Italic.png,242,๒,0.7269,242,๒,1,242,0.7269,242(๒):0.727 | 194(ย):0.024 | 171(ซ):0.017,1
PrintAksorn_dataset/test/digit_2_JS-Pitsamai-Italic.png,242,๒,0.3252,242,๒,1,242,0.3252,242(๒):0.325 | 194(ย):0.036 | 178(ฒ):0.031,1
PrintAksorn_dataset/test/digit_2_JS-Sadayu-Allcaps.png,242,๒,0.7211,242,๒,1,242,0.7211,242(๒):0.721 | 194(ย):0.014 | 206(ฮ):0.010,1
PrintAksorn_dataset/test/digit_2_JS-Wansika-Italic.png,242,๒,0.765,242,๒,1,242,0.765,242(๒):0.765 | 206(ฮ):0.015 | 201(ษ):0.015,1
PrintAksorn_dataset/test/digit_2_KaniGa-Bold-Italic.png,242,๒,0.3201,242,๒,1,242,0.3201,242(๒):0.320 | 181(ต):0.051 | 206(ฮ):0.034,1
PrintAksorn_dataset/test/digit_2_NotoSerifThai-SemiCondensed.png,242,๒,0.4122,242,๒,1,242,0.4122,242(๒):0.412 | 194(ย):0.125 | 206(ฮ):0.040,1
PrintAksorn_dataset/test/digit_2_Sarabun-ExtraBold.png,242,๒,0.6572,242,๒,1,242,0.6572,242(๒):0.657 | 194(ย):0.025 | 209(ั):0.017,1
PrintAksorn_dataset/test/digit_2_Sarabun-ExtraLight.png,242,๒,0.5705,242,๒,1,242,0.5705,242(๒):0.571 | 194(ย):0.052 | 171(ซ):0.016,1
PrintAksorn_dataset/test/digit_2_TH-Chakra-Petch-Italic.png,242,๒,0.359,242,๒,1,242,0.359,242(๒):0.359 | 194(ย):0.080 | 206(ฮ):0.028,1
PrintAksorn_dataset/test/digit_2_TH-Sarabun-New-Regular.png,242,๒,0.7581,242,๒,1,242,0.7581,242(๒):0.758 | 194(ย):0.025 | 206(ฮ):0.012,1
PrintAksorn_dataset/test/digit_2_TH-Srisakdi-Bold.png,213,ี,0.1029,242,๒,0,213,0.1029,213(ี):0.103 | 224(เ):0.065 | 226(โ):0.065,1
PrintAksorn_dataset/test/digit_3_Aksaramatee-Bold.png,243,๓,0.3906,243,๓,1,243,0.3906,243(๓):0.391 | 182(ถ):0.067 | 181(ต):0.056,1
PrintAksorn_dataset/test/digit_3_Athiti-Medium.png,243,๓,0.0902,243,๓,1,243,0.0902,243(๓):0.090 | 182(ถ):0.066 | 183(ท):0.056,1
PrintAksorn_dataset/test/digit_3_JS-Pumpuang-Normal.png,243,๓,0.2796,243,๓,1,243,0.2796,243(๓):0.280 | 179(ณ):0.098 | 183(ท):0.061,1
PrintAksorn_dataset/test/digit_3_Krungthep.png,183,ท,0.1778,243,๓,0,183,0.1778,183(ท):0.178 | 243(๓):0.099 | 173(ญ):0.087,1
PrintAksorn_dataset/test/digit_3_Maitree-Medium.png,183,ท,0.3366,243,๓,0,183,0.3366,183(ท):0.337 | 192(ภ):0.144 | 173(ญ):0.029,1
PrintAksorn_dataset/test/digit_3_Sarabun-SemiBoldItalic.png,243,๓,0.4424,243,๓,1,243,0.4424,243(๓):0.442 | 173(ญ):0.123 | 183(ท):0.042,1
PrintAksorn_dataset/test/digit_3_TH-K2D-July8-Bold.png,243,๓,0.233,243,๓,1,243,0.233,243(๓):0.233 | 182(ถ):0.066 | 183(ท):0.060,1
PrintAksorn_dataset/test/digit_3_TH-KoHo-Bold-Italic.png,243,๓,0.1374,243,๓,1,243,0.1374,243(๓):0.137 | 183(ท):0.120 | 164(ค):0.062,1
PrintAksorn_dataset/test/digit_3_TH-Sarabun-New-Italic.png,243,๓,0.3938,243,๓,1,243,0.3938,243(๓):0.394 | 183(ท):0.088 | 173(ญ):0.081,1
PrintAksorn_dataset/test/digit_3_Taviraj-BoldItalic.png,243,๓,0.4016,243,๓,1,243,0.4016,243(๓):0.402 | 173(ญ):0.069 | 179(ณ):0.047,1
PrintAksorn_dataset/test/digit_3_Taviraj-Thin.png,183,ท,0.2839,243,๓,0,183,0.2839,183(ท):0.284 | 173(ญ):0.113 | 243(๓):0.067,1
PrintAksorn_dataset/test/digit_3_Trirong-ExtraBold.png,243,๓,0.2539,243,๓,1,243,0.2539,243(๓):0.254 | 173(ญ):0.158 | 183(ท):0.042,1
PrintAksorn_dataset/test/digit_4_Athiti-ExtraLight.png,249,๙,0.0741,244,๔,0,249,0.0741,249(๙):0.074 | 206(ฮ):0.062 | 231(็):0.061,1
PrintAksorn_dataset/test/digit_4_Garuda-BoldOblique.png,244,๔,0.4802,244,๔,1,244,0.4802,244(๔):0.480 | 231(็):0.076 | 236(์):0.061,1
PrintAksorn_dataset/test/digit_4_Garuda.png,244,๔,0.6887,244,๔,1,244,0.6887,244(๔):0.689 | 231(็):0.023 | 242(๒):0.018,1
PrintAksorn_dataset/test/digit_4_JS-Giat-Bold.png,231,็,0.2142,244,๔,0,231,0.2142,231(็):0.214 | 244(๔):0.106 | 206(ฮ):0.042,1
PrintAksorn_dataset/test/digit_4_JS-Sunsanee-Italic.png,170,ช,0.1072,244,๔,0,170,0.1072,170(ช):0.107 | 162(ข):0.070 | 184(ธ):0.061,1
PrintAksorn_dataset/test/digit_4_Kanit-SemiBold.png,231,็,0.338,244,๔,0,231,0.338,231(็):0.338 | 244(๔):0.064 | 248(๘):0.061,1
PrintAksorn_dataset/test/digit_4_NotoSansThai-Bold.png,244,๔,0.398,244,๔,1,244,0.398,244(๔):0.398 | 236(์):0.057 | 245(๕):0.049,1
PrintAksorn_dataset/test/digit_4_NotoSerifThai-Bold.png,244,๔,0.3504,244,๔,1,244,0.3504,244(๔):0.350 | 231(็):0.080 | 236(์):0.020,1
PrintAksorn_dataset/test/digit_4_NotoSerifThai-Condensed.png,244,๔,0.1974,244,๔,1,244,0.1974,244(๔):0.197 | 236(์):0.085 | 231(็):0.043,1
PrintAksorn_dataset/test/digit_4_NotoSerifThai-CondensedBold.png,244,๔,0.298,244,๔,1,244,0.298,244(๔):0.298 | 236(์):0.103 | 231(็):0.039,1
PrintAksorn_dataset/test/digit_4_TH-Niramit-AS-Regular.png,244,๔,0.566,244,๔,1,244,0.566,244(๔):0.566 | 231(็):0.060 | 236(์):0.016,1
PrintAksorn_dataset/test/digit_4_TlwgMono-Bold.png,244,๔,0.364,244,๔,1,244,0.364,244(๔):0.364 | 176(ฐ):0.043 | 231(็):0.035,1
PrintAksorn_dataset/test/digit_4_TlwgTypo-BoldOblique.png,244,๔,0.5423,244,๔,1,244,0.5423,244(๔):0.542 | 236(์):0.073 | 176(ฐ):0.039,1
PrintAksorn_dataset/test/digit_4_Trirong-BlackItalic.png,244,๔,0.3448,244,๔,1,244,0.3448,244(๔):0.345 | 231(็):0.121 | 170(ช):0.027,1
PrintAksorn_dataset/test/digit_5_JS-Jindara-Italic.png,249,๙,0.1851,245,๕,0,249,0.1851,249(๙):0.185 | 244(๔):0.170 | 176(ฐ):0.125,1
PrintAksorn_dataset/test/digit_5_JS-Oobboon-Normal.png,245,๕,0.2274,245,๕,1,245,0.2274,245(๕):0.227 | 244(๔):0.219 | 249(๙):0.024,1
PrintAksorn_dataset/test/digit_5_JS-Pisit-Normal.png,245,๕,0.3516,245,๕,1,245,0.3516,245(๕):0.352 | 244(๔):0.092 | 176(ฐ):0.070,1
PrintAksorn_dataset/test/digit_5_JS-Rapee-Bold.png,245,๕,0.8096,245,๕,1,245,0.8096,245(๕):0.810 | 193(ม):0.015 | 244(๔):0.012,1
PrintAksorn_dataset/test/digit_5_Laksaman-BoldItalic.png,245,๕,0.5651,245,๕,1,245,0.5651,245(๕):0.565 | 244(๔):0.086 | 176(ฐ):0.025,1
PrintAksorn_dataset/test/digit_5_Maitree-Bold.png,245,๕,0.3606,245,๕,1,245,0.3606,245(๕):0.361 | 244(๔):0.267 | 249(๙):0.026,1
PrintAksorn_dataset/test/digit_5_Norasi-BoldOblique.png,245,๕,0.5352,245,๕,1,245,0.5352,245(๕):0.535 | 244(๔):0.151 | 175(ฏ):0.016,1
PrintAksorn_dataset/test/digit_5_NotoSansThai-SemiBold.png,245,๕,0.4637,245,๕,1,245,0.4637,245(๕):0.464 | 244(๔):0.085 | 194(ย):0.021,1
PrintAksorn_dataset/test/digit_5_NotoSerifThai-ExtraCondensedBold.png,245,๕,0.2624,245,๕,1,245,0.2624,245(๕):0.262 | 244(๔):0.057 | 167(ง):0.031,1
PrintAksorn_dataset/test/digit_5_Sarabun-Thin.png,245,๕,0.3681,245,๕,1,245,0.3681,245(๕):0.368 | 244(๔):0.154 | 176(ฐ):0.061,1
PrintAksorn_dataset/test/digit_5_TH-Niramit-AS-Italic.png,244,๔,0.2307,245,๕,0,244,0.2307,244(๔):0.231 | 245(๕):0.180 | 170(ช):0.037,1
PrintAksorn_dataset/test/digit_5_Trirong-MediumItalic.png,245,๕,0.4783,245,๕,1,245,0.4783,245(๕):0.478 | 244(๔):0.083 | 175(ฏ):0.028,1
PrintAksorn_dataset/test/digit_5_Waree-Oblique.png,245,๕,0.2531,245,๕,1,245,0.2531,245(๕):0.253 | 244(๔):0.224 | 175(ฏ):0.030,1
PrintAksorn_dataset/test/digit_6_JS-Jukaphan-Italic.png,246,๖,0.2838,246,๖,1,246,0.2838,246(๖):0.284 | 247(๗):0.025 | 209(ั):0.022,1
PrintAksorn_dataset/test/digit_6_JS-Synjai-Italic.png,246,๖,0.1596,246,๖,1,246,0.1596,246(๖):0.160 | 209(ั):0.043 | 197(ล):0.029,1
PrintAksorn_dataset/test/digit_6_Kanit-Medium.png,240,๐,0.1682,246,๖,0,240,0.1682,240(๐):0.168 | 246(๖):0.069 | 199(ว):0.065,1
PrintAksorn_dataset/test/digit_6_NotoSansThai-ExtraCondensedSemiBold.png,199,ว,0.2172,246,๖,0,199,0.2172,199(ว):0.217 | 167(ง):0.146 | 246(๖):0.044,1
PrintAksorn_dataset/test/digit_6_NotoSansThaiLooped-ExtraLight.png,246,๖,0.0784,246,๖,1,246,0.0784,246(๖):0.078 | 205(อ):0.055 | 199(ว):0.050,1
PrintAksorn_dataset/test/digit_6_NotoSerifThai-ExtraCondensedMedium.png,246,๖,0.6445,246,๖,1,246,0.6445,246(๖):0.645 | 182(ถ):0.032 | 187(ป):0.015,1
PrintAksorn_dataset/test/digit_6_Pattaya-Regular.png,246,๖,0.1085,246,๖,1,246,0.1085,246(๖):0.109 | 205(อ):0.090 | 199(ว):0.055,1
PrintAksorn_dataset/test/digit_6_TH-Baijam-Bold.png,246,๖,0.7989,246,๖,1,246,0.7989,246(๖):0.799 | 236(์):0.009 | 199(ว):0.009,1
PrintAksorn_dataset/test/digit_7_Ayuthaya.png,247,๗,0.3781,247,๗,1,247,0.3781,247(๗):0.378 | 173(ญ):0.083 | 242(๒):0.067,1
PrintAksorn_dataset/test/digit_7_JS-Synjai-Italic.png,247,๗,0.2221,247,๗,1,247,0.2221,247(๗):0.222 | 234(๊):0.095 | 197(ล):0.049,1
PrintAksorn_dataset/test/digit_7_Laksaman-BoldItalic.png,247,๗,0.2026,247,๗,1,247,0.2026,247(๗):0.203 | 242(๒):0.122 | 234(๊):0.060,1
PrintAksorn_dataset/test/digit_7_Nakaracha-Bold.png,173,ญ,0.1237,247,๗,0,173,0.1237,173(ญ):0.124 | 242(๒):0.111 | 247(๗):0.068,1
PrintAksorn_dataset/test/digit_7_Pridi-Regular.png,173,ญ,0.812,247,๗,0,173,0.812,173(ญ):0.812 | 243(๓):0.009 | 234(๊):0.006,1
PrintAksorn_dataset/test/digit_7_Prompt-LightItalic.png,173,ญ,0.476,247,๗,0,173,0.476,173(ญ):0.476 | 243(๓):0.102 | 179(ณ):0.034,1
PrintAksorn_dataset/test/digit_7_Sarabun-Regular.png,173,ญ,0.2171,247,๗,0,173,0.2171,173(ญ):0.217 | 247(๗):0.083 | 242(๒):0.054,1
PrintAksorn_dataset/test/digit_7_Sarabun-SemiBoldItalic.png,247,๗,0.1258,247,๗,1,247,0.1258,247(๗):0.126 | 173(ญ):0.075 | 234(๊):0.071,1
PrintAksorn_dataset/test/digit_7_Sawasdee-Bold.png,173,ญ,0.2299,247,๗,0,173,0.2299,173(ญ):0.230 | 243(๓):0.194 | 247(๗):0.131,1
PrintAksorn_dataset/test/digit_7_Taviraj-Regular.png,173,ญ,0.2081,247,๗,0,173,0.2081,173(ญ):0.208 | 178(ฒ):0.042 | 247(๗):0.040,1
PrintAksorn_dataset/test/digit_7_TlwgTypo-Bold.png,242,๒,0.0734,247,๗,0,242,0.0734,242(๒):0.073 | 178(ฒ):0.071 | 173(ญ):0.058,1
PrintAksorn_dataset/test/digit_7_Trirong-Light.png,173,ญ,0.2534,247,๗,0,173,0.2534,173(ญ):0.253 | 178(ฒ):0.044 | 234(๊):0.040,1
PrintAksorn_dataset/test/digit_7_Trirong-LightItalic.png,173,ญ,0.1497,247,๗,0,173,0.1497,173(ญ):0.150 | 178(ฒ):0.053 | 247(๗):0.048,1
PrintAksorn_dataset/test/digit_7_Umpush-BoldOblique.png,173,ญ,0.0948,247,๗,0,173,0.0948,173(ญ):0.095 | 178(ฒ):0.077 | 234(๊):0.068,1
PrintAksorn_dataset/test/digit_8_ChulaNarak-Bold.png,231,็,0.6657,248,๘,0,231,0.6657,231(็):0.666 | 248(๘):0.076 | 242(๒):0.010,1
PrintAksorn_dataset/test/digit_8_JS-75-Pumpuang.png,231,็,0.1266,248,๘,0,231,0.1266,231(็):0.127 | 247(๗):0.047 | 248(๘):0.039,1
PrintAksorn_dataset/test/digit_8_Kanit-MediumItalic.png,231,็,0.4744,248,๘,0,231,0.4744,231(็):0.474 | 243(๓):0.097 | 248(๘):0.042,1
PrintAksorn_dataset/test/digit_8_Kinnari-BoldOblique.png,231,็,0.1579,248,๘,0,231,0.1579,231(็):0.158 | 248(๘):0.137 | 247(๗):0.080,1
PrintAksorn_dataset/test/digit_8_NotoSansThai-SemiCondensedExtraLight.png,247,๗,0.1969,248,๘,0,247,0.1969,247(๗):0.197 | 231(็):0.091 | 248(๘):0.055,1
PrintAksorn_dataset/test/digit_8_NotoSansThai-SemiCondensedLight.png,247,๗,0.1581,248,๘,0,247,0.1581,247(๗):0.158 | 231(็):0.090 | 248(๘):0.074,1
PrintAksorn_dataset/test/digit_8_NotoSerifThai-SemiCondensedBlack.png,247,๗,0.1467,248,๘,0,247,0.1467,247(๗):0.147 | 244(๔):0.088 | 231(็):0.087,1
PrintAksorn_dataset/test/digit_8_PSK-SmartBI.png,231,็,0.5132,248,๘,0,231,0.5132,231(็):0.513 | 248(๘):0.288 | 242(๒):0.009,1
PrintAksorn_dataset/test/digit_8_Sathu.png,231,็,0.1136,248,๘,0,231,0.1136,231(็):0.114 | 244(๔):0.105 | 247(๗):0.098,1
PrintAksorn_dataset/test/digit_8_Silom.png,231,็,0.4937,248,๘,0,231,0.4937,231(็):0.494 | 248(๘):0.159 | 243(๓):0.036,1
PrintAksorn_dataset/test/digit_8_TH-KoHo-Bold-Italic.png,231,็,0.2952,248,๘,0,231,0.2952,231(็):0.295 | 248(๘):0.173 | 243(๓):0.031,1
PrintAksorn_dataset/test/digit_9_JS-Obsaward-Normal.png,170,ช,0.1206,249,๙,0,170,0.1206,170(ช):0.121 | 202(ส):0.064 | 171(ซ):0.051,1
PrintAksorn_dataset/test/digit_9_JS-Prapakorn-Normal.png,236,์,0.081,249,๙,0,236,0.081,236(์):0.081 | 202(ส):0.051 | 231(็):0.044,1
PrintAksorn_dataset/test/digit_9_JS-Saksit-Bold-Italic.png,249,๙,0.8814,249,๙,1,249,0.8814,249(๙):0.881 | 244(๔):0.006 | 248(๘):0.006,1
PrintAksorn_dataset/test/digit_9_JS-Saksit-Normal.png,249,๙,0.8988,249,๙,1,249,0.8988,249(๙):0.899 | 206(ฮ):0.004 | 184(ธ):0.004,1
PrintAksorn_dataset/test/digit_9_Kanit-ExtraLightItalic.png,171,ซ,0.1185,249,๙,0,171,0.1185,171(ซ):0.118 | 173(ญ):0.096 | 243(๓):0.075,1
PrintAksorn_dataset/test/digit_9_Kanit-Light.png,243,๓,0.118,249,๙,0,243,0.118,243(๓):0.118 | 173(ญ):0.113 | 171(ซ):0.087,1
PrintAksorn_dataset/test/digit_9_Kinnari-Italic.png,202,ส,0.1591,249,๙,0,202,0.1591,202(ส):0.159 | 171(ซ):0.068 | 170(ช):0.054,1
PrintAksorn_dataset/test/digit_9_Mitr-ExtraLight.png,173,ญ,0.1184,249,๙,0,173,0.1184,173(ญ):0.118 | 179(ณ):0.051 | 240(๐):0.037,1
PrintAksorn_dataset/test/digit_9_NotoSansThai-ExtraCondensed.png,202,ส,0.4259,249,๙,0,202,0.4259,202(ส):0.426 | 170(ช):0.090 | 183(ท):0.033,1
PrintAksorn_dataset/test/digit_9_NotoSansThai-SemiCondensedMedium.png,202,ส,0.272,249,๙,0,202,0.272,202(ส):0.272 | 170(ช):0.088 | 171(ซ):0.050,1
PrintAksorn_dataset/test/digit_9_PSK-SmartBI.png,231,็,0.0847,249,๙,0,231,0.0847,231(็):0.085 | 248(๘):0.053 | 171(ซ):0.034,1
PrintAksorn_dataset/test/digit_9_TH-Kodchasal-Bold.png,231,็,0.1047,249,๙,0,231,0.1047,231(็):0.105 | 236(์):0.078 | 243(๓):0.071,1
PrintAksorn_dataset/test/digit_9_TlwgTypewriter-BoldOblique.png,234,๊,0.1091,249,๙,0,234,0.1091,234(๊):0.109 | 236(์):0.097 | 171(ซ):0.046,1
PrintAksorn_dataset/test/digit_9_TlwgTypo-Oblique.png,236,์,0.0721,249,๙,0,236,0.0721,236(์):0.072 | 202(ส):0.069 | 171(ซ):0.063,1
PrintAksorn_dataset/test/digit_9_Trirong-ExtraBold.png,236,์,0.0672,249,๙,0,236,0.0672,236(์):0.067 | 234(๊):0.062 | 231(็):0.042,1
PrintAksorn_dataset/test/digit_9_Waree-BoldOblique.png,236,์,0.116,249,๙,0,236,0.116,236(์):0.116 | 202(ส):0.066 | 171(ซ):0.062,1
PrintAksorn_dataset/test/do_chada_CmPrasanmit-Bold.png,175,ฏ,0.8163,174,ฎ,0,175,0.8163,175(ฏ):0.816 | 174(ฎ):0.024 | 192(ภ):0.019,1
PrintAksorn_dataset/test/do_chada_DC-Palamongkol-Bold-Italic.png,175,ฏ,0.8207,174,ฎ,0,175,0.8207,175(ฏ):0.821 | 174(ฎ):0.033 | 193(ม):0.009,1
PrintAksorn_dataset/test/do_chada_JS-Jindara-Italic.png,175,ฏ,0.8145,174,ฎ,0,175,0.8145,175(ฏ):0.814 | 174(ฎ):0.038 | 193(ม):0.011,1
PrintAksorn_dataset/test/do_chada_Kinnari-BoldItalic.png,175,ฏ,0.9064,174,ฎ,0,175,0.9064,175(ฏ):0.906 | 174(ฎ):0.016 | 192(ภ):0.003,1
PrintAksorn_dataset/test/do_chada_Mitr-Bold.png,175,ฏ,0.3867,174,ฎ,0,175,0.3867,175(ฏ):0.387 | 174(ฎ):0.093 | 192(ภ):0.061,1
PrintAksorn_dataset/test/do_chada_NotoSansThai-SemiBold.png,175,ฏ,0.1699,174,ฎ,0,175,0.1699,175(ฏ):0.170 | 174(ฎ):0.065 | 192(ภ):0.059,1
PrintAksorn_dataset/test/do_chada_NotoSansThaiLooped-ExtraLight.png,175,ฏ,0.8537,174,ฎ,0,175,0.8537,175(ฏ):0.854 | 176(ฐ):0.013 | 174(ฎ):0.013,1
PrintAksorn_dataset/test/do_chada_NotoSerifThai-SemiCondensedSemiBold.png,175,ฏ,0.9549,174,ฎ,0,175,0.9549,175(ฏ):0.955 | 174(ฎ):0.008 | 176(ฐ):0.002,1
PrintAksorn_dataset/test/do_chada_Sarabun-Medium.png,175,ฏ,0.9401,174,ฎ,0,175,0.9401,175(ฏ):0.940 | 174(ฎ):0.009 | 192(ภ):0.003,1
PrintAksorn_dataset/test/do_chada_Sathu.png,175,ฏ,0.8683,174,ฎ,0,175,0.8683,175(ฏ):0.868 | 174(ฎ):0.018 | 173(ญ):0.005,1
PrintAksorn_dataset/test/do_dek_Chonburi-Regular.png,240,๐,0.138,180,ด,0,240,0.138,240(๐):0.138 | 161(ก):0.133 | 183(ท):0.039,1
PrintAksorn_dataset/test/do_dek_Himmaparnt-Bold-Italic.png,180,ด,0.9091,180,ด,1,180,0.9091,180(ด):0.909 | 181(ต):0.002 | 205(อ):0.001,1
PrintAksorn_dataset/test/do_dek_JS-Jukaphan.png,180,ด,0.9028,180,ด,1,180,0.9028,180(ด):0.903 | 167(ง):0.002 | 187(ป):0.002,1
PrintAksorn_dataset/test/do_dek_JS-Junkaew-Italic.png,180,ด,0.9029,180,ด,1,180,0.9029,180(ด):0.903 | 213(ี):0.002 | 187(ป):0.002,1
PrintAksorn_dataset/test/do_dek_JS-Pisit-Italic.png,180,ด,0.9209,180,ด,1,180,0.9209,180(ด):0.921 | 205(อ):0.002 | 233(้):0.002,1
PrintAksorn_dataset/test/do_dek_Kanit-SemiBoldItalic.png,240,๐,0.1858,180,ด,0,240,0.1858,240(๐):0.186 | 182(ถ):0.149 | 241(๑):0.032,1
PrintAksorn_dataset/test/do_dek_NotoSansThai-Condensed.png,240,๐,0.1428,180,ด,0,240,0.1428,240(๐):0.143 | 182(ถ):0.119 | 199(ว):0.058,1
PrintAksorn_dataset/test/do_dek_Taviraj-Bold.png,180,ด,0.859,180,ด,1,180,0.859,180(ด):0.859 | 205(อ):0.005 | 181(ต):0.005,1
PrintAksorn_dataset/test/dot_JS-Charnchai-Normal.png,232,่,0.4175,,,,232,0.4175,232(่):0.417 | 240(๐):0.199 | 241(๑):0.022,1
PrintAksorn_dataset/test/dot_JS-Rapee-Bold.png,240,๐,0.3759,,,,240,0.3759,240(๐):0.376 | 232(่):0.174 | 241(๑):0.032,1
PrintAksorn_dataset/test/dot_Kanit-BlackItalic.png,232,่,0.8428,,,,232,0.8428,232(่):0.843 | 240(๐):0.008 | 188(ผ):0.005,1
PrintAksorn_dataset/test/dot_Kinnari-Oblique.png,240,๐,0.4776,,,,240,0.4776,240(๐):0.478 | 232(่):0.101 | 241(๑):0.028,1
PrintAksorn_dataset/test/dot_Maitree-Bold.png,240,๐,0.5231,,,,240,0.5231,240(๐):0.523 | 232(่):0.050 | 241(๑):0.035,1
PrintAksorn_dataset/test/dot_Mitr-Regular.png,232,่,0.334,,,,232,0.334,232(่):0.334 | 240(๐):0.315 | 237(ํ):0.017,1
PrintAksorn_dataset/test/dot_Norasi.png,240,๐,0.4105,,,,240,0.4105,240(๐):0.410 | 232(่):0.145 | 241(๑):0.036,1
PrintAksorn_dataset/test/dot_NotoSansThai-CondensedBlack.png,187,ป,0.1355,,,,187,0.1355,187(ป):0.135 | 194(ย):0.082 | 240(๐):0.056,1
PrintAksorn_dataset/test/dot_NotoSerifThai-ExtraCondensed.png,187,ป,0.1355,,,,187,0.1355,187(ป):0.135 | 194(ย):0.082 | 240(๐):0.056,1
PrintAksorn_dataset/test/dot_Prompt-ExtraBoldItalic.png,240,๐,0.4715,,,,240,0.4715,240(๐):0.472 | 232(่):0.117 | 241(๑):0.030,1
PrintAksorn_dataset/test/dot_Sarabun-BoldItalic.png,240,๐,0.5368,,,,240,0.5368,240(๐):0.537 | 232(่):0.081 | 241(๑):0.023,1
PrintAksorn_dataset/test/dot_TH-Fahkwang-Regular.png,232,่,0.7812,,,,232,0.7812,232(่):0.781 | 240(๐):0.027 | 237(ํ):0.009,1
PrintAksorn_dataset/test/dot_TH-KoHo-Bold-Italic.png,232,่,0.7793,,,,232,0.7793,232(่):0.779 | 240(๐):0.016 | 216(ุ):0.008,1
PrintAksorn_dataset/test/dot_TH-Niramit-AS-Bold-Italic.png,232,่,0.368,,,,232,0.368,232(่):0.368 | 240(๐):0.243 | 241(๑):0.031,1
PrintAksorn_dataset/test/dot_TlwgTypewriter.png,240,๐,0.6656,,,,240,0.6656,240(๐):0.666 | 232(่):0.056 | 241(๑):0.022,1
PrintAksorn_dataset/test/dot_TlwgTypo-Bold.png,240,๐,0.6635,,,,240,0.6635,240(๐):0.663 | 232(่):0.065 | 241(๑):0.023,1
PrintAksorn_dataset/test/exclamation_JS-Prasoplarp-Normal.png,210,า,0.2189,,,,210,0.2189,210(า):0.219 | 227(ใ):0.138 | 228(ไ):0.075,1
PrintAksorn_dataset/test/exclamation_JS-Synjai-Italic.png,224,เ,0.1982,,,,224,0.1982,224(เ):0.198 | 227(ใ):0.160 | 210(า):0.127,1
PrintAksorn_dataset/test/exclamation_Norasi-Bold.png,227,ใ,0.5538,,,,227,0.5538,227(ใ):0.554 | 232(่):0.043 | 224(เ):0.035,1
PrintAksorn_dataset/test/exclamation_NotoSerifThai-CondensedBlack.png,187,ป,0.1355,,,,187,0.1355,187(ป):0.135 | 194(ย):0.082 | 240(๐):0.056,1
PrintAksorn_dataset/test/exclamation_NotoSerifThai-ExtraCondensedBlack.png,187,ป,0.1355,,,,187,0.1355,187(ป):0.135 | 194(ย):0.082 | 240(๐):0.056,1
PrintAksorn_dataset/test/exclamation_Taviraj-BoldItalic.png,224,เ,0.2474,,,,224,0.2474,224(เ):0.247 | 227(ใ):0.205 | 210(า):0.045,1
PrintAksorn_dataset/test/exclamation_Taviraj-ExtraLight.png,210,า,0.2596,,,,210,0.2596,210(า):0.260 | 227(ใ):0.173 | 224(เ):0.106,1
PrintAksorn_dataset/test/exclamation_Taviraj-LightItalic.png,210,า,0.2234,,,,210,0.2234,210(า):0.223 | 227(ใ):0.176 | 224(เ):0.118,1
PrintAksorn_dataset/test/fo_fa_Garuda-Oblique.png,189,ฝ,0.9443,189,ฝ,1,189,0.9443,189(ฝ):0.944 | 213(ี):0.005 | 187(ป):0.005,1
PrintAksorn_dataset/test/fo_fa_JS-Wanida-Italic.png,189,ฝ,0.9013,189,ฝ,1,189,0.9013,189(ฝ):0.901 | 191(ฟ):0.024 | 213(ี):0.003,1
PrintAksorn_dataset/test/fo_fa_NotoSansThai-SemiCondensedThin.png,189,ฝ,0.783,189,ฝ,1,189,0.783,189(ฝ):0.783 | 213(ี):0.022 | 202(ส):0.018,1
PrintAksorn_dataset/test/fo_fa_Pridi-Bold.png,189,ฝ,0.8765,189,ฝ,1,189,0.8765,189(ฝ):0.877 | 188(ผ):0.007 | 175(ฏ):0.006,1
PrintAksorn_dataset/test/fo_fa_Prompt-ExtraLight.png,189,ฝ,0.8671,189,ฝ,1,189,0.8671,189(ฝ):0.867 | 191(ฟ):0.013 | 213(ี):0.009,1
PrintAksorn_dataset/test/fo_fa_Purisa-Bold.png,189,ฝ,0.8672,189,ฝ,1,189,0.8672,189(ฝ):0.867 | 187(ป):0.007 | 242(๒):0.006,1
PrintAksorn_dataset/test/fo_fa_TH-Krub-Bold-Italic.png,189,ฝ,0.9317,189,ฝ,1,189,0.9317,189(ฝ):0.932 | 213(ี):0.004 | 188(ผ):0.003,1
PrintAksorn_dataset/test/fo_fa_TH-Krub-Italic.png,189,ฝ,0.9358,189,ฝ,1,189,0.9358,189(ฝ):0.936 | 213(ี):0.004 | 188(ผ):0.004,1
PrintAksorn_dataset/test/fo_fa_Taviraj-ExtraBold.png,189,ฝ,0.7931,189,ฝ,1,189,0.7931,189(ฝ):0.793 | 188(ผ):0.053 | 193(ม):0.013,1
PrintAksorn_dataset/test/fo_fa_TlwgTypist-BoldOblique.png,189,ฝ,0.9484,189,ฝ,1,189,0.9484,189(ฝ):0.948 | 188(ผ):0.004 | 175(ฏ):0.003,1
PrintAksorn_dataset/test/fo_fan_JS-Hariphan.png,191,ฟ,0.5953,191,ฟ,1,191,0.5953,191(ฟ):0.595 | 189(ฝ):0.024 | 188(ผ):0.019,1
PrintAksorn_dataset/test/fo_fan_Kanit-BlackItalic.png,191,ฟ,0.3254,191,ฟ,1,191,0.3254,191(ฟ):0.325 | 225(แ):0.048 | 188(ผ):0.045,1
PrintAksorn_dataset/test/fo_fan_Kinnari-Italic.png,191,ฟ,0.8969,191,ฟ,1,191,0.8969,191(ฟ):0.897 | 173(ญ):0.004 | 189(ฝ):0.003,1
PrintAksorn_dataset/test/fo_fan_Loma-Oblique.png,191,ฟ,0.9045,191,ฟ,1,191,0.9045,191(ฟ):0.904 | 188(ผ):0.004 | 173(ญ):0.004,1
PrintAksorn_dataset/test/fo_fan_NotoSerifThai-ExtraCondensedBlack.png,191,ฟ,0.8835,191,ฟ,1,191,0.8835,191(ฟ):0.883 | 190(พ):0.004 | 164(ค):0.003,1
PrintAksorn_dataset/test/fo_fan_NotoSerifThai-Medium.png,191,ฟ,0.8992,191,ฟ,1,191,0.8992,191(ฟ):0.899 | 173(ญ):0.004 | 189(ฝ):0.003,1
PrintAksorn_dataset/test/fo_fan_PSK-Smart-Bold.png,191,ฟ,0.9369,191,ฟ,1,191,0.9369,191(ฟ):0.937 | 190(พ):0.002 | 170(ช):0.002,1
PrintAksorn_dataset/test/fo_fan_PSK-Smart-Regular.png,191,ฟ,0.87,191,ฟ,1,191,0.87,191(ฟ):0.870 | 189(ฝ):0.011 | 170(ช):0.004,1
PrintAksorn_dataset/test/fo_fan_Sarabun-ExtraBold.png,191,ฟ,0.9249,191,ฟ,1,191,0.9249,191(ฟ):0.925 | 189(ฝ):0.003 | 173(ญ):0.002,1
PrintAksorn_dataset/test/fo_fan_TH-Chakra-Petch-Bold-Italic.png,191,ฟ,0.7972,191,ฟ,1,191,0.7972,191(ฟ):0.797 | 189(ฝ):0.031 | 173(ญ):0.006,1
PrintAksorn_dataset/test/fo_fan_TH-Niramit-AS-Italic.png,191,ฟ,0.8879,191,ฟ,1,191,0.8879,191(ฟ):0.888 | 173(ญ):0.004 | 178(ฒ):0.003,1
PrintAksorn_dataset/test/fo_fan_Trirong-Regular.png,191,ฟ,0.9076,191,ฟ,1,191,0.9076,191(ฟ):0.908 | 189(ฝ):0.008 | 173(ญ):0.002,1
PrintAksorn_dataset/test/ho_hip_Aksaramatee-Regular.png,203,ห,0.9172,203,ห,1,203,0.9172,203(ห):0.917 | 202(ส):0.002 | 215(ื):0.001,1
PrintAksorn_dataset/test/ho_hip_NotoSansThai-ExtraLight.png,203,ห,0.6882,203,ห,1,203,0.6882,203(ห):0.688 | 183(ท):0.023 | 161(ก):0.014,1
PrintAksorn_dataset/test/ho_hip_NotoSansThaiLooped-ExtraLight.png,203,ห,0.8848,203,ห,1,203,0.8848,203(ห):0.885 | 202(ส):0.002 | 176(ฐ):0.002,1
PrintAksorn_dataset/test/ho_hip_NotoSerifThai-ExtraBold.png,203,ห,0.9232,203,ห,1,203,0.9232,203(ห):0.923 | 204(ฬ):0.002 | 190(พ):0.002,1
PrintAksorn_dataset/test/ho_hip_NotoSerifThai-ExtraLight.png,203,ห,0.9,203,ห,1,203,0.9,203(ห):0.900 | 202(ส):0.002 | 170(ช):0.002,1
PrintAksorn_dataset/test/ho_hip_Purisa.png,203,ห,0.4689,203,ห,1,203,0.4689,203(ห):0.469 | 185(น):0.184 | 170(ช):0.016,1
PrintAksorn_dataset/test/ho_hip_SR-FahMai-Bold-Italic.png,203,ห,0.9047,203,ห,1,203,0.9047,203(ห):0.905 | 185(น):0.003 | 190(พ):0.002,1
PrintAksorn_dataset/test/ho_hip_Sawasdee-BoldOblique.png,183,ท,0.4454,203,ห,0,183,0.4454,183(ท):0.445 | 161(ก):0.142 | 203(ห):0.071,1
PrintAksorn_dataset/test/ho_hip_TH-Fahkwang-Bold.png,203,ห,0.8438,203,ห,1,203,0.8438,203(ห):0.844 | 200(ศ):0.005 | 190(พ):0.004,1
PrintAksorn_dataset/test/ho_hip_Taviraj-ExtraBoldItalic.png,203,ห,0.7842,203,ห,1,203,0.7842,203(ห):0.784 | 190(พ):0.019 | 201(ษ):0.007,1
PrintAksorn_dataset/test/ho_hip_Taviraj-SemiBold.png,203,ห,0.8986,203,ห,1,203,0.8986,203(ห):0.899 | 190(พ):0.002 | 180(ด):0.002,1
PrintAksorn_dataset/test/ho_hip_TlwgMono-Oblique.png,203,ห,0.9129,203,ห,1,203,0.9129,203(ห):0.913 | 190(พ):0.002 | 171(ซ):0.001,1
PrintAksorn_dataset/test/ho_hip_TlwgTypo-Bold.png,203,ห,0.9101,203,ห,1,203,0.9101,203(ห):0.910 | 180(ด):0.002 | 188(ผ):0.002,1
PrintAksorn_dataset/test/ho_hip_Waree-Oblique.png,203,ห,0.9051,203,ห,1,203,0.9051,203(ห):0.905 | 183(ท):0.002 | 171(ซ):0.002,1
PrintAksorn_dataset/test/ho_nokhuk_JS-Oobboon-Normal.png,205,อ,0.505,206,ฮ,0,205,0.505,205(อ):0.505 | 194(ย):0.155 | 187(ป):0.012,1
PrintAksorn_dataset/test/ho_nokhuk_JS-Pisit-Normal.png,206,ฮ,0.5828,206,ฮ,1,206,0.5828,206(ฮ):0.583 | 194(ย):0.073 | 249(๙):0.060,1
PrintAksorn_dataset/test/ho_nokhuk_JS-Prajuk-Italic.png,170,ช,0.4206,206,ฮ,0,170,0.4206,170(ช):0.421 | 187(ป):0.119 | 206(ฮ):0.046,1
PrintAksorn_dataset/test/ho_nokhuk_Kanit-Italic.png,205,อ,0.3346,206,ฮ,0,205,0.3346,205(อ):0.335 | 206(ฮ):0.087 | 240(๐):0.059,1
PrintAksorn_dataset/test/ho_nokhuk_Laksaman-BoldItalic.png,206,ฮ,0.7711,206,ฮ,1,206,0.7711,206(ฮ):0.771 | 249(๙):0.044 | 194(ย):0.017,1
PrintAksorn_dataset/test/ho_nokhuk_NotoSansThai-ExtraCondensed.png,206,ฮ,0.1217,206,ฮ,1,206,0.1217,206(ฮ):0.122 | 246(๖):0.073 | 202(ส):0.056,1
PrintAksorn_dataset/test/ho_nokhuk_PSK-Smart-Bold.png,206,ฮ,0.586,206,ฮ,1,206,0.586,206(ฮ):0.586 | 176(ฐ):0.106 | 202(ส):0.045,1
PrintAksorn_dataset/test/ho_nokhuk_PSK-SmartBI.png,206,ฮ,0.489,206,ฮ,1,206,0.489,206(ฮ):0.489 | 176(ฐ):0.148 | 202(ส):0.075,1
PrintAksorn_dataset/test/ho_nokhuk_Prompt-MediumItalic.png,206,ฮ,0.1507,206,ฮ,1,206,0.1507,206(ฮ):0.151 | 205(อ):0.137 | 246(๖):0.051,1
PrintAksorn_dataset/test/ho_nokhuk_Prompt-SemiBoldItalic.png,206,ฮ,0.2366,206,ฮ,1,206,0.2366,206(ฮ):0.237 | 205(อ):0.072 | 246(๖):0.052,1
PrintAksorn_dataset/test/ho_nokhuk_TH-Sarabun-New-BoldItalic.png,206,ฮ,0.7758,206,ฮ,1,206,0.7758,206(ฮ):0.776 | 249(๙):0.045 | 194(ย):0.014,1
PrintAksorn_dataset/test/ho_nokhuk_Taviraj-Light.png,206,ฮ,0.6257,206,ฮ,1,206,0.6257,206(ฮ):0.626 | 194(ย):0.064 | 201(ษ):0.022,1
PrintAksorn_dataset/test/ho_nokhuk_Taviraj-SemiBoldItalic.png,206,ฮ,0.4332,206,ฮ,1,206,0.4332,206(ฮ):0.433 | 202(ส):0.210 | 176(ฐ):0.067,1
PrintAksorn_dataset/test/kho_khai_Aksaramatee-Bold-Italic.png,162,ข,0.8377,162,ข,1,162,0.8377,162(ข):0.838 | 194(ย):0.010 | 205(อ):0.005,1
PrintAksorn_dataset/test/kho_khai_DC-Palamongkol-Regular.png,162,ข,0.4081,162,ข,1,162,0.4081,162(ข):0.408 | 194(ย):0.155 | 205(อ):0.012,1
PrintAksorn_dataset/test/kho_khai_JS-Obsaward-Italic.png,162,ข,0.3059,162,ข,1,162,0.3059,162(ข):0.306 | 168(จ):0.160 | 167(ง):0.098,1
PrintAksorn_dataset/test/kho_khai_Mitr-ExtraLight.png,194,ย,0.428,162,ข,0,194,0.428,194(ย):0.428 | 186(บ):0.069 | 187(ป):0.049,1
PrintAksorn_dataset/test/kho_khai_NotoSansThai-ExtraLight.png,194,ย,0.31,162,ข,0,194,0.31,194(ย):0.310 | 187(ป):0.041 | 186(บ):0.033,1
PrintAksorn_dataset/test/kho_khai_NotoSansThaiLooped-Medium.png,194,ย,0.5859,162,ข,0,194,0.5859,194(ย):0.586 | 186(บ):0.081 | 162(ข):0.017,1
PrintAksorn_dataset/test/kho_khai_NotoSerifThai-ExtraCondensed.png,162,ข,0.8698,162,ข,1,162,0.8698,162(ข):0.870 | 207(ฯ):0.005 | 194(ย):0.004,1
PrintAksorn_dataset/test/kho_khai_Prompt-Black.png,194,ย,0.8991,162,ข,0,194,0.8991,194(ย):0.899 | 162(ข):0.006 | 186(บ):0.004,1
PrintAksorn_dataset/test/kho_khon_CmPrasanmit-Italic.png,181,ต,0.5117,165,ฅ,0,181,0.5117,181(ต):0.512 | 164(ค):0.137 | 200(ศ):0.023,1
PrintAksorn_dataset/test/kho_khon_JS-Pitsamai-Italic.png,181,ต,0.5929,165,ฅ,0,181,0.5929,181(ต):0.593 | 164(ค):0.047 | 200(ศ):0.024,1
PrintAksorn_dataset/test/kho_khon_Laksaman-Italic.png,181,ต,0.3731,165,ฅ,0,181,0.3731,181(ต):0.373 | 164(ค):0.162 | 165(ฅ):0.026,1
PrintAksorn_dataset/test/kho_khon_Loma-Oblique.png,181,ต,0.506,165,ฅ,0,181,0.506,181(ต):0.506 | 164(ค):0.071 | 165(ฅ):0.038,1
PrintAksorn_dataset/test/kho_khon_Maitree-ExtraLight.png,181,ต,0.3762,165,ฅ,0,181,0.3762,181(ต):0.376 | 188(ผ):0.050 | 164(ค):0.050,1
PrintAksorn_dataset/test/kho_khon_Norasi-BoldItalic.png,181,ต,0.3957,165,ฅ,0,181,0.3957,181(ต):0.396 | 164(ค):0.228 | 165(ฅ):0.023,1
PrintAksorn_dataset/test/kho_khon_Prompt-Thin.png,164,ค,0.1214,165,ฅ,0,164,0.1214,164(ค):0.121 | 181(ต):0.047 | 230(ๆ):0.043,1
PrintAksorn_dataset/test/kho_khon_Sarabun-ExtraBoldItalic.png,181,ต,0.6107,165,ฅ,0,181,0.6107,181(ต):0.611 | 164(ค):0.035 | 165(ฅ):0.021,1
PrintAksorn_dataset/test/kho_khon_Sawasdee-Bold.png,183,ท,0.1457,165,ฅ,0,183,0.1457,183(ท):0.146 | 164(ค):0.074 | 207(ฯ):0.060,1
PrintAksorn_dataset/test/kho_khon_TH-Fahkwang-Bold.png,181,ต,0.7946,165,ฅ,0,181,0.7946,181(ต):0.795 | 164(ค):0.022 | 165(ฅ):0.008,1
PrintAksorn_dataset/test/kho_khon_TH-Kodchasal-Bold.png,181,ต,0.3736,165,ฅ,0,181,0.3736,181(ต):0.374 | 200(ศ):0.076 | 183(ท):0.046,1
PrintAksorn_dataset/test/kho_khon_TH-Sarabun-New-Bold.png,181,ต,0.4606,165,ฅ,0,181,0.4606,181(ต):0.461 | 200(ศ):0.060 | 164(ค):0.057,1
PrintAksorn_dataset/test/kho_khon_Taviraj-Light.png,181,ต,0.6748,165,ฅ,0,181,0.6748,181(ต):0.675 | 164(ค):0.036 | 165(ฅ):0.014,1
PrintAksorn_dataset/test/kho_khon_Trirong-ExtraBold.png,183,ท,0.1686,165,ฅ,0,183,0.1686,183(ท):0.169 | 181(ต):0.092 | 188(ผ):0.068,1
PrintAksorn_dataset/test/kho_khuat_JS-Giat-Bold.png,194,ย,0.6529,163,ฃ,0,194,0.6529,194(ย):0.653 | 162(ข):0.067 | 187(ป):0.014,1
PrintAksorn_dataset/test/kho_khuat_JS-Saksit-Normal.png,162,ข,0.4574,163,ฃ,0,162,0.4574,162(ข):0.457 | 171(ซ):0.053 | 187(ป):0.017,1
PrintAksorn_dataset/test/kho_khuat_KaniGa-Bold.png,162,ข,0.8606,163,ฃ,0,162,0.8606,162(ข):0.861 | 194(ย):0.006 | 187(ป):0.003,1
PrintAksorn_dataset/test/kho_khuat_NotoSansThai-SemiCondensedBold.png,194,ย,0.7761,163,ฃ,0,194,0.7761,194(ย):0.776 | 162(ข):0.027 | 186(บ):0.011,1
PrintAksorn_dataset/test/kho_khuat_Sawasdee-Bold.png,194,ย,0.7901,163,ฃ,0,194,0.7901,194(ย):0.790 | 201(ษ):0.014 | 162(ข):0.012,1
PrintAksorn_dataset/test/kho_khuat_Taviraj-Thin.png,194,ย,0.1551,163,ฃ,0,194,0.1551,194(ย):0.155 | 162(ข):0.098 | 242(๒):0.092,1
PrintAksorn_dataset/test/kho_khwai_Athiti-Bold.png,164,ค,0.798,164,ค,1,164,0.798,164(ค):0.798 | 168(จ):0.017 | 178(ฒ):0.005,1
PrintAksorn_dataset/test/kho_khwai_FonLeb-Italic.png,164,ค,0.8547,164,ค,1,164,0.8547,164(ค):0.855 | 180(ด):0.011 | 196(ฤ):0.003,1
PrintAksorn_dataset/test/kho_khwai_Kanit-ExtraBoldItalic.png,164,ค,0.8678,164,ค,1,164,0.8678,164(ค):0.868 | 205(อ):0.014 | 196(ฤ):0.004,1
PrintAksorn_dataset/test/kho_khwai_Maitree-Bold.png,164,ค,0.8668,164,ค,1,164,0.8668,164(ค):0.867 | 205(อ):0.005 | 168(จ):0.004,1
PrintAksorn_dataset/test/kho_khwai_NotoSansThai-Regular.png,164,ค,0.7387,164,ค,1,164,0.7387,164(ค):0.739 | 168(จ):0.013 | 161(ก):0.013,1
PrintAksorn_dataset/test/kho_khwai_Sawasdee-Bold.png,164,ค,0.7386,164,ค,1,164,0.7386,164(ค):0.739 | 161(ก):0.041 | 196(ฤ):0.007,1
PrintAksorn_dataset/test/kho_khwai_Taviraj-MediumItalic.png,164,ค,0.8691,164,ค,1,164,0.8691,164(ค):0.869 | 180(ด):0.009 | 168(จ):0.004,1
PrintAksorn_dataset/test/kho_khwai_Trirong-ExtraBoldItalic.png,164,ค,0.8413,164,ค,1,164,0.8413,164(ค):0.841 | 205(อ):0.010 | 196(ฤ):0.008,1
PrintAksorn_dataset/test/kho_rakhang_Athiti-Bold.png,194,ย,0.573,166,ฆ,0,194,0.573,194(ย):0.573 | 162(ข):0.067 | 193(ม):0.032,1
PrintAksorn_dataset/test/kho_rakhang_Ayuthaya.png,193,ม,0.5303,166,ฆ,0,193,0.5303,193(ม):0.530 | 178(ฒ):0.030 | 181(ต):0.017,1
PrintAksorn_dataset/test/kho_rakhang_JS-Jindara-Bold.png,193,ม,0.3857,166,ฆ,0,193,0.3857,193(ม):0.386 | 178(ฒ):0.084 | 173(ญ):0.026,1
PrintAksorn_dataset/test/kho_rakhang_JS-Yodthida-Italic.png,193,ม,0.3103,166,ฆ,0,193,0.3103,193(ม):0.310 | 188(ผ):0.092 | 170(ช):0.025,1
PrintAksorn_dataset/test/kho_rakhang_Mitr-SemiBold.png,194,ย,0.6151,166,ฆ,0,194,0.6151,194(ย):0.615 | 162(ข):0.091 | 193(ม):0.024,1
PrintAksorn_dataset/test/kho_rakhang_Taviraj-Black.png,193,ม,0.407,166,ฆ,0,193,0.407,193(ม):0.407 | 178(ฒ):0.095 | 162(ข):0.027,1
PrintAksorn_dataset/test/kho_rakhang_Taviraj-SemiBoldItalic.png,193,ม,0.5314,166,ฆ,0,193,0.5314,193(ม):0.531 | 178(ฒ):0.032 | 162(ข):0.021,1
PrintAksorn_dataset/test/kho_rakhang_Umpush.png,193,ม,0.4712,166,ฆ,0,193,0.4712,193(ม):0.471 | 178(ฒ):0.034 | 194(ย):0.025,1
PrintAksorn_dataset/test/ko_kai_Himmaparnt-Regular.png,161,ก,0.8866,161,ก,1,161,0.8866,161(ก):0.887 | 183(ท):0.005 | 173(ญ):0.003,1
PrintAksorn_dataset/test/ko_kai_JS-Pitsanu.png,161,ก,0.8295,161,ก,1,161,0.8295,161(ก):0.829 | 229(ๅ):0.006 | 182(ถ):0.003,1
PrintAksorn_dataset/test/ko_kai_JS-Synjai-Normal.png,161,ก,0.9002,161,ก,1,161,0.9002,161(ก):0.900 | 229(ๅ):0.002 | 170(ช):0.002,1
PrintAksorn_dataset/test/ko_kai_Kanit-Medium.png,161,ก,0.7181,161,ก,1,161,0.7181,161(ก):0.718 | 192(ภ):0.029 | 164(ค):0.017,1
PrintAksorn_dataset/test/ko_kai_NotoSansThai-CondensedBlack.png,164,ค,0.4966,161,ก,0,164,0.4966,164(ค):0.497 | 192(ภ):0.094 | 161(ก):0.090,1
PrintAksorn_dataset/test/ko_kai_NotoSansThai-ExtraCondensedBold.png,161,ก,0.5385,161,ก,1,161,0.5385,161(ก):0.539 | 164(ค):0.113 | 192(ภ):0.055,1
PrintAksorn_dataset/test/ko_kai_NotoSansThai-SemiCondensedMedium.png,161,ก,0.5753,161,ก,1,161,0.5753,161(ก):0.575 | 192(ภ):0.053 | 164(ค):0.032,1
PrintAksorn_dataset/test/ko_kai_NotoSansThaiLooped-Light.png,161,ก,0.3745,161,ก,1,161,0.3745,161(ก):0.375 | 164(ค):0.094 | 192(ภ):0.080,1
PrintAksorn_dataset/test/ko_kai_NotoSansThaiLooped-Medium.png,161,ก,0.6163,161,ก,1,161,0.6163,161(ก):0.616 | 164(ค):0.058 | 192(ภ):0.050,1
PrintAksorn_dataset/test/ko_kai_Taviraj-ExtraBold.png,161,ก,0.2843,161,ก,1,161,0.2843,161(ก):0.284 | 164(ค):0.163 | 192(ภ):0.160,1
PrintAksorn_dataset/test/ko_kai_Waree-Oblique.png,161,ก,0.8954,161,ก,1,161,0.8954,161(ก):0.895 | 164(ค):0.005 | 192(ภ):0.004,1
PrintAksorn_dataset/test/lakkhangyao_Chonburi-Regular.png,210,า,0.9226,229,ๅ,0,210,0.9226,210(า):0.923 | 232(่):0.003 | 229(ๅ):0.002,1
PrintAksorn_dataset/test/lakkhangyao_JS-Prasoplarp-Normal.png,229,ๅ,0.7409,229,ๅ,1,229,0.7409,229(ๅ):0.741 | 210(า):0.075 | 188(ผ):0.005,1
PrintAksorn_dataset/test/lakkhangyao_JS-Saksit-Bold-Italic.png,229,ๅ,0.9054,229,ๅ,1,229,0.9054,229(ๅ):0.905 | 210(า):0.002 | 187(ป):0.002,1
PrintAksorn_dataset/test/lakkhangyao_Kanit-ExtraLightItalic.png,229,ๅ,0.9065,229,ๅ,1,229,0.9065,229(ๅ):0.907 | 210(า):0.003 | 188(ผ):0.002,1
PrintAksorn_dataset/test/lakkhangyao_NotoSansThai-ExtraLight.png,229,ๅ,0.8803,229,ๅ,1,229,0.8803,229(ๅ):0.880 | 210(า):0.011 | 228(ไ):0.002,1
PrintAksorn_dataset/test/lakkhangyao_NotoSansThaiLooped-ExtraBold.png,229,ๅ,0.9186,229,ๅ,1,229,0.9186,229(ๅ):0.919 | 188(ผ):0.001 | 175(ฏ):0.001,1
PrintAksorn_dataset/test/lakkhangyao_Purisa.png,229,ๅ,0.8861,229,ๅ,1,229,0.8861,229(ๅ):0.886 | 210(า):0.017 | 227(ใ):0.002,1
PrintAksorn_dataset/test/lakkhangyao_TlwgTypo.png,229,ๅ,0.7414,229,ๅ,1,229,0.7414,229(ๅ):0.741 | 210(า):0.053 | 188(ผ):0.005,1
PrintAksorn_dataset/test/lakkhangyao_Trirong-MediumItalic.png,229,ๅ,0.8997,229,ๅ,1,229,0.8997,229(ๅ):0.900 | 210(า):0.007 | 188(ผ):0.002,1
PrintAksorn_dataset/test/lbrace_Ayuthaya.png,226,โ,0.3841,,,,226,0.3841,226(โ):0.384 | 227(ใ):0.151 | 224(เ):0.052,1
PrintAksorn_dataset/test/lbrace_JS-Wanida-Italic.png,226,โ,0.531,,,,226,0.531,226(โ):0.531 | 210(า):0.097 | 224(เ):0.060,1
PrintAksorn_dataset/test/lbrace_Kanit-Medium.png,227,ใ,0.2637,,,,227,0.2637,227(ใ):0.264 | 224(เ):0.230 | 228(ไ):0.050,1
PrintAksorn_dataset/test/lbrace_Mitr-ExtraLight.png,227,ใ,0.2162,,,,227,0.2162,227(ใ):0.216 | 210(า):0.145 | 226(โ):0.109,1
PrintAksorn_dataset/test/lbrace_NotoSansThai-ExtraCondensedLight.png,187,ป,0.1362,,,,187,0.1362,187(ป):0.136 | 194(ย):0.082 | 240(๐):0.056,1
PrintAksorn_dataset/test/lbrace_NotoSansThai-Regular.png,187,ป,0.1324,,,,187,0.1324,187(ป):0.132 | 194(ย):0.087 | 240(๐):0.057,1
PrintAksorn_dataset/test/lbrace_NotoSerifThai-ExtraCondensedLight.png,187,ป,0.1362,,,,187,0.1362,187(ป):0.136 | 194(ย):0.082 | 240(๐):0.056,1
PrintAksorn_dataset/test/lbrace_Prompt-Italic.png,210,า,0.2669,,,,210,0.2669,210(า):0.267 | 227(ใ):0.131 | 224(เ):0.110,1
PrintAksorn_dataset/test/lbrace_Prompt-Light.png,227,ใ,0.2353,,,,227,0.2353,227(ใ):0.235 | 210(า):0.146 | 226(โ):0.086,1
PrintAksorn_dataset/test/lbrace_TH-Baijam-Bold-Italic.png,226,โ,0.199,,,,226,0.199,226(โ):0.199 | 224(เ):0.177 | 210(า):0.091,1
PrintAksorn_dataset/test/lbracket_Himmaparnt-Regular.png,224,เ,0.2895,,,,224,0.2895,224(เ):0.290 | 226(โ):0.164 | 210(า):0.121,1
PrintAksorn_dataset/test/lbracket_Kanit-ThinItalic.png,224,เ,0.1965,,,,224,0.1965,224(เ):0.197 | 187(ป):0.114 | 226(โ):0.068,1
PrintAksorn_dataset/test/lbracket_Kinnari-Oblique.png,224,เ,0.4637,,,,224,0.4637,224(เ):0.464 | 210(า):0.096 | 187(ป):0.035,1
PrintAksorn_dataset/test/lbracket_Laksaman-BoldItalic.png,210,า,0.2106,,,,210,0.2106,210(า):0.211 | 226(โ):0.153 | 224(เ):0.144,1
PrintAksorn_dataset/test/lbracket_NotoSerifThai-SemiCondensedExtraLight.png,187,ป,0.1216,,,,187,0.1216,187(ป):0.122 | 240(๐):0.065 | 194(ย):0.062,1
PrintAksorn_dataset/test/lbracket_NotoSerifThai-SemiCondensedThin.png,187,ป,0.1216,,,,187,0.1216,187(ป):0.122 | 240(๐):0.065 | 194(ย):0.062,1
PrintAksorn_dataset/test/lbracket_Pridi-Regular.png,224,เ,0.5833,,,,224,0.5833,224(เ):0.583 | 210(า):0.070 | 227(ใ):0.031,1
PrintAksorn_dataset/test/lbracket_Prompt-Italic.png,210,า,0.3834,,,,210,0.3834,210(า):0.383 | 226(โ):0.108 | 224(เ):0.094,1
PrintAksorn_dataset/test/lo_chula_Himmaparnt-Bold.png,204,ฬ,0.3916,204,ฬ,1,204,0.3916,204(ฬ):0.392 | 190(พ):0.054 | 203(ห):0.048,1
PrintAksorn_dataset/test/lo_chula_JS-Thanaporn-Normal.png,173,ญ,0.1213,204,ฬ,0,173,0.1213,173(ญ):0.121 | 186(บ):0.114 | 179(ณ):0.050,1
PrintAksorn_dataset/test/lo_chula_Kinnari-Oblique.png,203,ห,0.405,204,ฬ,0,203,0.405,203(ห):0.405 | 190(พ):0.192 | 204(ฬ):0.113,1
PrintAksorn_dataset/test/lo_chula_TH-Fahkwang-Italic.png,203,ห,0.5882,204,ฬ,0,203,0.5882,203(ห):0.588 | 190(พ):0.064 | 204(ฬ):0.044,1
PrintAksorn_dataset/test/lo_ling_ChulaNarak-Bold-Italic.png,197,ล,0.8908,197,ล,1,197,0.8908,197(ล):0.891 | 192(ภ):0.002 | 212(ิ):0.002,1
PrintAksorn_dataset/test/lo_ling_DC-Palamongkol-Bold.png,197,ล,0.8544,197,ล,1,197,0.8544,197(ล):0.854 | 168(จ):0.004 | 192(ภ):0.004,1
PrintAksorn_dataset/test/lo_ling_FonLeb-Regular.png,197,ล,0.9122,197,ล,1,197,0.9122,197(ล):0.912 | 168(จ):0.002 | 233(้):0.001,1
PrintAksorn_dataset/test/lo_ling_JS-Arisa.png,197,ล,0.9216,197,ล,1,197,0.9216,197(ล):0.922 | 229(ๅ):0.001 | 162(ข):0.001,1
PrintAksorn_dataset/test/lo_ling_JS-Wanida-Italic.png,197,ล,0.8644,197,ล,1,197,0.8644,197(ล):0.864 | 247(๗):0.005 | 182(ถ):0.005,1
PrintAksorn_dataset/test/lo_ling_Kanit-Black.png,205,อ,0.2725,197,ล,0,205,0.2725,205(อ):0.272 | 197(ล):0.215 | 176(ฐ):0.019,1
PrintAksorn_dataset/test/lo_ling_Kanit-ExtraBoldItalic.png,197,ล,0.5576,197,ล,1,197,0.5576,197(ล):0.558 | 176(ฐ):0.030 | 205(อ):0.025,1
PrintAksorn_dataset/test/lo_ling_Kanit-Light.png,197,ล,0.7285,197,ล,1,197,0.7285,197(ล):0.728 | 240(๐):0.025 | 212(ิ):0.009,1
PrintAksorn_dataset/test/lo_ling_Kanit-Thin.png,197,ล,0.2683,197,ล,1,197,0.2683,197(ล):0.268 | 240(๐):0.058 | 206(ฮ):0.033,1
PrintAksorn_dataset/test/lo_ling_Mitr-Medium.png,197,ล,0.822,197,ล,1,197,0.822,197(ล):0.822 | 167(ง):0.012 | 247(๗):0.006,1
PrintAksorn_dataset/test/lo_ling_NotoSerifThai-Thin.png,197,ล,0.8681,197,ล,1,197,0.8681,197(ล):0.868 | 202(ส):0.012 | 176(ฐ):0.003,1
PrintAksorn_dataset/test/lo_ling_TlwgMono-BoldOblique.png,197,ล,0.8877,197,ล,1,197,0.8877,197(ล):0.888 | 202(ส):0.010 | 229(ๅ):0.002,1
PrintAksorn_dataset/test/lo_ling_Trirong-Medium.png,197,ล,0.9113,197,ล,1,197,0.9113,197(ล):0.911 | 182(ถ):0.002 | 229(ๅ):0.002,1
PrintAksorn_dataset/test/lparen_ChulaNarak-Regular.png,199,ว,0.2018,,,,199,0.2018,199(ว):0.202 | 224(เ):0.156 | 237(ํ):0.071,1
PrintAksorn_dataset/test/lparen_CmPrasanmit-Bold-Italic.png,210,า,0.4622,,,,210,0.4622,210(า):0.462 | 232(่):0.064 | 167(ง):0.043,1
PrintAksorn_dataset/test/lparen_FonLeb-Regular.png,224,เ,0.1788,,,,224,0.1788,224(เ):0.179 | 199(ว):0.137 | 237(ํ):0.070,1
PrintAksorn_dataset/test/lparen_JS-Prajuk-Italic.png,210,า,0.6984,,,,210,0.6984,210(า):0.698 | 224(เ):0.022 | 199(ว):0.017,1
PrintAksorn_dataset/test/lparen_JS-Wanida-Italic.png,210,า,0.6997,,,,210,0.6997,210(า):0.700 | 224(เ):0.022 | 199(ว):0.017,1
PrintAksorn_dataset/test/lparen_Kanit-ExtraLight.png,224,เ,0.3176,,,,224,0.3176,224(เ):0.318 | 226(โ):0.109 | 199(ว):0.060,1
PrintAksorn_dataset/test/lparen_Loma-BoldOblique.png,210,า,0.3253,,,,210,0.3253,210(า):0.325 | 199(ว):0.059 | 237(ํ):0.052,1
PrintAksorn_dataset/test/lparen_Maitree-Light.png,210,า,0.4095,,,,210,0.4095,210(า):0.409 | 224(เ):0.102 | 167(ง):0.050,1
PrintAksorn_dataset/test/lparen_NotoSansThai-CondensedExtraLight.png,187,ป,0.1395,,,,187,0.1395,187(ป):0.140 | 194(ย):0.061 | 240(๐):0.059,1
PrintAksorn_dataset/test/lparen_Purisa-Oblique.png,224,เ,0.3399,,,,224,0.3399,224(เ):0.340 | 199(ว):0.087 | 226(โ):0.048,1
PrintAksorn_dataset/test/lparen_Sarabun-ExtraLightItalic.png,210,า,0.2533,,,,210,0.2533,210(า):0.253 | 224(เ):0.095 | 226(โ):0.093,1
PrintAksorn_dataset/test/lparen_TH-Baijam-Bold.png,210,า,0.3037,,,,210,0.3037,210(า):0.304 | 224(เ):0.135 | 167(ง):0.055,1
PrintAksorn_dataset/test/lparen_Trirong-LightItalic.png,210,า,0.1846,,,,210,0.1846,210(า):0.185 | 224(เ):0.121 | 226(โ):0.099,1
PrintAksorn_dataset/test/mai_chattawa_CmPrasanmit-Italic.png,231,็,0.076,235,๋,0,231,0.076,231(็):0.076 | 236(์):0.070 | 245(๕):0.054,1
PrintAksorn_dataset/test/mai_chattawa_JS-Sadayu-Bold.png,216,ุ,0.0933,235,๋,0,216,0.0933,216(ุ):0.093 | 232(่):0.070 | 217(ู):0.045,1
PrintAksorn_dataset/test/mai_chattawa_NotoSansThai-CondensedExtraLight.png,187,ป,0.0826,235,๋,0,187,0.0826,187(ป):0.083 | 191(ฟ):0.058 | 170(ช):0.050,1
PrintAksorn_dataset/test/mai_chattawa_NotoSansThai-Thin.png,187,ป,0.0807,235,๋,0,187,0.0807,187(ป):0.081 | 213(ี):0.055 | 231(็):0.052,1
PrintAksorn_dataset/test/mai_chattawa_NotoSerifThai-Black.png,195,ร,0.0733,235,๋,0,195,0.0733,195(ร):0.073 | 191(ฟ):0.063 | 207(ฯ):0.037,1
PrintAksorn_dataset/test/mai_chattawa_NotoSerifThai-Condensed.png,170,ช,0.1524,235,๋,0,170,0.1524,170(ช):0.152 | 228(ไ):0.064 | 191(ฟ):0.049,1
PrintAksorn_dataset/test/mai_chattawa_Prompt-ExtraBold.png,232,่,0.3451,235,๋,0,232,0.3451,232(่):0.345 | 164(ค):0.090 | 216(ุ):0.051,1
PrintAksorn_dataset/test/mai_chattawa_SR-FahMai-Bold.png,231,็,0.1519,235,๋,0,231,0.1519,231(็):0.152 | 207(ฯ):0.057 | 236(์):0.055,1
PrintAksorn_dataset/test/mai_chattawa_TH-K2D-July8-Italic.png,231,็,0.1725,235,๋,0,231,0.1725,231(็):0.173 | 236(์):0.100 | 213(ี):0.047,1
PrintAksorn_dataset/test/mai_chattawa_TH-Sarabun-New-Italic.png,231,็,0.229,235,๋,0,231,0.229,231(็):0.229 | 236(์):0.103 | 213(ี):0.042,1
PrintAksorn_dataset/test/mai_chattawa_Taviraj-ExtraLight.png,231,็,0.078,235,๋,0,231,0.078,231(็):0.078 | 213(ี):0.073 | 203(ห):0.050,1
PrintAksorn_dataset/test/mai_chattawa_TlwgMono.png,195,ร,0.0705,235,๋,0,195,0.0705,195(ร):0.070 | 207(ฯ):0.062 | 191(ฟ):0.056,1
PrintAksorn_dataset/test/mai_chattawa_TlwgTypist-BoldOblique.png,232,่,0.4712,235,๋,0,232,0.4712,232(่):0.471 | 217(ู):0.071 | 216(ุ):0.034,1
PrintAksorn_dataset/test/mai_chattawa_Umpush-BoldOblique.png,245,๕,0.0527,235,๋,0,245,0.0527,245(๕):0.053 | 195(ร):0.046 | 216(ุ):0.044,1
PrintAksorn_dataset/test/mai_ek_JS-Jindara-Italic.png,232,่,0.894,232,่,1,232,0.894,232(่):0.894 | 210(า):0.003 | 229(ๅ):0.003,1
PrintAksorn_dataset/test/mai_ek_JS-Saksit-Italic.png,232,่,0.9007,232,่,1,232,0.9007,232(่):0.901 | 194(ย):0.002 | 229(ๅ):0.002,1
PrintAksorn_dataset/test/mai_ek_Kanit-LightItalic.png,232,่,0.9109,232,่,1,232,0.9109,232(่):0.911 | 194(ย):0.002 | 161(ก):0.002,1
PrintAksorn_dataset/test/mai_ek_Laksaman-Bold.png,232,่,0.8883,232,่,1,232,0.8883,232(่):0.888 | 194(ย):0.004 | 205(อ):0.003,1
PrintAksorn_dataset/test/mai_ek_Maitree-Medium.png,232,่,0.9013,232,่,1,232,0.9013,232(่):0.901 | 210(า):0.003 | 167(ง):0.002,1
PrintAksorn_dataset/test/mai_ek_Norasi-Bold.png,232,่,0.8972,232,่,1,232,0.8972,232(่):0.897 | 190(พ):0.003 | 167(ง):0.003,1
PrintAksorn_dataset/test/mai_ek_NotoSansThai-CondensedBlack.png,232,่,0.709,232,่,1,232,0.709,232(่):0.709 | 194(ย):0.014 | 186(บ):0.011,1
PrintAksorn_dataset/test/mai_ek_NotoSansThai-CondensedBold.png,232,่,0.8806,232,่,1,232,0.8806,232(่):0.881 | 194(ย):0.004 | 188(ผ):0.003,1
PrintAksorn_dataset/test/mai_ek_NotoSansThaiLooped-SemiBold.png,232,่,0.7822,232,่,1,232,0.7822,232(่):0.782 | 194(ย):0.011 | 187(ป):0.007,1
PrintAksorn_dataset/test/mai_ek_Prompt-SemiBoldItalic.png,232,่,0.8016,232,่,1,232,0.8016,232(่):0.802 | 188(ผ):0.010 | 194(ย):0.008,1
PrintAksorn_dataset/test/mai_ek_Silom.png,232,่,0.9195,232,่,1,232,0.9195,232(่):0.919 | 210(า):0.003 | 224(เ):0.001,1
PrintAksorn_dataset/test/mai_ek_TH-Baijam-Bold-Italic.png,232,่,0.9183,232,่,1,232,0.9183,232(่):0.918 | 215(ื):0.002 | 217(ู):0.002,1
PrintAksorn_dataset/test/mai_ek_TH-Baijam-Bold.png,232,่,0.9329,232,่,1,232,0.9329,232(่):0.933 | 217(ู):0.002 | 194(ย):0.001,1
PrintAksorn_dataset/test/mai_ek_TH-Chakra-Petch-Regular.png,232,่,0.8876,232,่,1,232,0.8876,232(่):0.888 | 229(ๅ):0.005 | 210(า):0.004,1
PrintAksorn_dataset/test/mai_ek_TH-Charm-of-AU-Regular.png,232,่,0.4825,232,่,1,232,0.4825,232(่):0.483 | 210(า):0.238 | 229(ๅ):0.047,1
PrintAksorn_dataset/test/mai_ek_TH-Fahkwang-Italic.png,232,่,0.911,232,่,1,232,0.911,232(่):0.911 | 217(ู):0.002 | 215(ื):0.002,1
PrintAksorn_dataset/test/mai_ek_Trirong-SemiBold.png,232,่,0.7822,232,่,1,232,0.7822,232(่):0.782 | 194(ย):0.011 | 187(ป):0.007,1
PrintAksorn_dataset/test/mai_ek_Umpush-Oblique.png,232,่,0.8832,232,่,1,232,0.8832,232(่):0.883 | 194(ย):0.004 | 205(อ):0.003,1
PrintAksorn_dataset/test/mai_tho_JS-Prajuk-Italic.png,233,้,0.8003,233,้,1,233,0.8003,233(้):0.800 | 209(ั):0.010 | 170(ช):0.007,1
PrintAksorn_dataset/test/mai_tho_Kanit-Light.png,213,ี,0.3368,233,้,0,213,0.3368,213(ี):0.337 | 231(็):0.266 | 184(ธ):0.019,1
PrintAksorn_dataset/test/mai_tho_TH-Baijam-Regular.png,233,้,0.8795,233,้,1,233,0.8795,233(้):0.880 | 209(ั):0.004 | 180(ด):0.004,1
PrintAksorn_dataset/test/mai_tho_TH-Srisakdi-Regular.png,209,ั,0.4052,233,้,0,209,0.4052,209(ั):0.405 | 213(ี):0.040 | 226(โ):0.036,1
PrintAksorn_dataset/test/mai_tho_Trirong-ExtraLight.png,233,้,0.7673,233,้,1,233,0.7673,233(้):0.767 | 209(ั):0.009 | 173(ญ):0.007,1
PrintAksorn_dataset/test/mai_tho_Trirong-SemiBoldItalic.png,233,้,0.8664,233,้,1,233,0.8664,233(้):0.866 | 209(ั):0.005 | 173(ญ):0.002,1
PrintAksorn_dataset/test/mai_tri_JS-Jukaphan.png,234,๊,0.6669,234,๊,1,234,0.6669,234(๊):0.667 | 197(ล):0.038 | 243(๓):0.027,1
PrintAksorn_dataset/test/mai_tri_NotoSerifThai-Condensed.png,234,๊,0.2165,234,๊,1,234,0.2165,234(๊):0.216 | 178(ฒ):0.069 | 173(ญ):0.055,1
PrintAksorn_dataset/test/mai_tri_NotoSerifThai-ExtraCondensedBlack.png,234,๊,0.2918,234,๊,1,234,0.2918,234(๊):0.292 | 243(๓):0.065 | 178(ฒ):0.054,1
PrintAksorn_dataset/test/mai_tri_TH-Srisakdi-Bold.png,213,ี,0.0719,234,๊,0,213,0.0719,213(ี):0.072 | 242(๒):0.056 | 234(๊):0.041,1
PrintAksorn_dataset/test/maihan-akat_JS-Prasoplarp-Normal.png,209,ั,0.8902,209,ั,1,209,0.8902,209(ั):0.890 | 216(ุ):0.002 | 228(ไ):0.002,1
PrintAksorn_dataset/test/maihan-akat_Kanit-Thin.png,213,ี,0.68,209,ั,0,213,0.68,213(ี):0.680 | 231(็):0.032 | 187(ป):0.023,1
PrintAksorn_dataset/test/maihan-akat_NotoSansThai-SemiCondensedBlack.png,209,ั,0.3026,209,ั,1,209,0.3026,209(ั):0.303 | 231(็):0.060 | 213(ี):0.051,1
PrintAksorn_dataset/test/maihan-akat_NotoSerifThai-SemiCondensedThin.png,209,ั,0.88,209,ั,1,209,0.88,209(ั):0.880 | 173(ญ):0.002 | 231(็):0.002,1
PrintAksorn_dataset/test/maihan-akat_TH-KoHo-Italic.png,209,ั,0.878,209,ั,1,209,0.878,209(ั):0.878 | 213(ี):0.004 | 236(์):0.003,1
PrintAksorn_dataset/test/maitaikhu_JS-Jukaphan.png,231,็,0.7716,231,็,1,231,0.7716,231(็):0.772 | 248(๘):0.066 | 236(์):0.007,1
PrintAksorn_dataset/test/maitaikhu_JS-Obsaward-Italic.png,231,็,0.2617,231,็,1,231,0.2617,231(็):0.262 | 180(ด):0.054 | 248(๘):0.043,1
PrintAksorn_dataset/test/maitaikhu_Kanit-LightItalic.png,231,็,0.8115,231,็,1,231,0.8115,231(็):0.812 | 248(๘):0.021 | 243(๓):0.007,1
PrintAksorn_dataset/test/maitaikhu_NotoSerifThai-SemiCondensedSemiBold.png,231,็,0.7716,231,็,1,231,0.7716,231(็):0.772 | 248(๘):0.041 | 243(๓):0.029,1
PrintAksorn_dataset/test/maitaikhu_TH-Charmonman-Bold.png,226,โ,0.1409,231,็,0,226,0.1409,226(โ):0.141 | 175(ฏ):0.063 | 199(ว):0.061,1
PrintAksorn_dataset/test/maitaikhu_Umpush-LightOblique.png,231,็,0.7329,231,็,1,231,0.7329,231(็):0.733 | 248(๘):0.118 | 209(ั):0.004,1
PrintAksorn_dataset/test/maiyamok_Garuda-BoldOblique.png,230,ๆ,0.7161,230,ๆ,1,230,0.7161,230(ๆ):0.716 | 162(ข):0.026 | 194(ย):0.013,1
PrintAksorn_dataset/test/maiyamok_JS-Junkaew.png,230,ๆ,0.7733,230,ๆ,1,230,0.7733,230(ๆ):0.773 | 207(ฯ):0.030 | 227(ใ):0.011,1
PrintAksorn_dataset/test/maiyamok_JS-Pisit-Italic.png,230,ๆ,0.8226,230,ๆ,1,230,0.8226,230(ๆ):0.823 | 227(ใ):0.010 | 162(ข):0.009,1
PrintAksorn_dataset/test/maiyamok_Kanit-Italic.png,230,ๆ,0.1983,230,ๆ,1,230,0.1983,230(ๆ):0.198 | 196(ฤ):0.161 | 243(๓):0.065,1
PrintAksorn_dataset/test/maiyamok_NotoSansThai-CondensedExtraBold.png,230,ๆ,0.8888,230,ๆ,1,230,0.8888,230(ๆ):0.889 | 162(ข):0.015 | 207(ฯ):0.007,1
PrintAksorn_dataset/test/maiyamok_NotoSansThai-ExtraCondensedBlack.png,230,ๆ,0.4556,230,ๆ,1,230,0.4556,230(ๆ):0.456 | 162(ข):0.220 | 207(ฯ):0.020,1
PrintAksorn_dataset/test/maiyamok_NotoSansThai-SemiCondensedThin.png,230,ๆ,0.6661,230,ๆ,1,230,0.6661,230(ๆ):0.666 | 207(ฯ):0.054 | 196(ฤ):0.036,1
PrintAksorn_dataset/test/maiyamok_NotoSansThaiLooped-Bold.png,230,ๆ,0.4474,230,ๆ,1,230,0.4474,230(ๆ):0.447 | 207(ฯ):0.041 | 162(ข):0.029,1
PrintAksorn_dataset/test/maiyamok_NotoSerifThai-CondensedLight.png,230,ๆ,0.8423,230,ๆ,1,230,0.8423,230(ๆ):0.842 | 162(ข):0.015 | 207(ฯ):0.009,1
PrintAksorn_dataset/test/maiyamok_NotoSerifThai-SemiCondensedExtraBold.png,230,ๆ,0.6103,230,ๆ,1,230,0.6103,230(ๆ):0.610 | 162(ข):0.076 | 227(ใ):0.018,1
PrintAksorn_dataset/test/maiyamok_TlwgMono-Bold.png,230,ๆ,0.255,230,ๆ,1,230,0.255,230(ๆ):0.255 | 181(ต):0.058 | 207(ฯ):0.045,1
PrintAksorn_dataset/test/maiyamok_Waree-Bold.png,230,ๆ,0.9132,230,ๆ,1,230,0.9132,230(ๆ):0.913 | 196(ฤ):0.004 | 187(ป):0.002,1
PrintAksorn_dataset/test/mdash_JS-Chodok-Bold.png,213,ี,0.5951,,,,213,0.5951,213(ี):0.595 | 229(ๅ):0.071 | 210(า):0.015,1
PrintAksorn_dataset/test/mdash_Kinnari-Italic.png,213,ี,0.2661,,,,213,0.2661,213(ี):0.266 | 229(ๅ):0.112 | 210(า):0.047,1
PrintAksorn_dataset/test/mdash_Laksaman-Italic.png,213,ี,0.378,,,,213,0.378,213(ี):0.378 | 229(ๅ):0.098 | 210(า):0.045,1
PrintAksorn_dataset/test/mdash_NotoSansThai-ExtraCondensedThin.png,187,ป,0.1362,,,,187,0.1362,187(ป):0.136 | 194(ย):0.082 | 240(๐):0.056,1
PrintAksorn_dataset/test/mdash_NotoSansThai-SemiCondensed.png,187,ป,0.1216,,,,187,0.1216,187(ป):0.122 | 240(๐):0.065 | 194(ย):0.062,1
PrintAksorn_dataset/test/mdash_NotoSerifThai-ExtraCondensedExtraBold.png,187,ป,0.1355,,,,187,0.1355,187(ป):0.135 | 194(ย):0.082 | 240(๐):0.056,1
PrintAksorn_dataset/test/mdash_NotoSerifThai-ExtraCondensedLight.png,187,ป,0.1362,,,,187,0.1362,187(ป):0.136 | 194(ย):0.082 | 240(๐):0.056,1
PrintAksorn_dataset/test/mdash_NotoSerifThai-SemiCondensedExtraLight.png,187,ป,0.1216,,,,187,0.1216,187(ป):0.122 | 240(๐):0.065 | 194(ย):0.062,1
PrintAksorn_dataset/test/mdash_NotoSerifThai-SemiCondensedSemiBold.png,187,ป,0.1216,,,,187,0.1216,187(ป):0.122 | 240(๐):0.065 | 194(ย):0.062,1
PrintAksorn_dataset/test/mdash_Purisa-BoldOblique.png,213,ี,0.7389,,,,213,0.7389,213(ี):0.739 | 229(ๅ):0.043 | 210(า):0.020,1
PrintAksorn_dataset/test/mdash_TH-Sarabun-New-Bold.png,213,ี,0.5962,,,,213,0.5962,213(ี):0.596 | 229(ๅ):0.083 | 210(า):0.026,1
PrintAksorn_dataset/test/mdash_Taviraj-Light.png,213,ี,0.4651,,,,213,0.4651,213(ี):0.465 | 229(ๅ):0.072 | 210(า):0.034,1
PrintAksorn_dataset/test/mo_ma_JS-Pitsamai-Italic.png,193,ม,0.8843,193,ม,1,193,0.8843,193(ม):0.884 | 187(ป):0.004 | 233(้):0.003,1
PrintAksorn_dataset/test/mo_ma_KaniGa-Regular.png,193,ม,0.8502,193,ม,1,193,0.8502,193(ม):0.850 | 186(บ):0.010 | 187(ป):0.004,1
PrintAksorn_dataset/test/mo_ma_Mitr-ExtraLight.png,186,บ,0.2498,193,ม,0,186,0.2498,186(บ):0.250 | 194(ย):0.073 | 209(ั):0.029,1
PrintAksorn_dataset/test/mo_ma_NotoSansThai-Thin.png,186,บ,0.1141,193,ม,0,186,0.1141,186(บ):0.114 | 194(ย):0.062 | 209(ั):0.041,1
PrintAksorn_dataset/test/mo_ma_NotoSerifThai-Light.png,193,ม,0.8936,193,ม,1,193,0.8936,193(ม):0.894 | 195(ร):0.002 | 179(ณ):0.002,1
PrintAksorn_dataset/test/mo_ma_Purisa-Bold.png,193,ม,0.3387,193,ม,1,193,0.3387,193(ม):0.339 | 185(น):0.057 | 170(ช):0.030,1
PrintAksorn_dataset/test/mo_ma_TH-Baijam-Italic.png,193,ม,0.8872,193,ม,1,193,0.8872,193(ม):0.887 | 187(ป):0.004 | 186(บ):0.003,1
PrintAksorn_dataset/test/mo_ma_TH-Baijam-Regular.png,193,ม,0.8917,193,ม,1,193,0.8917,193(ม):0.892 | 187(ป):0.002 | 229(ๅ):0.002,1
PrintAksorn_dataset/test/mo_ma_TlwgTypo-BoldOblique.png,193,ม,0.9035,193,ม,1,193,0.9035,193(ม):0.904 | 233(้):0.002 | 229(ๅ):0.002,1
PrintAksorn_dataset/test/mo_ma_Trirong-Medium.png,193,ม,0.8898,193,ม,1,193,0.8898,193(ม):0.890 | 226(โ):0.002 | 178(ฒ):0.002,1
PrintAksorn_dataset/test/ndash_JS-Charnchai-Normal.png,213,ี,0.7265,,,,213,0.7265,213(ี):0.727 | 229(ๅ):0.031 | 231(็):0.011,1
PrintAksorn_dataset/test/ndash_Kanit-ExtraBold.png,213,ี,0.7617,,,,213,0.7617,213(ี):0.762 | 229(ๅ):0.014 | 232(่):0.009,1
PrintAksorn_dataset/test/ndash_NotoSansThai-CondensedExtraLight.png,187,ป,0.1395,,,,187,0.1395,187(ป):0.140 | 194(ย):0.061 | 240(๐):0.059,1
PrintAksorn_dataset/test/ndash_Sawasdee.png,213,ี,0.8305,,,,213,0.8305,213(ี):0.831 | 229(ๅ):0.011 | 231(็):0.006,1
PrintAksorn_dataset/test/ndash_Taviraj-ExtraBold.png,213,ี,0.7174,,,,213,0.7174,213(ี):0.717 | 229(ๅ):0.038 | 231(็):0.011,1
PrintAksorn_dataset/test/ngo_ngu_FonLeb-Italic.png,167,ง,0.912,167,ง,1,167,0.912,167(ง):0.912 | 162(ข):0.002 | 207(ฯ):0.002,1
PrintAksorn_dataset/test/ngo_ngu_JS-Jindara-Bold.png,167,ง,0.9137,167,ง,1,167,0.9137,167(ง):0.914 | 190(พ):0.001 | 162(ข):0.001,1
PrintAksorn_dataset/test/ngo_ngu_JS-Pranee-Italic.png,167,ง,0.5543,167,ง,1,167,0.5543,167(ง):0.554 | 240(๐):0.020 | 210(า):0.019,1
PrintAksorn_dataset/test/ngo_ngu_Kanit-Bold.png,205,อ,0.2094,167,ง,0,205,0.2094,205(อ):0.209 | 240(๐):0.062 | 187(ป):0.044,1
PrintAksorn_dataset/test/ngo_ngu_NotoSansThai-CondensedBold.png,194,ย,0.3167,167,ง,0,194,0.3167,194(ย):0.317 | 205(อ):0.055 | 240(๐):0.053,1
PrintAksorn_dataset/test/ngo_ngu_NotoSerifThai-ExtraCondensedExtraBold.png,167,ง,0.2304,167,ง,1,167,0.2304,167(ง):0.230 | 187(ป):0.196 | 186(บ):0.077,1
PrintAksorn_dataset/test/ngo_ngu_Pridi-Bold.png,186,บ,0.3965,167,ง,0,186,0.3965,186(บ):0.396 | 194(ย):0.122 | 167(ง):0.032,1
PrintAksorn_dataset/test/ngo_ngu_Prompt-LightItalic.png,240,๐,0.2379,167,ง,0,240,0.2379,240(๐):0.238 | 186(บ):0.036 | 194(ย):0.024,1
PrintAksorn_dataset/test/ngo_ngu_Prompt-Regular.png,240,๐,0.4722,167,ง,0,240,0.4722,240(๐):0.472 | 205(อ):0.023 | 237(ํ):0.017,1
PrintAksorn_dataset/test/no_nen_FonLeb-Bold-Italic.png,179,ณ,0.9058,179,ณ,1,179,0.9058,179(ณ):0.906 | 199(ว):0.002 | 169(ฉ):0.002,1
PrintAksorn_dataset/test/no_nen_Kanit-ExtraLight.png,173,ญ,0.9264,179,ณ,0,173,0.9264,173(ญ):0.926 | 179(ณ):0.009 | 193(ม):0.002,1
PrintAksorn_dataset/test/no_nen_Maitree-Regular.png,179,ณ,0.877,179,ณ,1,179,0.877,179(ณ):0.877 | 169(ฉ):0.004 | 199(ว):0.003,1
PrintAksorn_dataset/test/no_nen_Nakaracha-Regular.png,179,ณ,0.9281,179,ณ,1,179,0.9281,179(ณ):0.928 | 169(ฉ):0.003 | 185(น):0.002,1
PrintAksorn_dataset/test/no_nen_NotoSansThai-ExtraCondensedBlack.png,179,ณ,0.7219,179,ณ,1,179,0.7219,179(ณ):0.722 | 173(ญ):0.077 | 193(ม):0.011,1
PrintAksorn_dataset/test/no_nen_NotoSansThaiLooped-Bold.png,179,ณ,0.8034,179,ณ,1,179,0.8034,179(ณ):0.803 | 199(ว):0.004 | 180(ด):0.004,1
PrintAksorn_dataset/test/no_nen_NotoSerifThai-CondensedLight.png,179,ณ,0.8566,179,ณ,1,179,0.8566,179(ณ):0.857 | 185(น):0.008 | 169(ฉ):0.004,1
PrintAksorn_dataset/test/no_nen_Pattaya-Regular.png,179,ณ,0.743,179,ณ,1,179,0.743,179(ณ):0.743 | 173(ญ):0.017 | 183(ท):0.013,1
PrintAksorn_dataset/test/no_nen_Prompt-SemiBold.png,173,ญ,0.3609,179,ณ,0,173,0.3609,173(ญ):0.361 | 179(ณ):0.335 | 234(๊):0.021,1
PrintAksorn_dataset/test/no_nen_Sarabun-Thin.png,179,ณ,0.8533,179,ณ,1,179,0.8533,179(ณ):0.853 | 173(ญ):0.006 | 193(ม):0.005,1
PrintAksorn_dataset/test/no_nen_Sawasdee-BoldOblique.png,173,ญ,0.3836,179,ณ,0,173,0.3836,173(ญ):0.384 | 179(ณ):0.300 | 161(ก):0.016,1
PrintAksorn_dataset/test/no_nen_TH-Sarabun-New-Bold.png,179,ณ,0.9097,179,ณ,1,179,0.9097,179(ณ):0.910 | 169(ฉ):0.002 | 199(ว):0.002,1
PrintAksorn_dataset/test/no_nen_Waree-Oblique.png,179,ณ,0.9134,179,ณ,1,179,0.9134,179(ณ):0.913 | 199(ว):0.002 | 169(ฉ):0.002,1
PrintAksorn_dataset/test/no_nu_Ayuthaya.png,185,น,0.9111,185,น,1,185,0.9111,185(น):0.911 | 193(ม):0.002 | 205(อ):0.002,1
PrintAksorn_dataset/test/no_nu_DC-Palamongkol-Bold.png,185,น,0.8631,185,น,1,185,0.8631,185(น):0.863 | 186(บ):0.005 | 233(้):0.004,1
PrintAksorn_dataset/test/no_nu_JS-Chulee.png,185,น,0.9076,185,น,1,185,0.9076,185(น):0.908 | 225(แ):0.002 | 193(ม):0.002,1
PrintAksorn_dataset/test/no_nu_JS-Jukaphan.png,185,น,0.9035,185,น,1,185,0.9035,185(น):0.904 | 186(บ):0.002 | 193(ม):0.002,1
PrintAksorn_dataset/test/no_nu_JS-Mookravee-Normal.png,185,น,0.909,185,น,1,185,0.909,185(น):0.909 | 186(บ):0.002 | 193(ม):0.002,1
PrintAksorn_dataset/test/no_nu_JS-Pisit-Italic.png,185,น,0.9121,185,น,1,185,0.9121,185(น):0.912 | 186(บ):0.002 | 162(ข):0.002,1
PrintAksorn_dataset/test/no_nu_JS-Prapakorn-Normal.png,186,บ,0.5802,185,น,0,186,0.5802,186(บ):0.580 | 225(แ):0.024 | 193(ม):0.016,1
PrintAksorn_dataset/test/no_nu_JS-Wansika-Italic.png,185,น,0.6424,185,น,1,185,0.6424,185(น):0.642 | 179(ณ):0.022 | 169(ฉ):0.017,1
PrintAksorn_dataset/test/no_nu_Mitr-Regular.png,186,บ,0.4267,185,น,0,186,0.4267,186(บ):0.427 | 194(ย):0.030 | 209(ั):0.026,1
PrintAksorn_dataset/test/no_nu_Nakaracha-Regular.png,185,น,0.8914,185,น,1,185,0.8914,185(น):0.891 | 193(ม):0.003 | 179(ณ):0.002,1
PrintAksorn_dataset/test/no_nu_NotoSansThai-SemiCondensed.png,186,บ,0.2763,185,น,0,186,0.2763,186(บ):0.276 | 194(ย):0.066 | 209(ั):0.035,1
PrintAksorn_dataset/test/no_nu_PSK-SmartBI.png,185,น,0.915,185,น,1,185,0.915,185(น):0.915 | 233(้):0.002 | 193(ม):0.002,1
PrintAksorn_dataset/test/no_nu_Prompt-ThinItalic.png,186,บ,0.1161,185,น,0,186,0.1161,186(บ):0.116 | 194(ย):0.055 | 209(ั):0.055,1
PrintAksorn_dataset/test/no_nu_TH-Kodchasal-Bold.png,185,น,0.1508,185,น,1,185,0.1508,185(น):0.151 | 186(บ):0.133 | 193(ม):0.076,1
PrintAksorn_dataset/test/no_nu_TlwgMono.png,185,น,0.9064,185,น,1,185,0.9064,185(น):0.906 | 233(้):0.002 | 193(ม):0.002,1
PrintAksorn_dataset/test/o_ang_CmPrasanmit-Italic.png,205,อ,0.9047,205,อ,1,205,0.9047,205(อ):0.905 | 194(ย):0.002 | 187(ป):0.002,1
PrintAksorn_dataset/test/o_ang_JS-Jukaphan.png,205,อ,0.9034,205,อ,1,205,0.9034,205(อ):0.903 | 199(ว):0.002 | 229(ๅ):0.002,1
PrintAksorn_dataset/test/o_ang_JS-Padachamai-Normal.png,205,อ,0.9214,205,อ,1,205,0.9214,205(อ):0.921 | 175(ฏ):0.002 | 195(ร):0.002,1
PrintAksorn_dataset/test/o_ang_JS-Saksit-Bold-Italic.png,205,อ,0.8975,205,อ,1,205,0.8975,205(อ):0.898 | 233(้):0.002 | 216(ุ):0.002,1
PrintAksorn_dataset/test/o_ang_JS-Thanaporn-Normal.png,205,อ,0.2578,205,อ,1,205,0.2578,205(อ):0.258 | 240(๐):0.201 | 197(ล):0.053,1
PrintAksorn_dataset/test/o_ang_Kanit-BlackItalic.png,205,อ,0.859,205,อ,1,205,0.859,205(อ):0.859 | 241(๑):0.005 | 232(่):0.005,1
PrintAksorn_dataset/test/o_ang_Kanit-ExtraLightItalic.png,205,อ,0.5927,205,อ,1,205,0.5927,205(อ):0.593 | 240(๐):0.027 | 194(ย):0.017,1
PrintAksorn_dataset/test/o_ang_NotoSansThai-CondensedLight.png,205,อ,0.5679,205,อ,1,205,0.5679,205(อ):0.568 | 240(๐):0.026 | 197(ล):0.019,1
PrintAksorn_dataset/test/o_ang_NotoSansThaiLooped-Thin.png,205,อ,0.7601,205,อ,1,205,0.7601,205(อ):0.760 | 187(ป):0.013 | 194(ย):0.010,1
PrintAksorn_dataset/test/o_ang_NotoSerifThai-CondensedExtraLight.png,205,อ,0.8571,205,อ,1,205,0.8571,205(อ):0.857 | 194(ย):0.006 | 229(ๅ):0.003,1
PrintAksorn_dataset/test/o_ang_NotoSerifThai-ExtraCondensedMedium.png,205,อ,0.8918,205,อ,1,205,0.8918,205(อ):0.892 | 194(ย):0.003 | 187(ป):0.002,1
PrintAksorn_dataset/test/o_ang_Prompt-ThinItalic.png,240,๐,0.2354,205,อ,0,240,0.2354,240(๐):0.235 | 205(อ):0.099 | 209(ั):0.027,1
PrintAksorn_dataset/test/o_ang_Sarabun-ExtraBoldItalic.png,205,อ,0.9233,205,อ,1,205,0.9233,205(อ):0.923 | 195(ร):0.001 | 227(ใ):0.001,1
PrintAksorn_dataset/test/o_ang_Sawasdee-Bold.png,240,๐,0.4554,205,อ,0,240,0.4554,240(๐):0.455 | 205(อ):0.112 | 241(๑):0.025,1
PrintAksorn_dataset/test/o_ang_TH-Krub-Regular.png,205,อ,0.8732,205,อ,1,205,0.8732,205(อ):0.873 | 199(ว):0.002 | 187(ป):0.002,1
PrintAksorn_dataset/test/o_ang_TH-Srisakdi-Bold.png,205,อ,0.8915,205,อ,1,205,0.8915,205(อ):0.891 | 164(ค):0.003 | 187(ป):0.002,1
PrintAksorn_dataset/test/o_ang_TH-Srisakdi-Regular.png,205,อ,0.9133,205,อ,1,205,0.9133,205(อ):0.913 | 164(ค):0.002 | 168(จ):0.002,1
PrintAksorn_dataset/test/o_ang_Trirong-ThinItalic.png,205,อ,0.8709,205,อ,1,205,0.8709,205(อ):0.871 | 194(ย):0.004 | 187(ป):0.003,1
PrintAksorn_dataset/test/o_ang_Umpush-LightOblique.png,205,อ,0.8915,205,อ,1,205,0.8915,205(อ):0.892 | 164(ค):0.005 | 180(ด):0.002,1
PrintAksorn_dataset/test/paiyannoi_CmPrasanmit-Italic.png,207,ฯ,0.6709,207,ฯ,1,207,0.6709,207(ฯ):0.671 | 209(ั):0.062 | 194(ย):0.017,1
PrintAksorn_dataset/test/paiyannoi_Prompt-BoldItalic.png,207,ฯ,0.3808,207,ฯ,1,207,0.3808,207(ฯ):0.381 | 194(ย):0.082 | 162(ข):0.040,1
PrintAksorn_dataset/test/paiyannoi_TH-Fahkwang-Bold-Italic.png,207,ฯ,0.6094,207,ฯ,1,207,0.6094,207(ฯ):0.609 | 209(ั):0.056 | 170(ช):0.021,1
PrintAksorn_dataset/test/paiyannoi_Waree-Bold.png,207,ฯ,0.7851,207,ฯ,1,207,0.7851,207(ฯ):0.785 | 209(ั):0.036 | 194(ย):0.013,1
PrintAksorn_dataset/test/pho_phan_ChulaNarak-Italic.png,190,พ,0.8824,190,พ,1,190,0.8824,190(พ):0.882 | 183(ท):0.005 | 191(ฟ):0.005,1
PrintAksorn_dataset/test/pho_phan_Kinnari.png,190,พ,0.9034,190,พ,1,190,0.9034,190(พ):0.903 | 191(ฟ):0.003 | 215(ื):0.003,1
PrintAksorn_dataset/test/pho_phan_NotoSansThai-ExtraCondensedBlack.png,190,พ,0.8834,190,พ,1,190,0.8834,190(พ):0.883 | 232(่):0.003 | 215(ื):0.003,1
PrintAksorn_dataset/test/pho_phan_NotoSerifThai-CondensedMedium.png,190,พ,0.8993,190,พ,1,190,0.8993,190(พ):0.899 | 167(ง):0.002 | 191(ฟ):0.002,1
PrintAksorn_dataset/test/pho_phan_Sriracha-Regular.png,190,พ,0.1573,190,พ,1,190,0.1573,190(พ):0.157 | 173(ญ):0.157 | 193(ม):0.094,1
PrintAksorn_dataset/test/pho_phan_Waree-Bold.png,190,พ,0.9031,190,พ,1,190,0.9031,190(พ):0.903 | 203(ห):0.006 | 191(ฟ):0.004,1
PrintAksorn_dataset/test/pho_phueng_Itim-Regular.png,188,ผ,0.7893,188,ผ,1,188,0.7893,188(ผ):0.789 | 167(ง):0.011 | 217(ู):0.007,1
PrintAksorn_dataset/test/pho_phueng_JS-Jindara-Bold-Italic.png,188,ผ,0.9319,188,ผ,1,188,0.9319,188(ผ):0.932 | 189(ฝ):0.002 | 167(ง):0.001,1
PrintAksorn_dataset/test/pho_phueng_NotoSerifThai-SemiCondensed.png,188,ผ,0.8987,188,ผ,1,188,0.8987,188(ผ):0.899 | 167(ง):0.003 | 210(า):0.002,1
PrintAksorn_dataset/test/pho_samphao_JS-Giat-Bold.png,192,ภ,0.8826,192,ภ,1,192,0.8826,192(ภ):0.883 | 175(ฏ):0.006 | 183(ท):0.005,1
PrintAksorn_dataset/test/pho_samphao_JS-Rapee-Normal.png,192,ภ,0.8036,192,ภ,1,192,0.8036,192(ภ):0.804 | 161(ก):0.005 | 199(ว):0.004,1
PrintAksorn_dataset/test/pho_samphao_Kanit-BoldItalic.png,192,ภ,0.8705,192,ภ,1,192,0.8705,192(ภ):0.870 | 164(ค):0.018 | 161(ก):0.003,1
PrintAksorn_dataset/test/pho_samphao_Kanit-LightItalic.png,161,ก,0.5883,192,ภ,0,161,0.5883,161(ก):0.588 | 192(ภ):0.129 | 164(ค):0.031,1
PrintAksorn_dataset/test/pho_samphao_Sarabun-ThinItalic.png,192,ภ,0.7252,192,ภ,1,192,0.7252,192(ภ):0.725 | 182(ถ):0.021 | 196(ฤ):0.008,1
PrintAksorn_dataset/test/pho_samphao_TH-Mali-Grade6-Regular.png,192,ภ,0.6804,192,ภ,1,192,0.6804,192(ภ):0.680 | 182(ถ):0.028 | 199(ว):0.015,1
PrintAksorn_dataset/test/pho_samphao_Taviraj-Thin.png,192,ภ,0.6437,192,ภ,1,192,0.6437,192(ภ):0.644 | 175(ฏ):0.019 | 182(ถ):0.015,1
PrintAksorn_dataset/test/po_pla_Aksaramatee-Bold.png,187,ป,0.8612,187,ป,1,187,0.8612,187(ป):0.861 | 167(ง):0.003 | 199(ว):0.002,1
PrintAksorn_dataset/test/po_pla_Itim-Regular.png,187,ป,0.8608,187,ป,1,187,0.8608,187(ป):0.861 | 205(อ):0.003 | 233(้):0.003,1
PrintAksorn_dataset/test/po_pla_JS-Arisa.png,187,ป,0.8775,187,ป,1,187,0.8775,187(ป):0.878 | 180(ด):0.002 | 231(็):0.002,1
PrintAksorn_dataset/test/po_pla_JS-Obsaward-Italic.png,187,ป,0.8232,187,ป,1,187,0.8232,187(ป):0.823 | 233(้):0.006 | 189(ฝ):0.005,1
PrintAksorn_dataset/test/po_pla_JS-Prapakorn-Normal.png,187,ป,0.5543,187,ป,1,187,0.5543,187(ป):0.554 | 186(บ):0.020 | 209(ั):0.017,1
PrintAksorn_dataset/test/po_pla_JS-Puriphop-Normal.png,187,ป,0.88,187,ป,1,187,0.88,187(ป):0.880 | 205(อ):0.003 | 202(ส):0.002,1
PrintAksorn_dataset/test/po_pla_JS-Saksit-Bold-Italic.png,187,ป,0.8793,187,ป,1,187,0.8793,187(ป):0.879 | 229(ๅ):0.003 | 236(์):0.002,1
PrintAksorn_dataset/test/po_pla_KaniGa-Regular.png,187,ป,0.8713,187,ป,1,187,0.8713,187(ป):0.871 | 199(ว):0.003 | 237(ํ):0.002,1
PrintAksorn_dataset/test/po_pla_NotoSansThaiLooped-ExtraBold.png,187,ป,0.8675,187,ป,1,187,0.8675,187(ป):0.868 | 186(บ):0.004 | 205(อ):0.003,1
PrintAksorn_dataset/test/po_pla_Sarabun-Italic.png,187,ป,0.8866,187,ป,1,187,0.8866,187(ป):0.887 | 167(ง):0.002 | 194(ย):0.002,1
PrintAksorn_dataset/test/po_pla_TH-Sarabun-New-Regular.png,187,ป,0.8541,187,ป,1,187,0.8541,187(ป):0.854 | 234(๊):0.003 | 194(ย):0.003,1
PrintAksorn_dataset/test/po_pla_TlwgTypo.png,187,ป,0.8936,187,ป,1,187,0.8936,187(ป):0.894 | 231(็):0.002 | 217(ู):0.002,1
PrintAksorn_dataset/test/question_Himmaparnt-Bold-Italic.png,210,า,0.2281,,,,210,0.2281,210(า):0.228 | 227(ใ):0.131 | 230(ๆ):0.044,1
PrintAksorn_dataset/test/question_Kanit-Black.png,195,ร,0.502,,,,195,0.502,195(ร):0.502 | 227(ใ):0.027 | 169(ฉ):0.021,1
PrintAksorn_dataset/test/question_Norasi-Italic.png,227,ใ,0.5947,,,,227,0.5947,227(ใ):0.595 | 199(ว):0.037 | 226(โ):0.015,1
PrintAksorn_dataset/test/question_NotoSerifThai-SemiCondensedBlack.png,187,ป,0.1355,,,,187,0.1355,187(ป):0.135 | 194(ย):0.082 | 240(๐):0.056,1
PrintAksorn_dataset/test/question_SR-FahMai-Italic.png,168,จ,0.2145,,,,168,0.2145,168(จ):0.215 | 210(า):0.108 | 180(ด):0.041,1
PrintAksorn_dataset/test/question_TH-Baijam-Italic.png,210,า,0.1658,,,,210,0.1658,210(า):0.166 | 226(โ):0.065 | 199(ว):0.057,1
PrintAksorn_dataset/test/question_Umpush-Bold.png,199,ว,0.243,,,,199,0.243,199(ว):0.243 | 210(า):0.236 | 195(ร):0.032,1
PrintAksorn_dataset/test/quote_CmPrasanmit-Italic.png,186,บ,0.4423,,,,186,0.4423,186(บ):0.442 | 190(พ):0.050 | 232(่):0.033,1
PrintAksorn_dataset/test/quote_JS-Junkaew-Italic.png,186,บ,0.369,,,,186,0.369,186(บ):0.369 | 190(พ):0.058 | 232(่):0.053,1
PrintAksorn_dataset/test/quote_JS-Sadayu-Allcaps.png,186,บ,0.3694,,,,186,0.3694,186(บ):0.369 | 232(่):0.080 | 190(พ):0.054,1
PrintAksorn_dataset/test/quote_KaniGa-Italic.png,186,บ,0.1465,,,,186,0.1465,186(บ):0.147 | 232(่):0.108 | 161(ก):0.082,1
PrintAksorn_dataset/test/quote_Laksaman-Italic.png,186,บ,0.4493,,,,186,0.4493,186(บ):0.449 | 190(พ):0.072 | 232(่):0.029,1
PrintAksorn_dataset/test/quote_Maitree-Regular.png,186,บ,0.6148,,,,186,0.6148,186(บ):0.615 | 190(พ):0.032 | 232(่):0.024,1
PrintAksorn_dataset/test/quote_NotoSansThai-SemiCondensedMedium.png,187,ป,0.1216,,,,187,0.1216,187(ป):0.122 | 240(๐):0.065 | 194(ย):0.062,1
PrintAksorn_dataset/test/quote_NotoSansThaiLooped-Regular.png,186,บ,0.368,,,,186,0.368,186(บ):0.368 | 232(่):0.061 | 190(พ):0.049,1
PrintAksorn_dataset/test/quote_NotoSerifThai-ExtraCondensed.png,187,ป,0.1355,,,,187,0.1355,187(ป):0.135 | 194(ย):0.082 | 240(๐):0.056,1
PrintAksorn_dataset/test/quote_PSK-Smart-Regular.png,232,่,0.1076,,,,232,0.1076,232(่):0.108 | 186(บ):0.100 | 161(ก):0.053,1
PrintAksorn_dataset/test/quote_Pridi-ExtraLight.png,186,บ,0.5108,,,,186,0.5108,186(บ):0.511 | 232(่):0.045 | 190(พ):0.032,1
PrintAksorn_dataset/test/quote_TH-Krub-Bold.png,186,บ,0.3008,,,,186,0.3008,186(บ):0.301 | 232(่):0.117 | 190(พ):0.041,1
PrintAksorn_dataset/test/quote_TlwgTypo-Bold.png,190,พ,0.2926,,,,190,0.2926,190(พ):0.293 | 186(บ):0.076 | 232(่):0.054,1
PrintAksorn_dataset/test/quote_Umpush-Bold.png,190,พ,0.324,,,,190,0.324,190(พ):0.324 | 183(ท):0.055 | 232(่):0.041,1
PrintAksorn_dataset/test/rbrace_Athiti-Light.png,226,โ,0.6785,,,,226,0.6785,226(โ):0.678 | 210(า):0.067 | 227(ใ):0.023,1
PrintAksorn_dataset/test/rbrace_FonLeb-Bold-Italic.png,210,า,0.4574,,,,210,0.4574,210(า):0.457 | 226(โ):0.071 | 228(ไ):0.032,1
PrintAksorn_dataset/test/rbrace_Himmaparnt-Bold-Italic.png,210,า,0.2908,,,,210,0.2908,210(า):0.291 | 226(โ):0.169 | 227(ใ):0.107,1
PrintAksorn_dataset/test/rbrace_Himmaparnt-Italic.png,210,า,0.5856,,,,210,0.5856,210(า):0.586 | 226(โ):0.110 | 227(ใ):0.029,1
PrintAksorn_dataset/test/rbrace_Prompt-LightItalic.png,226,โ,0.2639,,,,226,0.2639,226(โ):0.264 | 210(า):0.227 | 228(ไ):0.066,1
PrintAksorn_dataset/test/rbrace_Sarabun-Light.png,210,า,0.4767,,,,210,0.4767,210(า):0.477 | 226(โ):0.152 | 227(ใ):0.073,1
PrintAksorn_dataset/test/rbrace_Silom.png,210,า,0.7684,,,,210,0.7684,210(า):0.768 | 226(โ):0.046 | 227(ใ):0.035,1
PrintAksorn_dataset/test/rbrace_Taviraj-Thin.png,226,โ,0.6681,,,,226,0.6681,226(โ):0.668 | 210(า):0.063 | 227(ใ):0.021,1
PrintAksorn_dataset/test/rbrace_Taviraj-ThinItalic.png,226,โ,0.6284,,,,226,0.6284,226(โ):0.628 | 210(า):0.064 | 227(ใ):0.032,1
PrintAksorn_dataset/test/rbrace_TlwgMono-Oblique.png,226,โ,0.503,,,,226,0.503,226(โ):0.503 | 210(า):0.192 | 227(ใ):0.056,1
PrintAksorn_dataset/test/rbracket_ChulaNarak-Italic.png,210,า,0.8325,,,,210,0.8325,210(า):0.832 | 229(ๅ):0.101 | 167(ง):0.004,1
PrintAksorn_dataset/test/rbracket_JS-75-Pumpuang.png,229,ๅ,0.7296,,,,229,0.7296,229(ๅ):0.730 | 210(า):0.038 | 187(ป):0.030,1
PrintAksorn_dataset/test/rbracket_JS-Pisit-Normal.png,187,ป,0.3198,,,,187,0.3198,187(ป):0.320 | 229(ๅ):0.294 | 210(า):0.076,1
PrintAksorn_dataset/test/rbracket_NotoSansThai-SemiCondensedMedium.png,187,ป,0.1216,,,,187,0.1216,187(ป):0.122 | 240(๐):0.065 | 194(ย):0.062,1
PrintAksorn_dataset/test/rbracket_PSK-SmartItaic.png,210,า,0.6556,,,,210,0.6556,210(า):0.656 | 229(ๅ):0.122 | 187(ป):0.042,1
PrintAksorn_dataset/test/rbracket_TH-K2D-July8-Bold-Italic.png,187,ป,0.3524,,,,187,0.3524,187(ป):0.352 | 229(ๅ):0.282 | 232(่):0.023,1
PrintAksorn_dataset/test/rbracket_Taviraj-Light.png,229,ๅ,0.65,,,,229,0.65,229(ๅ):0.650 | 187(ป):0.069 | 210(า):0.017,1
PrintAksorn_dataset/test/rbracket_Taviraj-Medium.png,187,ป,0.2845,,,,187,0.2845,187(ป):0.284 | 229(ๅ):0.234 | 199(ว):0.029,1
PrintAksorn_dataset/test/rbracket_TlwgTypo-Oblique.png,229,ๅ,0.3821,,,,229,0.3821,229(ๅ):0.382 | 187(ป):0.215 | 210(า):0.083,1
PrintAksorn_dataset/test/rbracket_Trirong-LightItalic.png,229,ๅ,0.5648,,,,229,0.5648,229(ๅ):0.565 | 210(า):0.106 | 187(ป):0.099,1
PrintAksorn_dataset/test/rbracket_Umpush-Light.png,229,ๅ,0.6129,,,,229,0.6129,229(ๅ):0.613 | 187(ป):0.074 | 210(า):0.063,1
PrintAksorn_dataset/test/ro_ruea_JS-Chodok-Bold.png,195,ร,0.8941,195,ร,1,195,0.8941,195(ร):0.894 | 176(ฐ):0.002 | 202(ส):0.002,1
PrintAksorn_dataset/test/ro_ruea_JS-Korakhot-Normal.png,195,ร,0.9114,195,ร,1,195,0.9114,195(ร):0.911 | 199(ว):0.002 | 176(ฐ):0.001,1
PrintAksorn_dataset/test/ro_ruea_JS-Rapee-Italic.png,195,ร,0.8807,195,ร,1,195,0.8807,195(ร):0.881 | 199(ว):0.004 | 187(ป):0.003,1
PrintAksorn_dataset/test/ro_ruea_JS-Saowapark-Italic.png,195,ร,0.902,195,ร,1,195,0.902,195(ร):0.902 | 187(ป):0.002 | 162(ข):0.002,1
PrintAksorn_dataset/test/ro_ruea_Kanit-Black.png,195,ร,0.2827,195,ร,1,195,0.2827,195(ร):0.283 | 176(ฐ):0.046 | 245(๕):0.039,1
PrintAksorn_dataset/test/ro_ruea_Mitr-Regular.png,195,ร,0.1429,195,ร,1,195,0.1429,195(ร):0.143 | 167(ง):0.104 | 249(๙):0.092,1
PrintAksorn_dataset/test/ro_ruea_NotoSerifThai-CondensedMedium.png,195,ร,0.9049,195,ร,1,195,0.9049,195(ร):0.905 | 229(ๅ):0.002 | 164(ค):0.002,1
PrintAksorn_dataset/test/ro_ruea_NotoSerifThai-ExtraLight.png,195,ร,0.8099,195,ร,1,195,0.8099,195(ร):0.810 | 199(ว):0.013 | 187(ป):0.006,1
PrintAksorn_dataset/test/ro_ruea_Prompt-ExtraLight.png,240,๐,0.1237,195,ร,0,240,0.1237,240(๐):0.124 | 197(ล):0.068 | 184(ธ):0.059,1
PrintAksorn_dataset/test/ro_ruea_Sarabun-Bold.png,195,ร,0.9084,195,ร,1,195,0.9084,195(ร):0.908 | 186(บ):0.002 | 202(ส):0.001,1
PrintAksorn_dataset/test/ro_ruea_TH-Mali-Grade6-Regular.png,195,ร,0.6877,195,ร,1,195,0.6877,195(ร):0.688 | 202(ส):0.016 | 176(ฐ):0.011,1
PrintAksorn_dataset/test/ro_ruea_Taviraj-LightItalic.png,195,ร,0.8929,195,ร,1,195,0.8929,195(ร):0.893 | 176(ฐ):0.003 | 184(ธ):0.002,1
PrintAksorn_dataset/test/ro_ruea_TlwgTypo-Oblique.png,195,ร,0.8961,195,ร,1,195,0.8961,195(ร):0.896 | 226(โ):0.002 | 202(ส):0.002,1
PrintAksorn_dataset/test/ro_ruea_Umpush-BoldOblique.png,195,ร,0.893,195,ร,1,195,0.893,195(ร):0.893 | 236(์):0.002 | 203(ห):0.002,1
PrintAksorn_dataset/test/rparen_CmPrasanmit-Italic.png,210,า,0.578,,,,210,0.578,210(า):0.578 | 229(ๅ):0.203 | 167(ง):0.019,1
PrintAksorn_dataset/test/rparen_JS-Jindara-Normal.png,210,า,0.6433,,,,210,0.6433,210(า):0.643 | 229(ๅ):0.066 | 240(๐):0.019,1
PrintAksorn_dataset/test/rparen_Kanit-ExtraBoldItalic.png,210,า,0.4426,,,,210,0.4426,210(า):0.443 | 232(่):0.063 | 167(ง):0.052,1
PrintAksorn_dataset/test/rparen_Kinnari-Bold.png,210,า,0.5469,,,,210,0.5469,210(า):0.547 | 229(ๅ):0.046 | 199(ว):0.040,1
PrintAksorn_dataset/test/rparen_Nakaracha-Regular.png,210,า,0.7537,,,,210,0.7537,210(า):0.754 | 229(ๅ):0.077 | 240(๐):0.008,1
PrintAksorn_dataset/test/rparen_NotoSansThai-ExtraBold.png,187,ป,0.1272,,,,187,0.1272,187(ป):0.127 | 240(๐):0.063 | 194(ย):0.060,1
PrintAksorn_dataset/test/rparen_NotoSerifThai-CondensedExtraBold.png,187,ป,0.1458,,,,187,0.1458,187(ป):0.146 | 194(ย):0.072 | 240(๐):0.056,1
PrintAksorn_dataset/test/rparen_NotoSerifThai-SemiCondensedThin.png,187,ป,0.1216,,,,187,0.1216,187(ป):0.122 | 240(๐):0.065 | 194(ย):0.062,1
PrintAksorn_dataset/test/rparen_NotoSerifThai-Thin.png,187,ป,0.1324,,,,187,0.1324,187(ป):0.132 | 194(ย):0.087 | 240(๐):0.057,1
PrintAksorn_dataset/test/rparen_Prompt-BoldItalic.png,210,า,0.5834,,,,210,0.5834,210(า):0.583 | 167(ง):0.058 | 229(ๅ):0.048,1
PrintAksorn_dataset/test/rparen_Prompt-SemiBold.png,210,า,0.5167,,,,210,0.5167,210(า):0.517 | 229(ๅ):0.177 | 240(๐):0.025,1
PrintAksorn_dataset/test/rparen_Sarabun-ExtraLight.png,210,า,0.4571,,,,210,0.4571,210(า):0.457 | 229(ๅ):0.121 | 199(ว):0.038,1
PrintAksorn_dataset/test/rparen_Sarabun-Thin.png,210,า,0.5512,,,,210,0.5512,210(า):0.551 | 229(ๅ):0.105 | 199(ว):0.024,1
PrintAksorn_dataset/test/rparen_TH-Kodchasal-Bold-Italic.png,229,ๅ,0.5052,,,,229,0.5052,229(ๅ):0.505 | 210(า):0.194 | 232(่):0.041,1
PrintAksorn_dataset/test/rparen_TH-Krub-Bold.png,210,า,0.3942,,,,210,0.3942,210(า):0.394 | 229(ๅ):0.351 | 167(ง):0.014,1
PrintAksorn_dataset/test/rparen_Taviraj-ExtraBoldItalic.png,210,า,0.7745,,,,210,0.7745,210(า):0.775 | 229(ๅ):0.039 | 167(ง):0.025,1
PrintAksorn_dataset/test/sara_a_ChulaNarak-Bold-Italic.png,209,ั,0.1735,208,ะ,0,209,0.1735,209(ั):0.173 | 236(์):0.092 | 244(๔):0.059,1
PrintAksorn_dataset/test/sara_a_JS-Pisit-Normal.png,209,ั,0.1478,208,ะ,0,209,0.1478,209(ั):0.148 | 244(๔):0.090 | 249(๙):0.037,1
PrintAksorn_dataset/test/sara_a_JS-Sadayu-Bold-Italic.png,236,์,0.1859,208,ะ,0,236,0.1859,236(์):0.186 | 195(ร):0.078 | 244(๔):0.057,1
PrintAksorn_dataset/test/sara_a_Kanit-Light.png,231,็,0.2307,208,ะ,0,231,0.2307,231(็):0.231 | 194(ย):0.137 | 184(ธ):0.067,1
PrintAksorn_dataset/test/sara_a_NotoSansThai-SemiCondensed.png,231,็,0.1651,208,ะ,0,231,0.1651,231(็):0.165 | 195(ร):0.060 | 249(๙):0.058,1
PrintAksorn_dataset/test/sara_a_NotoSerifThai-CondensedExtraBold.png,245,๕,0.1094,208,ะ,0,245,0.1094,245(๕):0.109 | 244(๔):0.097 | 249(๙):0.042,1
PrintAksorn_dataset/test/sara_a_NotoSerifThai-ExtraBold.png,245,๕,0.137,208,ะ,0,245,0.137,245(๕):0.137 | 244(๔):0.087 | 249(๙):0.059,1
PrintAksorn_dataset/test/sara_a_NotoSerifThai-Regular.png,244,๔,0.1555,208,ะ,0,244,0.1555,244(๔):0.156 | 249(๙):0.074 | 231(็):0.040,1
PrintAksorn_dataset/test/sara_a_Pridi-SemiBold.png,245,๕,0.1433,208,ะ,0,245,0.1433,245(๕):0.143 | 244(๔):0.128 | 249(๙):0.039,1
PrintAksorn_dataset/test/sara_a_Prompt-Black.png,194,ย,0.1313,208,ะ,0,194,0.1313,194(ย):0.131 | 249(๙):0.066 | 232(่):0.066,1
PrintAksorn_dataset/test/sara_a_TH-Baijam-Bold-Italic.png,249,๙,0.0682,208,ะ,0,249,0.0682,249(๙):0.068 | 244(๔):0.047 | 233(้):0.046,1
PrintAksorn_dataset/test/sara_a_TH-Sarabun-New-Bold.png,170,ช,0.047,208,ะ,0,170,0.047,170(ช):0.047 | 209(ั):0.047 | 249(๙):0.044,1
PrintAksorn_dataset/test/sara_a_TH-Srisakdi-Regular.png,236,์,0.247,208,ะ,0,236,0.247,236(์):0.247 | 195(ร):0.087 | 245(๕):0.054,1
PrintAksorn_dataset/test/sara_a_Taviraj-ThinItalic.png,249,๙,0.1309,208,ะ,0,249,0.1309,249(๙):0.131 | 209(ั):0.059 | 244(๔):0.052,1
PrintAksorn_dataset/test/sara_a_TlwgTypist-BoldOblique.png,245,๕,0.1027,208,ะ,0,245,0.1027,245(๕):0.103 | 193(ม):0.088 | 233(้):0.057,1
PrintAksorn_dataset/test/sara_a_Trirong-SemiBold.png,249,๙,0.075,208,ะ,0,249,0.075,249(๙):0.075 | 244(๔):0.057 | 170(ช):0.040,1
PrintAksorn_dataset/test/sara_a_Umpush-BoldOblique.png,244,๔,0.1217,208,ะ,0,244,0.1217,244(๔):0.122 | 245(๕):0.093 | 249(๙):0.077,1
PrintAksorn_dataset/test/sara_a_Waree-Oblique.png,244,๔,0.0824,208,ะ,0,244,0.0824,244(๔):0.082 | 209(ั):0.068 | 249(๙):0.054,1
PrintAksorn_dataset/test/sara_aa_KaniGa-Italic.png,210,า,0.8376,210,า,1,210,0.8376,210(า):0.838 | 230(ๆ):0.007 | 192(ภ):0.004,1
PrintAksorn_dataset/test/sara_aa_NotoSansThai-SemiCondensedLight.png,229,ๅ,0.8887,210,า,0,229,0.8887,229(ๅ):0.889 | 237(ํ):0.002 | 174(ฎ):0.002,1
PrintAksorn_dataset/test/sara_aa_NotoSansThaiUI-Regular.png,229,ๅ,0.8996,210,า,0,229,0.8996,229(ๅ):0.900 | 237(ํ):0.002 | 206(ฮ):0.002,1
PrintAksorn_dataset/test/sara_aa_Prompt-BlackItalic.png,210,า,0.622,210,า,1,210,0.622,210(า):0.622 | 229(ๅ):0.152 | 232(่):0.019,1
PrintAksorn_dataset/test/sara_aa_Prompt-ExtraBoldItalic.png,210,า,0.6223,210,า,1,210,0.6223,210(า):0.622 | 229(ๅ):0.218 | 232(่):0.009,1
PrintAksorn_dataset/test/sara_aa_Prompt-Italic.png,229,ๅ,0.9094,210,า,0,229,0.9094,229(ๅ):0.909 | 210(า):0.005 | 228(ไ):0.002,1
PrintAksorn_dataset/test/sara_aa_TH-Charmonman-Regular.png,210,า,0.8592,210,า,1,210,0.8592,210(า):0.859 | 183(ท):0.004 | 229(ๅ):0.004,1
PrintAksorn_dataset/test/sara_aa_TH-Kodchasal-Bold.png,210,า,0.896,210,า,1,210,0.896,210(า):0.896 | 199(ว):0.002 | 201(ษ):0.002,1
PrintAksorn_dataset/test/sara_aa_Taviraj-ExtraBoldItalic.png,210,า,0.8461,210,า,1,210,0.8461,210(า):0.846 | 229(ๅ):0.010 | 199(ว):0.005,1
PrintAksorn_dataset/test/sara_ae_CmPrasanmit-Regular.png,225,แ,0.5589,225,แ,1,225,0.5589,225(แ):0.559 | 179(ณ):0.056 | 232(่):0.015,1
PrintAksorn_dataset/test/sara_ae_JS-Junkaew-Italic.png,225,แ,0.5023,225,แ,1,225,0.5023,225(แ):0.502 | 179(ณ):0.110 | 242(๒):0.032,1
PrintAksorn_dataset/test/sara_ae_JS-Mookravee-Normal.png,225,แ,0.5354,225,แ,1,225,0.5354,225(แ):0.535 | 179(ณ):0.094 | 232(่):0.016,1
PrintAksorn_dataset/test/sara_ae_JS-Obsaward-Italic.png,225,แ,0.8159,225,แ,1,225,0.8159,225(แ):0.816 | 179(ณ):0.039 | 191(ฟ):0.010,1
PrintAksorn_dataset/test/sara_ae_JS-Puchong-Normal.png,183,ท,0.6399,225,แ,0,183,0.6399,183(ท):0.640 | 161(ก):0.058 | 225(แ):0.013,1
PrintAksorn_dataset/test/sara_ae_JS-Rapee-Bold-Italic.png,225,แ,0.417,225,แ,1,225,0.417,225(แ):0.417 | 179(ณ):0.107 | 173(ญ):0.029,1
PrintAksorn_dataset/test/sara_ae_JS-Rapee-Italic.png,225,แ,0.6193,225,แ,1,225,0.6193,225(แ):0.619 | 179(ณ):0.053 | 193(ม):0.018,1
PrintAksorn_dataset/test/sara_ae_Kinnari-Italic.png,225,แ,0.4964,225,แ,1,225,0.4964,225(แ):0.496 | 179(ณ):0.063 | 224(เ):0.019,1
PrintAksorn_dataset/test/sara_ae_Kinnari.png,225,แ,0.3312,225,แ,1,225,0.3312,225(แ):0.331 | 179(ณ):0.056 | 224(เ):0.031,1
PrintAksorn_dataset/test/sara_ae_Mitr-Bold.png,186,บ,0.3433,225,แ,0,186,0.3433,186(บ):0.343 | 232(่):0.036 | 185(น):0.030,1
PrintAksorn_dataset/test/sara_ae_Pridi-ExtraLight.png,225,แ,0.5423,225,แ,1,225,0.5423,225(แ):0.542 | 179(ณ):0.064 | 173(ญ):0.015,1
PrintAksorn_dataset/test/sara_ae_Pridi-Medium.png,225,แ,0.7689,225,แ,1,225,0.7689,225(แ):0.769 | 179(ณ):0.018 | 193(ม):0.018,1
PrintAksorn_dataset/test/sara_ae_Sarabun-Bold.png,225,แ,0.6995,225,แ,1,225,0.6995,225(แ):0.700 | 193(ม):0.026 | 179(ณ):0.019,1
PrintAksorn_dataset/test/sara_ai_maimalai_JS-Chulee.png,228,ไ,0.8948,228,ไ,1,228,0.8948,228(ไ):0.895 | 226(โ):0.005 | 183(ท):0.002,1
PrintAksorn_dataset/test/sara_ai_maimalai_JS-Jukaphan-Italic.png,228,ไ,0.8873,228,ไ,1,228,0.8873,228(ไ):0.887 | 224(เ):0.002 | 193(ม):0.002,1
PrintAksorn_dataset/test/sara_ai_maimalai_Pridi-Medium.png,226,โ,0.7919,228,ไ,0,226,0.7919,226(โ):0.792 | 224(เ):0.022 | 227(ใ):0.009,1
PrintAksorn_dataset/test/sara_ai_maimalai_Pridi-Regular.png,226,โ,0.8295,228,ไ,0,226,0.8295,226(โ):0.830 | 224(เ):0.008 | 227(ใ):0.007,1
PrintAksorn_dataset/test/sara_ai_maimalai_Sarabun-ExtraLight.png,228,ไ,0.8494,228,ไ,1,228,0.8494,228(ไ):0.849 | 227(ใ):0.011 | 226(โ):0.004,1
PrintAksorn_dataset/test/sara_ai_maimalai_TH-Srisakdi-Bold.png,228,ไ,0.1241,228,ไ,1,228,0.1241,228(ไ):0.124 | 203(ห):0.070 | 210(า):0.065,1
PrintAksorn_dataset/test/sara_ai_maimalai_TlwgTypist-BoldOblique.png,228,ไ,0.8635,228,ไ,1,228,0.8635,228(ไ):0.863 | 224(เ):0.004 | 185(น):0.004,1
PrintAksorn_dataset/test/sara_ai_maimuan_Himmaparnt-Italic.png,227,ใ,0.9156,227,ใ,1,227,0.9156,227(ใ):0.916 | 226(โ):0.002 | 170(ช):0.002,1
PrintAksorn_dataset/test/sara_ai_maimuan_JS-Giat-Bold.png,227,ใ,0.8924,227,ใ,1,227,0.8924,227(ใ):0.892 | 224(เ):0.005 | 226(โ):0.003,1
PrintAksorn_dataset/test/sara_ai_maimuan_JS-Prapakorn-Italic.png,210,า,0.7697,227,ใ,0,210,0.7697,210(า):0.770 | 227(ใ):0.056 | 226(โ):0.006,1
PrintAksorn_dataset/test/sara_ai_maimuan_Maitree-ExtraLight.png,227,ใ,0.8566,227,ใ,1,227,0.8566,227(ใ):0.857 | 195(ร):0.004 | 170(ช):0.004,1
PrintAksorn_dataset/test/sara_ai_maimuan_NotoSerifThai-ExtraCondensedThin.png,227,ใ,0.9166,227,ใ,1,227,0.9166,227(ใ):0.917 | 226(โ):0.002 | 170(ช):0.002,1
PrintAksorn_dataset/test/sara_ai_maimuan_Sarabun-Regular.png,227,ใ,0.924,227,ใ,1,227,0.924,227(ใ):0.924 | 226(โ):0.002 | 164(ค):0.001,1
PrintAksorn_dataset/test/sara_ai_maimuan_TH-KoHo-Bold.png,227,ใ,0.9203,227,ใ,1,227,0.9203,227(ใ):0.920 | 226(โ):0.003 | 170(ช):0.002,1
PrintAksorn_dataset/test/sara_ai_maimuan_Trirong-Regular.png,227,ใ,0.914,227,ใ,1,227,0.914,227(ใ):0.914 | 226(โ):0.003 | 170(ช):0.002,1
PrintAksorn_dataset/test/sara_am_Chonburi-Regular.png,210,า,0.3596,211,ำ,0,210,0.3596,210(า):0.360 | 229(ๅ):0.084 | 227(ใ):0.046,1
PrintAksorn_dataset/test/sara_am_Garuda-BoldOblique.png,229,ๅ,0.3735,211,ำ,0,229,0.3735,229(ๅ):0.373 | 210(า):0.101 | 227(ใ):0.035,1
PrintAksorn_dataset/test/sara_am_JS-Rapee-Bold.png,229,ๅ,0.3991,211,ำ,0,229,0.3991,229(ๅ):0.399 | 210(า):0.077 | 227(ใ):0.064,1
PrintAksorn_dataset/test/sara_am_Maitree-Medium.png,229,ๅ,0.5537,211,ำ,0,229,0.5537,229(ๅ):0.554 | 210(า):0.042 | 227(ใ):0.024,1
PrintAksorn_dataset/test/sara_am_Maitree-Regular.png,229,ๅ,0.454,211,ำ,0,229,0.454,229(ๅ):0.454 | 210(า):0.048 | 183(ท):0.021,1
PrintAksorn_dataset/test/sara_am_NotoSansThai-SemiBold.png,229,ๅ,0.499,211,ำ,0,229,0.499,229(ๅ):0.499 | 210(า):0.072 | 227(ใ):0.033,1
PrintAksorn_dataset/test/sara_am_Prompt-BoldItalic.png,210,า,0.2376,211,ำ,0,210,0.2376,210(า):0.238 | 227(ใ):0.093 | 229(ๅ):0.083,1
PrintAksorn_dataset/test/sara_am_Prompt-ExtraBold.png,210,า,0.242,211,ำ,0,210,0.242,210(า):0.242 | 229(ๅ):0.162 | 227(ใ):0.106,1
PrintAksorn_dataset/test/sara_am_Silom.png,210,า,0.3187,211,ำ,0,210,0.3187,210(า):0.319 | 229(ๅ):0.250 | 183(ท):0.015,1
PrintAksorn_dataset/test/sara_am_TlwgMono.png,229,ๅ,0.1381,211,ำ,0,229,0.1381,229(ๅ):0.138 | 210(า):0.131 | 227(ใ):0.044,1
PrintAksorn_dataset/test/sara_am_Umpush-Bold.png,210,า,0.6247,211,ำ,0,210,0.6247,210(า):0.625 | 199(ว):0.022 | 230(ๆ):0.015,1
PrintAksorn_dataset/test/sara_e_Athiti-Regular.png,224,เ,0.7833,224,เ,1,224,0.7833,224(เ):0.783 | 187(ป):0.012 | 186(บ):0.011,1
PrintAksorn_dataset/test/sara_e_JS-Arisa.png,224,เ,0.8323,224,เ,1,224,0.8323,224(เ):0.832 | 213(ี):0.007 | 187(ป):0.005,1
PrintAksorn_dataset/test/sara_e_JS-Pisit-Normal.png,224,เ,0.7257,224,เ,1,224,0.7257,224(เ):0.726 | 209(ั):0.009 | 213(ี):0.008,1
PrintAksorn_dataset/test/sara_e_JS-Pudgrong-Normal.png,224,เ,0.8284,224,เ,1,224,0.8284,224(เ):0.828 | 187(ป):0.006 | 199(ว):0.005,1
PrintAksorn_dataset/test/sara_e_KaniGa-Bold.png,224,เ,0.8417,224,เ,1,224,0.8417,224(เ):0.842 | 193(ม):0.004 | 213(ี):0.004,1
PrintAksorn_dataset/test/sara_e_NotoSansThai-ExtraCondensedBlack.png,224,เ,0.6467,224,เ,1,224,0.6467,224(เ):0.647 | 232(่):0.062 | 228(ไ):0.012,1
PrintAksorn_dataset/test/sara_e_TH-Chakra-Petch-Bold-Italic.png,224,เ,0.882,224,เ,1,224,0.882,224(เ):0.882 | 187(ป):0.003 | 225(แ):0.002,1
PrintAksorn_dataset/test/sara_e_TH-K2D-July8-Bold.png,224,เ,0.8504,224,เ,1,224,0.8504,224(เ):0.850 | 213(ี):0.005 | 187(ป):0.003,1
PrintAksorn_dataset/test/sara_e_Taviraj-BlackItalic.png,224,เ,0.3295,224,เ,1,224,0.3295,224(เ):0.330 | 194(ย):0.055 | 232(่):0.052,1
PrintAksorn_dataset/test/sara_e_Trirong-ExtraLightItalic.png,224,เ,0.8398,224,เ,1,224,0.8398,224(เ):0.840 | 187(ป):0.006 | 226(โ):0.004,1
PrintAksorn_dataset/test/sara_e_Trirong-MediumItalic.png,224,เ,0.8495,224,เ,1,224,0.8495,224(เ):0.850 | 190(พ):0.003 | 193(ม):0.003,1
PrintAksorn_dataset/test/sara_e_Trirong-SemiBoldItalic.png,224,เ,0.8108,224,เ,1,224,0.8108,224(เ):0.811 | 236(์):0.006 | 193(ม):0.005,1
PrintAksorn_dataset/test/sara_i_Aksaramatee-Regular.png,212,ิ,0.8965,212,ิ,1,212,0.8965,212(ิ):0.896 | 240(๐):0.004 | 197(ล):0.004,1
PrintAksorn_dataset/test/sara_i_JS-Prajuk-Italic.png,213,ี,0.5688,212,ิ,0,213,0.5688,213(ี):0.569 | 212(ิ):0.068 | 215(ื):0.024,1
PrintAksorn_dataset/test/sara_i_Kanit-Thin.png,213,ี,0.5275,212,ิ,0,213,0.5275,213(ี):0.528 | 229(ๅ):0.088 | 210(า):0.035,1
PrintAksorn_dataset/test/sara_i_NotoSansThai-SemiCondensedThin.png,213,ี,0.7139,212,ิ,0,213,0.7139,213(ี):0.714 | 229(ๅ):0.049 | 210(า):0.016,1
PrintAksorn_dataset/test/sara_i_NotoSerifThai-ExtraCondensedLight.png,212,ิ,0.33,212,ิ,1,212,0.33,212(ิ):0.330 | 240(๐):0.131 | 241(๑):0.021,1
PrintAksorn_dataset/test/sara_i_TH-Baijam-Regular.png,212,ิ,0.8639,212,ิ,1,212,0.8639,212(ิ):0.864 | 240(๐):0.006 | 168(จ):0.004,1
PrintAksorn_dataset/test/sara_i_TH-Charmonman-Regular.png,167,ง,0.2455,212,ิ,0,167,0.2455,167(ง):0.246 | 212(ิ):0.091 | 213(ี):0.058,1
PrintAksorn_dataset/test/sara_i_TH-KoHo-Bold-Italic.png,212,ิ,0.8444,212,ิ,1,212,0.8444,212(ิ):0.844 | 240(๐):0.007 | 210(า):0.007,1
PrintAksorn_dataset/test/sara_i_Taviraj-SemiBoldItalic.png,212,ิ,0.7867,212,ิ,1,212,0.7867,212(ิ):0.787 | 240(๐):0.008 | 210(า):0.008,1
PrintAksorn_dataset/test/sara_i_Waree.png,212,ิ,0.8747,212,ิ,1,212,0.8747,212(ิ):0.875 | 240(๐):0.005 | 197(ล):0.004,1
PrintAksorn_dataset/test/sara_ii_Himmaparnt-Regular.png,213,ี,0.8137,213,ี,1,213,0.8137,213(ี):0.814 | 212(ิ):0.007 | 167(ง):0.006,1
PrintAksorn_dataset/test/sara_ii_JS-Arisa-Italic.png,213,ี,0.9046,213,ี,1,213,0.9046,213(ี):0.905 | 212(ิ):0.003 | 167(ง):0.002,1
PrintAksorn_dataset/test/sara_ii_JS-Pumpuang-Normal.png,213,ี,0.2144,213,ี,1,213,0.2144,213(ี):0.214 | 229(ๅ):0.110 | 210(า):0.065,1
PrintAksorn_dataset/test/sara_ii_JS-Synjai-Normal.png,213,ี,0.8779,213,ี,1,213,0.8779,213(ี):0.878 | 215(ื):0.009 | 212(ิ):0.003,1
PrintAksorn_dataset/test/sara_ii_Kanit-Regular.png,213,ี,0.8146,213,ี,1,213,0.8146,213(ี):0.815 | 231(็):0.008 | 210(า):0.007,1
PrintAksorn_dataset/test/sara_ii_NotoSansThai-SemiCondensedBold.png,213,ี,0.9451,213,ี,1,213,0.9451,213(ี):0.945 | 229(ๅ):0.002 | 231(็):0.002,1
PrintAksorn_dataset/test/sara_ii_NotoSansThai-SemiCondensedSemiBold.png,213,ี,0.9226,213,ี,1,213,0.9226,213(ี):0.923 | 229(ๅ):0.004 | 184(ธ):0.003,1
PrintAksorn_dataset/test/sara_ii_NotoSansThaiLooped-SemiBold.png,213,ี,0.7915,213,ี,1,213,0.7915,213(ี):0.791 | 212(ิ):0.019 | 234(๊):0.010,1
PrintAksorn_dataset/test/sara_ii_PSK-SmartItaic.png,213,ี,0.8988,213,ี,1,213,0.8988,213(ี):0.899 | 212(ิ):0.006 | 215(ื):0.004,1
PrintAksorn_dataset/test/sara_ii_TH-Kodchasal-Regular.png,213,ี,0.9524,213,ี,1,213,0.9524,213(ี):0.952 | 215(ื):0.003 | 212(ิ):0.002,1
PrintAksorn_dataset/test/sara_ii_Umpush-Oblique.png,213,ี,0.9172,213,ี,1,213,0.9172,213(ี):0.917 | 187(ป):0.003 | 217(ู):0.002,1
PrintAksorn_dataset/test/sara_o_Himmaparnt-Regular.png,226,โ,0.8916,226,โ,1,226,0.8916,226(โ):0.892 | 244(๔):0.002 | 227(ใ):0.002,1
PrintAksorn_dataset/test/sara_o_Itim-Regular.png,226,โ,0.8457,226,โ,1,226,0.8457,226(โ):0.846 | 195(ร):0.007 | 227(ใ):0.003,1
PrintAksorn_dataset/test/sara_o_JS-Pitsamai-Italic.png,226,โ,0.8381,226,โ,1,226,0.8381,226(โ):0.838 | 224(เ):0.011 | 195(ร):0.003,1
PrintAksorn_dataset/test/sara_o_Maitree-Medium.png,226,โ,0.8792,226,โ,1,226,0.8792,226(โ):0.879 | 229(ๅ):0.003 | 199(ว):0.002,1
PrintAksorn_dataset/test/sara_o_NotoSansThai-ExtraCondensedExtraBold.png,226,โ,0.5915,226,โ,1,226,0.5915,226(โ):0.591 | 210(า):0.168 | 224(เ):0.030,1
PrintAksorn_dataset/test/sara_o_Pattaya-Regular.png,226,โ,0.8062,226,โ,1,226,0.8062,226(โ):0.806 | 210(า):0.017 | 228(ไ):0.004,1
PrintAksorn_dataset/test/sara_o_Trirong-LightItalic.png,226,โ,0.8712,226,โ,1,226,0.8712,226(โ):0.871 | 190(พ):0.002 | 236(์):0.002,1
PrintAksorn_dataset/test/sara_u_Garuda-Bold.png,216,ุ,0.9458,216,ุ,1,216,0.9458,216(ุ):0.946 | 164(ค):0.002 | 232(่):0.002,1
PrintAksorn_dataset/test/sara_u_NotoSansThai-ExtraCondensed.png,232,่,0.3745,216,ุ,0,232,0.3745,232(่):0.374 | 210(า):0.260 | 216(ุ):0.058,1
PrintAksorn_dataset/test/sara_u_NotoSansThai-Light.png,210,า,0.4911,216,ุ,0,210,0.4911,210(า):0.491 | 229(ๅ):0.404 | 232(่):0.008,1
PrintAksorn_dataset/test/sara_u_Prompt-Medium.png,210,า,0.492,216,ุ,0,210,0.492,210(า):0.492 | 232(่):0.102 | 216(ุ):0.054,1
PrintAksorn_dataset/test/sara_u_TH-Baijam-Italic.png,216,ุ,0.5228,216,ุ,1,216,0.5228,216(ุ):0.523 | 199(ว):0.037 | 240(๐):0.026,1
PrintAksorn_dataset/test/sara_u_TH-K2D-July8-Bold.png,216,ุ,0.8341,216,ุ,1,216,0.8341,216(ุ):0.834 | 168(จ):0.010 | 241(๑):0.005,1
PrintAksorn_dataset/test/sara_u_TlwgTypist-Bold.png,216,ุ,0.6674,216,ุ,1,216,0.6674,216(ุ):0.667 | 168(จ):0.046 | 241(๑):0.020,1
PrintAksorn_dataset/test/sara_u_TlwgTypist-Oblique.png,216,ุ,0.4707,216,ุ,1,216,0.4707,216(ุ):0.471 | 199(ว):0.069 | 168(จ):0.025,1
PrintAksorn_dataset/test/sara_ue_JS-Chulee.png,214,ึ,0.3722,214,ึ,1,214,0.3722,214(ึ):0.372 | 213(ี):0.157 | 212(ิ):0.035,1
PrintAksorn_dataset/test/sara_ue_JS-Rapee-Bold-Italic.png,214,ึ,0.4227,214,ึ,1,214,0.4227,214(ึ):0.423 | 213(ี):0.098 | 215(ื):0.066,1
PrintAksorn_dataset/test/sara_ue_JS-Sadayu-Allcaps.png,213,ี,0.2749,214,ึ,0,213,0.2749,213(ี):0.275 | 214(ึ):0.130 | 231(็):0.065,1
PrintAksorn_dataset/test/sara_ue_Kanit-ThinItalic.png,231,็,0.1405,214,ึ,0,231,0.1405,231(็):0.140 | 213(ี):0.096 | 209(ั):0.046,1
PrintAksorn_dataset/test/sara_ue_Loma-Bold.png,213,ี,0.1384,214,ึ,0,213,0.1384,213(ี):0.138 | 214(ึ):0.114 | 231(็):0.100,1
PrintAksorn_dataset/test/sara_ue_NotoSansThai-CondensedExtraLight.png,231,็,0.116,214,ึ,0,231,0.116,231(็):0.116 | 213(ี):0.113 | 205(อ):0.038,1
PrintAksorn_dataset/test/sara_ue_NotoSansThai-ExtraCondensedSemiBold.png,213,ี,0.1911,214,ึ,0,213,0.1911,213(ี):0.191 | 231(็):0.108 | 214(ึ):0.078,1
PrintAksorn_dataset/test/sara_ue_NotoSansThaiLooped-Light.png,213,ี,0.2203,214,ึ,0,213,0.2203,213(ี):0.220 | 231(็):0.064 | 234(๊):0.060,1
PrintAksorn_dataset/test/sara_ue_PSK-Smart-Regular.png,214,ึ,0.2799,214,ึ,1,214,0.2799,214(ึ):0.280 | 213(ี):0.215 | 212(ิ):0.067,1
PrintAksorn_dataset/test/sara_ue_SR-FahMai-Normal.png,214,ึ,0.4168,214,ึ,1,214,0.4168,214(ึ):0.417 | 213(ี):0.101 | 212(ิ):0.053,1
PrintAksorn_dataset/test/sara_ue_TlwgTypist-Oblique.png,213,ี,0.2863,214,ึ,0,213,0.2863,213(ี):0.286 | 214(ึ):0.064 | 231(็):0.061,1
PrintAksorn_dataset/test/sara_uee_Athiti-SemiBold.png,215,ื,0.3189,215,ื,1,215,0.3189,215(ื):0.319 | 213(ี):0.178 | 217(ู):0.036,1
PrintAksorn_dataset/test/sara_uee_ChulaNarak-Bold-Italic.png,232,่,0.2295,215,ื,0,232,0.2295,232(่):0.230 | 210(า):0.114 | 229(ๅ):0.063,1
PrintAksorn_dataset/test/sara_uee_Himmaparnt-Italic.png,215,ื,0.8086,215,ื,1,215,0.8086,215(ื):0.809 | 213(ี):0.030 | 190(พ):0.007,1
PrintAksorn_dataset/test/sara_uee_JS-Arisa-Italic.png,215,ื,0.8278,215,ื,1,215,0.8278,215(ื):0.828 | 213(ี):0.025 | 228(ไ):0.005,1
PrintAksorn_dataset/test/sara_uee_JS-Saksit-Normal.png,215,ื,0.9146,215,ื,1,215,0.9146,215(ื):0.915 | 213(ี):0.005 | 228(ไ):0.003,1
PrintAksorn_dataset/test/sara_uee_JS-Saowapark-Normal.png,213,ี,0.364,215,ื,0,213,0.364,213(ี):0.364 | 215(ื):0.330 | 234(๊):0.025,1
PrintAksorn_dataset/test/sara_uee_NotoSerifThai-Medium.png,215,ื,0.15,215,ื,1,215,0.15,215(ื):0.150 | 213(ี):0.132 | 234(๊):0.106,1
PrintAksorn_dataset/test/sara_uee_NotoSerifThai-SemiCondensed.png,215,ื,0.2049,215,ื,1,215,0.2049,215(ื):0.205 | 213(ี):0.121 | 234(๊):0.092,1
PrintAksorn_dataset/test/sara_uee_Pridi-Light.png,215,ื,0.7521,215,ื,1,215,0.7521,215(ื):0.752 | 213(ี):0.090 | 179(ณ):0.007,1
PrintAksorn_dataset/test/sara_uee_Prompt-Thin.png,186,บ,0.2168,215,ื,0,186,0.2168,186(บ):0.217 | 213(ี):0.101 | 173(ญ):0.044,1
PrintAksorn_dataset/test/sara_uee_Purisa-Oblique.png,213,ี,0.1378,215,ื,0,213,0.1378,213(ี):0.138 | 215(ื):0.058 | 234(๊):0.052,1
PrintAksorn_dataset/test/sara_uee_Sarabun-Thin.png,215,ื,0.4441,215,ื,1,215,0.4441,215(ื):0.444 | 213(ี):0.280 | 188(ผ):0.009,1
PrintAksorn_dataset/test/sara_uee_TH-Baijam-Regular.png,215,ื,0.6486,215,ื,1,215,0.6486,215(ื):0.649 | 213(ี):0.120 | 234(๊):0.006,1
PrintAksorn_dataset/test/sara_uu_FonLeb-Bold-Italic.png,217,ู,0.9404,217,ู,1,217,0.9404,217(ู):0.940 | 233(้):0.005 | 216(ุ):0.002,1
PrintAksorn_dataset/test/sara_uu_JS-Pisit-Normal.png,217,ู,0.5263,217,ู,1,217,0.5263,217(ู):0.526 | 162(ข):0.074 | 186(บ):0.062,1
PrintAksorn_dataset/test/sara_uu_NotoSerifThai-SemiCondensedLight.png,217,ู,0.7332,217,ู,1,217,0.7332,217(ู):0.733 | 186(บ):0.028 | 173(ญ):0.011,1
PrintAksorn_dataset/test/sara_uu_Pridi-Regular.png,217,ู,0.914,217,ู,1,217,0.914,217(ู):0.914 | 173(ญ):0.004 | 209(ั):0.004,1
PrintAksorn_dataset/test/sara_uu_Silom.png,217,ู,0.9294,217,ู,1,217,0.9294,217(ู):0.929 | 216(ุ):0.004 | 162(ข):0.003,1
PrintAksorn_dataset/test/sara_uu_TH-Chakra-Petch-Bold.png,217,ู,0.9228,217,ู,1,217,0.9228,217(ู):0.923 | 162(ข):0.010 | 216(ุ):0.003,1
PrintAksorn_dataset/test/sara_uu_TH-K2D-July8-Italic.png,217,ู,0.7974,217,ู,1,217,0.7974,217(ู):0.797 | 162(ข):0.015 | 168(จ):0.012,1
PrintAksorn_dataset/test/sara_uu_TH-KoHo-Bold.png,217,ู,0.9097,217,ู,1,217,0.9097,217(ู):0.910 | 233(้):0.005 | 173(ญ):0.004,1
PrintAksorn_dataset/test/sara_uu_Taviraj-SemiBoldItalic.png,217,ู,0.8479,217,ู,1,217,0.8479,217(ู):0.848 | 193(ม):0.010 | 186(บ):0.007,1
PrintAksorn_dataset/test/sara_uu_Trirong-Regular.png,217,ู,0.8204,217,ู,1,217,0.8204,217(ู):0.820 | 186(บ):0.028 | 193(ม):0.006,1
PrintAksorn_dataset/test/sara_uu_Trirong-SemiBoldItalic.png,217,ู,0.8956,217,ู,1,217,0.8956,217(ู):0.896 | 186(บ):0.007 | 233(้):0.005,1
PrintAksorn_dataset/test/sara_uu_Umpush-Bold.png,217,ู,0.8976,217,ู,1,217,0.8976,217(ู):0.898 | 162(ข):0.011 | 186(บ):0.005,1
PrintAksorn_dataset/test/semicolon_Aksaramatee-Regular.png,210,า,0.1241,,,,210,0.1241,210(า):0.124 | 227(ใ):0.081 | 230(ๆ):0.057,1
PrintAksorn_dataset/test/semicolon_JS-Thanaporn-Normal.png,210,า,0.1031,,,,210,0.1031,210(า):0.103 | 232(่):0.080 | 227(ใ):0.047,1
PrintAksorn_dataset/test/semicolon_Kanit-SemiBold.png,232,่,0.3054,,,,232,0.3054,232(่):0.305 | 236(์):0.043 | 187(ป):0.022,1
PrintAksorn_dataset/test/semicolon_NotoSansThai-Bold.png,187,ป,0.1324,,,,187,0.1324,187(ป):0.132 | 194(ย):0.087 | 240(๐):0.057,1
PrintAksorn_dataset/test/semicolon_NotoSansThai-CondensedThin.png,187,ป,0.1395,,,,187,0.1395,187(ป):0.140 | 194(ย):0.061 | 240(๐):0.059,1
PrintAksorn_dataset/test/semicolon_NotoSansThai-SemiCondensedExtraBold.png,187,ป,0.1387,,,,187,0.1387,187(ป):0.139 | 194(ย):0.061 | 240(๐):0.059,1
PrintAksorn_dataset/test/semicolon_NotoSerifThai-CondensedLight.png,187,ป,0.1395,,,,187,0.1395,187(ป):0.140 | 194(ย):0.061 | 240(๐):0.059,1
PrintAksorn_dataset/test/semicolon_NotoSerifThai-ExtraLight.png,187,ป,0.1324,,,,187,0.1324,187(ป):0.132 | 194(ย):0.087 | 240(๐):0.057,1
PrintAksorn_dataset/test/semicolon_Sawasdee-Oblique.png,199,ว,0.181,,,,199,0.181,199(ว):0.181 | 227(ใ):0.146 | 187(ป):0.045,1
PrintAksorn_dataset/test/semicolon_Taviraj-ExtraLight.png,199,ว,0.3245,,,,199,0.3245,199(ว):0.324 | 227(ใ):0.058 | 195(ร):0.055,1
PrintAksorn_dataset/test/slash_ChulaNarak-Regular.png,229,ๅ,0.4082,,,,229,0.4082,229(ๅ):0.408 | 210(า):0.271 | 228(ไ):0.025,1
PrintAksorn_dataset/test/slash_FonLeb-Bold-Italic.png,210,า,0.3393,,,,210,0.3393,210(า):0.339 | 229(ๅ):0.258 | 232(่):0.033,1
PrintAksorn_dataset/test/slash_JS-75-Pumpuang.png,229,ๅ,0.2863,,,,229,0.2863,229(ๅ):0.286 | 210(า):0.198 | 228(ไ):0.034,1
PrintAksorn_dataset/test/slash_JS-Pranee-Italic.png,236,์,0.1339,,,,236,0.1339,236(์):0.134 | 210(า):0.118 | 232(่):0.058,1
PrintAksorn_dataset/test/slash_JS-Pumpuang-Normal.png,210,า,0.2991,,,,210,0.2991,210(า):0.299 | 229(ๅ):0.288 | 232(่):0.032,1
PrintAksorn_dataset/test/slash_Kanit-MediumItalic.png,210,า,0.2615,,,,210,0.2615,210(า):0.261 | 232(่):0.234 | 229(ๅ):0.064,1
PrintAksorn_dataset/test/slash_NotoSansThai-CondensedExtraLight.png,187,ป,0.1395,,,,187,0.1395,187(ป):0.140 | 194(ย):0.061 | 240(๐):0.059,1
PrintAksorn_dataset/test/slash_NotoSerifThai-Black.png,187,ป,0.1355,,,,187,0.1355,187(ป):0.135 | 194(ย):0.082 | 240(๐):0.056,1
PrintAksorn_dataset/test/slash_Pridi-Regular.png,229,ๅ,0.2887,,,,229,0.2887,229(ๅ):0.289 | 210(า):0.220 | 232(่):0.125,1
PrintAksorn_dataset/test/slash_Prompt-ExtraLightItalic.png,210,า,0.1436,,,,210,0.1436,210(า):0.144 | 229(ๅ):0.102 | 232(่):0.070,1
PrintAksorn_dataset/test/slash_Prompt-Italic.png,210,า,0.2634,,,,210,0.2634,210(า):0.263 | 229(ๅ):0.133 | 232(่):0.084,1
PrintAksorn_dataset/test/slash_Sarabun-Light.png,229,ๅ,0.2845,,,,229,0.2845,229(ๅ):0.284 | 210(า):0.239 | 232(่):0.032,1
PrintAksorn_dataset/test/slash_TH-Baijam-Bold-Italic.png,236,์,0.2386,,,,236,0.2386,236(์):0.239 | 210(า):0.131 | 232(่):0.087,1
PrintAksorn_dataset/test/slash_TH-Baijam-Regular.png,210,า,0.297,,,,210,0.297,210(า):0.297 | 229(ๅ):0.231 | 232(่):0.037,1
PrintAksorn_dataset/test/slash_TH-Niramit-AS-Italic.png,210,า,0.3777,,,,210,0.3777,210(า):0.378 | 229(ๅ):0.213 | 232(่):0.027,1
PrintAksorn_dataset/test/so_ruesi_Aksaramatee-Bold.png,201,ษ,0.4292,201,ษ,1,201,0.4292,201(ษ):0.429 | 194(ย):0.047 | 162(ข):0.045,1
PrintAksorn_dataset/test/so_ruesi_Athiti-Light.png,201,ษ,0.5857,201,ษ,1,201,0.5857,201(ษ):0.586 | 187(ป):0.037 | 194(ย):0.025,1
PrintAksorn_dataset/test/so_ruesi_Garuda-BoldOblique.png,201,ษ,0.8752,201,ษ,1,201,0.8752,201(ษ):0.875 | 233(้):0.006 | 171(ซ):0.003,1
PrintAksorn_dataset/test/so_ruesi_JS-Pumpuang-Normal.png,194,ย,0.8852,201,ษ,0,194,0.8852,194(ย):0.885 | 201(ษ):0.007 | 187(ป):0.006,1
PrintAksorn_dataset/test/so_ruesi_JS-Sadayu-Bold.png,201,ษ,0.9086,201,ษ,1,201,0.9086,201(ษ):0.909 | 217(ู):0.003 | 162(ข):0.003,1
PrintAksorn_dataset/test/so_ruesi_NotoSansThaiLooped-Bold.png,201,ษ,0.9208,201,ษ,1,201,0.9208,201(ษ):0.921 | 203(ห):0.002 | 233(้):0.002,1
PrintAksorn_dataset/test/so_ruesi_NotoSerifThai-SemiCondensed.png,201,ษ,0.9165,201,ษ,1,201,0.9165,201(ษ):0.916 | 233(้):0.002 | 185(น):0.002,1
PrintAksorn_dataset/test/so_ruesi_Sriracha-Regular.png,201,ษ,0.8292,201,ษ,1,201,0.8292,201(ษ):0.829 | 185(น):0.011 | 248(๘):0.006,1
PrintAksorn_dataset/test/so_ruesi_TH-KoHo-Bold-Italic.png,201,ษ,0.8112,201,ษ,1,201,0.8112,201(ษ):0.811 | 207(ฯ):0.007 | 209(ั):0.006,1
PrintAksorn_dataset/test/so_ruesi_Taviraj-ExtraLightItalic.png,201,ษ,0.9083,201,ษ,1,201,0.9083,201(ษ):0.908 | 170(ช):0.003 | 233(้):0.002,1
PrintAksorn_dataset/test/so_ruesi_Taviraj-Italic.png,201,ษ,0.912,201,ษ,1,201,0.912,201(ษ):0.912 | 203(ห):0.002 | 171(ซ):0.002,1
PrintAksorn_dataset/test/so_ruesi_Umpush-Light.png,201,ษ,0.9114,201,ษ,1,201,0.9114,201(ษ):0.911 | 170(ช):0.004 | 217(ู):0.002,1
PrintAksorn_dataset/test/so_ruesi_Waree-BoldOblique.png,201,ษ,0.9108,201,ษ,1,201,0.9108,201(ษ):0.911 | 203(ห):0.002 | 207(ฯ):0.002,1
PrintAksorn_dataset/test/so_sala_JS-Saksit-Normal.png,200,ศ,0.8631,200,ศ,1,200,0.8631,200(ศ):0.863 | 170(ช):0.006 | 164(ค):0.004,1
PrintAksorn_dataset/test/so_sala_Kanit-BlackItalic.png,164,ค,0.4284,200,ศ,0,164,0.4284,164(ค):0.428 | 188(ผ):0.039 | 162(ข):0.035,1
PrintAksorn_dataset/test/so_sala_Kinnari-Italic.png,200,ศ,0.9216,200,ศ,1,200,0.9216,200(ศ):0.922 | 202(ส):0.004 | 164(ค):0.003,1
PrintAksorn_dataset/test/so_sala_Laksaman.png,200,ศ,0.9053,200,ศ,1,200,0.9053,200(ศ):0.905 | 181(ต):0.006 | 164(ค):0.005,1
PrintAksorn_dataset/test/so_sala_NotoSansThai-SemiCondensedSemiBold.png,200,ศ,0.3955,200,ศ,1,200,0.3955,200(ศ):0.395 | 164(ค):0.199 | 202(ส):0.037,1
PrintAksorn_dataset/test/so_sala_NotoSansThaiLooped-SemiBold.png,200,ศ,0.9339,200,ศ,1,200,0.9339,200(ศ):0.934 | 164(ค):0.007 | 202(ส):0.003,1
PrintAksorn_dataset/test/so_sala_NotoSerifThai-ExtraCondensedLight.png,200,ศ,0.476,200,ศ,1,200,0.476,200(ศ):0.476 | 164(ค):0.061 | 181(ต):0.035,1
PrintAksorn_dataset/test/so_sala_TH-Kodchasal-Regular.png,200,ศ,0.9714,200,ศ,1,200,0.9714,200(ศ):0.971 | 202(ส):0.002 | 170(ช):0.001,1
PrintAksorn_dataset/test/so_sala_Taviraj-ExtraBold.png,200,ศ,0.9313,200,ศ,1,200,0.9313,200(ศ):0.931 | 170(ช):0.004 | 164(ค):0.003,1
PrintAksorn_dataset/test/so_sala_Taviraj-LightItalic.png,200,ศ,0.5415,200,ศ,1,200,0.5415,200(ศ):0.541 | 164(ค):0.124 | 202(ส):0.025,1
PrintAksorn_dataset/test/so_sala_TlwgTypewriter.png,200,ศ,0.3598,200,ศ,1,200,0.3598,200(ศ):0.360 | 164(ค):0.232 | 202(ส):0.028,1
PrintAksorn_dataset/test/so_sala_Trirong-Medium.png,200,ศ,0.4331,200,ศ,1,200,0.4331,200(ศ):0.433 | 164(ค):0.092 | 188(ผ):0.027,1
PrintAksorn_dataset/test/so_so_JS-Wansika-Italic.png,170,ช,0.1565,171,ซ,0,170,0.1565,170(ช):0.156 | 171(ซ):0.145 | 226(โ):0.043,1
PrintAksorn_dataset/test/so_so_Kinnari.png,171,ซ,0.8951,171,ซ,1,171,0.8951,171(ซ):0.895 | 170(ช):0.006 | 187(ป):0.002,1
PrintAksorn_dataset/test/so_so_Maitree-Bold.png,245,๕,0.125,171,ซ,0,245,0.125,245(๕):0.125 | 170(ช):0.107 | 201(ษ):0.090,1
PrintAksorn_dataset/test/so_so_NotoSerifThai-SemiCondensedSemiBold.png,171,ซ,0.6066,171,ซ,1,171,0.6066,171(ซ):0.607 | 162(ข):0.027 | 187(ป):0.019,1
PrintAksorn_dataset/test/so_so_PSK-SmartBI.png,171,ซ,0.8787,171,ซ,1,171,0.8787,171(ซ):0.879 | 170(ช):0.006 | 162(ข):0.003,1
PrintAksorn_dataset/test/so_so_TH-Niramit-AS-Bold-Italic.png,171,ซ,0.8706,171,ซ,1,171,0.8706,171(ซ):0.871 | 170(ช):0.025 | 195(ร):0.003,1
PrintAksorn_dataset/test/so_so_TH-Niramit-AS-Italic.png,171,ซ,0.3974,171,ซ,1,171,0.3974,171(ซ):0.397 | 170(ช):0.387 | 195(ร):0.005,1
PrintAksorn_dataset/test/so_so_TlwgTypo.png,171,ซ,0.7939,171,ซ,1,171,0.7939,171(ซ):0.794 | 162(ข):0.009 | 178(ฒ):0.009,1
PrintAksorn_dataset/test/so_suea_JS-Jindara-Bold-Italic.png,202,ส,0.9063,202,ส,1,202,0.9063,202(ส):0.906 | 229(ๅ):0.002 | 206(ฮ):0.002,1
PrintAksorn_dataset/test/so_suea_JS-Padachamai-Normal.png,202,ส,0.9277,202,ส,1,202,0.9277,202(ส):0.928 | 229(ๅ):0.002 | 206(ฮ):0.002,1
PrintAksorn_dataset/test/so_suea_JS-Pranee-Italic.png,202,ส,0.9114,202,ส,1,202,0.9114,202(ส):0.911 | 189(ฝ):0.002 | 213(ี):0.002,1
PrintAksorn_dataset/test/so_suea_JS-Pudgrong-Normal.png,202,ส,0.9033,202,ส,1,202,0.9033,202(ส):0.903 | 200(ศ):0.003 | 170(ช):0.002,1
PrintAksorn_dataset/test/so_suea_JS-Saksit-Bold.png,202,ส,0.8949,202,ส,1,202,0.8949,202(ส):0.895 | 229(ๅ):0.002 | 234(๊):0.002,1
PrintAksorn_dataset/test/so_suea_Kanit-Black.png,202,ส,0.1924,202,ส,1,202,0.1924,202(ส):0.192 | 176(ฐ):0.120 | 197(ล):0.068,1
PrintAksorn_dataset/test/so_suea_Kinnari-BoldOblique.png,202,ส,0.8987,202,ส,1,202,0.8987,202(ส):0.899 | 229(ๅ):0.002 | 206(ฮ):0.002,1
PrintAksorn_dataset/test/so_suea_Maitree-Medium.png,202,ส,0.9373,202,ส,1,202,0.9373,202(ส):0.937 | 233(้):0.002 | 170(ช):0.002,1
PrintAksorn_dataset/test/so_suea_NotoSansThai-SemiCondensed.png,202,ส,0.8367,202,ส,1,202,0.8367,202(ส):0.837 | 197(ล):0.021 | 249(๙):0.006,1
PrintAksorn_dataset/test/so_suea_NotoSerifThai-ExtraCondensedExtraBold.png,202,ส,0.9043,202,ส,1,202,0.9043,202(ส):0.904 | 176(ฐ):0.004 | 197(ล):0.003,1
PrintAksorn_dataset/test/so_suea_Prompt-ExtraLightItalic.png,202,ส,0.8463,202,ส,1,202,0.8463,202(ส):0.846 | 249(๙):0.005 | 184(ธ):0.005,1
PrintAksorn_dataset/test/so_suea_Sarabun-ExtraLight.png,202,ส,0.9148,202,ส,1,202,0.9148,202(ส):0.915 | 185(น):0.002 | 229(ๅ):0.001,1
PrintAksorn_dataset/test/so_suea_TH-Baijam-Bold-Italic.png,202,ส,0.9275,202,ส,1,202,0.9275,202(ส):0.927 | 213(ี):0.002 | 190(พ):0.001,1
PrintAksorn_dataset/test/so_suea_TH-Fahkwang-Regular.png,202,ส,0.8683,202,ส,1,202,0.8683,202(ส):0.868 | 205(อ):0.002 | 204(ฬ):0.002,1
PrintAksorn_dataset/test/so_suea_Taviraj-SemiBoldItalic.png,202,ส,0.908,202,ส,1,202,0.908,202(ส):0.908 | 213(ี):0.002 | 233(้):0.002,1
PrintAksorn_dataset/test/so_suea_Taviraj-Thin.png,202,ส,0.9207,202,ส,1,202,0.9207,202(ส):0.921 | 176(ฐ):0.002 | 213(ี):0.002,1
PrintAksorn_dataset/test/thanthakhat_DC-Palamongkol-Bold.png,236,์,0.8128,236,์,1,236,0.8128,236(์):0.813 | 231(็):0.008 | 199(ว):0.008,1
PrintAksorn_dataset/test/thanthakhat_Garuda-Bold.png,236,์,0.883,236,์,1,236,0.883,236(์):0.883 | 244(๔):0.005 | 186(บ):0.003,1
PrintAksorn_dataset/test/thanthakhat_JS-Mookravee-Normal.png,236,์,0.916,236,์,1,236,0.916,236(์):0.916 | 231(็):0.002 | 186(บ):0.002,1
PrintAksorn_dataset/test/thanthakhat_JS-Rapee-Italic.png,236,์,0.8959,236,์,1,236,0.8959,236(์):0.896 | 244(๔):0.002 | 164(ค):0.002,1
PrintAksorn_dataset/test/thanthakhat_Kinnari-Italic.png,236,์,0.9143,236,์,1,236,0.9143,236(์):0.914 | 244(๔):0.002 | 213(ี):0.002,1
PrintAksorn_dataset/test/thanthakhat_NotoSansThai-SemiCondensedBlack.png,232,่,0.4387,236,์,0,232,0.4387,232(่):0.439 | 164(ค):0.073 | 216(ุ):0.071,1
PrintAksorn_dataset/test/thanthakhat_NotoSansThaiLooped-Light.png,236,์,0.7782,236,์,1,236,0.7782,236(์):0.778 | 202(ส):0.008 | 246(๖):0.007,1
PrintAksorn_dataset/test/thanthakhat_Pattaya-Regular.png,236,์,0.2495,236,์,1,236,0.2495,236(์):0.250 | 213(ี):0.140 | 231(็):0.041,1
PrintAksorn_dataset/test/thanthakhat_Prompt-SemiBoldItalic.png,236,์,0.1255,236,์,1,236,0.1255,236(์):0.125 | 213(ี):0.123 | 212(ิ):0.052,1
PrintAksorn_dataset/test/thanthakhat_TH-Baijam-Bold-Italic.png,236,์,0.802,236,์,1,236,0.802,236(์):0.802 | 209(ั):0.019 | 234(๊):0.004,1
PrintAksorn_dataset/test/thanthakhat_TH-Srisakdi-Bold.png,236,์,0.1761,236,์,1,236,0.1761,236(์):0.176 | 226(โ):0.079 | 244(๔):0.049,1
PrintAksorn_dataset/test/thanthakhat_TlwgMono-BoldOblique.png,236,์,0.9361,236,์,1,236,0.9361,236(์):0.936 | 231(็):0.002 | 232(่):0.002,1
PrintAksorn_dataset/test/thanthakhat_Umpush-Oblique.png,236,์,0.8522,236,์,1,236,0.8522,236(์):0.852 | 234(๊):0.005 | 231(็):0.005,1
PrintAksorn_dataset/test/thanthakhat_Umpush.png,236,์,0.8482,236,์,1,236,0.8482,236(์):0.848 | 231(็):0.006 | 234(๊):0.005,1
PrintAksorn_dataset/test/tho_montho_Chonburi-Regular.png,183,ท,0.9378,177,ฑ,0,183,0.9378,183(ท):0.938 | 161(ก):0.002 | 228(ไ):0.002,1
PrintAksorn_dataset/test/tho_montho_JS-Chulee.png,183,ท,0.6342,177,ฑ,0,183,0.6342,183(ท):0.634 | 190(พ):0.044 | 181(ต):0.028,1
PrintAksorn_dataset/test/tho_montho_JS-Junkaew-Italic.png,183,ท,0.5766,177,ฑ,0,183,0.5766,183(ท):0.577 | 181(ต):0.030 | 162(ข):0.027,1
PrintAksorn_dataset/test/tho_montho_JS-Puriphop-Normal.png,181,ต,0.1589,177,ฑ,0,181,0.1589,181(ต):0.159 | 183(ท):0.109 | 162(ข):0.072,1
PrintAksorn_dataset/test/tho_montho_JS-Synjai-Italic.png,183,ท,0.2358,177,ฑ,0,183,0.2358,183(ท):0.236 | 190(พ):0.124 | 181(ต):0.100,1
PrintAksorn_dataset/test/tho_montho_NotoSansThai-SemiBold.png,183,ท,0.9069,177,ฑ,0,183,0.9069,183(ท):0.907 | 161(ก):0.008 | 192(ภ):0.003,1
PrintAksorn_dataset/test/tho_montho_NotoSerifThai-ExtraCondensed.png,183,ท,0.315,177,ฑ,0,183,0.315,183(ท):0.315 | 181(ต):0.151 | 190(พ):0.033,1
PrintAksorn_dataset/test/tho_montho_NotoSerifThai-SemiCondensedBlack.png,183,ท,0.5761,177,ฑ,0,183,0.5761,183(ท):0.576 | 181(ต):0.033 | 190(พ):0.024,1
PrintAksorn_dataset/test/tho_montho_NotoSerifThai-SemiCondensedExtraBold.png,183,ท,0.5701,177,ฑ,0,183,0.5701,183(ท):0.570 | 181(ต):0.044 | 162(ข):0.019,1
PrintAksorn_dataset/test/tho_montho_Sriracha-Regular.png,183,ท,0.8816,177,ฑ,0,183,0.8816,183(ท):0.882 | 229(ๅ):0.003 | 196(ฤ):0.002,1
PrintAksorn_dataset/test/tho_montho_TH-Fahkwang-Regular.png,181,ต,0.3899,177,ฑ,0,181,0.3899,181(ต):0.390 | 178(ฒ):0.040 | 183(ท):0.026,1
PrintAksorn_dataset/test/tho_montho_TlwgMono-Bold.png,183,ท,0.3281,177,ฑ,0,183,0.3281,183(ท):0.328 | 181(ต):0.123 | 162(ข):0.022,1
PrintAksorn_dataset/test/tho_montho_TlwgTypo-BoldOblique.png,183,ท,0.3765,177,ฑ,0,183,0.3765,183(ท):0.377 | 181(ต):0.093 | 190(พ):0.040,1
PrintAksorn_dataset/test/tho_montho_Trirong-Medium.png,183,ท,0.2491,177,ฑ,0,183,0.2491,183(ท):0.249 | 181(ต):0.099 | 190(พ):0.045,1
PrintAksorn_dataset/test/tho_phuthao_JS-Thanaporn-Normal.png,173,ญ,0.6152,178,ฒ,0,173,0.6152,173(ญ):0.615 | 161(ก):0.045 | 179(ณ):0.036,1
PrintAksorn_dataset/test/tho_phuthao_Kinnari-BoldOblique.png,178,ฒ,0.939,178,ฒ,1,178,0.939,178(ฒ):0.939 | 242(๒):0.002 | 234(๊):0.002,1
PrintAksorn_dataset/test/tho_phuthao_Laksaman-Italic.png,178,ฒ,0.9391,178,ฒ,1,178,0.9391,178(ฒ):0.939 | 242(๒):0.003 | 193(ม):0.002,1
PrintAksorn_dataset/test/tho_phuthao_NotoSansThai-CondensedThin.png,173,ญ,0.4343,178,ฒ,0,173,0.4343,173(ญ):0.434 | 194(ย):0.047 | 186(บ):0.029,1
PrintAksorn_dataset/test/tho_phuthao_NotoSerifThai-SemiCondensed.png,178,ฒ,0.904,178,ฒ,1,178,0.904,178(ฒ):0.904 | 242(๒):0.005 | 179(ณ):0.004,1
PrintAksorn_dataset/test/tho_phuthao_NotoSerifThai-SemiCondensedBlack.png,178,ฒ,0.835,178,ฒ,1,178,0.835,178(ฒ):0.835 | 179(ณ):0.009 | 171(ซ):0.007,1
PrintAksorn_dataset/test/tho_phuthao_Sarabun-Regular.png,178,ฒ,0.9161,178,ฒ,1,178,0.9161,178(ฒ):0.916 | 179(ณ):0.005 | 242(๒):0.003,1
PrintAksorn_dataset/test/tho_phuthao_Umpush-Oblique.png,178,ฒ,0.883,178,ฒ,1,178,0.883,178(ฒ):0.883 | 193(ม):0.004 | 179(ณ):0.003,1
PrintAksorn_dataset/test/tho_phuthao_Waree-Bold.png,178,ฒ,0.8399,178,ฒ,1,178,0.8399,178(ฒ):0.840 | 179(ณ):0.009 | 234(๊):0.005,1
PrintAksorn_dataset/test/tho_thahan_DC-Palamongkol-Regular.png,183,ท,0.6994,183,ท,1,183,0.6994,183(ท):0.699 | 203(ห):0.011 | 186(บ):0.010,1
PrintAksorn_dataset/test/tho_thahan_JS-Saowapark-Italic.png,183,ท,0.8819,183,ท,1,183,0.8819,183(ท):0.882 | 229(ๅ):0.004 | 161(ก):0.003,1
PrintAksorn_dataset/test/tho_thahan_NotoSansThaiLooped-Bold.png,183,ท,0.8855,183,ท,1,183,0.8855,183(ท):0.885 | 229(ๅ):0.004 | 161(ก):0.003,1
PrintAksorn_dataset/test/tho_thahan_NotoSerifThai-SemiCondensed.png,183,ท,0.8505,183,ท,1,183,0.8505,183(ท):0.850 | 229(ๅ):0.005 | 203(ห):0.004,1
PrintAksorn_dataset/test/tho_thahan_Sarabun-ThinItalic.png,183,ท,0.8739,183,ท,1,183,0.8739,183(ท):0.874 | 203(ห):0.004 | 190(พ):0.003,1
PrintAksorn_dataset/test/tho_thahan_Taviraj-ExtraLightItalic.png,183,ท,0.7706,183,ท,1,183,0.7706,183(ท):0.771 | 203(ห):0.026 | 162(ข):0.005,1
PrintAksorn_dataset/test/tho_thahan_Trirong-BoldItalic.png,183,ท,0.8205,183,ท,1,183,0.8205,183(ท):0.821 | 203(ห):0.023 | 190(พ):0.005,1
PrintAksorn_dataset/test/tho_than_Aksaramatee-Italic.png,176,ฐ,0.6837,176,ฐ,1,176,0.6837,176(ฐ):0.684 | 175(ฏ):0.079 | 174(ฎ):0.012,1
PrintAksorn_dataset/test/tho_than_ChulaNarak-Regular.png,176,ฐ,0.4489,176,ฐ,1,176,0.4489,176(ฐ):0.449 | 195(ร):0.064 | 175(ฏ):0.057,1
PrintAksorn_dataset/test/tho_than_DC-Palamongkol-Regular.png,176,ฐ,0.7898,176,ฐ,1,176,0.7898,176(ฐ):0.790 | 175(ฏ):0.037 | 249(๙):0.022,1
PrintAksorn_dataset/test/tho_than_JS-Saksit-Normal.png,176,ฐ,0.3188,176,ฐ,1,176,0.3188,176(ฐ):0.319 | 175(ฏ):0.117 | 202(ส):0.049,1
PrintAksorn_dataset/test/tho_than_Kinnari-Bold.png,176,ฐ,0.456,176,ฐ,1,176,0.456,176(ฐ):0.456 | 175(ฏ):0.076 | 245(๕):0.032,1
PrintAksorn_dataset/test/tho_than_Mitr-Regular.png,202,ส,0.2397,176,ฐ,0,202,0.2397,202(ส):0.240 | 176(ฐ):0.065 | 206(ฮ):0.062,1
PrintAksorn_dataset/test/tho_than_Norasi-BoldItalic.png,195,ร,0.4826,176,ฐ,0,195,0.4826,195(ร):0.483 | 176(ฐ):0.058 | 226(โ):0.034,1
PrintAksorn_dataset/test/tho_than_NotoSansThai-CondensedBold.png,176,ฐ,0.3192,176,ฐ,1,176,0.3192,176(ฐ):0.319 | 202(ส):0.182 | 174(ฎ):0.056,1
PrintAksorn_dataset/test/tho_than_NotoSerifThai-ExtraCondensedExtraLight.png,175,ฏ,0.459,176,ฐ,0,175,0.459,175(ฏ):0.459 | 176(ฐ):0.171 | 202(ส):0.041,1
PrintAksorn_dataset/test/tho_than_Sriracha-Regular.png,202,ส,0.1441,176,ฐ,0,202,0.1441,202(ส):0.144 | 176(ฐ):0.088 | 167(ง):0.086,1
PrintAksorn_dataset/test/tho_thong_Loma.png,184,ธ,0.5387,184,ธ,1,184,0.5387,184(ธ):0.539 | 197(ล):0.163 | 206(ฮ):0.023,1
PrintAksorn_dataset/test/tho_thong_NotoSansThai-Bold.png,184,ธ,0.1791,184,ธ,1,184,0.1791,184(ธ):0.179 | 197(ล):0.104 | 249(๙):0.099,1
PrintAksorn_dataset/test/tho_thong_NotoSansThaiLooped-Thin.png,184,ธ,0.2565,184,ธ,1,184,0.2565,184(ธ):0.257 | 194(ย):0.099 | 206(ฮ):0.092,1
PrintAksorn_dataset/test/tho_thong_Prompt-ExtraLight.png,197,ล,0.2217,184,ธ,0,197,0.2217,197(ล):0.222 | 240(๐):0.105 | 184(ธ):0.083,1
PrintAksorn_dataset/test/tho_thong_Sarabun-ExtraBold.png,249,๙,0.1855,184,ธ,0,249,0.1855,249(๙):0.186 | 184(ธ):0.121 | 176(ฐ):0.055,1
PrintAksorn_dataset/test/tho_thong_TH-Charmonman-Regular.png,184,ธ,0.2965,184,ธ,1,184,0.2965,184(ธ):0.296 | 249(๙):0.076 | 206(ฮ):0.052,1
PrintAksorn_dataset/test/tho_thong_Taviraj-MediumItalic.png,184,ธ,0.7577,184,ธ,1,184,0.7577,184(ธ):0.758 | 206(ฮ):0.045 | 205(อ):0.014,1
PrintAksorn_dataset/test/tho_thung_ChulaNarak-Bold-Italic.png,182,ถ,0.7641,182,ถ,1,182,0.7641,182(ถ):0.764 | 199(ว):0.008 | 164(ค):0.006,1
PrintAksorn_dataset/test/tho_thung_FonLeb-Italic.png,182,ถ,0.8764,182,ถ,1,182,0.8764,182(ถ):0.876 | 197(ล):0.010 | 196(ฤ):0.003,1
PrintAksorn_dataset/test/tho_thung_Himmaparnt-Bold.png,182,ถ,0.8361,182,ถ,1,182,0.8361,182(ถ):0.836 | 173(ญ):0.006 | 229(ๅ):0.004,1
PrintAksorn_dataset/test/tho_thung_JS-75-Pumpuang.png,183,ท,0.2928,182,ถ,0,183,0.2928,183(ท):0.293 | 161(ก):0.080 | 186(บ):0.028,1
PrintAksorn_dataset/test/tho_thung_JS-Angsumalin.png,182,ถ,0.9079,182,ถ,1,182,0.9079,182(ถ):0.908 | 197(ล):0.003 | 214(ึ):0.002,1
PrintAksorn_dataset/test/tho_thung_Prompt-BoldItalic.png,182,ถ,0.4441,182,ถ,1,182,0.4441,182(ถ):0.444 | 161(ก):0.102 | 164(ค):0.017,1
PrintAksorn_dataset/test/tho_thung_TH-Fahkwang-Italic.png,182,ถ,0.7361,182,ถ,1,182,0.7361,182(ถ):0.736 | 205(อ):0.011 | 199(ว):0.010,1
PrintAksorn_dataset/test/tho_thung_Taviraj-LightItalic.png,182,ถ,0.7678,182,ถ,1,182,0.7678,182(ถ):0.768 | 196(ฤ):0.016 | 197(ล):0.011,1
PrintAksorn_dataset/test/to_patak_JS-Saksit-Normal.png,175,ฏ,0.9621,175,ฏ,1,175,0.9621,175(ฏ):0.962 | 174(ฎ):0.007 | 173(ญ):0.002,1
PrintAksorn_dataset/test/to_patak_Laksaman.png,175,ฏ,0.9224,175,ฏ,1,175,0.9224,175(ฏ):0.922 | 174(ฎ):0.009 | 193(ม):0.004,1
PrintAksorn_dataset/test/to_patak_NotoSerifThai-CondensedBlack.png,175,ฏ,0.9534,175,ฏ,1,175,0.9534,175(ฏ):0.953 | 174(ฎ):0.004 | 173(ญ):0.002,1
PrintAksorn_dataset/test/to_patak_NotoSerifThai-CondensedSemiBold.png,175,ฏ,0.9486,175,ฏ,1,175,0.9486,175(ฏ):0.949 | 174(ฎ):0.007 | 173(ญ):0.003,1
PrintAksorn_dataset/test/to_patak_NotoSerifThai-SemiCondensedLight.png,175,ฏ,0.9187,175,ฏ,1,175,0.9187,175(ฏ):0.919 | 174(ฎ):0.011 | 206(ฮ):0.004,1
PrintAksorn_dataset/test/to_patak_SR-FahMai-Bold.png,175,ฏ,0.9281,175,ฏ,1,175,0.9281,175(ฏ):0.928 | 174(ฎ):0.014 | 173(ญ):0.004,1
PrintAksorn_dataset/test/to_patak_SukhumvitSet.png,182,ถ,0.1695,175,ฏ,0,182,0.1695,182(ถ):0.170 | 175(ฏ):0.105 | 174(ฎ):0.090,1
PrintAksorn_dataset/test/to_patak_TlwgMono-Oblique.png,175,ฏ,0.8301,175,ฏ,1,175,0.8301,175(ฏ):0.830 | 174(ฎ):0.020 | 173(ญ):0.007,1
PrintAksorn_dataset/test/to_patak_Trirong-Thin.png,175,ฏ,0.9038,175,ฏ,1,175,0.9038,175(ฏ):0.904 | 174(ฎ):0.010 | 193(ม):0.004,1
PrintAksorn_dataset/test/to_tao_JS-Charnchai-Normal.png,181,ต,0.9108,181,ต,1,181,0.9108,181(ต):0.911 | 165(ฅ):0.002 | 161(ก):0.001,1
PrintAksorn_dataset/test/to_tao_JS-Junkaew-Italic.png,181,ต,0.8952,181,ต,1,181,0.8952,181(ต):0.895 | 178(ฒ):0.002 | 247(๗):0.002,1
PrintAksorn_dataset/test/to_tao_JS-Saowapark-Italic.png,181,ต,0.9124,181,ต,1,181,0.9124,181(ต):0.912 | 188(ผ):0.002 | 194(ย):0.002,1
PrintAksorn_dataset/test/to_tao_Kanit-MediumItalic.png,243,๓,0.2534,181,ต,0,243,0.2534,243(๓):0.253 | 182(ถ):0.122 | 183(ท):0.034,1
PrintAksorn_dataset/test/to_tao_NotoSansThai-ExtraCondensedMedium.png,182,ถ,0.0994,181,ต,0,182,0.0994,182(ถ):0.099 | 240(๐):0.071 | 243(๓):0.043,1
PrintAksorn_dataset/test/to_tao_NotoSansThai-Light.png,194,ย,0.098,181,ต,0,194,0.098,194(ย):0.098 | 205(อ):0.041 | 243(๓):0.033,1
PrintAksorn_dataset/test/to_tao_NotoSansThai-SemiCondensedExtraLight.png,194,ย,0.11,181,ต,0,194,0.11,194(ย):0.110 | 183(ท):0.039 | 181(ต):0.035,1
PrintAksorn_dataset/test/to_tao_NotoSerifThai-CondensedLight.png,181,ต,0.9069,181,ต,1,181,0.9069,181(ต):0.907 | 205(อ):0.002 | 247(๗):0.002,1
PrintAksorn_dataset/test/to_tao_Prompt-Medium.png,243,๓,0.2083,181,ต,0,243,0.2083,243(๓):0.208 | 182(ถ):0.082 | 240(๐):0.054,1
PrintAksorn_dataset/test/to_tao_Prompt-SemiBoldItalic.png,243,๓,0.3463,181,ต,0,243,0.3463,243(๓):0.346 | 182(ถ):0.068 | 240(๐):0.052,1
PrintAksorn_dataset/test/to_tao_Sarabun-Italic.png,181,ต,0.9206,181,ต,1,181,0.9206,181(ต):0.921 | 188(ผ):0.002 | 190(พ):0.001,1
PrintAksorn_dataset/test/to_tao_Trirong-ThinItalic.png,181,ต,0.8597,181,ต,1,181,0.8597,181(ต):0.860 | 188(ผ):0.015 | 178(ฒ):0.005,1
PrintAksorn_dataset/test/wo_waen_DC-Palamongkol-Regular.png,199,ว,0.9104,199,ว,1,199,0.9104,199(ว):0.910 | 196(ฤ):0.002 | 187(ป):0.002,1
PrintAksorn_dataset/test/wo_waen_FonLeb-Bold.png,199,ว,0.8701,199,ว,1,199,0.8701,199(ว):0.870 | 229(ๅ):0.004 | 195(ร):0.003,1
PrintAksorn_dataset/test/wo_waen_JS-Prajuk-Italic.png,199,ว,0.8954,199,ว,1,199,0.8954,199(ว):0.895 | 224(เ):0.003 | 236(์):0.003,1
PrintAksorn_dataset/test/wo_waen_JS-Pumpuang-Normal.png,240,๐,0.4283,199,ว,0,240,0.4283,240(๐):0.428 | 210(า):0.049 | 199(ว):0.027,1
PrintAksorn_dataset/test/wo_waen_KaniGa-Bold.png,199,ว,0.8973,199,ว,1,199,0.8973,199(ว):0.897 | 207(ฯ):0.002 | 173(ญ):0.002,1
PrintAksorn_dataset/test/wo_waen_Loma-Bold.png,199,ว,0.9042,199,ว,1,199,0.9042,199(ว):0.904 | 195(ร):0.004 | 203(ห):0.001,1
PrintAksorn_dataset/test/wo_waen_Mitr-Medium.png,199,ว,0.226,199,ว,1,199,0.226,199(ว):0.226 | 240(๐):0.149 | 210(า):0.032,1
PrintAksorn_dataset/test/wo_waen_PSK-Smart-Bold.png,199,ว,0.8944,199,ว,1,199,0.8944,199(ว):0.894 | 195(ร):0.004 | 173(ญ):0.002,1
PrintAksorn_dataset/test/wo_waen_Pattaya-Regular.png,199,ว,0.3911,199,ว,1,199,0.3911,199(ว):0.391 | 205(อ):0.055 | 167(ง):0.029,1
PrintAksorn_dataset/test/wo_waen_Pridi-Bold.png,199,ว,0.8214,199,ว,1,199,0.8214,199(ว):0.821 | 195(ร):0.021 | 175(ฏ):0.004,1
PrintAksorn_dataset/test/wo_waen_Pridi-SemiBold.png,199,ว,0.851,199,ว,1,199,0.851,199(ว):0.851 | 195(ร):0.008 | 175(ฏ):0.004,1
PrintAksorn_dataset/test/wo_waen_TH-Mali-Grade6-Regular.png,199,ว,0.8846,199,ว,1,199,0.8846,199(ว):0.885 | 173(ญ):0.003 | 237(ํ):0.003,1
PrintAksorn_dataset/test/yo_yak_JS-Rapee-Bold.png,194,ย,0.9071,194,ย,1,194,0.9071,194(ย):0.907 | 180(ด):0.002 | 197(ล):0.001,1
PrintAksorn_dataset/test/yo_yak_Kinnari-BoldItalic.png,194,ย,0.9053,194,ย,1,194,0.9053,194(ย):0.905 | 197(ล):0.002 | 190(พ):0.001,1
PrintAksorn_dataset/test/yo_yak_NotoSansThai-CondensedExtraBold.png,194,ย,0.8986,194,ย,1,194,0.8986,194(ย):0.899 | 187(ป):0.003 | 175(ฏ):0.002,1
PrintAksorn_dataset/test/yo_yak_NotoSerifThai-SemiCondensedMedium.png,194,ย,0.9048,194,ย,1,194,0.9048,194(ย):0.905 | 180(ด):0.002 | 167(ง):0.002,1
PrintAksorn_dataset/test/yo_yak_Taviraj-Light.png,194,ย,0.9149,194,ย,1,194,0.9149,194(ย):0.915 | 206(ฮ):0.002 | 167(ง):0.002,1
PrintAksorn_dataset/test/yo_ying_CmPrasanmit-Bold.png,173,ญ,0.4626,173,ญ,1,173,0.4626,173(ญ):0.463 | 179(ณ):0.219 | 175(ฏ):0.024,1
PrintAksorn_dataset/test/yo_ying_FonLeb-Italic.png,173,ญ,0.9371,173,ญ,1,173,0.9371,173(ญ):0.937 | 175(ฏ):0.008 | 179(ณ):0.004,1
PrintAksorn_dataset/test/yo_ying_Himmaparnt-Bold.png,173,ญ,0.8967,173,ญ,1,173,0.8967,173(ญ):0.897 | 179(ณ):0.035 | 193(ม):0.002,1
PrintAksorn_dataset/test/yo_ying_NotoSansThai-CondensedThin.png,173,ญ,0.45,173,ญ,1,173,0.45,173(ญ):0.450 | 193(ม):0.034 | 162(ข):0.027,1
PrintAksorn_dataset/test/yo_ying_NotoSansThai-SemiCondensedBlack.png,173,ญ,0.354,173,ญ,1,173,0.354,173(ญ):0.354 | 162(ข):0.091 | 217(ู):0.058,1
PrintAksorn_dataset/test/yo_ying_NotoSansThaiLooped-Medium.png,173,ญ,0.4837,173,ญ,1,173,0.4837,173(ญ):0.484 | 175(ฏ):0.118 | 193(ม):0.030,1
PrintAksorn_dataset/test/yo_ying_NotoSerifThai-Black.png,173,ญ,0.3568,173,ญ,1,173,0.3568,173(ญ):0.357 | 179(ณ):0.138 | 175(ฏ):0.045,1
PrintAksorn_dataset/test/yo_ying_NotoSerifThai-ExtraCondensedLight.png,173,ญ,0.522,173,ญ,1,173,0.522,173(ญ):0.522 | 179(ณ):0.167 | 175(ฏ):0.036,1
PrintAksorn_dataset/test/yo_ying_Prompt-BoldItalic.png,173,ญ,0.4318,173,ญ,1,173,0.4318,173(ญ):0.432 | 179(ณ):0.045 | 233(้):0.044,1
PrintAksorn_dataset/test/yo_ying_Purisa-Oblique.png,179,ณ,0.2767,173,ญ,0,179,0.2767,179(ณ):0.277 | 173(ญ):0.073 | 193(ม):0.064,1
PrintAksorn_dataset/test/yo_ying_Sriracha-Regular.png,173,ญ,0.8753,173,ญ,1,173,0.8753,173(ญ):0.875 | 179(ณ):0.021 | 193(ม):0.007,1
PrintAksorn_dataset/test/yo_ying_Taviraj-Medium.png,173,ญ,0.8423,173,ญ,1,173,0.8423,173(ญ):0.842 | 175(ฏ):0.024 | 179(ณ):0.013,1
