path,predicted_class,predicted_char,confidence,true_class,true_char,correct,model_pred,model_conf,top_3,agree
PrintAksorn_dataset/test/bo_baimai_JS-Pudgrong-Normal.png,186,บ,0.8712,186,บ,1,186,0.8712,186(บ):0.871 | 162(ข):0.006 | 187(ป):0.005,1
PrintAksorn_dataset/test/bo_baimai_JS-Saksit-Bold-Italic.png,186,บ,0.5253,186,บ,1,186,0.5253,186(บ):0.525 | 217(ู):0.055 | 190(พ):0.017,1
PrintAksorn_dataset/test/bo_baimai_JS-Wansika-Italic.png,186,บ,0.6106,186,บ,1,186,0.6106,186(บ):0.611 | 187(ป):0.061 | 162(ข):0.027,1
PrintAksorn_dataset/test/bo_baimai_JS-Yodthida.png,186,บ,0.7816,186,บ,1,186,0.7816,186(บ):0.782 | 217(ู):0.026 | 187(ป):0.016,1
PrintAksorn_dataset/test/bo_baimai_Kanit-BoldItalic.png,188,ผ,0.1551,186,บ,0,188,0.1551,188(ผ):0.155 | 209(ั):0.088 | 217(ู):0.063,1
PrintAksorn_dataset/test/bo_baimai_NotoSerifThai-CondensedThin.png,186,บ,0.9495,186,บ,1,186,0.9495,186(บ):0.950 | 187(ป):0.003 | 214(ึ):0.002,1
PrintAksorn_dataset/test/bo_baimai_NotoSerifThai-Light.png,186,บ,0.854,186,บ,1,186,0.854,186(บ):0.854 | 187(ป):0.005 | 162(ข):0.004,1
PrintAksorn_dataset/test/bo_baimai_Prompt-Bold.png,188,ผ,0.1243,186,บ,0,188,0.1243,188(ผ):0.124 | 209(ั):0.111 | 240(๐):0.070,1
PrintAksorn_dataset/test/bo_baimai_Prompt-ExtraLightItalic.png,224,เ,0.0677,186,บ,0,224,0.0677,224(เ):0.068 | 187(ป):0.052 | 186(บ):0.052,1
PrintAksorn_dataset/test/bo_baimai_Prompt-Light.png,224,เ,0.0635,186,บ,0,224,0.0635,224(เ):0.063 | 240(๐):0.059 | 232(่):0.055,1
PrintAksorn_dataset/test/bo_baimai_Sawasdee-Oblique.png,224,เ,0.0688,186,บ,0,224,0.0688,224(เ):0.069 | 186(บ):0.059 | 187(ป):0.043,1
PrintAksorn_dataset/test/bo_baimai_TH-Fahkwang-Italic.png,186,บ,0.7938,186,บ,1,186,0.7938,186(บ):0.794 | 187(ป):0.010 | 194(ย):0.006,1
PrintAksorn_dataset/test/bo_baimai_TlwgTypist-Bold.png,186,บ,0.7614,186,บ,1,186,0.7614,186(บ):0.761 | 217(ู):0.018 | 187(ป):0.008,1
PrintAksorn_dataset/test/cho_chan_FonLeb-Regular.png,168,จ,0.6531,168,จ,1,168,0.6531,168(จ):0.653 | 162(ข):0.016 | 205(อ):0.014,1
PrintAksorn_dataset/test/cho_chan_JS-Giat-Bold.png,205,อ,0.1924,168,จ,0,205,0.1924,205(อ):0.192 | 168(จ):0.072 | 248(๘):0.054,1
PrintAksorn_dataset/test/cho_chan_JS-Sunsanee-Normal.png,205,อ,0.2708,168,จ,0,205,0.2708,205(อ):0.271 | 161(ก):0.102 | 168(จ):0.043,1
PrintAksorn_dataset/test/cho_chan_NotoSerifThai-ExtraCondensedExtraBold.png,205,อ,0.0734,168,จ,0,205,0.0734,205(อ):0.073 | 173(ญ):0.064 | 192(ภ):0.056,1
PrintAksorn_dataset/test/cho_chan_Prompt-BoldItalic.png,241,๑,0.4614,168,จ,0,241,0.4614,241(๑):0.461 | 205(อ):0.109 | 240(๐):0.027,1
PrintAksorn_dataset/test/cho_chan_Prompt-MediumItalic.png,241,๑,0.1594,168,จ,0,241,0.1594,241(๑):0.159 | 205(อ):0.115 | 240(๐):0.097,1
PrintAksorn_dataset/test/cho_chan_Taviraj-Black.png,168,จ,0.0803,168,จ,1,168,0.0803,168(จ):0.080 | 197(ล):0.076 | 248(๘):0.057,1
PrintAksorn_dataset/test/cho_chan_Taviraj-Bold.png,168,จ,0.135,168,จ,1,168,0.135,168(จ):0.135 | 197(ล):0.105 | 248(๘):0.053,1
PrintAksorn_dataset/test/cho_chan_Trirong-SemiBoldItalic.png,168,จ,0.7951,168,จ,1,168,0.7951,168(จ):0.795 | 197(ล):0.020 | 187(ป):0.010,1
PrintAksorn_dataset/test/cho_chang_CmPrasanmit-Bold-Italic.png,170,ช,0.6138,170,ช,1,170,0.6138,170(ช):0.614 | 201(ษ):0.054 | 217(ู):0.019,1
PrintAksorn_dataset/test/cho_chang_JS-Pisit-Italic.png,170,ช,0.395,170,ช,1,170,0.395,170(ช):0.395 | 162(ข):0.180 | 206(ฮ):0.030,1
PrintAksorn_dataset/test/cho_chang_JS-Rapee-Bold-Italic.png,170,ช,0.261,170,ช,1,170,0.261,170(ช):0.261 | 201(ษ):0.192 | 204(ฬ):0.065,1
PrintAksorn_dataset/test/cho_chang_KaniGa-Bold.png,170,ช,0.5632,170,ช,1,170,0.5632,170(ช):0.563 | 171(ซ):0.041 | 162(ข):0.032,1
PrintAksorn_dataset/test/cho_chang_Maitree-Light.png,170,ช,0.1915,170,ช,1,170,0.1915,170(ช):0.192 | 162(ข):0.096 | 201(ษ):0.086,1
PrintAksorn_dataset/test/cho_chang_Norasi-Bold.png,170,ช,0.6181,170,ช,1,170,0.6181,170(ช):0.618 | 204(ฬ):0.036 | 201(ษ):0.034,1
PrintAksorn_dataset/test/cho_chang_NotoSansThaiLooped-ExtraBold.png,201,ษ,0.1416,170,ช,0,201,0.1416,201(ษ):0.142 | 162(ข):0.101 | 206(ฮ):0.082,1
PrintAksorn_dataset/test/cho_chang_NotoSerifThai-CondensedBold.png,201,ษ,0.2137,170,ช,0,201,0.2137,201(ษ):0.214 | 162(ข):0.135 | 170(ช):0.083,1
PrintAksorn_dataset/test/cho_chang_NotoSerifThai-SemiCondensed.png,162,ข,0.3012,170,ช,0,162,0.3012,162(ข):0.301 | 170(ช):0.150 | 201(ษ):0.040,1
PrintAksorn_dataset/test/cho_chang_Prompt-Regular.png,246,๖,0.4205,170,ช,0,246,0.4205,246(๖):0.420 | 206(ฮ):0.084 | 185(น):0.037,1
PrintAksorn_dataset/test/cho_chang_TH-Chakra-Petch-Bold.png,170,ช,0.2854,170,ช,1,170,0.2854,170(ช):0.285 | 162(ข):0.151 | 163(ฃ):0.060,1
PrintAksorn_dataset/test/cho_chang_TH-Fahkwang-Regular.png,162,ข,0.141,170,ช,0,162,0.141,162(ข):0.141 | 201(ษ):0.067 | 170(ช):0.058,1
PrintAksorn_dataset/test/cho_ching_DC-Palamongkol-Italic.png,205,อ,0.206,169,ฉ,0,205,0.206,205(อ):0.206 | 169(ฉ):0.110 | 248(๘):0.080,1
PrintAksorn_dataset/test/cho_ching_Himmaparnt-Italic.png,169,ฉ,0.8462,169,ฉ,1,169,0.8462,169(ฉ):0.846 | 182(ถ):0.011 | 197(ล):0.004,1
PrintAksorn_dataset/test/cho_ching_JS-Chusri-Normal.png,169,ฉ,0.1952,169,ฉ,1,169,0.1952,169(ฉ):0.195 | 182(ถ):0.104 | 161(ก):0.096,1
PrintAksorn_dataset/test/cho_ching_JS-Sunsanee-Italic.png,169,ฉ,0.7817,169,ฉ,1,169,0.7817,169(ฉ):0.782 | 182(ถ):0.018 | 179(ณ):0.015,1
PrintAksorn_dataset/test/cho_ching_Kanit-ExtraBoldItalic.png,205,อ,0.1556,169,ฉ,0,205,0.1556,205(อ):0.156 | 175(ฏ):0.127 | 241(๑):0.094,1
PrintAksorn_dataset/test/cho_ching_Kanit-LightItalic.png,182,ถ,0.2526,169,ฉ,0,182,0.2526,182(ถ):0.253 | 205(อ):0.092 | 240(๐):0.091,1
PrintAksorn_dataset/test/cho_ching_Kinnari-BoldOblique.png,169,ฉ,0.8538,169,ฉ,1,169,0.8538,169(ฉ):0.854 | 182(ถ):0.009 | 197(ล):0.008,1
PrintAksorn_dataset/test/cho_ching_Kinnari.png,169,ฉ,0.8879,169,ฉ,1,169,0.8879,169(ฉ):0.888 | 182(ถ):0.007 | 197(ล):0.005,1
PrintAksorn_dataset/test/cho_ching_PSK-Smart-Bold.png,169,ฉ,0.8083,169,ฉ,1,169,0.8083,169(ฉ):0.808 | 197(ล):0.012 | 175(ฏ):0.008,1
PrintAksorn_dataset/test/cho_ching_Prompt-Medium.png,241,๑,0.1775,169,ฉ,0,241,0.1775,241(๑):0.178 | 240(๐):0.126 | 205(อ):0.085,1
PrintAksorn_dataset/test/cho_ching_TH-Sarabun-New-Bold.png,169,ฉ,0.5986,169,ฉ,1,169,0.5986,169(ฉ):0.599 | 182(ถ):0.055 | 174(ฎ):0.021,1
PrintAksorn_dataset/test/cho_ching_Taviraj-SemiBold.png,169,ฉ,0.5723,169,ฉ,1,169,0.5723,169(ฉ):0.572 | 179(ณ):0.028 | 172(ฌ):0.016,1
PrintAksorn_dataset/test/cho_choe_Athiti-Medium.png,179,ณ,0.2445,172,ฌ,0,179,0.2445,179(ณ):0.244 | 173(ญ):0.052 | 172(ฌ):0.044,1
PrintAksorn_dataset/test/cho_choe_FonLeb-Bold.png,172,ฌ,0.9355,172,ฌ,1,172,0.9355,172(ฌ):0.936 | 201(ษ):0.002 | 237(ํ):0.002,1
PrintAksorn_dataset/test/cho_choe_JS-Giat-Bold.png,172,ฌ,0.7713,172,ฌ,1,172,0.7713,172(ฌ):0.771 | 178(ฒ):0.041 | 162(ข):0.008,1
PrintAksorn_dataset/test/cho_choe_JS-Sadayu-Allcaps.png,172,ฌ,0.8957,172,ฌ,1,172,0.8957,172(ฌ):0.896 | 178(ฒ):0.004 | 240(๐):0.002,1
PrintAksorn_dataset/test/cho_choe_JS-Saksit-Italic.png,172,ฌ,0.9181,172,ฌ,1,172,0.9181,172(ฌ):0.918 | 179(ณ):0.003 | 237(ํ):0.002,1
PrintAksorn_dataset/test/cho_choe_Kanit-ExtraBold.png,172,ฌ,0.3213,172,ฌ,1,172,0.3213,172(ฌ):0.321 | 179(ณ):0.120 | 173(ญ):0.070,1
PrintAksorn_dataset/test/cho_choe_Maitree-Regular.png,172,ฌ,0.9154,172,ฌ,1,172,0.9154,172(ฌ):0.915 | 237(ํ):0.003 | 178(ฒ):0.003,1
PrintAksorn_dataset/test/cho_choe_NotoSansThai-Black.png,172,ฌ,0.3629,172,ฌ,1,172,0.3629,172(ฌ):0.363 | 179(ณ):0.166 | 178(ฒ):0.040,1
PrintAksorn_dataset/test/cho_choe_NotoSansThai-ExtraBold.png,172,ฌ,0.3435,172,ฌ,1,172,0.3435,172(ฌ):0.344 | 179(ณ):0.171 | 173(ญ):0.037,1
PrintAksorn_dataset/test/cho_choe_NotoSerifThai-Light.png,172,ฌ,0.9199,172,ฌ,1,172,0.9199,172(ฌ):0.920 | 178(ฒ):0.005 | 237(ํ):0.002,1
PrintAksorn_dataset/test/cho_choe_PSK-SmartItaic.png,172,ฌ,0.912,172,ฌ,1,172,0.912,172(ฌ):0.912 | 178(ฒ):0.004 | 237(ํ):0.003,1
PrintAksorn_dataset/test/cho_choe_Pattaya-Regular.png,178,ฒ,0.1062,172,ฌ,0,178,0.1062,178(ฒ):0.106 | 172(ฌ):0.092 | 179(ณ):0.060,1
PrintAksorn_dataset/test/cho_choe_Prompt-Bold.png,172,ฌ,0.1693,172,ฌ,1,172,0.1693,172(ฌ):0.169 | 179(ณ):0.145 | 247(๗):0.087,1
PrintAksorn_dataset/test/cho_choe_Prompt-BoldItalic.png,179,ณ,0.125,172,ฌ,0,179,0.125,179(ณ):0.125 | 172(ฌ):0.062 | 247(๗):0.061,1
PrintAksorn_dataset/test/cho_choe_Sarabun-Italic.png,172,ฌ,0.9058,172,ฌ,1,172,0.9058,172(ฌ):0.906 | 237(ํ):0.003 | 178(ฒ):0.003,1
PrintAksorn_dataset/test/cho_choe_Taviraj-Light.png,172,ฌ,0.9217,172,ฌ,1,172,0.9217,172(ฌ):0.922 | 178(ฒ):0.004 | 237(ํ):0.003,1
PrintAksorn_dataset/test/cho_choe_TlwgTypewriter-Bold.png,172,ฌ,0.9366,172,ฌ,1,172,0.9366,172(ฌ):0.937 | 197(ล):0.002 | 178(ฒ):0.002,1
PrintAksorn_dataset/test/cho_choe_Waree-Oblique.png,172,ฌ,0.9259,172,ฌ,1,172,0.9259,172(ฌ):0.926 | 178(ฒ):0.002 | 237(ํ):0.002,1
PrintAksorn_dataset/test/colon_NotoSansThai-Light.png,205,อ,0.1771,,,,205,0.1771,205(อ):0.177 | 184(ธ):0.061 | 242(๒):0.043,1
PrintAksorn_dataset/test/colon_NotoSerifThai-CondensedExtraBold.png,205,อ,0.1687,,,,205,0.1687,205(อ):0.169 | 184(ธ):0.069 | 161(ก):0.051,1
PrintAksorn_dataset/test/colon_Prompt-Medium.png,208,ะ,0.6049,,,,208,0.6049,208(ะ):0.605 | 193(ม):0.026 | 198(ฦ):0.020,1
PrintAksorn_dataset/test/colon_Taviraj-ExtraLight.png,208,ะ,0.3411,,,,208,0.3411,208(ะ):0.341 | 198(ฦ):0.093 | 235(๋):0.035,1
PrintAksorn_dataset/test/colon_TlwgTypo-BoldOblique.png,208,ะ,0.6413,,,,208,0.6413,208(ะ):0.641 | 193(ม):0.015 | 199(ว):0.013,1
PrintAksorn_dataset/test/colon_Trirong-SemiBoldItalic.png,208,ะ,0.6561,,,,208,0.6561,208(ะ):0.656 | 193(ม):0.018 | 198(ฦ):0.016,1
PrintAksorn_dataset/test/comma_JS-Jukaphan-Italic.png,241,๑,0.7631,,,,241,0.7631,241(๑):0.763 | 216(ุ):0.022 | 237(ํ):0.008,1
PrintAksorn_dataset/test/comma_JS-Prasoplarp-Italic.png,230,ๆ,0.2466,,,,230,0.2466,230(ๆ):0.247 | 241(๑):0.094 | 237(ํ):0.069,1
PrintAksorn_dataset/test/comma_JS-Saksit-Italic.png,241,๑,0.9018,,,,241,0.9018,241(๑):0.902 | 161(ก):0.004 | 230(ๆ):0.003,1
PrintAksorn_dataset/test/comma_Kanit-ExtraLight.png,232,่,0.9091,,,,232,0.9091,232(่):0.909 | 234(๊):0.002 | 240(๐):0.002,1
PrintAksorn_dataset/test/comma_Kinnari-BoldOblique.png,241,๑,0.8076,,,,241,0.8076,241(๑):0.808 | 244(๔):0.007 | 167(ง):0.006,1
PrintAksorn_dataset/test/comma_NotoSansThai-CondensedBold.png,205,อ,0.1755,,,,205,0.1755,205(อ):0.176 | 184(ธ):0.068 | 161(ก):0.053,1
PrintAksorn_dataset/test/comma_NotoSansThai-ExtraCondensed.png,205,อ,0.1806,,,,205,0.1806,205(อ):0.181 | 184(ธ):0.062 | 242(๒):0.044,1
PrintAksorn_dataset/test/comma_NotoSansThai-SemiCondensedLight.png,205,อ,0.1774,,,,205,0.1774,205(อ):0.177 | 184(ธ):0.071 | 161(ก):0.054,1
PrintAksorn_dataset/test/comma_NotoSansThaiLooped-Regular.png,232,่,0.8138,,,,232,0.8138,232(่):0.814 | 167(ง):0.029 | 237(ํ):0.015,1
PrintAksorn_dataset/test/comma_NotoSerifThai-CondensedBlack.png,205,อ,0.1806,,,,205,0.1806,205(อ):0.181 | 184(ธ):0.062 | 242(๒):0.044,1
PrintAksorn_dataset/test/comma_TH-Fahkwang-Italic.png,241,๑,0.7987,,,,241,0.7987,241(๑):0.799 | 237(ํ):0.011 | 216(ุ):0.010,1
PrintAksorn_dataset/test/comma_TlwgTypist-Oblique.png,167,ง,0.4718,,,,167,0.4718,167(ง):0.472 | 247(๗):0.054 | 233(้):0.050,1
PrintAksorn_dataset/test/digit_0_JS-Prasoplarp-Normal.png,240,๐,0.8929,240,๐,1,240,0.8929,240(๐):0.893 | 200(ศ):0.003 | 162(ข):0.002,1
PrintAksorn_dataset/test/digit_0_JS-Rapee-Bold-Italic.png,240,๐,0.9047,240,๐,1,240,0.9047,240(๐):0.905 | 200(ศ):0.002 | 179(ณ):0.002,1
PrintAksorn_dataset/test/digit_0_JS-Saowapark-Italic.png,240,๐,0.8952,240,๐,1,240,0.8952,240(๐):0.895 | 200(ศ):0.003 | 165(ฅ):0.002,1
PrintAksorn_dataset/test/digit_0_NotoSansThai-ExtraCondensedExtraBold.png,240,๐,0.8876,240,๐,1,240,0.8876,240(๐):0.888 | 241(๑):0.007 | 165(ฅ):0.003,1
PrintAksorn_dataset/test/digit_0_NotoSansThai-Light.png,240,๐,0.878,240,๐,1,240,0.878,240(๐):0.878 | 162(ข):0.003 | 200(ศ):0.003,1
PrintAksorn_dataset/test/digit_0_NotoSansThai-SemiCondensedExtraBold.png,240,๐,0.7864,240,๐,1,240,0.7864,240(๐):0.786 | 241(๑):0.043 | 242(๒):0.004,1
PrintAksorn_dataset/test/digit_0_NotoSerifThai-CondensedMedium.png,240,๐,0.8882,240,๐,1,240,0.8882,240(๐):0.888 | 162(ข):0.003 | 165(ฅ):0.003,1
PrintAksorn_dataset/test/digit_0_TH-Niramit-AS-Italic.png,240,๐,0.8934,240,๐,1,240,0.8934,240(๐):0.893 | 200(ศ):0.002 | 168(จ):0.002,1
PrintAksorn_dataset/test/digit_0_Trirong-BlackItalic.png,240,๐,0.8513,240,๐,1,240,0.8513,240(๐):0.851 | 241(๑):0.017 | 247(๗):0.006,1
PrintAksorn_dataset/test/digit_0_Trirong-ExtraBold.png,240,๐,0.8252,240,๐,1,240,0.8252,240(๐):0.825 | 241(๑):0.035 | 247(๗):0.005,1
PrintAksorn_dataset/test/digit_0_Umpush-Oblique.png,240,๐,0.88,240,๐,1,240,0.88,240(๐):0.880 | 187(ป):0.003 | 200(ศ):0.003,1
PrintAksorn_dataset/test/digit_1_Aksaramatee-Regular.png,241,๑,0.9122,241,๑,1,241,0.9122,241(๑):0.912 | 228(ไ):0.002 | 247(๗):0.002,1
PrintAksorn_dataset/test/digit_1_CmPrasanmit-Italic.png,241,๑,0.9026,241,๑,1,241,0.9026,241(๑):0.903 | 247(๗):0.002 | 171(ซ):0.002,1
PrintAksorn_dataset/test/digit_1_JS-Rapee-Normal.png,241,๑,0.9072,241,๑,1,241,0.9072,241(๑):0.907 | 180(ด):0.002 | 244(๔):0.002,1
PrintAksorn_dataset/test/digit_1_JS-Sadayu-Allcaps.png,241,๑,0.914,241,๑,1,241,0.914,241(๑):0.914 | 247(๗):0.004 | 240(๐):0.002,1
PrintAksorn_dataset/test/digit_1_JS-Saowapark-Normal.png,241,๑,0.8921,241,๑,1,241,0.8921,241(๑):0.892 | 247(๗):0.002 | 173(ญ):0.002,1
PrintAksorn_dataset/test/digit_1_Prompt-BoldItalic.png,241,๑,0.9051,241,๑,1,241,0.9051,241(๑):0.905 | 199(ว):0.002 | 215(ื):0.002,1
PrintAksorn_dataset/test/digit_1_Prompt-Italic.png,241,๑,0.8077,241,๑,1,241,0.8077,241(๑):0.808 | 240(๐):0.021 | 199(ว):0.005,1
PrintAksorn_dataset/test/digit_1_Sawasdee.png,240,๐,0.4219,241,๑,0,240,0.4219,240(๐):0.422 | 241(๑):0.259 | 248(๘):0.014,1
PrintAksorn_dataset/test/digit_1_TH-Srisakdi-Bold.png,241,๑,0.9275,241,๑,1,241,0.9275,241(๑):0.927 | 240(๐):0.003 | 242(๒):0.003,1
PrintAksorn_dataset/test/digit_2_Athiti-Bold.png,242,๒,0.8908,242,๒,1,242,0.8908,242(๒):0.891 | 247(๗):0.008 | 215(ื):0.004,1
PrintAksorn_dataset/test/digit_2_JS-Jindara-Italic.png,242,๒,0.929,242,๒,1,242,0.929,242(๒):0.929 | 243(๓):0.002 | 247(๗):0.002,1
PrintAksorn_dataset/test/digit_2_JS-Pitsamai-Italic.png,242,๒,0.908,242,๒,1,242,0.908,242(๒):0.908 | 201(ษ):0.004 | 247(๗):0.004,1
PrintAksorn_dataset/test/digit_2_JS-Sadayu-Allcaps.png,242,๒,0.9509,242,๒,1,242,0.9509,242(๒):0.951 | 247(๗):0.003 | 241(๑):0.001,1
PrintAksorn_dataset/test/digit_2_JS-Wansika-Italic.png,242,๒,0.8733,242,๒,1,242,0.8733,242(๒):0.873 | 247(๗):0.005 | 172(ฌ):0.003,1
PrintAksorn_dataset/test/digit_2_KaniGa-Bold-Italic.png,242,๒,0.907,242,๒,1,242,0.907,242(๒):0.907 | 162(ข):0.004 | 243(๓):0.003,1
PrintAksorn_dataset/test/digit_2_NotoSerifThai-SemiCondensed.png,242,๒,0.9464,242,๒,1,242,0.9464,242(๒):0.946 | 247(๗):0.002 | 175(ฏ):0.002,1
PrintAksorn_dataset/test/digit_2_Sarabun-ExtraBold.png,242,๒,0.8943,242,๒,1,242,0.8943,242(๒):0.894 | 247(๗):0.012 | 246(๖):0.004,1
PrintAksorn_dataset/test/digit_2_Sarabun-ExtraLight.png,242,๒,0.9139,242,๒,1,242,0.9139,242(๒):0.914 | 247(๗):0.005 | 178(ฒ):0.003,1
PrintAksorn_dataset/test/digit_2_TH-Chakra-Petch-Italic.png,242,๒,0.9368,242,๒,1,242,0.9368,242(๒):0.937 | 178(ฒ):0.002 | 163(ฃ):0.002,1
PrintAksorn_dataset/test/digit_2_TH-Sarabun-New-Regular.png,242,๒,0.9246,242,๒,1,242,0.9246,242(๒):0.925 | 247(๗):0.003 | 178(ฒ):0.002,1
PrintAksorn_dataset/test/digit_2_TH-Srisakdi-Bold.png,242,๒,0.822,242,๒,1,242,0.822,242(๒):0.822 | 246(๖):0.014 | 224(เ):0.012,1
PrintAksorn_dataset/test/digit_3_Aksaramatee-Bold.png,243,๓,0.857,243,๓,1,243,0.857,243(๓):0.857 | 247(๗):0.004 | 242(๒):0.004,1
PrintAksorn_dataset/test/digit_3_Athiti-Medium.png,243,๓,0.5485,243,๓,1,243,0.5485,243(๓):0.548 | 165(ฅ):0.073 | 242(๒):0.022,1
PrintAksorn_dataset/test/digit_3_JS-Pumpuang-Normal.png,243,๓,0.8024,243,๓,1,243,0.8024,243(๓):0.802 | 247(๗):0.052 | 240(๐):0.006,1
PrintAksorn_dataset/test/digit_3_Krungthep.png,243,๓,0.8256,243,๓,1,243,0.8256,243(๓):0.826 | 165(ฅ):0.016 | 181(ต):0.008,1
PrintAksorn_dataset/test/digit_3_Maitree-Medium.png,243,๓,0.7149,243,๓,1,243,0.7149,243(๓):0.715 | 179(ณ):0.010 | 247(๗):0.010,1
PrintAksorn_dataset/test/digit_3_Sarabun-SemiBoldItalic.png,243,๓,0.8353,243,๓,1,243,0.8353,243(๓):0.835 | 247(๗):0.014 | 181(ต):0.011,1
PrintAksorn_dataset/test/digit_3_TH-K2D-July8-Bold.png,243,๓,0.8904,243,๓,1,243,0.8904,243(๓):0.890 | 181(ต):0.004 | 247(๗):0.003,1
PrintAksorn_dataset/test/digit_3_TH-KoHo-Bold-Italic.png,243,๓,0.9395,243,๓,1,243,0.9395,243(๓):0.939 | 179(ณ):0.002 | 226(โ):0.001,1
PrintAksorn_dataset/test/digit_3_TH-Sarabun-New-Italic.png,243,๓,0.8461,243,๓,1,243,0.8461,243(๓):0.846 | 181(ต):0.009 | 179(ณ):0.008,1
PrintAksorn_dataset/test/digit_3_Taviraj-BoldItalic.png,243,๓,0.4198,243,๓,1,243,0.4198,243(๓):0.420 | 247(๗):0.086 | 178(ฒ):0.080,1
PrintAksorn_dataset/test/digit_3_Taviraj-Thin.png,243,๓,0.8053,243,๓,1,243,0.8053,243(๓):0.805 | 179(ณ):0.015 | 183(ท):0.013,1
PrintAksorn_dataset/test/digit_3_Trirong-ExtraBold.png,243,๓,0.4272,243,๓,1,243,0.4272,243(๓):0.427 | 178(ฒ):0.077 | 247(๗):0.066,1
PrintAksorn_dataset/test/digit_4_Athiti-ExtraLight.png,244,๔,0.8692,244,๔,1,244,0.8692,244(๔):0.869 | 248(๘):0.020 | 246(๖):0.003,1
PrintAksorn_dataset/test/digit_4_Garuda-BoldOblique.png,244,๔,0.9027,244,๔,1,244,0.9027,244(๔):0.903 | 248(๘):0.005 | 197(ล):0.002,1
PrintAksorn_dataset/test/digit_4_Garuda.png,244,๔,0.8911,244,๔,1,244,0.8911,244(๔):0.891 | 248(๘):0.003 | 197(ล):0.002,1
PrintAksorn_dataset/test/digit_4_JS-Giat-Bold.png,244,๔,0.6753,244,๔,1,244,0.6753,244(๔):0.675 | 248(๘):0.047 | 245(๕):0.044,1
PrintAksorn_dataset/test/digit_4_JS-Sunsanee-Italic.png,248,๘,0.3943,244,๔,0,248,0.3943,248(๘):0.394 | 244(๔):0.179 | 184(ธ):0.053,1
PrintAksorn_dataset/test/digit_4_Kanit-SemiBold.png,244,๔,0.8664,244,๔,1,244,0.8664,244(๔):0.866 | 248(๘):0.033 | 217(ู):0.003,1
PrintAksorn_dataset/test/digit_4_NotoSansThai-Bold.png,244,๔,0.7898,244,๔,1,244,0.7898,244(๔):0.790 | 245(๕):0.025 | 246(๖):0.009,1
PrintAksorn_dataset/test/digit_4_NotoSerifThai-Bold.png,244,๔,0.6333,244,๔,1,244,0.6333,244(๔):0.633 | 248(๘):0.024 | 246(๖):0.019,1
PrintAksorn_dataset/test/digit_4_NotoSerifThai-Condensed.png,244,๔,0.873,244,๔,1,244,0.873,244(๔):0.873 | 249(๙):0.004 | 248(๘):0.003,1
PrintAksorn_dataset/test/digit_4_NotoSerifThai-CondensedBold.png,244,๔,0.7847,244,๔,1,244,0.7847,244(๔):0.785 | 249(๙):0.008 | 248(๘):0.006,1
PrintAksorn_dataset/test/digit_4_TH-Niramit-AS-Regular.png,244,๔,0.8926,244,๔,1,244,0.8926,244(๔):0.893 | 248(๘):0.004 | 197(ล):0.002,1
PrintAksorn_dataset/test/digit_4_TlwgMono-Bold.png,244,๔,0.7947,244,๔,1,244,0.7947,244(๔):0.795 | 248(๘):0.049 | 245(๕):0.003,1
PrintAksorn_dataset/test/digit_4_TlwgTypo-BoldOblique.png,244,๔,0.8758,244,๔,1,244,0.8758,244(๔):0.876 | 245(๕):0.006 | 243(๓):0.003,1
PrintAksorn_dataset/test/digit_4_Trirong-BlackItalic.png,244,๔,0.7885,244,๔,1,244,0.7885,244(๔):0.788 | 248(๘):0.014 | 245(๕):0.005,1
PrintAksorn_dataset/test/digit_5_JS-Jindara-Italic.png,245,๕,0.9086,245,๕,1,245,0.9086,245(๕):0.909 | 244(๔):0.004 | 246(๖):0.002,1
PrintAksorn_dataset/test/digit_5_JS-Oobboon-Normal.png,245,๕,0.8013,245,๕,1,245,0.8013,245(๕):0.801 | 248(๘):0.015 | 244(๔):0.011,1
PrintAksorn_dataset/test/digit_5_JS-Pisit-Normal.png,245,๕,0.7606,245,๕,1,245,0.7606,245(๕):0.761 | 244(๔):0.012 | 208(ะ):0.008,1
PrintAksorn_dataset/test/digit_5_JS-Rapee-Bold.png,245,๕,0.7219,245,๕,1,245,0.7219,245(๕):0.722 | 174(ฎ):0.013 | 244(๔):0.009,1
PrintAksorn_dataset/test/digit_5_Laksaman-BoldItalic.png,245,๕,0.8149,245,๕,1,245,0.8149,245(๕):0.815 | 244(๔):0.004 | 242(๒):0.004,1
PrintAksorn_dataset/test/digit_5_Maitree-Bold.png,245,๕,0.8102,245,๕,1,245,0.8102,245(๕):0.810 | 249(๙):0.008 | 244(๔):0.007,1
PrintAksorn_dataset/test/digit_5_Norasi-BoldOblique.png,245,๕,0.7902,245,๕,1,245,0.7902,245(๕):0.790 | 244(๔):0.006 | 174(ฎ):0.004,1
PrintAksorn_dataset/test/digit_5_NotoSansThai-SemiBold.png,245,๕,0.9191,245,๕,1,245,0.9191,245(๕):0.919 | 244(๔):0.003 | 208(ะ):0.002,1
PrintAksorn_dataset/test/digit_5_NotoSerifThai-ExtraCondensedBold.png,245,๕,0.9141,245,๕,1,245,0.9141,245(๕):0.914 | 244(๔):0.003 | 203(ห):0.002,1
PrintAksorn_dataset/test/digit_5_Sarabun-Thin.png,245,๕,0.8571,245,๕,1,245,0.8571,245(๕):0.857 | 244(๔):0.005 | 208(ะ):0.003,1
PrintAksorn_dataset/test/digit_5_TH-Niramit-AS-Italic.png,245,๕,0.9208,245,๕,1,245,0.9208,245(๕):0.921 | 249(๙):0.002 | 204(ฬ):0.002,1
PrintAksorn_dataset/test/digit_5_Trirong-MediumItalic.png,245,๕,0.8565,245,๕,1,245,0.8565,245(๕):0.857 | 242(๒):0.004 | 244(๔):0.004,1
PrintAksorn_dataset/test/digit_5_Waree-Oblique.png,245,๕,0.8647,245,๕,1,245,0.8647,245(๕):0.865 | 244(๔):0.005 | 191(ฟ):0.003,1
PrintAksorn_dataset/test/digit_6_JS-Jukaphan-Italic.png,246,๖,0.8861,246,๖,1,246,0.8861,246(๖):0.886 | 228(ไ):0.002 | 165(ฅ):0.002,1
PrintAksorn_dataset/test/digit_6_JS-Synjai-Italic.png,246,๖,0.8596,246,๖,1,246,0.8596,246(๖):0.860 | 185(น):0.004 | 228(ไ):0.003,1
PrintAksorn_dataset/test/digit_6_Kanit-Medium.png,246,๖,0.7659,246,๖,1,246,0.7659,246(๖):0.766 | 215(ื):0.009 | 241(๑):0.007,1
PrintAksorn_dataset/test/digit_6_NotoSansThai-ExtraCondensedSemiBold.png,246,๖,0.8364,246,๖,1,246,0.8364,246(๖):0.836 | 230(ๆ):0.006 | 215(ื):0.005,1
PrintAksorn_dataset/test/digit_6_NotoSansThaiLooped-ExtraLight.png,246,๖,0.8735,246,๖,1,246,0.8735,246(๖):0.874 | 193(ม):0.003 | 182(ถ):0.003,1
PrintAksorn_dataset/test/digit_6_NotoSerifThai-ExtraCondensedMedium.png,246,๖,0.8446,246,๖,1,246,0.8446,246(๖):0.845 | 192(ภ):0.003 | 166(ฆ):0.003,1
PrintAksorn_dataset/test/digit_6_Pattaya-Regular.png,246,๖,0.6573,246,๖,1,246,0.6573,246(๖):0.657 | 166(ฆ):0.020 | 173(ญ):0.010,1
PrintAksorn_dataset/test/digit_6_TH-Baijam-Bold.png,246,๖,0.8789,246,๖,1,246,0.8789,246(๖):0.879 | 241(๑):0.003 | 208(ะ):0.003,1
PrintAksorn_dataset/test/digit_7_Ayuthaya.png,247,๗,0.8267,247,๗,1,247,0.8267,247(๗):0.827 | 242(๒):0.007 | 165(ฅ):0.006,1
PrintAksorn_dataset/test/digit_7_JS-Synjai-Italic.png,247,๗,0.9004,247,๗,1,247,0.9004,247(๗):0.900 | 215(ื):0.002 | 213(ี):0.002,1
PrintAksorn_dataset/test/digit_7_Laksaman-BoldItalic.png,247,๗,0.9056,247,๗,1,247,0.9056,247(๗):0.906 | 242(๒):0.003 | 178(ฒ):0.002,1
PrintAksorn_dataset/test/digit_7_Nakaracha-Bold.png,247,๗,0.9067,247,๗,1,247,0.9067,247(๗):0.907 | 178(ฒ):0.003 | 187(ป):0.003,1
PrintAksorn_dataset/test/digit_7_Pridi-Regular.png,247,๗,0.7766,247,๗,1,247,0.7766,247(๗):0.777 | 234(๊):0.026 | 178(ฒ):0.017,1
PrintAksorn_dataset/test/digit_7_Prompt-LightItalic.png,247,๗,0.8042,247,๗,1,247,0.8042,247(๗):0.804 | 243(๓):0.010 | 234(๊):0.006,1
PrintAksorn_dataset/test/digit_7_Sarabun-Regular.png,247,๗,0.8925,247,๗,1,247,0.8925,247(๗):0.892 | 173(ญ):0.004 | 178(ฒ):0.002,1
PrintAksorn_dataset/test/digit_7_Sarabun-SemiBoldItalic.png,247,๗,0.9176,247,๗,1,247,0.9176,247(๗):0.918 | 178(ฒ):0.003 | 215(ื):0.002,1
PrintAksorn_dataset/test/digit_7_Sawasdee-Bold.png,247,๗,0.835,247,๗,1,247,0.835,247(๗):0.835 | 173(ญ):0.007 | 165(ฅ):0.007,1
PrintAksorn_dataset/test/digit_7_Taviraj-Regular.png,247,๗,0.9166,247,๗,1,247,0.9166,247(๗):0.917 | 187(ป):0.003 | 173(ญ):0.002,1
PrintAksorn_dataset/test/digit_7_TlwgTypo-Bold.png,247,๗,0.884,247,๗,1,247,0.884,247(๗):0.884 | 178(ฒ):0.009 | 234(๊):0.008,1
PrintAksorn_dataset/test/digit_7_Trirong-Light.png,247,๗,0.907,247,๗,1,247,0.907,247(๗):0.907 | 173(ญ):0.003 | 187(ป):0.003,1
PrintAksorn_dataset/test/digit_7_Trirong-LightItalic.png,247,๗,0.9087,247,๗,1,247,0.9087,247(๗):0.909 | 187(ป):0.003 | 177(ฑ):0.002,1
PrintAksorn_dataset/test/digit_7_Umpush-BoldOblique.png,247,๗,0.8789,247,๗,1,247,0.8789,247(๗):0.879 | 178(ฒ):0.011 | 234(๊):0.007,1
PrintAksorn_dataset/test/digit_8_ChulaNarak-Bold.png,248,๘,0.8117,248,๘,1,248,0.8117,248(๘):0.812 | 244(๔):0.012 | 247(๗):0.008,1
PrintAksorn_dataset/test/digit_8_JS-75-Pumpuang.png,248,๘,0.9328,248,๘,1,248,0.9328,248(๘):0.933 | 249(๙):0.003 | 247(๗):0.003,1
PrintAksorn_dataset/test/digit_8_Kanit-MediumItalic.png,248,๘,0.8493,248,๘,1,248,0.8493,248(๘):0.849 | 231(็):0.013 | 242(๒):0.007,1
PrintAksorn_dataset/test/digit_8_Kinnari-BoldOblique.png,248,๘,0.8552,248,๘,1,248,0.8552,248(๘):0.855 | 240(๐):0.005 | 247(๗):0.005,1
PrintAksorn_dataset/test/digit_8_NotoSansThai-SemiCondensedExtraLight.png,248,๘,0.9027,248,๘,1,248,0.9027,248(๘):0.903 | 242(๒):0.004 | 244(๔):0.002,1
PrintAksorn_dataset/test/digit_8_NotoSansThai-SemiCondensedLight.png,248,๘,0.9048,248,๘,1,248,0.9048,248(๘):0.905 | 242(๒):0.003 | 208(ะ):0.002,1
PrintAksorn_dataset/test/digit_8_NotoSerifThai-SemiCondensedBlack.png,248,๘,0.8094,248,๘,1,248,0.8094,248(๘):0.809 | 246(๖):0.011 | 249(๙):0.007,1
PrintAksorn_dataset/test/digit_8_PSK-SmartBI.png,248,๘,0.856,248,๘,1,248,0.856,248(๘):0.856 | 247(๗):0.006 | 231(็):0.005,1
PrintAksorn_dataset/test/digit_8_Sathu.png,248,๘,0.8412,248,๘,1,248,0.8412,248(๘):0.841 | 245(๕):0.005 | 249(๙):0.004,1
PrintAksorn_dataset/test/digit_8_Silom.png,248,๘,0.8241,248,๘,1,248,0.8241,248(๘):0.824 | 247(๗):0.007 | 243(๓):0.004,1
PrintAksorn_dataset/test/digit_8_TH-KoHo-Bold-Italic.png,248,๘,0.8863,248,๘,1,248,0.8863,248(๘):0.886 | 231(็):0.005 | 247(๗):0.004,1
PrintAksorn_dataset/test/digit_9_JS-Obsaward-Normal.png,249,๙,0.8687,249,๙,1,249,0.8687,249(๙):0.869 | 203(ห):0.004 | 200(ศ):0.003,1
PrintAksorn_dataset/test/digit_9_JS-Prapakorn-Normal.png,249,๙,0.9061,249,๙,1,249,0.9061,249(๙):0.906 | 215(ื):0.002 | 174(ฎ):0.002,1
PrintAksorn_dataset/test/digit_9_JS-Saksit-Bold-Italic.png,245,๕,0.3214,249,๙,0,245,0.3214,245(๕):0.321 | 248(๘):0.239 | 195(ร):0.036,1
PrintAksorn_dataset/test/digit_9_JS-Saksit-Normal.png,245,๕,0.3614,249,๙,0,245,0.3614,245(๕):0.361 | 248(๘):0.183 | 195(ร):0.042,1
PrintAksorn_dataset/test/digit_9_Kanit-ExtraLightItalic.png,249,๙,0.9104,249,๙,1,249,0.9104,249(๙):0.910 | 248(๘):0.004 | 245(๕):0.002,1
PrintAksorn_dataset/test/digit_9_Kanit-Light.png,249,๙,0.8889,249,๙,1,249,0.8889,249(๙):0.889 | 247(๗):0.005 | 248(๘):0.005,1
PrintAksorn_dataset/test/digit_9_Kinnari-Italic.png,249,๙,0.858,249,๙,1,249,0.858,249(๙):0.858 | 247(๗):0.006 | 248(๘):0.005,1
PrintAksorn_dataset/test/digit_9_Mitr-ExtraLight.png,248,๘,0.3286,249,๙,0,248,0.3286,248(๘):0.329 | 249(๙):0.310 | 244(๔):0.023,1
PrintAksorn_dataset/test/digit_9_NotoSansThai-ExtraCondensed.png,249,๙,0.9339,249,๙,1,249,0.9339,249(๙):0.934 | 171(ซ):0.004 | 245(๕):0.003,1
PrintAksorn_dataset/test/digit_9_NotoSansThai-SemiCondensedMedium.png,249,๙,0.9376,249,๙,1,249,0.9376,249(๙):0.938 | 246(๖):0.003 | 184(ธ):0.002,1
PrintAksorn_dataset/test/digit_9_PSK-SmartBI.png,249,๙,0.92,249,๙,1,249,0.92,249(๙):0.920 | 248(๘):0.002 | 215(ื):0.002,1
PrintAksorn_dataset/test/digit_9_TH-Kodchasal-Bold.png,249,๙,0.8831,249,๙,1,249,0.8831,249(๙):0.883 | 247(๗):0.010 | 228(ไ):0.003,1
PrintAksorn_dataset/test/digit_9_TlwgTypewriter-BoldOblique.png,249,๙,0.886,249,๙,1,249,0.886,249(๙):0.886 | 247(๗):0.011 | 177(ฑ):0.003,1
PrintAksorn_dataset/test/digit_9_TlwgTypo-Oblique.png,249,๙,0.9133,249,๙,1,249,0.9133,249(๙):0.913 | 247(๗):0.002 | 177(ฑ):0.002,1
PrintAksorn_dataset/test/digit_9_Trirong-ExtraBold.png,249,๙,0.9381,249,๙,1,249,0.9381,249(๙):0.938 | 247(๗):0.003 | 185(น):0.002,1
PrintAksorn_dataset/test/digit_9_Waree-BoldOblique.png,249,๙,0.8884,249,๙,1,249,0.8884,249(๙):0.888 | 228(ไ):0.003 | 242(๒):0.002,1
PrintAksorn_dataset/test/do_chada_CmPrasanmit-Bold.png,174,ฎ,0.8125,174,ฎ,1,174,0.8125,174(ฎ):0.813 | 175(ฏ):0.040 | 182(ถ):0.008,1
PrintAksorn_dataset/test/do_chada_DC-Palamongkol-Bold-Italic.png,174,ฎ,0.6983,174,ฎ,1,174,0.6983,174(ฎ):0.698 | 175(ฏ):0.062 | 173(ญ):0.025,1
PrintAksorn_dataset/test/do_chada_JS-Jindara-Italic.png,174,ฎ,0.9414,174,ฎ,1,174,0.9414,174(ฎ):0.941 | 175(ฏ):0.016 | 206(ฮ):0.002,1
PrintAksorn_dataset/test/do_chada_Kinnari-BoldItalic.png,174,ฎ,0.8765,174,ฎ,1,174,0.8765,174(ฎ):0.877 | 175(ฏ):0.037 | 182(ถ):0.005,1
PrintAksorn_dataset/test/do_chada_Mitr-Bold.png,174,ฎ,0.1447,174,ฎ,1,174,0.1447,174(ฎ):0.145 | 175(ฏ):0.136 | 248(๘):0.085,1
PrintAksorn_dataset/test/do_chada_NotoSansThai-SemiBold.png,174,ฎ,0.81,174,ฎ,1,174,0.81,174(ฎ):0.810 | 175(ฏ):0.039 | 167(ง):0.005,1
PrintAksorn_dataset/test/do_chada_NotoSansThaiLooped-ExtraLight.png,174,ฎ,0.8857,174,ฎ,1,174,0.8857,174(ฎ):0.886 | 182(ถ):0.012 | 175(ฏ):0.005,1
PrintAksorn_dataset/test/do_chada_NotoSerifThai-SemiCondensedSemiBold.png,174,ฎ,0.8303,174,ฎ,1,174,0.8303,174(ฎ):0.830 | 175(ฏ):0.024 | 182(ถ):0.012,1
PrintAksorn_dataset/test/do_chada_Sarabun-Medium.png,174,ฎ,0.8961,174,ฎ,1,174,0.8961,174(ฎ):0.896 | 182(ถ):0.008 | 175(ฏ):0.006,1
PrintAksorn_dataset/test/do_chada_Sathu.png,174,ฎ,0.5294,174,ฎ,1,174,0.5294,174(ฎ):0.529 | 175(ฏ):0.165 | 173(ญ):0.023,1
PrintAksorn_dataset/test/do_dek_Chonburi-Regular.png,241,๑,0.1115,180,ด,0,241,0.1115,241(๑):0.111 | 248(๘):0.076 | 243(๓):0.059,1
PrintAksorn_dataset/test/do_dek_Himmaparnt-Bold-Italic.png,180,ด,0.9089,180,ด,1,180,0.9089,180(ด):0.909 | 248(๘):0.011 | 241(๑):0.005,1
PrintAksorn_dataset/test/do_dek_JS-Jukaphan.png,180,ด,0.8758,180,ด,1,180,0.8758,180(ด):0.876 | 161(ก):0.010 | 248(๘):0.006,1
PrintAksorn_dataset/test/do_dek_JS-Junkaew-Italic.png,180,ด,0.9355,180,ด,1,180,0.9355,180(ด):0.935 | 241(๑):0.005 | 161(ก):0.005,1
PrintAksorn_dataset/test/do_dek_JS-Pisit-Italic.png,180,ด,0.9083,180,ด,1,180,0.9083,180(ด):0.908 | 241(๑):0.010 | 248(๘):0.006,1
PrintAksorn_dataset/test/do_dek_Kanit-SemiBoldItalic.png,241,๑,0.5733,180,ด,0,241,0.5733,241(๑):0.573 | 240(๐):0.082 | 243(๓):0.011,1
PrintAksorn_dataset/test/do_dek_NotoSansThai-Condensed.png,240,๐,0.4943,180,ด,0,240,0.4943,240(๐):0.494 | 241(๑):0.130 | 161(ก):0.024,1
PrintAksorn_dataset/test/do_dek_Taviraj-Bold.png,180,ด,0.4539,180,ด,1,180,0.4539,180(ด):0.454 | 241(๑):0.255 | 181(ต):0.014,1
PrintAksorn_dataset/test/dot_JS-Charnchai-Normal.png,237,ํ,0.801,,,,237,0.801,237(ํ):0.801 | 240(๐):0.008 | 232(่):0.007,1
PrintAksorn_dataset/test/dot_JS-Rapee-Bold.png,237,ํ,0.8507,,,,237,0.8507,237(ํ):0.851 | 240(๐):0.010 | 232(่):0.005,1
PrintAksorn_dataset/test/dot_Kanit-BlackItalic.png,237,ํ,0.1478,,,,237,0.1478,237(ํ):0.148 | 205(อ):0.067 | 242(๒):0.044,1
PrintAksorn_dataset/test/dot_Kinnari-Oblique.png,237,ํ,0.8481,,,,237,0.8481,237(ํ):0.848 | 240(๐):0.021 | 226(โ):0.004,1
PrintAksorn_dataset/test/dot_Maitree-Bold.png,237,ํ,0.7432,,,,237,0.7432,237(ํ):0.743 | 240(๐):0.070 | 226(โ):0.006,1
PrintAksorn_dataset/test/dot_Mitr-Regular.png,237,ํ,0.8623,,,,237,0.8623,237(ํ):0.862 | 240(๐):0.008 | 232(่):0.006,1
PrintAksorn_dataset/test/dot_Norasi.png,237,ํ,0.8317,,,,237,0.8317,237(ํ):0.832 | 240(๐):0.011 | 232(่):0.005,1
PrintAksorn_dataset/test/dot_NotoSansThai-CondensedBlack.png,205,อ,0.1806,,,,205,0.1806,205(อ):0.181 | 184(ธ):0.062 | 242(๒):0.044,1
PrintAksorn_dataset/test/dot_NotoSerifThai-ExtraCondensed.png,205,อ,0.1806,,,,205,0.1806,205(อ):0.181 | 184(ธ):0.062 | 242(๒):0.044,1
PrintAksorn_dataset/test/dot_Prompt-ExtraBoldItalic.png,237,ํ,0.8454,,,,237,0.8454,237(ํ):0.845 | 240(๐):0.019 | 232(่):0.004,1
PrintAksorn_dataset/test/dot_Sarabun-BoldItalic.png,237,ํ,0.6212,,,,237,0.6212,237(ํ):0.621 | 240(๐):0.140 | 241(๑):0.010,1
PrintAksorn_dataset/test/dot_TH-Fahkwang-Regular.png,237,ํ,0.735,,,,237,0.735,237(ํ):0.735 | 173(ญ):0.010 | 232(่):0.008,1
PrintAksorn_dataset/test/dot_TH-KoHo-Bold-Italic.png,237,ํ,0.7611,,,,237,0.7611,237(ํ):0.761 | 182(ถ):0.008 | 240(๐):0.007,1
PrintAksorn_dataset/test/dot_TH-Niramit-AS-Bold-Italic.png,237,ํ,0.8125,,,,237,0.8125,237(ํ):0.813 | 240(๐):0.010 | 232(่):0.006,1
PrintAksorn_dataset/test/dot_TlwgTypewriter.png,237,ํ,0.8635,,,,237,0.8635,237(ํ):0.864 | 240(๐):0.019 | 226(โ):0.004,1
PrintAksorn_dataset/test/dot_TlwgTypo-Bold.png,237,ํ,0.8664,,,,237,0.8664,237(ํ):0.866 | 240(๐):0.019 | 226(โ):0.004,1
PrintAksorn_dataset/test/exclamation_JS-Prasoplarp-Normal.png,232,่,0.8025,,,,232,0.8025,232(่):0.803 | 224(เ):0.030 | 235(๋):0.009,1
PrintAksorn_dataset/test/exclamation_JS-Synjai-Italic.png,232,่,0.5629,,,,232,0.5629,232(่):0.563 | 224(เ):0.086 | 198(ฦ):0.028,1
PrintAksorn_dataset/test/exclamation_Norasi-Bold.png,232,่,0.093,,,,232,0.093,232(่):0.093 | 167(ง):0.056 | 199(ว):0.051,1
PrintAksorn_dataset/test/exclamation_NotoSerifThai-CondensedBlack.png,205,อ,0.1806,,,,205,0.1806,205(อ):0.181 | 184(ธ):0.062 | 242(๒):0.044,1
PrintAksorn_dataset/test/exclamation_NotoSerifThai-ExtraCondensedBlack.png,205,อ,0.1806,,,,205,0.1806,205(อ):0.181 | 184(ธ):0.062 | 242(๒):0.044,1
PrintAksorn_dataset/test/exclamation_Taviraj-BoldItalic.png,232,่,0.4453,,,,232,0.4453,232(่):0.445 | 228(ไ):0.073 | 167(ง):0.044,1
PrintAksorn_dataset/test/exclamation_Taviraj-ExtraLight.png,232,่,0.8947,,,,232,0.8947,232(่):0.895 | 224(เ):0.011 | 210(า):0.005,1
PrintAksorn_dataset/test/exclamation_Taviraj-LightItalic.png,232,่,0.8648,,,,232,0.8648,232(่):0.865 | 224(เ):0.017 | 228(ไ):0.007,1
PrintAksorn_dataset/test/fo_fa_Garuda-Oblique.png,189,ฝ,0.8168,189,ฝ,1,189,0.8168,189(ฝ):0.817 | 191(ฟ):0.013 | 165(ฅ):0.007,1
PrintAksorn_dataset/test/fo_fa_JS-Wanida-Italic.png,189,ฝ,0.9766,189,ฝ,1,189,0.9766,189(ฝ):0.977 | 191(ฟ):0.002 | 247(๗):0.001,1
PrintAksorn_dataset/test/fo_fa_NotoSansThai-SemiCondensedThin.png,189,ฝ,0.9157,189,ฝ,1,189,0.9157,189(ฝ):0.916 | 191(ฟ):0.005 | 248(๘):0.003,1
PrintAksorn_dataset/test/fo_fa_Pridi-Bold.png,191,ฟ,0.1595,189,ฝ,0,191,0.1595,191(ฟ):0.160 | 189(ฝ):0.151 | 172(ฌ):0.072,1
PrintAksorn_dataset/test/fo_fa_Prompt-ExtraLight.png,189,ฝ,0.6774,189,ฝ,1,189,0.6774,189(ฝ):0.677 | 188(ผ):0.038 | 191(ฟ):0.035,1
PrintAksorn_dataset/test/fo_fa_Purisa-Bold.png,189,ฝ,0.9054,189,ฝ,1,189,0.9054,189(ฝ):0.905 | 247(๗):0.005 | 209(ั):0.002,1
PrintAksorn_dataset/test/fo_fa_TH-Krub-Bold-Italic.png,189,ฝ,0.7671,189,ฝ,1,189,0.7671,189(ฝ):0.767 | 191(ฟ):0.012 | 187(ป):0.007,1
PrintAksorn_dataset/test/fo_fa_TH-Krub-Italic.png,189,ฝ,0.8537,189,ฝ,1,189,0.8537,189(ฝ):0.854 | 191(ฟ):0.006 | 165(ฅ):0.005,1
PrintAksorn_dataset/test/fo_fa_Taviraj-ExtraBold.png,189,ฝ,0.0929,189,ฝ,1,189,0.0929,189(ฝ):0.093 | 188(ผ):0.067 | 172(ฌ):0.049,1
PrintAksorn_dataset/test/fo_fa_TlwgTypist-BoldOblique.png,189,ฝ,0.8465,189,ฝ,1,189,0.8465,189(ฝ):0.846 | 191(ฟ):0.017 | 188(ผ):0.011,1
PrintAksorn_dataset/test/fo_fan_JS-Hariphan.png,189,ฝ,0.6365,191,ฟ,0,189,0.6365,189(ฝ):0.636 | 191(ฟ):0.156 | 188(ผ):0.013,1
PrintAksorn_dataset/test/fo_fan_Kanit-BlackItalic.png,247,๗,0.5091,191,ฟ,0,247,0.5091,247(๗):0.509 | 234(๊):0.052 | 190(พ):0.036,1
PrintAksorn_dataset/test/fo_fan_Kinnari-Italic.png,191,ฟ,0.8722,191,ฟ,1,191,0.8722,191(ฟ):0.872 | 187(ป):0.008 | 190(พ):0.008,1
PrintAksorn_dataset/test/fo_fan_Loma-Oblique.png,190,พ,0.5601,191,ฟ,0,190,0.5601,190(พ):0.560 | 191(ฟ):0.221 | 188(ผ):0.007,1
PrintAksorn_dataset/test/fo_fan_NotoSerifThai-ExtraCondensedBlack.png,191,ฟ,0.4586,191,ฟ,1,191,0.4586,191(ฟ):0.459 | 190(พ):0.323 | 234(๊):0.012,1
PrintAksorn_dataset/test/fo_fan_NotoSerifThai-Medium.png,190,พ,0.5128,191,ฟ,0,190,0.5128,190(พ):0.513 | 191(ฟ):0.319 | 189(ฝ):0.006,1
PrintAksorn_dataset/test/fo_fan_PSK-Smart-Bold.png,191,ฟ,0.4444,191,ฟ,1,191,0.4444,191(ฟ):0.444 | 190(พ):0.388 | 189(ฝ):0.008,1
PrintAksorn_dataset/test/fo_fan_PSK-Smart-Regular.png,191,ฟ,0.8509,191,ฟ,1,191,0.8509,191(ฟ):0.851 | 189(ฝ):0.029 | 190(พ):0.011,1
PrintAksorn_dataset/test/fo_fan_Sarabun-ExtraBold.png,191,ฟ,0.7061,191,ฟ,1,191,0.7061,191(ฟ):0.706 | 190(พ):0.095 | 234(๊):0.005,1
PrintAksorn_dataset/test/fo_fan_TH-Chakra-Petch-Bold-Italic.png,191,ฟ,0.8205,191,ฟ,1,191,0.8205,191(ฟ):0.821 | 190(พ):0.050 | 189(ฝ):0.005,1
PrintAksorn_dataset/test/fo_fan_TH-Niramit-AS-Italic.png,191,ฟ,0.5474,191,ฟ,1,191,0.5474,191(ฟ):0.547 | 190(พ):0.246 | 189(ฝ):0.010,1
PrintAksorn_dataset/test/fo_fan_Trirong-Regular.png,191,ฟ,0.7751,191,ฟ,1,191,0.7751,191(ฟ):0.775 | 190(พ):0.076 | 189(ฝ):0.006,1
PrintAksorn_dataset/test/ho_hip_Aksaramatee-Regular.png,203,ห,0.8964,203,ห,1,203,0.8964,203(ห):0.896 | 183(ท):0.003 | 197(ล):0.003,1
PrintAksorn_dataset/test/ho_hip_NotoSansThai-ExtraLight.png,215,ื,0.0752,203,ห,0,215,0.0752,215(ื):0.075 | 202(ส):0.064 | 200(ศ):0.059,1
PrintAksorn_dataset/test/ho_hip_NotoSansThaiLooped-ExtraLight.png,203,ห,0.7,203,ห,1,203,0.7,203(ห):0.700 | 190(พ):0.018 | 204(ฬ):0.010,1
PrintAksorn_dataset/test/ho_hip_NotoSerifThai-ExtraBold.png,203,ห,0.5279,203,ห,1,203,0.5279,203(ห):0.528 | 179(ณ):0.043 | 185(น):0.037,1
PrintAksorn_dataset/test/ho_hip_NotoSerifThai-ExtraLight.png,203,ห,0.6199,203,ห,1,203,0.6199,203(ห):0.620 | 190(พ):0.021 | 188(ผ):0.020,1
PrintAksorn_dataset/test/ho_hip_Purisa.png,203,ห,0.7133,203,ห,1,203,0.7133,203(ห):0.713 | 204(ฬ):0.022 | 190(พ):0.020,1
PrintAksorn_dataset/test/ho_hip_SR-FahMai-Bold-Italic.png,203,ห,0.7039,203,ห,1,203,0.7039,203(ห):0.704 | 185(น):0.022 | 188(ผ):0.017,1
PrintAksorn_dataset/test/ho_hip_Sawasdee-BoldOblique.png,183,ท,0.1622,203,ห,0,183,0.1622,183(ท):0.162 | 161(ก):0.080 | 177(ฑ):0.077,1
PrintAksorn_dataset/test/ho_hip_TH-Fahkwang-Bold.png,183,ท,0.2957,203,ห,0,183,0.2957,183(ท):0.296 | 203(ห):0.165 | 190(พ):0.033,1
PrintAksorn_dataset/test/ho_hip_Taviraj-ExtraBoldItalic.png,203,ห,0.2037,203,ห,1,203,0.2037,203(ห):0.204 | 185(น):0.077 | 179(ณ):0.066,1
PrintAksorn_dataset/test/ho_hip_Taviraj-SemiBold.png,203,ห,0.3713,203,ห,1,203,0.3713,203(ห):0.371 | 190(พ):0.103 | 185(น):0.024,1
PrintAksorn_dataset/test/ho_hip_TlwgMono-Oblique.png,203,ห,0.8279,203,ห,1,203,0.8279,203(ห):0.828 | 185(น):0.008 | 190(พ):0.007,1
PrintAksorn_dataset/test/ho_hip_TlwgTypo-Bold.png,203,ห,0.5718,203,ห,1,203,0.5718,203(ห):0.572 | 188(ผ):0.049 | 180(ด):0.025,1
PrintAksorn_dataset/test/ho_hip_Waree-Oblique.png,203,ห,0.5395,203,ห,1,203,0.5395,203(ห):0.540 | 190(พ):0.067 | 204(ฬ):0.021,1
PrintAksorn_dataset/test/ho_nokhuk_JS-Oobboon-Normal.png,242,๒,0.1296,206,ฮ,0,242,0.1296,242(๒):0.130 | 205(อ):0.076 | 247(๗):0.056,1
PrintAksorn_dataset/test/ho_nokhuk_JS-Pisit-Normal.png,206,ฮ,0.6695,206,ฮ,1,206,0.6695,206(ฮ):0.669 | 194(ย):0.032 | 205(อ):0.020,1
PrintAksorn_dataset/test/ho_nokhuk_JS-Prajuk-Italic.png,206,ฮ,0.3292,206,ฮ,1,206,0.3292,206(ฮ):0.329 | 170(ช):0.097 | 204(ฬ):0.096,1
PrintAksorn_dataset/test/ho_nokhuk_Kanit-Italic.png,248,๘,0.3384,206,ฮ,0,248,0.3384,248(๘):0.338 | 184(ธ):0.112 | 246(๖):0.053,1
PrintAksorn_dataset/test/ho_nokhuk_Laksaman-BoldItalic.png,206,ฮ,0.9049,206,ฮ,1,206,0.9049,206(ฮ):0.905 | 194(ย):0.008 | 182(ถ):0.004,1
PrintAksorn_dataset/test/ho_nokhuk_NotoSansThai-ExtraCondensed.png,246,๖,0.2036,206,ฮ,0,246,0.2036,246(๖):0.204 | 242(๒):0.079 | 184(ธ):0.059,1
PrintAksorn_dataset/test/ho_nokhuk_PSK-Smart-Bold.png,206,ฮ,0.4456,206,ฮ,1,206,0.4456,206(ฮ):0.446 | 197(ล):0.041 | 184(ธ):0.040,1
PrintAksorn_dataset/test/ho_nokhuk_PSK-SmartBI.png,206,ฮ,0.5425,206,ฮ,1,206,0.5425,206(ฮ):0.542 | 182(ถ):0.026 | 197(ล):0.021,1
PrintAksorn_dataset/test/ho_nokhuk_Prompt-MediumItalic.png,246,๖,0.2033,206,ฮ,0,246,0.2033,246(๖):0.203 | 248(๘):0.152 | 240(๐):0.049,1
PrintAksorn_dataset/test/ho_nokhuk_Prompt-SemiBoldItalic.png,246,๖,0.2119,206,ฮ,0,246,0.2119,246(๖):0.212 | 248(๘):0.136 | 241(๑):0.061,1
PrintAksorn_dataset/test/ho_nokhuk_TH-Sarabun-New-BoldItalic.png,206,ฮ,0.949,206,ฮ,1,206,0.949,206(ฮ):0.949 | 194(ย):0.005 | 182(ถ):0.002,1
PrintAksorn_dataset/test/ho_nokhuk_Taviraj-Light.png,206,ฮ,0.6608,206,ฮ,1,206,0.6608,206(ฮ):0.661 | 248(๘):0.035 | 205(อ):0.028,1
PrintAksorn_dataset/test/ho_nokhuk_Taviraj-SemiBoldItalic.png,206,ฮ,0.3015,206,ฮ,1,206,0.3015,206(ฮ):0.301 | 162(ข):0.041 | 172(ฌ):0.023,1
PrintAksorn_dataset/test/kho_khai_Aksaramatee-Bold-Italic.png,162,ข,0.8712,162,ข,1,162,0.8712,162(ข):0.871 | 217(ู):0.018 | 186(บ):0.008,1
PrintAksorn_dataset/test/kho_khai_DC-Palamongkol-Regular.png,162,ข,0.6416,162,ข,1,162,0.6416,162(ข):0.642 | 194(ย):0.053 | 193(ม):0.013,1
PrintAksorn_dataset/test/kho_khai_JS-Obsaward-Italic.png,162,ข,0.6345,162,ข,1,162,0.6345,162(ข):0.635 | 163(ฃ):0.016 | 203(ห):0.016,1
PrintAksorn_dataset/test/kho_khai_Mitr-ExtraLight.png,194,ย,0.2256,162,ข,0,194,0.2256,194(ย):0.226 | 187(ป):0.054 | 242(๒):0.044,1
PrintAksorn_dataset/test/kho_khai_NotoSansThai-ExtraLight.png,162,ข,0.2707,162,ข,1,162,0.2707,162(ข):0.271 | 186(บ):0.065 | 194(ย):0.057,1
PrintAksorn_dataset/test/kho_khai_NotoSansThaiLooped-Medium.png,162,ข,0.6774,162,ข,1,162,0.6774,162(ข):0.677 | 194(ย):0.043 | 217(ู):0.017,1
PrintAksorn_dataset/test/kho_khai_NotoSerifThai-ExtraCondensed.png,162,ข,0.8782,162,ข,1,162,0.8782,162(ข):0.878 | 193(ม):0.007 | 180(ด):0.005,1
PrintAksorn_dataset/test/kho_khai_Prompt-Black.png,163,ฃ,0.1315,162,ข,0,163,0.1315,163(ฃ):0.131 | 217(ู):0.084 | 242(๒):0.062,1
PrintAksorn_dataset/test/kho_khon_CmPrasanmit-Italic.png,165,ฅ,0.9229,165,ฅ,1,165,0.9229,165(ฅ):0.923 | 161(ก):0.005 | 181(ต):0.003,1
PrintAksorn_dataset/test/kho_khon_JS-Pitsamai-Italic.png,165,ฅ,0.5996,165,ฅ,1,165,0.5996,165(ฅ):0.600 | 243(๓):0.024 | 248(๘):0.023,1
PrintAksorn_dataset/test/kho_khon_Laksaman-Italic.png,165,ฅ,0.9434,165,ฅ,1,165,0.9434,165(ฅ):0.943 | 200(ศ):0.002 | 161(ก):0.002,1
PrintAksorn_dataset/test/kho_khon_Loma-Oblique.png,165,ฅ,0.8404,165,ฅ,1,165,0.8404,165(ฅ):0.840 | 243(๓):0.023 | 242(๒):0.007,1
PrintAksorn_dataset/test/kho_khon_Maitree-ExtraLight.png,165,ฅ,0.8426,165,ฅ,1,165,0.8426,165(ฅ):0.843 | 181(ต):0.018 | 243(๓):0.013,1
PrintAksorn_dataset/test/kho_khon_Norasi-BoldItalic.png,165,ฅ,0.8413,165,ฅ,1,165,0.8413,165(ฅ):0.841 | 181(ต):0.018 | 248(๘):0.008,1
PrintAksorn_dataset/test/kho_khon_Prompt-Thin.png,165,ฅ,0.7103,165,ฅ,1,165,0.7103,165(ฅ):0.710 | 243(๓):0.033 | 161(ก):0.032,1
PrintAksorn_dataset/test/kho_khon_Sarabun-ExtraBoldItalic.png,165,ฅ,0.7426,165,ฅ,1,165,0.7426,165(ฅ):0.743 | 181(ต):0.036 | 243(๓):0.025,1
PrintAksorn_dataset/test/kho_khon_Sawasdee-Bold.png,165,ฅ,0.3016,165,ฅ,1,165,0.3016,165(ฅ):0.302 | 243(๓):0.233 | 161(ก):0.032,1
PrintAksorn_dataset/test/kho_khon_TH-Fahkwang-Bold.png,165,ฅ,0.6512,165,ฅ,1,165,0.6512,165(ฅ):0.651 | 243(๓):0.052 | 181(ต):0.046,1
PrintAksorn_dataset/test/kho_khon_TH-Kodchasal-Bold.png,165,ฅ,0.5059,165,ฅ,1,165,0.5059,165(ฅ):0.506 | 243(๓):0.162 | 181(ต):0.026,1
PrintAksorn_dataset/test/kho_khon_TH-Sarabun-New-Bold.png,165,ฅ,0.8912,165,ฅ,1,165,0.8912,165(ฅ):0.891 | 243(๓):0.009 | 181(ต):0.004,1
PrintAksorn_dataset/test/kho_khon_Taviraj-Light.png,165,ฅ,0.836,165,ฅ,1,165,0.836,165(ฅ):0.836 | 181(ต):0.031 | 243(๓):0.014,1
PrintAksorn_dataset/test/kho_khon_Trirong-ExtraBold.png,165,ฅ,0.5193,165,ฅ,1,165,0.5193,165(ฅ):0.519 | 243(๓):0.124 | 181(ต):0.105,1
PrintAksorn_dataset/test/kho_khuat_JS-Giat-Bold.png,162,ข,0.136,163,ฃ,0,162,0.136,162(ข):0.136 | 166(ฆ):0.132 | 242(๒):0.053,1
PrintAksorn_dataset/test/kho_khuat_JS-Saksit-Normal.png,163,ฃ,0.6274,163,ฃ,1,163,0.6274,163(ฃ):0.627 | 247(๗):0.027 | 162(ข):0.024,1
PrintAksorn_dataset/test/kho_khuat_KaniGa-Bold.png,162,ข,0.6589,163,ฃ,0,162,0.6589,162(ข):0.659 | 163(ฃ):0.063 | 217(ู):0.026,1
PrintAksorn_dataset/test/kho_khuat_NotoSansThai-SemiCondensedBold.png,163,ฃ,0.4088,163,ฃ,1,163,0.4088,163(ฃ):0.409 | 162(ข):0.078 | 215(ื):0.060,1
PrintAksorn_dataset/test/kho_khuat_Sawasdee-Bold.png,194,ย,0.3458,163,ฃ,0,194,0.3458,194(ย):0.346 | 217(ู):0.046 | 201(ษ):0.046,1
PrintAksorn_dataset/test/kho_khuat_Taviraj-Thin.png,194,ย,0.23,163,ฃ,0,194,0.23,194(ย):0.230 | 162(ข):0.229 | 242(๒):0.034,1
PrintAksorn_dataset/test/kho_khwai_Athiti-Bold.png,180,ด,0.1292,164,ค,0,180,0.1292,180(ด):0.129 | 161(ก):0.040 | 205(อ):0.037,1
PrintAksorn_dataset/test/kho_khwai_FonLeb-Italic.png,180,ด,0.7993,164,ค,0,180,0.7993,180(ด):0.799 | 161(ก):0.026 | 168(จ):0.015,1
PrintAksorn_dataset/test/kho_khwai_Kanit-ExtraBoldItalic.png,241,๑,0.216,164,ค,0,241,0.216,241(๑):0.216 | 180(ด):0.157 | 205(อ):0.085,1
PrintAksorn_dataset/test/kho_khwai_Maitree-Bold.png,180,ด,0.2538,164,ค,0,180,0.2538,180(ด):0.254 | 241(๑):0.123 | 197(ล):0.041,1
PrintAksorn_dataset/test/kho_khwai_NotoSansThai-Regular.png,161,ก,0.3799,164,ค,0,161,0.3799,161(ก):0.380 | 168(จ):0.076 | 196(ฤ):0.025,1
PrintAksorn_dataset/test/kho_khwai_Sawasdee-Bold.png,161,ก,0.6391,164,ค,0,161,0.6391,161(ก):0.639 | 180(ด):0.023 | 168(จ):0.015,1
PrintAksorn_dataset/test/kho_khwai_Taviraj-MediumItalic.png,180,ด,0.5124,164,ค,0,180,0.5124,180(ด):0.512 | 241(๑):0.057 | 168(จ):0.048,1
PrintAksorn_dataset/test/kho_khwai_Trirong-ExtraBoldItalic.png,180,ด,0.1224,164,ค,0,180,0.1224,180(ด):0.122 | 205(อ):0.106 | 241(๑):0.074,1
PrintAksorn_dataset/test/kho_rakhang_Athiti-Bold.png,166,ฆ,0.1967,166,ฆ,1,166,0.1967,166(ฆ):0.197 | 194(ย):0.049 | 188(ผ):0.037,1
PrintAksorn_dataset/test/kho_rakhang_Ayuthaya.png,166,ฆ,0.6764,166,ฆ,1,166,0.6764,166(ฆ):0.676 | 193(ม):0.025 | 178(ฒ):0.019,1
PrintAksorn_dataset/test/kho_rakhang_JS-Jindara-Bold.png,166,ฆ,0.7172,166,ฆ,1,166,0.7172,166(ฆ):0.717 | 178(ฒ):0.031 | 193(ม):0.025,1
PrintAksorn_dataset/test/kho_rakhang_JS-Yodthida-Italic.png,166,ฆ,0.8302,166,ฆ,1,166,0.8302,166(ฆ):0.830 | 193(ม):0.013 | 188(ผ):0.011,1
PrintAksorn_dataset/test/kho_rakhang_Mitr-SemiBold.png,242,๒,0.0836,166,ฆ,0,242,0.0836,242(๒):0.084 | 166(ฆ):0.078 | 162(ข):0.046,1
PrintAksorn_dataset/test/kho_rakhang_Taviraj-Black.png,166,ฆ,0.3344,166,ฆ,1,166,0.3344,166(ฆ):0.334 | 178(ฒ):0.171 | 193(ม):0.028,1
PrintAksorn_dataset/test/kho_rakhang_Taviraj-SemiBoldItalic.png,193,ม,0.2545,166,ฆ,0,193,0.2545,193(ม):0.254 | 166(ฆ):0.204 | 178(ฒ):0.107,1
PrintAksorn_dataset/test/kho_rakhang_Umpush.png,166,ฆ,0.5971,166,ฆ,1,166,0.5971,166(ฆ):0.597 | 178(ฒ):0.040 | 193(ม):0.024,1
PrintAksorn_dataset/test/ko_kai_Himmaparnt-Regular.png,161,ก,0.8952,161,ก,1,161,0.8952,161(ก):0.895 | 192(ภ):0.003 | 162(ข):0.003,1
PrintAksorn_dataset/test/ko_kai_JS-Pitsanu.png,161,ก,0.9122,161,ก,1,161,0.9122,161(ก):0.912 | 192(ภ):0.005 | 184(ธ):0.003,1
PrintAksorn_dataset/test/ko_kai_JS-Synjai-Normal.png,161,ก,0.8654,161,ก,1,161,0.8654,161(ก):0.865 | 197(ล):0.005 | 212(ิ):0.005,1
PrintAksorn_dataset/test/ko_kai_Kanit-Medium.png,161,ก,0.561,161,ก,1,161,0.561,161(ก):0.561 | 182(ถ):0.060 | 197(ล):0.047,1
PrintAksorn_dataset/test/ko_kai_NotoSansThai-CondensedBlack.png,161,ก,0.2048,161,ก,1,161,0.2048,161(ก):0.205 | 182(ถ):0.093 | 197(ล):0.058,1
PrintAksorn_dataset/test/ko_kai_NotoSansThai-ExtraCondensedBold.png,161,ก,0.8084,161,ก,1,161,0.8084,161(ก):0.808 | 182(ถ):0.010 | 197(ล):0.010,1
PrintAksorn_dataset/test/ko_kai_NotoSansThai-SemiCondensedMedium.png,161,ก,0.9021,161,ก,1,161,0.9021,161(ก):0.902 | 182(ถ):0.006 | 197(ล):0.003,1
PrintAksorn_dataset/test/ko_kai_NotoSansThaiLooped-Light.png,161,ก,0.9288,161,ก,1,161,0.9288,161(ก):0.929 | 182(ถ):0.002 | 205(อ):0.002,1
PrintAksorn_dataset/test/ko_kai_NotoSansThaiLooped-Medium.png,161,ก,0.8748,161,ก,1,161,0.8748,161(ก):0.875 | 182(ถ):0.013 | 205(อ):0.006,1
PrintAksorn_dataset/test/ko_kai_Taviraj-ExtraBold.png,182,ถ,0.1563,161,ก,0,182,0.1563,182(ถ):0.156 | 161(ก):0.138 | 192(ภ):0.091,1
PrintAksorn_dataset/test/ko_kai_Waree-Oblique.png,161,ก,0.947,161,ก,1,161,0.947,161(ก):0.947 | 192(ภ):0.003 | 182(ถ):0.001,1
PrintAksorn_dataset/test/lakkhangyao_Chonburi-Regular.png,184,ธ,0.3233,229,ๅ,0,184,0.3233,184(ธ):0.323 | 210(า):0.044 | 186(บ):0.036,1
PrintAksorn_dataset/test/lakkhangyao_JS-Prasoplarp-Normal.png,210,า,0.8574,229,ๅ,0,210,0.8574,210(า):0.857 | 245(๕):0.007 | 196(ฤ):0.005,1
PrintAksorn_dataset/test/lakkhangyao_JS-Saksit-Bold-Italic.png,210,า,0.6607,229,ๅ,0,210,0.6607,210(า):0.661 | 232(่):0.046 | 161(ก):0.020,1
PrintAksorn_dataset/test/lakkhangyao_Kanit-ExtraLightItalic.png,210,า,0.8607,229,ๅ,0,210,0.8607,210(า):0.861 | 196(ฤ):0.010 | 245(๕):0.004,1
PrintAksorn_dataset/test/lakkhangyao_NotoSansThai-ExtraLight.png,210,า,0.8793,229,ๅ,0,210,0.8793,210(า):0.879 | 196(ฤ):0.008 | 198(ฦ):0.004,1
PrintAksorn_dataset/test/lakkhangyao_NotoSansThaiLooped-ExtraBold.png,210,า,0.6208,229,ๅ,0,210,0.6208,210(า):0.621 | 161(ก):0.038 | 184(ธ):0.032,1
PrintAksorn_dataset/test/lakkhangyao_Purisa.png,210,า,0.8925,229,ๅ,0,210,0.8925,210(า):0.892 | 198(ฦ):0.006 | 228(ไ):0.003,1
PrintAksorn_dataset/test/lakkhangyao_TlwgTypo.png,210,า,0.8164,229,ๅ,0,210,0.8164,210(า):0.816 | 245(๕):0.011 | 244(๔):0.005,1
PrintAksorn_dataset/test/lakkhangyao_Trirong-MediumItalic.png,210,า,0.794,229,ๅ,0,210,0.794,210(า):0.794 | 161(ก):0.015 | 184(ธ):0.008,1
PrintAksorn_dataset/test/lbrace_Ayuthaya.png,226,โ,0.2473,,,,226,0.2473,226(โ):0.247 | 245(๕):0.200 | 249(๙):0.059,1
PrintAksorn_dataset/test/lbrace_JS-Wanida-Italic.png,226,โ,0.2203,,,,226,0.2203,226(โ):0.220 | 228(ไ):0.102 | 235(๋):0.080,1
PrintAksorn_dataset/test/lbrace_Kanit-Medium.png,226,โ,0.2123,,,,226,0.2123,226(โ):0.212 | 228(ไ):0.145 | 232(่):0.071,1
PrintAksorn_dataset/test/lbrace_Mitr-ExtraLight.png,226,โ,0.1559,,,,226,0.1559,226(โ):0.156 | 232(่):0.116 | 224(เ):0.094,1
PrintAksorn_dataset/test/lbrace_NotoSansThai-ExtraCondensedLight.png,205,อ,0.1814,,,,205,0.1814,205(อ):0.181 | 184(ธ):0.061 | 242(๒):0.044,1
PrintAksorn_dataset/test/lbrace_NotoSansThai-Regular.png,205,อ,0.1765,,,,205,0.1765,205(อ):0.176 | 184(ธ):0.062 | 242(๒):0.043,1
PrintAksorn_dataset/test/lbrace_NotoSerifThai-ExtraCondensedLight.png,205,อ,0.1814,,,,205,0.1814,205(อ):0.181 | 184(ธ):0.061 | 242(๒):0.044,1
PrintAksorn_dataset/test/lbrace_Prompt-Italic.png,235,๋,0.1864,,,,235,0.1864,235(๋):0.186 | 228(ไ):0.171 | 226(โ):0.108,1
PrintAksorn_dataset/test/lbrace_Prompt-Light.png,232,่,0.2385,,,,232,0.2385,232(่):0.239 | 226(โ):0.116 | 228(ไ):0.112,1
PrintAksorn_dataset/test/lbrace_TH-Baijam-Bold-Italic.png,226,โ,0.3203,,,,226,0.3203,226(โ):0.320 | 235(๋):0.149 | 228(ไ):0.068,1
PrintAksorn_dataset/test/lbracket_Himmaparnt-Regular.png,232,่,0.4092,,,,232,0.4092,232(่):0.409 | 226(โ):0.114 | 224(เ):0.109,1
PrintAksorn_dataset/test/lbracket_Kanit-ThinItalic.png,224,เ,0.2261,,,,224,0.2261,224(เ):0.226 | 226(โ):0.153 | 244(๔):0.041,1
PrintAksorn_dataset/test/lbracket_Kinnari-Oblique.png,232,่,0.1942,,,,232,0.1942,232(่):0.194 | 226(โ):0.177 | 224(เ):0.075,1
PrintAksorn_dataset/test/lbracket_Laksaman-BoldItalic.png,226,โ,0.4478,,,,226,0.4478,226(โ):0.448 | 224(เ):0.065 | 232(่):0.051,1
PrintAksorn_dataset/test/lbracket_NotoSerifThai-SemiCondensedExtraLight.png,205,อ,0.1765,,,,205,0.1765,205(อ):0.176 | 184(ธ):0.072 | 161(ก):0.054,1
PrintAksorn_dataset/test/lbracket_NotoSerifThai-SemiCondensedThin.png,205,อ,0.1765,,,,205,0.1765,205(อ):0.176 | 184(ธ):0.072 | 161(ก):0.054,1
PrintAksorn_dataset/test/lbracket_Pridi-Regular.png,232,่,0.31,,,,232,0.31,232(่):0.310 | 226(โ):0.189 | 224(เ):0.095,1
PrintAksorn_dataset/test/lbracket_Prompt-Italic.png,226,โ,0.3489,,,,226,0.3489,226(โ):0.349 | 232(่):0.117 | 224(เ):0.047,1
PrintAksorn_dataset/test/lo_chula_Himmaparnt-Bold.png,204,ฬ,0.5869,204,ฬ,1,204,0.5869,204(ฬ):0.587 | 203(ห):0.034 | 248(๘):0.022,1
PrintAksorn_dataset/test/lo_chula_JS-Thanaporn-Normal.png,188,ผ,0.2529,204,ฬ,0,188,0.2529,188(ผ):0.253 | 215(ื):0.057 | 162(ข):0.048,1
PrintAksorn_dataset/test/lo_chula_Kinnari-Oblique.png,204,ฬ,0.5108,204,ฬ,1,204,0.5108,204(ฬ):0.511 | 190(พ):0.043 | 203(ห):0.039,1
PrintAksorn_dataset/test/lo_chula_TH-Fahkwang-Italic.png,204,ฬ,0.2246,204,ฬ,1,204,0.2246,204(ฬ):0.225 | 203(ห):0.178 | 190(พ):0.033,1
PrintAksorn_dataset/test/lo_ling_ChulaNarak-Bold-Italic.png,197,ล,0.8529,197,ล,1,197,0.8529,197(ล):0.853 | 182(ถ):0.011 | 241(๑):0.005,1
PrintAksorn_dataset/test/lo_ling_DC-Palamongkol-Bold.png,197,ล,0.8096,197,ล,1,197,0.8096,197(ล):0.810 | 168(จ):0.013 | 192(ภ):0.009,1
PrintAksorn_dataset/test/lo_ling_FonLeb-Regular.png,197,ล,0.8702,197,ล,1,197,0.8702,197(ล):0.870 | 241(๑):0.010 | 182(ถ):0.008,1
PrintAksorn_dataset/test/lo_ling_JS-Arisa.png,197,ล,0.832,197,ล,1,197,0.832,197(ล):0.832 | 182(ถ):0.008 | 202(ส):0.007,1
PrintAksorn_dataset/test/lo_ling_JS-Wanida-Italic.png,197,ล,0.8426,197,ล,1,197,0.8426,197(ล):0.843 | 202(ส):0.030 | 192(ภ):0.009,1
PrintAksorn_dataset/test/lo_ling_Kanit-Black.png,197,ล,0.38,197,ล,1,197,0.38,197(ล):0.380 | 205(อ):0.108 | 241(๑):0.081,1
PrintAksorn_dataset/test/lo_ling_Kanit-ExtraBoldItalic.png,197,ล,0.5611,197,ล,1,197,0.5611,197(ล):0.561 | 182(ถ):0.045 | 241(๑):0.031,1
PrintAksorn_dataset/test/lo_ling_Kanit-Light.png,197,ล,0.2002,197,ล,1,197,0.2002,197(ล):0.200 | 241(๑):0.109 | 248(๘):0.091,1
PrintAksorn_dataset/test/lo_ling_Kanit-Thin.png,248,๘,0.1309,197,ล,0,248,0.1309,248(๘):0.131 | 182(ถ):0.100 | 241(๑):0.054,1
PrintAksorn_dataset/test/lo_ling_Mitr-Medium.png,197,ล,0.3176,197,ล,1,197,0.3176,197(ล):0.318 | 241(๑):0.065 | 192(ภ):0.061,1
PrintAksorn_dataset/test/lo_ling_NotoSerifThai-Thin.png,197,ล,0.9145,197,ล,1,197,0.9145,197(ล):0.914 | 182(ถ):0.003 | 202(ส):0.003,1
PrintAksorn_dataset/test/lo_ling_TlwgMono-BoldOblique.png,197,ล,0.8984,197,ล,1,197,0.8984,197(ล):0.898 | 168(จ):0.005 | 215(ื):0.004,1
PrintAksorn_dataset/test/lo_ling_Trirong-Medium.png,197,ล,0.8995,197,ล,1,197,0.8995,197(ล):0.900 | 182(ถ):0.004 | 202(ส):0.003,1
PrintAksorn_dataset/test/lparen_ChulaNarak-Regular.png,244,๔,0.4749,,,,244,0.4749,244(๔):0.475 | 240(๐):0.067 | 224(เ):0.050,1
PrintAksorn_dataset/test/lparen_CmPrasanmit-Bold-Italic.png,232,่,0.1588,,,,232,0.1588,232(่):0.159 | 210(า):0.108 | 224(เ):0.070,1
PrintAksorn_dataset/test/lparen_FonLeb-Regular.png,244,๔,0.2431,,,,244,0.2431,244(๔):0.243 | 240(๐):0.083 | 167(ง):0.069,1
PrintAksorn_dataset/test/lparen_JS-Prajuk-Italic.png,210,า,0.1634,,,,210,0.1634,210(า):0.163 | 224(เ):0.114 | 232(่):0.091,1
PrintAksorn_dataset/test/lparen_JS-Wanida-Italic.png,210,า,0.1661,,,,210,0.1661,210(า):0.166 | 224(เ):0.111 | 232(่):0.087,1
PrintAksorn_dataset/test/lparen_Kanit-ExtraLight.png,244,๔,0.1306,,,,244,0.1306,244(๔):0.131 | 224(เ):0.104 | 167(ง):0.096,1
PrintAksorn_dataset/test/lparen_Loma-BoldOblique.png,244,๔,0.3116,,,,244,0.3116,244(๔):0.312 | 242(๒):0.065 | 248(๘):0.053,1
PrintAksorn_dataset/test/lparen_Maitree-Light.png,232,่,0.1464,,,,232,0.1464,232(่):0.146 | 167(ง):0.132 | 224(เ):0.069,1
PrintAksorn_dataset/test/lparen_NotoSansThai-CondensedExtraLight.png,205,อ,0.1762,,,,205,0.1762,205(อ):0.176 | 184(ธ):0.068 | 161(ก):0.053,1
PrintAksorn_dataset/test/lparen_Purisa-Oblique.png,244,๔,0.3854,,,,244,0.3854,244(๔):0.385 | 224(เ):0.113 | 249(๙):0.057,1
PrintAksorn_dataset/test/lparen_Sarabun-ExtraLightItalic.png,244,๔,0.2531,,,,244,0.2531,244(๔):0.253 | 224(เ):0.120 | 240(๐):0.051,1
PrintAksorn_dataset/test/lparen_TH-Baijam-Bold.png,240,๐,0.0734,,,,240,0.0734,240(๐):0.073 | 167(ง):0.072 | 244(๔):0.072,1
PrintAksorn_dataset/test/lparen_Trirong-LightItalic.png,244,๔,0.1709,,,,244,0.1709,244(๔):0.171 | 224(เ):0.169 | 167(ง):0.060,1
PrintAksorn_dataset/test/mai_chattawa_CmPrasanmit-Italic.png,235,๋,0.9082,235,๋,1,235,0.9082,235(๋):0.908 | 216(ุ):0.003 | 215(ื):0.003,1
PrintAksorn_dataset/test/mai_chattawa_JS-Sadayu-Bold.png,179,ณ,0.3177,235,๋,0,179,0.3177,179(ณ):0.318 | 217(ู):0.091 | 235(๋):0.088,1
PrintAksorn_dataset/test/mai_chattawa_NotoSansThai-CondensedExtraLight.png,235,๋,0.8617,235,๋,1,235,0.8617,235(๋):0.862 | 161(ก):0.007 | 232(่):0.006,1
PrintAksorn_dataset/test/mai_chattawa_NotoSansThai-Thin.png,235,๋,0.8805,235,๋,1,235,0.8805,235(๋):0.881 | 161(ก):0.007 | 196(ฤ):0.005,1
PrintAksorn_dataset/test/mai_chattawa_NotoSerifThai-Black.png,235,๋,0.2129,235,๋,1,235,0.2129,235(๋):0.213 | 179(ณ):0.129 | 171(ซ):0.083,1
PrintAksorn_dataset/test/mai_chattawa_NotoSerifThai-Condensed.png,235,๋,0.7906,235,๋,1,235,0.7906,235(๋):0.791 | 171(ซ):0.019 | 177(ฑ):0.008,1
PrintAksorn_dataset/test/mai_chattawa_Prompt-ExtraBold.png,237,ํ,0.1372,235,๋,0,237,0.1372,237(ํ):0.137 | 163(ฃ):0.046 | 234(๊):0.039,1
PrintAksorn_dataset/test/mai_chattawa_SR-FahMai-Bold.png,235,๋,0.8987,235,๋,1,235,0.8987,235(๋):0.899 | 171(ซ):0.007 | 185(น):0.005,1
PrintAksorn_dataset/test/mai_chattawa_TH-K2D-July8-Italic.png,235,๋,0.8963,235,๋,1,235,0.8963,235(๋):0.896 | 183(ท):0.003 | 177(ฑ):0.002,1
PrintAksorn_dataset/test/mai_chattawa_TH-Sarabun-New-Italic.png,235,๋,0.8959,235,๋,1,235,0.8959,235(๋):0.896 | 232(่):0.004 | 216(ุ):0.003,1
PrintAksorn_dataset/test/mai_chattawa_Taviraj-ExtraLight.png,235,๋,0.8984,235,๋,1,235,0.8984,235(๋):0.898 | 161(ก):0.004 | 232(่):0.004,1
PrintAksorn_dataset/test/mai_chattawa_TlwgMono.png,235,๋,0.7768,235,๋,1,235,0.7768,235(๋):0.777 | 217(ู):0.025 | 185(น):0.014,1
PrintAksorn_dataset/test/mai_chattawa_TlwgTypist-BoldOblique.png,179,ณ,0.106,235,๋,0,179,0.106,179(ณ):0.106 | 166(ฆ):0.065 | 173(ญ):0.062,1
PrintAksorn_dataset/test/mai_chattawa_Umpush-BoldOblique.png,235,๋,0.3976,235,๋,1,235,0.3976,235(๋):0.398 | 179(ณ):0.097 | 185(น):0.048,1
PrintAksorn_dataset/test/mai_ek_JS-Jindara-Italic.png,232,่,0.8651,232,่,1,232,0.8651,232(่):0.865 | 161(ก):0.005 | 234(๊):0.004,1
PrintAksorn_dataset/test/mai_ek_JS-Saksit-Italic.png,232,่,0.7642,232,่,1,232,0.7642,232(่):0.764 | 237(ํ):0.033 | 167(ง):0.016,1
PrintAksorn_dataset/test/mai_ek_Kanit-LightItalic.png,232,่,0.2285,232,่,1,232,0.2285,232(่):0.228 | 237(ํ):0.156 | 217(ู):0.045,1
PrintAksorn_dataset/test/mai_ek_Laksaman-Bold.png,237,ํ,0.1228,232,่,0,237,0.1228,237(ํ):0.123 | 232(่):0.083 | 205(อ):0.053,1
PrintAksorn_dataset/test/mai_ek_Maitree-Medium.png,232,่,0.5512,232,่,1,232,0.5512,232(่):0.551 | 237(ํ):0.036 | 217(ู):0.035,1
PrintAksorn_dataset/test/mai_ek_Norasi-Bold.png,232,่,0.5532,232,่,1,232,0.5532,232(่):0.553 | 167(ง):0.049 | 237(ํ):0.026,1
PrintAksorn_dataset/test/mai_ek_NotoSansThai-CondensedBlack.png,242,๒,0.1366,232,่,0,242,0.1366,242(๒):0.137 | 237(ํ):0.090 | 205(อ):0.066,1
PrintAksorn_dataset/test/mai_ek_NotoSansThai-CondensedBold.png,237,ํ,0.1371,232,่,0,237,0.1371,237(ํ):0.137 | 232(่):0.107 | 242(๒):0.076,1
PrintAksorn_dataset/test/mai_ek_NotoSansThaiLooped-SemiBold.png,242,๒,0.1772,232,่,0,242,0.1772,242(๒):0.177 | 205(อ):0.065 | 237(ํ):0.053,1
PrintAksorn_dataset/test/mai_ek_Prompt-SemiBoldItalic.png,237,ํ,0.2242,232,่,0,237,0.2242,237(ํ):0.224 | 232(่):0.079 | 217(ู):0.052,1
PrintAksorn_dataset/test/mai_ek_Silom.png,232,่,0.8565,232,่,1,232,0.8565,232(่):0.856 | 237(ํ):0.006 | 217(ู):0.006,1
PrintAksorn_dataset/test/mai_ek_TH-Baijam-Bold-Italic.png,232,่,0.6853,232,่,1,232,0.6853,232(่):0.685 | 237(ํ):0.060 | 212(ิ):0.011,1
PrintAksorn_dataset/test/mai_ek_TH-Baijam-Bold.png,232,่,0.6897,232,่,1,232,0.6897,232(่):0.690 | 237(ํ):0.049 | 217(ู):0.017,1
PrintAksorn_dataset/test/mai_ek_TH-Chakra-Petch-Regular.png,232,่,0.8351,232,่,1,232,0.8351,232(่):0.835 | 161(ก):0.005 | 216(ุ):0.004,1
PrintAksorn_dataset/test/mai_ek_TH-Charm-of-AU-Regular.png,232,่,0.8631,232,่,1,232,0.8631,232(่):0.863 | 161(ก):0.003 | 186(บ):0.003,1
PrintAksorn_dataset/test/mai_ek_TH-Fahkwang-Italic.png,232,่,0.8043,232,่,1,232,0.8043,232(่):0.804 | 237(ํ):0.026 | 217(ู):0.007,1
PrintAksorn_dataset/test/mai_ek_Trirong-SemiBold.png,242,๒,0.1772,232,่,0,242,0.1772,242(๒):0.177 | 205(อ):0.065 | 237(ํ):0.053,1
PrintAksorn_dataset/test/mai_ek_Umpush-Oblique.png,237,ํ,0.1898,232,่,0,237,0.1898,237(ํ):0.190 | 232(่):0.133 | 206(ฮ):0.042,1
PrintAksorn_dataset/test/mai_tho_JS-Prajuk-Italic.png,233,้,0.8752,233,้,1,233,0.8752,233(้):0.875 | 209(ั):0.032 | 208(ะ):0.004,1
PrintAksorn_dataset/test/mai_tho_Kanit-Light.png,186,บ,0.304,233,้,0,186,0.304,186(บ):0.304 | 217(ู):0.058 | 243(๓):0.034,1
PrintAksorn_dataset/test/mai_tho_TH-Baijam-Regular.png,233,้,0.6704,233,้,1,233,0.6704,233(้):0.670 | 241(๑):0.045 | 209(ั):0.025,1
PrintAksorn_dataset/test/mai_tho_TH-Srisakdi-Regular.png,209,ั,0.359,233,้,0,209,0.359,209(ั):0.359 | 248(๘):0.193 | 214(ึ):0.039,1
PrintAksorn_dataset/test/mai_tho_Trirong-ExtraLight.png,233,้,0.4343,233,้,1,233,0.4343,233(้):0.434 | 209(ั):0.086 | 241(๑):0.051,1
PrintAksorn_dataset/test/mai_tho_Trirong-SemiBoldItalic.png,233,้,0.3978,233,้,1,233,0.3978,233(้):0.398 | 209(ั):0.058 | 173(ญ):0.041,1
PrintAksorn_dataset/test/mai_tri_JS-Jukaphan.png,234,๊,0.4054,234,๊,1,234,0.4054,234(๊):0.405 | 247(๗):0.396 | 178(ฒ):0.016,1
PrintAksorn_dataset/test/mai_tri_NotoSerifThai-Condensed.png,247,๗,0.8579,234,๊,0,247,0.8579,247(๗):0.858 | 178(ฒ):0.021 | 234(๊):0.006,1
PrintAksorn_dataset/test/mai_tri_NotoSerifThai-ExtraCondensedBlack.png,247,๗,0.7746,234,๊,0,247,0.7746,247(๗):0.775 | 178(ฒ):0.049 | 234(๊):0.010,1
PrintAksorn_dataset/test/mai_tri_TH-Srisakdi-Bold.png,247,๗,0.9038,234,๊,0,247,0.9038,247(๗):0.904 | 172(ฌ):0.007 | 234(๊):0.005,1
PrintAksorn_dataset/test/maihan-akat_JS-Prasoplarp-Normal.png,209,ั,0.8954,209,ั,1,209,0.8954,209(ั):0.895 | 247(๗):0.007 | 168(จ):0.003,1
PrintAksorn_dataset/test/maihan-akat_Kanit-Thin.png,209,ั,0.1786,209,ั,1,209,0.1786,209(ั):0.179 | 213(ี):0.048 | 167(ง):0.047,1
PrintAksorn_dataset/test/maihan-akat_NotoSansThai-SemiCondensedBlack.png,209,ั,0.3515,209,ั,1,209,0.3515,209(ั):0.352 | 214(ึ):0.253 | 167(ง):0.058,1
PrintAksorn_dataset/test/maihan-akat_NotoSerifThai-SemiCondensedThin.png,209,ั,0.9292,209,ั,1,209,0.9292,209(ั):0.929 | 214(ึ):0.002 | 240(๐):0.002,1
PrintAksorn_dataset/test/maihan-akat_TH-KoHo-Italic.png,209,ั,0.8911,209,ั,1,209,0.8911,209(ั):0.891 | 214(ึ):0.004 | 224(เ):0.004,1
PrintAksorn_dataset/test/maitaikhu_JS-Jukaphan.png,248,๘,0.8664,231,็,0,248,0.8664,248(๘):0.866 | 231(็):0.014 | 182(ถ):0.003,1
PrintAksorn_dataset/test/maitaikhu_JS-Obsaward-Italic.png,248,๘,0.7781,231,็,0,248,0.7781,248(๘):0.778 | 231(็):0.103 | 203(ห):0.004,1
PrintAksorn_dataset/test/maitaikhu_Kanit-LightItalic.png,248,๘,0.5007,231,็,0,248,0.5007,248(๘):0.501 | 244(๔):0.279 | 231(็):0.007,1
PrintAksorn_dataset/test/maitaikhu_NotoSerifThai-SemiCondensedSemiBold.png,248,๘,0.8877,231,็,0,248,0.8877,248(๘):0.888 | 231(็):0.005 | 242(๒):0.004,1
PrintAksorn_dataset/test/maitaikhu_TH-Charmonman-Bold.png,249,๙,0.4895,231,็,0,249,0.4895,249(๙):0.489 | 248(๘):0.102 | 247(๗):0.073,1
PrintAksorn_dataset/test/maitaikhu_Umpush-LightOblique.png,248,๘,0.8671,231,็,0,248,0.8671,248(๘):0.867 | 231(็):0.012 | 182(ถ):0.003,1
PrintAksorn_dataset/test/maiyamok_Garuda-BoldOblique.png,230,ๆ,0.8236,230,ๆ,1,230,0.8236,230(ๆ):0.824 | 198(ฦ):0.012 | 163(ฃ):0.011,1
PrintAksorn_dataset/test/maiyamok_JS-Junkaew.png,230,ๆ,0.7547,230,ๆ,1,230,0.7547,230(ๆ):0.755 | 198(ฦ):0.040 | 207(ฯ):0.013,1
PrintAksorn_dataset/test/maiyamok_JS-Pisit-Italic.png,230,ๆ,0.8488,230,ๆ,1,230,0.8488,230(ๆ):0.849 | 198(ฦ):0.013 | 163(ฃ):0.011,1
PrintAksorn_dataset/test/maiyamok_Kanit-Italic.png,243,๓,0.743,230,ๆ,0,243,0.743,243(๓):0.743 | 230(ๆ):0.027 | 196(ฤ):0.016,1
PrintAksorn_dataset/test/maiyamok_NotoSansThai-CondensedExtraBold.png,230,ๆ,0.4445,230,ๆ,1,230,0.4445,230(ๆ):0.445 | 163(ฃ):0.099 | 196(ฤ):0.071,1
PrintAksorn_dataset/test/maiyamok_NotoSansThai-ExtraCondensedBlack.png,230,ๆ,0.3616,230,ๆ,1,230,0.3616,230(ๆ):0.362 | 163(ฃ):0.259 | 198(ฦ):0.031,1
PrintAksorn_dataset/test/maiyamok_NotoSansThai-SemiCondensedThin.png,230,ๆ,0.7339,230,ๆ,1,230,0.7339,230(ๆ):0.734 | 196(ฤ):0.079 | 243(๓):0.012,1
PrintAksorn_dataset/test/maiyamok_NotoSansThaiLooped-Bold.png,230,ๆ,0.5886,230,ๆ,1,230,0.5886,230(ๆ):0.589 | 243(๓):0.058 | 163(ฃ):0.037,1
PrintAksorn_dataset/test/maiyamok_NotoSerifThai-CondensedLight.png,196,ฤ,0.6125,230,ๆ,0,196,0.6125,196(ฤ):0.612 | 230(ๆ):0.170 | 241(๑):0.015,1
PrintAksorn_dataset/test/maiyamok_NotoSerifThai-SemiCondensedExtraBold.png,162,ข,0.2355,230,ๆ,0,162,0.2355,162(ข):0.236 | 198(ฦ):0.220 | 196(ฤ):0.035,1
PrintAksorn_dataset/test/maiyamok_TlwgMono-Bold.png,230,ๆ,0.6896,230,ๆ,1,230,0.6896,230(ๆ):0.690 | 163(ฃ):0.036 | 243(๓):0.020,1
PrintAksorn_dataset/test/maiyamok_Waree-Bold.png,198,ฦ,0.2595,230,ๆ,0,198,0.2595,198(ฦ):0.260 | 230(ๆ):0.111 | 196(ฤ):0.083,1
PrintAksorn_dataset/test/mdash_JS-Chodok-Bold.png,212,ิ,0.1254,,,,212,0.1254,212(ิ):0.125 | 209(ั):0.058 | 214(ึ):0.041,1
PrintAksorn_dataset/test/mdash_Kinnari-Italic.png,209,ั,0.1219,,,,209,0.1219,209(ั):0.122 | 212(ิ):0.101 | 248(๘):0.052,1
PrintAksorn_dataset/test/mdash_Laksaman-Italic.png,209,ั,0.172,,,,209,0.172,209(ั):0.172 | 212(ิ):0.096 | 248(๘):0.066,1
PrintAksorn_dataset/test/mdash_NotoSansThai-ExtraCondensedThin.png,205,อ,0.1814,,,,205,0.1814,205(อ):0.181 | 184(ธ):0.061 | 242(๒):0.044,1
PrintAksorn_dataset/test/mdash_NotoSansThai-SemiCondensed.png,205,อ,0.1765,,,,205,0.1765,205(อ):0.176 | 184(ธ):0.072 | 161(ก):0.054,1
PrintAksorn_dataset/test/mdash_NotoSerifThai-ExtraCondensedExtraBold.png,205,อ,0.1806,,,,205,0.1806,205(อ):0.181 | 184(ธ):0.062 | 242(๒):0.044,1
PrintAksorn_dataset/test/mdash_NotoSerifThai-ExtraCondensedLight.png,205,อ,0.1814,,,,205,0.1814,205(อ):0.181 | 184(ธ):0.061 | 242(๒):0.044,1
PrintAksorn_dataset/test/mdash_NotoSerifThai-SemiCondensedExtraLight.png,205,อ,0.1765,,,,205,0.1765,205(อ):0.176 | 184(ธ):0.072 | 161(ก):0.054,1
PrintAksorn_dataset/test/mdash_NotoSerifThai-SemiCondensedSemiBold.png,205,อ,0.1765,,,,205,0.1765,205(อ):0.176 | 184(ธ):0.072 | 161(ก):0.054,1
PrintAksorn_dataset/test/mdash_Purisa-BoldOblique.png,248,๘,0.1149,,,,248,0.1149,248(๘):0.115 | 212(ิ):0.076 | 209(ั):0.059,1
PrintAksorn_dataset/test/mdash_TH-Sarabun-New-Bold.png,212,ิ,0.1689,,,,212,0.1689,212(ิ):0.169 | 209(ั):0.086 | 248(๘):0.051,1
PrintAksorn_dataset/test/mdash_Taviraj-Light.png,212,ิ,0.1429,,,,212,0.1429,212(ิ):0.143 | 209(ั):0.108 | 248(๘):0.059,1
PrintAksorn_dataset/test/mo_ma_JS-Pitsamai-Italic.png,193,ม,0.9597,193,ม,1,193,0.9597,193(ม):0.960 | 190(พ):0.002 | 173(ญ):0.002,1
PrintAksorn_dataset/test/mo_ma_KaniGa-Regular.png,193,ม,0.6144,193,ม,1,193,0.6144,193(ม):0.614 | 186(บ):0.085 | 162(ข):0.009,1
PrintAksorn_dataset/test/mo_ma_Mitr-ExtraLight.png,186,บ,0.0997,193,ม,0,186,0.0997,186(บ):0.100 | 224(เ):0.079 | 242(๒):0.032,1
PrintAksorn_dataset/test/mo_ma_NotoSansThai-Thin.png,224,เ,0.1576,193,ม,0,224,0.1576,224(เ):0.158 | 242(๒):0.074 | 187(ป):0.055,1
PrintAksorn_dataset/test/mo_ma_NotoSerifThai-Light.png,193,ม,0.8681,193,ม,1,193,0.8681,193(ม):0.868 | 186(บ):0.009 | 173(ญ):0.005,1
PrintAksorn_dataset/test/mo_ma_Purisa-Bold.png,193,ม,0.8477,193,ม,1,193,0.8477,193(ม):0.848 | 190(พ):0.014 | 191(ฟ):0.007,1
PrintAksorn_dataset/test/mo_ma_TH-Baijam-Italic.png,193,ม,0.8754,193,ม,1,193,0.8754,193(ม):0.875 | 186(บ):0.013 | 192(ภ):0.005,1
PrintAksorn_dataset/test/mo_ma_TH-Baijam-Regular.png,193,ม,0.8783,193,ม,1,193,0.8783,193(ม):0.878 | 186(บ):0.008 | 191(ฟ):0.004,1
PrintAksorn_dataset/test/mo_ma_TlwgTypo-BoldOblique.png,193,ม,0.9504,193,ม,1,193,0.9504,193(ม):0.950 | 173(ญ):0.002 | 191(ฟ):0.002,1
PrintAksorn_dataset/test/mo_ma_Trirong-Medium.png,193,ม,0.8835,193,ม,1,193,0.8835,193(ม):0.883 | 173(ญ):0.006 | 191(ฟ):0.004,1
PrintAksorn_dataset/test/ndash_JS-Charnchai-Normal.png,212,ิ,0.1751,,,,212,0.1751,212(ิ):0.175 | 214(ึ):0.042 | 232(่):0.035,1
PrintAksorn_dataset/test/ndash_Kanit-ExtraBold.png,212,ิ,0.2401,,,,212,0.2401,212(ิ):0.240 | 213(ี):0.066 | 214(ึ):0.049,1
PrintAksorn_dataset/test/ndash_NotoSansThai-CondensedExtraLight.png,205,อ,0.1762,,,,205,0.1762,205(อ):0.176 | 184(ธ):0.068 | 161(ก):0.053,1
PrintAksorn_dataset/test/ndash_Sawasdee.png,212,ิ,0.236,,,,212,0.236,212(ิ):0.236 | 214(ึ):0.079 | 209(ั):0.042,1
PrintAksorn_dataset/test/ndash_Taviraj-ExtraBold.png,212,ิ,0.1303,,,,212,0.1303,212(ิ):0.130 | 214(ึ):0.048 | 209(ั):0.039,1
PrintAksorn_dataset/test/ngo_ngu_FonLeb-Italic.png,167,ง,0.8375,167,ง,1,167,0.8375,167(ง):0.838 | 162(ข):0.006 | 168(จ):0.005,1
PrintAksorn_dataset/test/ngo_ngu_JS-Jindara-Bold.png,167,ง,0.9425,167,ง,1,167,0.9425,167(ง):0.942 | 213(ี):0.001 | 170(ช):0.001,1
PrintAksorn_dataset/test/ngo_ngu_JS-Pranee-Italic.png,167,ง,0.646,167,ง,1,167,0.646,167(ง):0.646 | 240(๐):0.096 | 205(อ):0.014,1
PrintAksorn_dataset/test/ngo_ngu_Kanit-Bold.png,246,๖,0.3156,167,ง,0,246,0.3156,246(๖):0.316 | 242(๒):0.163 | 205(อ):0.103,1
PrintAksorn_dataset/test/ngo_ngu_NotoSansThai-CondensedBold.png,242,๒,0.2982,167,ง,0,242,0.2982,242(๒):0.298 | 240(๐):0.209 | 185(น):0.028,1
PrintAksorn_dataset/test/ngo_ngu_NotoSerifThai-ExtraCondensedExtraBold.png,167,ง,0.232,167,ง,1,167,0.232,167(ง):0.232 | 162(ข):0.053 | 247(๗):0.046,1
PrintAksorn_dataset/test/ngo_ngu_Pridi-Bold.png,242,๒,0.1654,167,ง,0,242,0.1654,242(๒):0.165 | 248(๘):0.133 | 241(๑):0.075,1
PrintAksorn_dataset/test/ngo_ngu_Prompt-LightItalic.png,240,๐,0.217,167,ง,0,240,0.217,240(๐):0.217 | 242(๒):0.101 | 246(๖):0.068,1
PrintAksorn_dataset/test/ngo_ngu_Prompt-Regular.png,240,๐,0.1689,167,ง,0,240,0.1689,240(๐):0.169 | 246(๖):0.140 | 242(๒):0.139,1
PrintAksorn_dataset/test/no_nen_FonLeb-Bold-Italic.png,179,ณ,0.6523,179,ณ,1,179,0.6523,179(ณ):0.652 | 172(ฌ):0.019 | 173(ญ):0.017,1
PrintAksorn_dataset/test/no_nen_Kanit-ExtraLight.png,179,ณ,0.2934,179,ณ,1,179,0.2934,179(ณ):0.293 | 173(ญ):0.120 | 243(๓):0.043,1
PrintAksorn_dataset/test/no_nen_Maitree-Regular.png,179,ณ,0.5179,179,ณ,1,179,0.5179,179(ณ):0.518 | 243(๓):0.030 | 178(ฒ):0.022,1
PrintAksorn_dataset/test/no_nen_Nakaracha-Regular.png,179,ณ,0.8566,179,ณ,1,179,0.8566,179(ณ):0.857 | 178(ฒ):0.005 | 243(๓):0.005,1
PrintAksorn_dataset/test/no_nen_NotoSansThai-ExtraCondensedBlack.png,172,ฌ,0.4572,179,ณ,0,172,0.4572,172(ฌ):0.457 | 179(ณ):0.079 | 178(ฒ):0.068,1
PrintAksorn_dataset/test/no_nen_NotoSansThaiLooped-Bold.png,179,ณ,0.7612,179,ณ,1,179,0.7612,179(ณ):0.761 | 173(ญ):0.017 | 172(ฌ):0.011,1
PrintAksorn_dataset/test/no_nen_NotoSerifThai-CondensedLight.png,179,ณ,0.8376,179,ณ,1,179,0.8376,179(ณ):0.838 | 243(๓):0.009 | 228(ไ):0.006,1
PrintAksorn_dataset/test/no_nen_Pattaya-Regular.png,179,ณ,0.1602,179,ณ,1,179,0.1602,179(ณ):0.160 | 247(๗):0.106 | 178(ฒ):0.060,1
PrintAksorn_dataset/test/no_nen_Prompt-SemiBold.png,179,ณ,0.2418,179,ณ,1,179,0.2418,179(ณ):0.242 | 173(ญ):0.092 | 247(๗):0.060,1
PrintAksorn_dataset/test/no_nen_Sarabun-Thin.png,179,ณ,0.5957,179,ณ,1,179,0.5957,179(ณ):0.596 | 172(ฌ):0.019 | 243(๓):0.015,1
PrintAksorn_dataset/test/no_nen_Sawasdee-BoldOblique.png,179,ณ,0.4128,179,ณ,1,179,0.4128,179(ณ):0.413 | 172(ฌ):0.038 | 161(ก):0.028,1
PrintAksorn_dataset/test/no_nen_TH-Sarabun-New-Bold.png,179,ณ,0.7059,179,ณ,1,179,0.7059,179(ณ):0.706 | 243(๓):0.015 | 172(ฌ):0.014,1
PrintAksorn_dataset/test/no_nen_Waree-Oblique.png,179,ณ,0.8193,179,ณ,1,179,0.8193,179(ณ):0.819 | 172(ฌ):0.012 | 243(๓):0.009,1
PrintAksorn_dataset/test/no_nu_Ayuthaya.png,185,น,0.6511,185,น,1,185,0.6511,185(น):0.651 | 193(ม):0.059 | 186(บ):0.019,1
PrintAksorn_dataset/test/no_nu_DC-Palamongkol-Bold.png,185,น,0.4456,185,น,1,185,0.4456,185(น):0.446 | 193(ม):0.056 | 190(พ):0.047,1
PrintAksorn_dataset/test/no_nu_JS-Chulee.png,185,น,0.6549,185,น,1,185,0.6549,185(น):0.655 | 188(ผ):0.035 | 242(๒):0.020,1
PrintAksorn_dataset/test/no_nu_JS-Jukaphan.png,185,น,0.6339,185,น,1,185,0.6339,185(น):0.634 | 193(ม):0.037 | 186(บ):0.030,1
PrintAksorn_dataset/test/no_nu_JS-Mookravee-Normal.png,185,น,0.6634,185,น,1,185,0.6634,185(น):0.663 | 186(บ):0.060 | 193(ม):0.029,1
PrintAksorn_dataset/test/no_nu_JS-Pisit-Italic.png,185,น,0.5797,185,น,1,185,0.5797,185(น):0.580 | 186(บ):0.059 | 193(ม):0.041,1
PrintAksorn_dataset/test/no_nu_JS-Prapakorn-Normal.png,203,ห,0.1198,185,น,0,203,0.1198,203(ห):0.120 | 188(ผ):0.095 | 186(บ):0.060,1
PrintAksorn_dataset/test/no_nu_JS-Wansika-Italic.png,179,ณ,0.1157,185,น,0,179,0.1157,179(ณ):0.116 | 204(ฬ):0.067 | 185(น):0.066,1
PrintAksorn_dataset/test/no_nu_Mitr-Regular.png,188,ผ,0.2683,185,น,0,188,0.2683,188(ผ):0.268 | 186(บ):0.053 | 194(ย):0.036,1
PrintAksorn_dataset/test/no_nu_Nakaracha-Regular.png,185,น,0.8635,185,น,1,185,0.8635,185(น):0.863 | 193(ม):0.008 | 190(พ):0.007,1
PrintAksorn_dataset/test/no_nu_NotoSansThai-SemiCondensed.png,186,บ,0.1494,185,น,0,186,0.1494,186(บ):0.149 | 194(ย):0.073 | 232(่):0.054,1
PrintAksorn_dataset/test/no_nu_PSK-SmartBI.png,185,น,0.5609,185,น,1,185,0.5609,185(น):0.561 | 193(ม):0.047 | 190(พ):0.037,1
PrintAksorn_dataset/test/no_nu_Prompt-ThinItalic.png,224,เ,0.0688,185,น,0,224,0.0688,224(เ):0.069 | 187(ป):0.066 | 186(บ):0.063,1
PrintAksorn_dataset/test/no_nu_TH-Kodchasal-Bold.png,185,น,0.3662,185,น,1,185,0.3662,185(น):0.366 | 186(บ):0.051 | 201(ษ):0.040,1
PrintAksorn_dataset/test/no_nu_TlwgMono.png,185,น,0.8285,185,น,1,185,0.8285,185(น):0.828 | 193(ม):0.009 | 246(๖):0.009,1
PrintAksorn_dataset/test/o_ang_CmPrasanmit-Italic.png,205,อ,0.9476,205,อ,1,205,0.9476,205(อ):0.948 | 182(ถ):0.003 | 242(๒):0.002,1
PrintAksorn_dataset/test/o_ang_JS-Jukaphan.png,205,อ,0.9043,205,อ,1,205,0.9043,205(อ):0.904 | 182(ถ):0.005 | 248(๘):0.003,1
PrintAksorn_dataset/test/o_ang_JS-Padachamai-Normal.png,205,อ,0.7927,205,อ,1,205,0.7927,205(อ):0.793 | 197(ล):0.014 | 241(๑):0.010,1
PrintAksorn_dataset/test/o_ang_JS-Saksit-Bold-Italic.png,205,อ,0.8987,205,อ,1,205,0.8987,205(อ):0.899 | 240(๐):0.014 | 241(๑):0.012,1
PrintAksorn_dataset/test/o_ang_JS-Thanaporn-Normal.png,205,อ,0.4209,205,อ,1,205,0.4209,205(อ):0.421 | 240(๐):0.244 | 241(๑):0.033,1
PrintAksorn_dataset/test/o_ang_Kanit-BlackItalic.png,241,๑,0.5889,205,อ,0,241,0.5889,241(๑):0.589 | 205(อ):0.131 | 246(๖):0.019,1
PrintAksorn_dataset/test/o_ang_Kanit-ExtraLightItalic.png,205,อ,0.3628,205,อ,1,205,0.3628,205(อ):0.363 | 240(๐):0.109 | 242(๒):0.092,1
PrintAksorn_dataset/test/o_ang_NotoSansThai-CondensedLight.png,205,อ,0.6479,205,อ,1,205,0.6479,205(อ):0.648 | 240(๐):0.082 | 182(ถ):0.026,1
PrintAksorn_dataset/test/o_ang_NotoSansThaiLooped-Thin.png,205,อ,0.9479,205,อ,1,205,0.9479,205(อ):0.948 | 182(ถ):0.005 | 248(๘):0.002,1
PrintAksorn_dataset/test/o_ang_NotoSerifThai-CondensedExtraLight.png,205,อ,0.8022,205,อ,1,205,0.8022,205(อ):0.802 | 182(ถ):0.034 | 246(๖):0.012,1
PrintAksorn_dataset/test/o_ang_NotoSerifThai-ExtraCondensedMedium.png,205,อ,0.7439,205,อ,1,205,0.7439,205(อ):0.744 | 182(ถ):0.044 | 246(๖):0.015,1
PrintAksorn_dataset/test/o_ang_Prompt-ThinItalic.png,205,อ,0.2492,205,อ,1,205,0.2492,205(อ):0.249 | 240(๐):0.214 | 246(๖):0.097,1
PrintAksorn_dataset/test/o_ang_Sarabun-ExtraBoldItalic.png,205,อ,0.6564,205,อ,1,205,0.6564,205(อ):0.656 | 241(๑):0.046 | 240(๐):0.022,1
PrintAksorn_dataset/test/o_ang_Sawasdee-Bold.png,240,๐,0.7632,205,อ,0,240,0.7632,240(๐):0.763 | 205(อ):0.029 | 241(๑):0.025,1
PrintAksorn_dataset/test/o_ang_TH-Krub-Regular.png,205,อ,0.8125,205,อ,1,205,0.8125,205(อ):0.813 | 246(๖):0.017 | 241(๑):0.007,1
PrintAksorn_dataset/test/o_ang_TH-Srisakdi-Bold.png,205,อ,0.7228,205,อ,1,205,0.7228,205(อ):0.723 | 206(ฮ):0.021 | 182(ถ):0.016,1
PrintAksorn_dataset/test/o_ang_TH-Srisakdi-Regular.png,205,อ,0.7913,205,อ,1,205,0.7913,205(อ):0.791 | 206(ฮ):0.014 | 182(ถ):0.011,1
PrintAksorn_dataset/test/o_ang_Trirong-ThinItalic.png,205,อ,0.9422,205,อ,1,205,0.9422,205(อ):0.942 | 182(ถ):0.011 | 242(๒):0.004,1
PrintAksorn_dataset/test/o_ang_Umpush-LightOblique.png,205,อ,0.876,205,อ,1,205,0.876,205(อ):0.876 | 242(๒):0.006 | 248(๘):0.006,1
PrintAksorn_dataset/test/paiyannoi_CmPrasanmit-Italic.png,207,ฯ,0.8246,207,ฯ,1,207,0.8246,207(ฯ):0.825 | 167(ง):0.008 | 227(ใ):0.008,1
PrintAksorn_dataset/test/paiyannoi_Prompt-BoldItalic.png,207,ฯ,0.4028,207,ฯ,1,207,0.4028,207(ฯ):0.403 | 194(ย):0.164 | 217(ู):0.041,1
PrintAksorn_dataset/test/paiyannoi_TH-Fahkwang-Bold-Italic.png,207,ฯ,0.7933,207,ฯ,1,207,0.7933,207(ฯ):0.793 | 227(ใ):0.013 | 228(ไ):0.010,1
PrintAksorn_dataset/test/paiyannoi_Waree-Bold.png,207,ฯ,0.8397,207,ฯ,1,207,0.8397,207(ฯ):0.840 | 228(ไ):0.008 | 217(ู):0.006,1
PrintAksorn_dataset/test/pho_phan_ChulaNarak-Italic.png,190,พ,0.9131,190,พ,1,190,0.9131,190(พ):0.913 | 188(ผ):0.005 | 191(ฟ):0.004,1
PrintAksorn_dataset/test/pho_phan_Kinnari.png,190,พ,0.7842,190,พ,1,190,0.7842,190(พ):0.784 | 188(ผ):0.047 | 178(ฒ):0.008,1
PrintAksorn_dataset/test/pho_phan_NotoSansThai-ExtraCondensedBlack.png,190,พ,0.1398,190,พ,1,190,0.1398,190(พ):0.140 | 247(๗):0.126 | 234(๊):0.124,1
PrintAksorn_dataset/test/pho_phan_NotoSerifThai-CondensedMedium.png,190,พ,0.885,190,พ,1,190,0.885,190(พ):0.885 | 188(ผ):0.019 | 178(ฒ):0.004,1
PrintAksorn_dataset/test/pho_phan_Sriracha-Regular.png,190,พ,0.2198,190,พ,1,190,0.2198,190(พ):0.220 | 188(ผ):0.162 | 247(๗):0.123,1
PrintAksorn_dataset/test/pho_phan_Waree-Bold.png,190,พ,0.8424,190,พ,1,190,0.8424,190(พ):0.842 | 188(ผ):0.007 | 178(ฒ):0.005,1
PrintAksorn_dataset/test/pho_phueng_Itim-Regular.png,188,ผ,0.8524,188,ผ,1,188,0.8524,188(ผ):0.852 | 248(๘):0.008 | 194(ย):0.005,1
PrintAksorn_dataset/test/pho_phueng_JS-Jindara-Bold-Italic.png,188,ผ,0.8506,188,ผ,1,188,0.8506,188(ผ):0.851 | 189(ฝ):0.014 | 193(ม):0.004,1
PrintAksorn_dataset/test/pho_phueng_NotoSerifThai-SemiCondensed.png,188,ผ,0.8988,188,ผ,1,188,0.8988,188(ผ):0.899 | 189(ฝ):0.005 | 178(ฒ):0.004,1
PrintAksorn_dataset/test/pho_samphao_JS-Giat-Bold.png,192,ภ,0.7368,192,ภ,1,192,0.7368,192(ภ):0.737 | 173(ญ):0.019 | 182(ถ):0.017,1
PrintAksorn_dataset/test/pho_samphao_JS-Rapee-Normal.png,192,ภ,0.8893,192,ภ,1,192,0.8893,192(ภ):0.889 | 161(ก):0.008 | 179(ณ):0.003,1
PrintAksorn_dataset/test/pho_samphao_Kanit-BoldItalic.png,192,ภ,0.4835,192,ภ,1,192,0.4835,192(ภ):0.483 | 182(ถ):0.082 | 173(ญ):0.040,1
PrintAksorn_dataset/test/pho_samphao_Kanit-LightItalic.png,161,ก,0.9508,192,ภ,0,161,0.9508,161(ก):0.951 | 192(ภ):0.011 | 182(ถ):0.001,1
PrintAksorn_dataset/test/pho_samphao_Sarabun-ThinItalic.png,192,ภ,0.8681,192,ภ,1,192,0.8681,192(ภ):0.868 | 182(ถ):0.009 | 179(ณ):0.004,1
PrintAksorn_dataset/test/pho_samphao_TH-Mali-Grade6-Regular.png,192,ภ,0.8858,192,ภ,1,192,0.8858,192(ภ):0.886 | 182(ถ):0.007 | 198(ฦ):0.003,1
PrintAksorn_dataset/test/pho_samphao_Taviraj-Thin.png,192,ภ,0.7784,192,ภ,1,192,0.7784,192(ภ):0.778 | 182(ถ):0.020 | 194(ย):0.006,1
PrintAksorn_dataset/test/po_pla_Aksaramatee-Bold.png,187,ป,0.7204,187,ป,1,187,0.7204,187(ป):0.720 | 217(ู):0.012 | 186(บ):0.011,1
PrintAksorn_dataset/test/po_pla_Itim-Regular.png,187,ป,0.5004,187,ป,1,187,0.5004,187(ป):0.500 | 186(บ):0.346 | 217(ู):0.005,1
PrintAksorn_dataset/test/po_pla_JS-Arisa.png,187,ป,0.8417,187,ป,1,187,0.8417,187(ป):0.842 | 186(บ):0.011 | 210(า):0.005,1
PrintAksorn_dataset/test/po_pla_JS-Obsaward-Italic.png,187,ป,0.8134,187,ป,1,187,0.8134,187(ป):0.813 | 191(ฟ):0.010 | 189(ฝ):0.009,1
PrintAksorn_dataset/test/po_pla_JS-Prapakorn-Normal.png,187,ป,0.2196,187,ป,1,187,0.2196,187(ป):0.220 | 186(บ):0.085 | 224(เ):0.054,1
PrintAksorn_dataset/test/po_pla_JS-Puriphop-Normal.png,187,ป,0.8555,187,ป,1,187,0.8555,187(ป):0.855 | 186(บ):0.008 | 217(ู):0.006,1
PrintAksorn_dataset/test/po_pla_JS-Saksit-Bold-Italic.png,187,ป,0.8532,187,ป,1,187,0.8532,187(ป):0.853 | 191(ฟ):0.005 | 217(ู):0.004,1
PrintAksorn_dataset/test/po_pla_KaniGa-Regular.png,187,ป,0.8261,187,ป,1,187,0.8261,187(ป):0.826 | 186(บ):0.008 | 210(า):0.005,1
PrintAksorn_dataset/test/po_pla_NotoSansThaiLooped-ExtraBold.png,187,ป,0.4761,187,ป,1,187,0.4761,187(ป):0.476 | 186(บ):0.191 | 217(ู):0.042,1
PrintAksorn_dataset/test/po_pla_Sarabun-Italic.png,187,ป,0.746,187,ป,1,187,0.746,187(ป):0.746 | 186(บ):0.020 | 217(ู):0.011,1
PrintAksorn_dataset/test/po_pla_TH-Sarabun-New-Regular.png,187,ป,0.7782,187,ป,1,187,0.7782,187(ป):0.778 | 162(ข):0.009 | 224(เ):0.006,1
PrintAksorn_dataset/test/po_pla_TlwgTypo.png,187,ป,0.733,187,ป,1,187,0.733,187(ป):0.733 | 186(บ):0.104 | 210(า):0.006,1
PrintAksorn_dataset/test/question_Himmaparnt-Bold-Italic.png,227,ใ,0.2419,,,,227,0.2419,227(ใ):0.242 | 226(โ):0.124 | 210(า):0.081,1
PrintAksorn_dataset/test/question_Kanit-Black.png,245,๕,0.1696,,,,245,0.1696,245(๕):0.170 | 195(ร):0.072 | 248(๘):0.056,1
PrintAksorn_dataset/test/question_Norasi-Italic.png,227,ใ,0.2029,,,,227,0.2029,227(ใ):0.203 | 246(๖):0.072 | 199(ว):0.068,1
PrintAksorn_dataset/test/question_NotoSerifThai-SemiCondensedBlack.png,205,อ,0.1806,,,,205,0.1806,205(อ):0.181 | 184(ธ):0.062 | 242(๒):0.044,1
PrintAksorn_dataset/test/question_SR-FahMai-Italic.png,227,ใ,0.2195,,,,227,0.2195,227(ใ):0.220 | 246(๖):0.082 | 199(ว):0.043,1
PrintAksorn_dataset/test/question_TH-Baijam-Italic.png,226,โ,0.1486,,,,226,0.1486,226(โ):0.149 | 227(ใ):0.121 | 246(๖):0.049,1
PrintAksorn_dataset/test/question_Umpush-Bold.png,199,ว,0.1654,,,,199,0.1654,199(ว):0.165 | 210(า):0.090 | 226(โ):0.048,1
PrintAksorn_dataset/test/quote_CmPrasanmit-Italic.png,232,่,0.2808,,,,232,0.2808,232(่):0.281 | 161(ก):0.280 | 189(ฝ):0.024,1
PrintAksorn_dataset/test/quote_JS-Junkaew-Italic.png,232,่,0.29,,,,232,0.29,232(่):0.290 | 161(ก):0.212 | 217(ู):0.019,1
PrintAksorn_dataset/test/quote_JS-Sadayu-Allcaps.png,217,ู,0.1181,,,,217,0.1181,217(ู):0.118 | 161(ก):0.056 | 232(่):0.050,1
PrintAksorn_dataset/test/quote_KaniGa-Italic.png,161,ก,0.1956,,,,161,0.1956,161(ก):0.196 | 232(่):0.175 | 217(ู):0.050,1
PrintAksorn_dataset/test/quote_Laksaman-Italic.png,232,่,0.1895,,,,232,0.1895,232(่):0.190 | 161(ก):0.140 | 188(ผ):0.035,1
PrintAksorn_dataset/test/quote_Maitree-Regular.png,161,ก,0.1088,,,,161,0.1088,161(ก):0.109 | 232(่):0.105 | 188(ผ):0.057,1
PrintAksorn_dataset/test/quote_NotoSansThai-SemiCondensedMedium.png,205,อ,0.1765,,,,205,0.1765,205(อ):0.176 | 184(ธ):0.072 | 161(ก):0.054,1
PrintAksorn_dataset/test/quote_NotoSansThaiLooped-Regular.png,217,ู,0.0668,,,,217,0.0668,217(ู):0.067 | 163(ฃ):0.064 | 232(่):0.062,1
PrintAksorn_dataset/test/quote_NotoSerifThai-ExtraCondensed.png,205,อ,0.1806,,,,205,0.1806,205(อ):0.181 | 184(ธ):0.062 | 242(๒):0.044,1
PrintAksorn_dataset/test/quote_PSK-Smart-Regular.png,232,่,0.1543,,,,232,0.1543,232(่):0.154 | 217(ู):0.075 | 161(ก):0.041,1
PrintAksorn_dataset/test/quote_Pridi-ExtraLight.png,232,่,0.1178,,,,232,0.1178,232(่):0.118 | 161(ก):0.097 | 217(ู):0.082,1
PrintAksorn_dataset/test/quote_TH-Krub-Bold.png,217,ู,0.1632,,,,217,0.1632,217(ู):0.163 | 161(ก):0.053 | 173(ญ):0.047,1
PrintAksorn_dataset/test/quote_TlwgTypo-Bold.png,188,ผ,0.1063,,,,188,0.1063,188(ผ):0.106 | 181(ต):0.085 | 234(๊):0.037,1
PrintAksorn_dataset/test/quote_Umpush-Bold.png,181,ต,0.1503,,,,181,0.1503,181(ต):0.150 | 234(๊):0.070 | 165(ฅ):0.067,1
PrintAksorn_dataset/test/rbrace_Athiti-Light.png,228,ไ,0.4784,,,,228,0.4784,228(ไ):0.478 | 226(โ):0.143 | 224(เ):0.035,1
PrintAksorn_dataset/test/rbrace_FonLeb-Bold-Italic.png,228,ไ,0.1462,,,,228,0.1462,228(ไ):0.146 | 226(โ):0.083 | 232(่):0.061,1
PrintAksorn_dataset/test/rbrace_Himmaparnt-Bold-Italic.png,232,่,0.2606,,,,232,0.2606,232(่):0.261 | 228(ไ):0.196 | 224(เ):0.145,1
PrintAksorn_dataset/test/rbrace_Himmaparnt-Italic.png,228,ไ,0.2787,,,,228,0.2787,228(ไ):0.279 | 226(โ):0.177 | 232(่):0.087,1
PrintAksorn_dataset/test/rbrace_Prompt-LightItalic.png,228,ไ,0.2985,,,,228,0.2985,228(ไ):0.299 | 226(โ):0.124 | 232(่):0.109,1
PrintAksorn_dataset/test/rbrace_Sarabun-Light.png,232,่,0.2271,,,,232,0.2271,232(่):0.227 | 224(เ):0.183 | 228(ไ):0.106,1
PrintAksorn_dataset/test/rbrace_Silom.png,232,่,0.2363,,,,232,0.2363,232(่):0.236 | 224(เ):0.201 | 228(ไ):0.131,1
PrintAksorn_dataset/test/rbrace_Taviraj-Thin.png,228,ไ,0.4308,,,,228,0.4308,228(ไ):0.431 | 226(โ):0.177 | 224(เ):0.033,1
PrintAksorn_dataset/test/rbrace_Taviraj-ThinItalic.png,228,ไ,0.363,,,,228,0.363,228(ไ):0.363 | 226(โ):0.206 | 224(เ):0.035,1
PrintAksorn_dataset/test/rbrace_TlwgMono-Oblique.png,228,ไ,0.2377,,,,228,0.2377,228(ไ):0.238 | 226(โ):0.225 | 224(เ):0.095,1
PrintAksorn_dataset/test/rbracket_ChulaNarak-Italic.png,232,่,0.6367,,,,232,0.6367,232(่):0.637 | 210(า):0.074 | 224(เ):0.019,1
PrintAksorn_dataset/test/rbracket_JS-75-Pumpuang.png,232,่,0.7691,,,,232,0.7691,232(่):0.769 | 210(า):0.033 | 224(เ):0.014,1
PrintAksorn_dataset/test/rbracket_JS-Pisit-Normal.png,232,่,0.2991,,,,232,0.2991,232(่):0.299 | 210(า):0.101 | 224(เ):0.093,1
PrintAksorn_dataset/test/rbracket_NotoSansThai-SemiCondensedMedium.png,205,อ,0.1765,,,,205,0.1765,205(อ):0.176 | 184(ธ):0.072 | 161(ก):0.054,1
PrintAksorn_dataset/test/rbracket_PSK-SmartItaic.png,232,่,0.469,,,,232,0.469,232(่):0.469 | 187(ป):0.052 | 210(า):0.045,1
PrintAksorn_dataset/test/rbracket_TH-K2D-July8-Bold-Italic.png,232,่,0.1543,,,,232,0.1543,232(่):0.154 | 210(า):0.101 | 187(ป):0.086,1
PrintAksorn_dataset/test/rbracket_Taviraj-Light.png,232,่,0.4804,,,,232,0.4804,232(่):0.480 | 210(า):0.086 | 224(เ):0.041,1
PrintAksorn_dataset/test/rbracket_Taviraj-Medium.png,210,า,0.1426,,,,210,0.1426,210(า):0.143 | 232(่):0.130 | 187(ป):0.100,1
PrintAksorn_dataset/test/rbracket_TlwgTypo-Oblique.png,210,า,0.1321,,,,210,0.1321,210(า):0.132 | 228(ไ):0.099 | 187(ป):0.087,1
PrintAksorn_dataset/test/rbracket_Trirong-LightItalic.png,232,่,0.4374,,,,232,0.4374,232(่):0.437 | 187(ป):0.071 | 210(า):0.064,1
PrintAksorn_dataset/test/rbracket_Umpush-Light.png,232,่,0.1917,,,,232,0.1917,232(่):0.192 | 210(า):0.115 | 224(เ):0.074,1
PrintAksorn_dataset/test/ro_ruea_JS-Chodok-Bold.png,195,ร,0.9077,195,ร,1,195,0.9077,195(ร):0.908 | 248(๘):0.004 | 246(๖):0.004,1
PrintAksorn_dataset/test/ro_ruea_JS-Korakhot-Normal.png,195,ร,0.7976,195,ร,1,195,0.7976,195(ร):0.798 | 197(ล):0.022 | 248(๘):0.017,1
PrintAksorn_dataset/test/ro_ruea_JS-Rapee-Italic.png,195,ร,0.9272,195,ร,1,195,0.9272,195(ร):0.927 | 168(จ):0.002 | 226(โ):0.002,1
PrintAksorn_dataset/test/ro_ruea_JS-Saowapark-Italic.png,195,ร,0.8726,195,ร,1,195,0.8726,195(ร):0.873 | 192(ภ):0.007 | 199(ว):0.006,1
PrintAksorn_dataset/test/ro_ruea_Kanit-Black.png,248,๘,0.1569,195,ร,0,248,0.1569,248(๘):0.157 | 246(๖):0.095 | 245(๕):0.066,1
PrintAksorn_dataset/test/ro_ruea_Mitr-Regular.png,248,๘,0.2567,195,ร,0,248,0.2567,248(๘):0.257 | 246(๖):0.166 | 195(ร):0.127,1
PrintAksorn_dataset/test/ro_ruea_NotoSerifThai-CondensedMedium.png,195,ร,0.9167,195,ร,1,195,0.9167,195(ร):0.917 | 248(๘):0.005 | 197(ล):0.004,1
PrintAksorn_dataset/test/ro_ruea_NotoSerifThai-ExtraLight.png,195,ร,0.8608,195,ร,1,195,0.8608,195(ร):0.861 | 248(๘):0.012 | 199(ว):0.008,1
PrintAksorn_dataset/test/ro_ruea_Prompt-ExtraLight.png,248,๘,0.1825,195,ร,0,248,0.1825,248(๘):0.183 | 246(๖):0.121 | 195(ร):0.091,1
PrintAksorn_dataset/test/ro_ruea_Sarabun-Bold.png,195,ร,0.9211,195,ร,1,195,0.9211,195(ร):0.921 | 197(ล):0.004 | 248(๘):0.003,1
PrintAksorn_dataset/test/ro_ruea_TH-Mali-Grade6-Regular.png,195,ร,0.9271,195,ร,1,195,0.9271,195(ร):0.927 | 248(๘):0.008 | 226(โ):0.005,1
PrintAksorn_dataset/test/ro_ruea_Taviraj-LightItalic.png,195,ร,0.8947,195,ร,1,195,0.8947,195(ร):0.895 | 248(๘):0.007 | 226(โ):0.005,1
PrintAksorn_dataset/test/ro_ruea_TlwgTypo-Oblique.png,195,ร,0.8852,195,ร,1,195,0.8852,195(ร):0.885 | 226(โ):0.006 | 197(ล):0.004,1
PrintAksorn_dataset/test/ro_ruea_Umpush-BoldOblique.png,195,ร,0.8054,195,ร,1,195,0.8054,195(ร):0.805 | 197(ล):0.016 | 226(โ):0.011,1
PrintAksorn_dataset/test/rparen_CmPrasanmit-Italic.png,232,่,0.2901,,,,232,0.2901,232(่):0.290 | 230(ๆ):0.066 | 210(า):0.043,1
PrintAksorn_dataset/test/rparen_JS-Jindara-Normal.png,246,๖,0.1511,,,,246,0.1511,246(๖):0.151 | 240(๐):0.112 | 210(า):0.102,1
PrintAksorn_dataset/test/rparen_Kanit-ExtraBoldItalic.png,240,๐,0.1064,,,,240,0.1064,240(๐):0.106 | 241(๑):0.088 | 246(๖):0.079,1
PrintAksorn_dataset/test/rparen_Kinnari-Bold.png,246,๖,0.2094,,,,246,0.2094,246(๖):0.209 | 240(๐):0.083 | 210(า):0.059,1
PrintAksorn_dataset/test/rparen_Nakaracha-Regular.png,210,า,0.1286,,,,210,0.1286,210(า):0.129 | 240(๐):0.116 | 246(๖):0.095,1
PrintAksorn_dataset/test/rparen_NotoSansThai-ExtraBold.png,205,อ,0.1799,,,,205,0.1799,205(อ):0.180 | 184(ธ):0.068 | 161(ก):0.052,1
PrintAksorn_dataset/test/rparen_NotoSerifThai-CondensedExtraBold.png,205,อ,0.1687,,,,205,0.1687,205(อ):0.169 | 184(ธ):0.069 | 161(ก):0.051,1
PrintAksorn_dataset/test/rparen_NotoSerifThai-SemiCondensedThin.png,205,อ,0.1765,,,,205,0.1765,205(อ):0.176 | 184(ธ):0.072 | 161(ก):0.054,1
PrintAksorn_dataset/test/rparen_NotoSerifThai-Thin.png,205,อ,0.1765,,,,205,0.1765,205(อ):0.176 | 184(ธ):0.062 | 242(๒):0.043,1
PrintAksorn_dataset/test/rparen_Prompt-BoldItalic.png,240,๐,0.1953,,,,240,0.1953,240(๐):0.195 | 241(๑):0.096 | 246(๖):0.039,1
PrintAksorn_dataset/test/rparen_Prompt-SemiBold.png,240,๐,0.1257,,,,240,0.1257,240(๐):0.126 | 210(า):0.107 | 246(๖):0.089,1
PrintAksorn_dataset/test/rparen_Sarabun-ExtraLight.png,246,๖,0.1855,,,,246,0.1855,246(๖):0.185 | 240(๐):0.107 | 210(า):0.094,1
PrintAksorn_dataset/test/rparen_Sarabun-Thin.png,246,๖,0.1994,,,,246,0.1994,246(๖):0.199 | 240(๐):0.104 | 210(า):0.101,1
PrintAksorn_dataset/test/rparen_TH-Kodchasal-Bold-Italic.png,232,่,0.7856,,,,232,0.7856,232(่):0.786 | 187(ป):0.016 | 230(ๆ):0.010,1
PrintAksorn_dataset/test/rparen_TH-Krub-Bold.png,210,า,0.2012,,,,210,0.2012,210(า):0.201 | 240(๐):0.099 | 246(๖):0.087,1
PrintAksorn_dataset/test/rparen_Taviraj-ExtraBoldItalic.png,240,๐,0.1724,,,,240,0.1724,240(๐):0.172 | 241(๑):0.064 | 246(๖):0.049,1
PrintAksorn_dataset/test/sara_a_ChulaNarak-Bold-Italic.png,208,ะ,0.8928,208,ะ,1,208,0.8928,208(ะ):0.893 | 241(๑):0.004 | 243(๓):0.003,1
PrintAksorn_dataset/test/sara_a_JS-Pisit-Normal.png,208,ะ,0.9221,208,ะ,1,208,0.9221,208(ะ):0.922 | 173(ญ):0.006 | 248(๘):0.003,1
PrintAksorn_dataset/test/sara_a_JS-Sadayu-Bold-Italic.png,208,ะ,0.933,208,ะ,1,208,0.933,208(ะ):0.933 | 241(๑):0.002 | 243(๓):0.002,1
PrintAksorn_dataset/test/sara_a_Kanit-Light.png,208,ะ,0.163,208,ะ,1,208,0.163,208(ะ):0.163 | 248(๘):0.087 | 236(์):0.075,1
PrintAksorn_dataset/test/sara_a_NotoSansThai-SemiCondensed.png,208,ะ,0.9505,208,ะ,1,208,0.9505,208(ะ):0.950 | 248(๘):0.004 | 173(ญ):0.002,1
PrintAksorn_dataset/test/sara_a_NotoSerifThai-CondensedExtraBold.png,208,ะ,0.4801,208,ะ,1,208,0.4801,208(ะ):0.480 | 173(ญ):0.047 | 245(๕):0.017,1
PrintAksorn_dataset/test/sara_a_NotoSerifThai-ExtraBold.png,208,ะ,0.3541,208,ะ,1,208,0.3541,208(ะ):0.354 | 173(ญ):0.062 | 245(๕):0.026,1
PrintAksorn_dataset/test/sara_a_NotoSerifThai-Regular.png,208,ะ,0.8338,208,ะ,1,208,0.8338,208(ะ):0.834 | 173(ญ):0.013 | 248(๘):0.008,1
PrintAksorn_dataset/test/sara_a_Pridi-SemiBold.png,208,ะ,0.4269,208,ะ,1,208,0.4269,208(ะ):0.427 | 245(๕):0.224 | 173(ญ):0.022,1
PrintAksorn_dataset/test/sara_a_Prompt-Black.png,208,ะ,0.5256,208,ะ,1,208,0.5256,208(ะ):0.526 | 245(๕):0.154 | 248(๘):0.042,1
PrintAksorn_dataset/test/sara_a_TH-Baijam-Bold-Italic.png,208,ะ,0.9116,208,ะ,1,208,0.9116,208(ะ):0.912 | 173(ญ):0.003 | 193(ม):0.002,1
PrintAksorn_dataset/test/sara_a_TH-Sarabun-New-Bold.png,208,ะ,0.9033,208,ะ,1,208,0.9033,208(ะ):0.903 | 173(ญ):0.006 | 193(ม):0.003,1
PrintAksorn_dataset/test/sara_a_TH-Srisakdi-Regular.png,208,ะ,0.8969,208,ะ,1,208,0.8969,208(ะ):0.897 | 246(๖):0.004 | 194(ย):0.003,1
PrintAksorn_dataset/test/sara_a_Taviraj-ThinItalic.png,208,ะ,0.846,208,ะ,1,208,0.846,208(ะ):0.846 | 241(๑):0.006 | 173(ญ):0.005,1
PrintAksorn_dataset/test/sara_a_TlwgTypist-BoldOblique.png,208,ะ,0.649,208,ะ,1,208,0.649,208(ะ):0.649 | 245(๕):0.042 | 193(ม):0.011,1
PrintAksorn_dataset/test/sara_a_Trirong-SemiBold.png,208,ะ,0.8541,208,ะ,1,208,0.8541,208(ะ):0.854 | 173(ญ):0.010 | 193(ม):0.004,1
PrintAksorn_dataset/test/sara_a_Umpush-BoldOblique.png,208,ะ,0.8884,208,ะ,1,208,0.8884,208(ะ):0.888 | 245(๕):0.012 | 173(ญ):0.004,1
PrintAksorn_dataset/test/sara_a_Waree-Oblique.png,208,ะ,0.9016,208,ะ,1,208,0.9016,208(ะ):0.902 | 248(๘):0.003 | 173(ญ):0.003,1
PrintAksorn_dataset/test/sara_aa_KaniGa-Italic.png,210,า,0.8228,210,า,1,210,0.8228,210(า):0.823 | 245(๕):0.007 | 161(ก):0.006,1
PrintAksorn_dataset/test/sara_aa_NotoSansThai-SemiCondensedLight.png,210,า,0.8619,210,า,1,210,0.8619,210(า):0.862 | 245(๕):0.008 | 244(๔):0.004,1
PrintAksorn_dataset/test/sara_aa_NotoSansThaiUI-Regular.png,210,า,0.8158,210,า,1,210,0.8158,210(า):0.816 | 245(๕):0.009 | 168(จ):0.007,1
PrintAksorn_dataset/test/sara_aa_Prompt-BlackItalic.png,184,ธ,0.4347,210,า,0,184,0.4347,184(ธ):0.435 | 205(อ):0.250 | 175(ฏ):0.027,1
PrintAksorn_dataset/test/sara_aa_Prompt-ExtraBoldItalic.png,184,ธ,0.6043,210,า,0,184,0.6043,184(ธ):0.604 | 205(อ):0.056 | 161(ก):0.029,1
PrintAksorn_dataset/test/sara_aa_Prompt-Italic.png,210,า,0.7392,210,า,1,210,0.7392,210(า):0.739 | 184(ธ):0.014 | 161(ก):0.010,1
PrintAksorn_dataset/test/sara_aa_TH-Charmonman-Regular.png,210,า,0.8759,210,า,1,210,0.8759,210(า):0.876 | 168(จ):0.007 | 245(๕):0.004,1
PrintAksorn_dataset/test/sara_aa_TH-Kodchasal-Bold.png,210,า,0.8257,210,า,1,210,0.8257,210(า):0.826 | 168(จ):0.011 | 199(ว):0.007,1
PrintAksorn_dataset/test/sara_aa_Taviraj-ExtraBoldItalic.png,210,า,0.1932,210,า,1,210,0.1932,210(า):0.193 | 161(ก):0.101 | 184(ธ):0.064,1
PrintAksorn_dataset/test/sara_ae_CmPrasanmit-Regular.png,179,ณ,0.1195,225,แ,0,179,0.1195,179(ณ):0.119 | 224(เ):0.109 | 173(ญ):0.049,1
PrintAksorn_dataset/test/sara_ae_JS-Junkaew-Italic.png,179,ณ,0.1071,225,แ,0,179,0.1071,179(ณ):0.107 | 185(น):0.083 | 224(เ):0.082,1
PrintAksorn_dataset/test/sara_ae_JS-Mookravee-Normal.png,224,เ,0.1235,225,แ,0,224,0.1235,224(เ):0.123 | 179(ณ):0.122 | 185(น):0.061,1
PrintAksorn_dataset/test/sara_ae_JS-Obsaward-Italic.png,243,๓,0.1232,225,แ,0,243,0.1232,243(๓):0.123 | 189(ฝ):0.073 | 179(ณ):0.069,1
PrintAksorn_dataset/test/sara_ae_JS-Puchong-Normal.png,161,ก,0.1651,225,แ,0,161,0.1651,161(ก):0.165 | 183(ท):0.076 | 243(๓):0.074,1
PrintAksorn_dataset/test/sara_ae_JS-Rapee-Bold-Italic.png,179,ณ,0.1002,225,แ,0,179,0.1002,179(ณ):0.100 | 192(ภ):0.066 | 208(ะ):0.042,1
PrintAksorn_dataset/test/sara_ae_JS-Rapee-Italic.png,192,ภ,0.1082,225,แ,0,192,0.1082,192(ภ):0.108 | 179(ณ):0.061 | 232(่):0.054,1
PrintAksorn_dataset/test/sara_ae_Kinnari-Italic.png,179,ณ,0.0888,225,แ,0,179,0.0888,179(ณ):0.089 | 192(ภ):0.061 | 224(เ):0.058,1
PrintAksorn_dataset/test/sara_ae_Kinnari.png,192,ภ,0.0683,225,แ,0,192,0.0683,192(ภ):0.068 | 173(ญ):0.058 | 179(ณ):0.055,1
PrintAksorn_dataset/test/sara_ae_Mitr-Bold.png,217,ู,0.073,225,แ,0,217,0.073,217(ู):0.073 | 173(ญ):0.059 | 242(๒):0.055,1
PrintAksorn_dataset/test/sara_ae_Pridi-ExtraLight.png,179,ณ,0.1342,225,แ,0,179,0.1342,179(ณ):0.134 | 224(เ):0.089 | 185(น):0.057,1
PrintAksorn_dataset/test/sara_ae_Pridi-Medium.png,179,ณ,0.1139,225,แ,0,179,0.1139,179(ณ):0.114 | 173(ญ):0.109 | 192(ภ):0.053,1
PrintAksorn_dataset/test/sara_ae_Sarabun-Bold.png,179,ณ,0.1325,225,แ,0,179,0.1325,179(ณ):0.133 | 192(ภ):0.060 | 173(ญ):0.058,1
PrintAksorn_dataset/test/sara_ai_maimalai_JS-Chulee.png,228,ไ,0.8903,228,ไ,1,228,0.8903,228(ไ):0.890 | 226(โ):0.013 | 163(ฃ):0.005,1
PrintAksorn_dataset/test/sara_ai_maimalai_JS-Jukaphan-Italic.png,228,ไ,0.8655,228,ไ,1,228,0.8655,228(ไ):0.866 | 226(โ):0.009 | 162(ข):0.005,1
PrintAksorn_dataset/test/sara_ai_maimalai_Pridi-Medium.png,226,โ,0.8151,228,ไ,0,226,0.8151,226(โ):0.815 | 195(ร):0.022 | 224(เ):0.012,1
PrintAksorn_dataset/test/sara_ai_maimalai_Pridi-Regular.png,226,โ,0.7587,228,ไ,0,226,0.7587,226(โ):0.759 | 195(ร):0.031 | 228(ไ):0.024,1
PrintAksorn_dataset/test/sara_ai_maimalai_Sarabun-ExtraLight.png,228,ไ,0.8915,228,ไ,1,228,0.8915,228(ไ):0.892 | 227(ใ):0.008 | 226(โ):0.004,1
PrintAksorn_dataset/test/sara_ai_maimalai_TH-Srisakdi-Bold.png,228,ไ,0.5696,228,ไ,1,228,0.5696,228(ไ):0.570 | 246(๖):0.104 | 242(๒):0.081,1
PrintAksorn_dataset/test/sara_ai_maimalai_TlwgTypist-BoldOblique.png,228,ไ,0.6953,228,ไ,1,228,0.6953,228(ไ):0.695 | 230(ๆ):0.016 | 246(๖):0.014,1
PrintAksorn_dataset/test/sara_ai_maimuan_Himmaparnt-Italic.png,227,ใ,0.8917,227,ใ,1,227,0.8917,227(ใ):0.892 | 226(โ):0.014 | 228(ไ):0.003,1
PrintAksorn_dataset/test/sara_ai_maimuan_JS-Giat-Bold.png,227,ใ,0.3865,227,ใ,1,227,0.3865,227(ใ):0.386 | 226(โ):0.045 | 162(ข):0.045,1
PrintAksorn_dataset/test/sara_ai_maimuan_JS-Prapakorn-Italic.png,210,า,0.483,227,ใ,0,210,0.483,210(า):0.483 | 198(ฦ):0.073 | 232(่):0.032,1
PrintAksorn_dataset/test/sara_ai_maimuan_Maitree-ExtraLight.png,227,ใ,0.8762,227,ใ,1,227,0.8762,227(ใ):0.876 | 226(โ):0.007 | 208(ะ):0.004,1
PrintAksorn_dataset/test/sara_ai_maimuan_NotoSerifThai-ExtraCondensedThin.png,227,ใ,0.8545,227,ใ,1,227,0.8545,227(ใ):0.855 | 228(ไ):0.009 | 226(โ):0.008,1
PrintAksorn_dataset/test/sara_ai_maimuan_Sarabun-Regular.png,227,ใ,0.8285,227,ใ,1,227,0.8285,227(ใ):0.828 | 226(โ):0.020 | 162(ข):0.005,1
PrintAksorn_dataset/test/sara_ai_maimuan_TH-KoHo-Bold.png,227,ใ,0.716,227,ใ,1,227,0.716,227(ใ):0.716 | 226(โ):0.061 | 170(ช):0.012,1
PrintAksorn_dataset/test/sara_ai_maimuan_Trirong-Regular.png,227,ใ,0.6959,227,ใ,1,227,0.6959,227(ใ):0.696 | 226(โ):0.037 | 208(ะ):0.009,1
PrintAksorn_dataset/test/sara_am_Chonburi-Regular.png,198,ฦ,0.0687,211,ำ,0,198,0.0687,198(ฦ):0.069 | 162(ข):0.044 | 174(ฎ):0.038,1
PrintAksorn_dataset/test/sara_am_Garuda-BoldOblique.png,198,ฦ,0.2734,211,ำ,0,198,0.2734,198(ฦ):0.273 | 183(ท):0.054 | 246(๖):0.044,1
PrintAksorn_dataset/test/sara_am_JS-Rapee-Bold.png,198,ฦ,0.2309,211,ำ,0,198,0.2309,198(ฦ):0.231 | 183(ท):0.045 | 207(ฯ):0.044,1
PrintAksorn_dataset/test/sara_am_Maitree-Medium.png,198,ฦ,0.1912,211,ำ,0,198,0.1912,198(ฦ):0.191 | 183(ท):0.079 | 210(า):0.052,1
PrintAksorn_dataset/test/sara_am_Maitree-Regular.png,198,ฦ,0.1335,211,ำ,0,198,0.1335,198(ฦ):0.134 | 183(ท):0.110 | 210(า):0.064,1
PrintAksorn_dataset/test/sara_am_NotoSansThai-SemiBold.png,183,ท,0.1416,211,ำ,0,183,0.1416,183(ท):0.142 | 198(ฦ):0.082 | 216(ุ):0.050,1
PrintAksorn_dataset/test/sara_am_Prompt-BoldItalic.png,162,ข,0.1088,211,ำ,0,162,0.1088,162(ข):0.109 | 217(ู):0.060 | 207(ฯ):0.057,1
PrintAksorn_dataset/test/sara_am_Prompt-ExtraBold.png,183,ท,0.1102,211,ำ,0,183,0.1102,183(ท):0.110 | 162(ข):0.091 | 207(ฯ):0.079,1
PrintAksorn_dataset/test/sara_am_Silom.png,210,า,0.108,211,ำ,0,210,0.108,210(า):0.108 | 183(ท):0.096 | 198(ฦ):0.092,1
PrintAksorn_dataset/test/sara_am_TlwgMono.png,207,ฯ,0.1169,211,ำ,0,207,0.1169,207(ฯ):0.117 | 198(ฦ):0.061 | 162(ข):0.057,1
PrintAksorn_dataset/test/sara_am_Umpush-Bold.png,183,ท,0.1523,211,ำ,0,183,0.1523,183(ท):0.152 | 210(า):0.082 | 198(ฦ):0.070,1
PrintAksorn_dataset/test/sara_e_Athiti-Regular.png,224,เ,0.6274,224,เ,1,224,0.6274,224(เ):0.627 | 232(่):0.117 | 226(โ):0.014,1
PrintAksorn_dataset/test/sara_e_JS-Arisa.png,224,เ,0.9196,224,เ,1,224,0.9196,224(เ):0.920 | 207(ฯ):0.002 | 199(ว):0.002,1
PrintAksorn_dataset/test/sara_e_JS-Pisit-Normal.png,224,เ,0.8763,224,เ,1,224,0.8763,224(เ):0.876 | 242(๒):0.006 | 199(ว):0.003,1
PrintAksorn_dataset/test/sara_e_JS-Pudgrong-Normal.png,224,เ,0.9436,224,เ,1,224,0.9436,224(เ):0.944 | 195(ร):0.002 | 226(โ):0.002,1
PrintAksorn_dataset/test/sara_e_KaniGa-Bold.png,224,เ,0.9018,224,เ,1,224,0.9018,224(เ):0.902 | 207(ฯ):0.003 | 232(่):0.003,1
PrintAksorn_dataset/test/sara_e_NotoSansThai-ExtraCondensedBlack.png,224,เ,0.1901,224,เ,1,224,0.1901,224(เ):0.190 | 232(่):0.145 | 167(ง):0.048,1
PrintAksorn_dataset/test/sara_e_TH-Chakra-Petch-Bold-Italic.png,224,เ,0.9247,224,เ,1,224,0.9247,224(เ):0.925 | 236(์):0.003 | 232(่):0.003,1
PrintAksorn_dataset/test/sara_e_TH-K2D-July8-Bold.png,224,เ,0.9272,224,เ,1,224,0.9272,224(เ):0.927 | 232(่):0.004 | 226(โ):0.002,1
PrintAksorn_dataset/test/sara_e_Taviraj-BlackItalic.png,224,เ,0.5182,224,เ,1,224,0.5182,224(เ):0.518 | 173(ญ):0.036 | 242(๒):0.032,1
PrintAksorn_dataset/test/sara_e_Trirong-ExtraLightItalic.png,224,เ,0.9348,224,เ,1,224,0.9348,224(เ):0.935 | 199(ว):0.003 | 195(ร):0.003,1
PrintAksorn_dataset/test/sara_e_Trirong-MediumItalic.png,224,เ,0.8193,224,เ,1,224,0.8193,224(เ):0.819 | 232(่):0.018 | 226(โ):0.008,1
PrintAksorn_dataset/test/sara_e_Trirong-SemiBoldItalic.png,224,เ,0.7569,224,เ,1,224,0.7569,224(เ):0.757 | 232(่):0.022 | 226(โ):0.008,1
PrintAksorn_dataset/test/sara_i_Aksaramatee-Regular.png,212,ิ,0.8971,212,ิ,1,212,0.8971,212(ิ):0.897 | 198(ฦ):0.002 | 233(้):0.002,1
PrintAksorn_dataset/test/sara_i_JS-Prajuk-Italic.png,212,ิ,0.7441,212,ิ,1,212,0.7441,212(ิ):0.744 | 214(ึ):0.019 | 167(ง):0.012,1
PrintAksorn_dataset/test/sara_i_Kanit-Thin.png,212,ิ,0.1684,212,ิ,1,212,0.1684,212(ิ):0.168 | 209(ั):0.111 | 248(๘):0.050,1
PrintAksorn_dataset/test/sara_i_NotoSansThai-SemiCondensedThin.png,212,ิ,0.2484,212,ิ,1,212,0.2484,212(ิ):0.248 | 209(ั):0.042 | 232(่):0.031,1
PrintAksorn_dataset/test/sara_i_NotoSerifThai-ExtraCondensedLight.png,212,ิ,0.8446,212,ิ,1,212,0.8446,212(ิ):0.845 | 205(อ):0.005 | 161(ก):0.005,1
PrintAksorn_dataset/test/sara_i_TH-Baijam-Regular.png,212,ิ,0.8879,212,ิ,1,212,0.8879,212(ิ):0.888 | 214(ึ):0.004 | 198(ฦ):0.003,1
PrintAksorn_dataset/test/sara_i_TH-Charmonman-Regular.png,168,จ,0.3806,212,ิ,0,168,0.3806,168(จ):0.381 | 212(ิ):0.197 | 197(ล):0.044,1
PrintAksorn_dataset/test/sara_i_TH-KoHo-Bold-Italic.png,212,ิ,0.8634,212,ิ,1,212,0.8634,212(ิ):0.863 | 214(ึ):0.007 | 210(า):0.004,1
PrintAksorn_dataset/test/sara_i_Taviraj-SemiBoldItalic.png,212,ิ,0.931,212,ิ,1,212,0.931,212(ิ):0.931 | 214(ึ):0.004 | 240(๐):0.002,1
PrintAksorn_dataset/test/sara_i_Waree.png,212,ิ,0.8757,212,ิ,1,212,0.8757,212(ิ):0.876 | 214(ึ):0.004 | 205(อ):0.003,1
PrintAksorn_dataset/test/sara_ii_Himmaparnt-Regular.png,213,ี,0.8551,213,ี,1,213,0.8551,213(ี):0.855 | 215(ื):0.010 | 161(ก):0.004,1
PrintAksorn_dataset/test/sara_ii_JS-Arisa-Italic.png,213,ี,0.8882,213,ี,1,213,0.8882,213(ี):0.888 | 233(้):0.003 | 186(บ):0.003,1
PrintAksorn_dataset/test/sara_ii_JS-Pumpuang-Normal.png,214,ึ,0.2484,213,ี,0,214,0.2484,214(ึ):0.248 | 215(ื):0.047 | 224(เ):0.035,1
PrintAksorn_dataset/test/sara_ii_JS-Synjai-Normal.png,213,ี,0.8938,213,ี,1,213,0.8938,213(ี):0.894 | 215(ื):0.005 | 162(ข):0.002,1
PrintAksorn_dataset/test/sara_ii_Kanit-Regular.png,213,ี,0.2295,213,ี,1,213,0.2295,213(ี):0.230 | 215(ื):0.098 | 232(่):0.045,1
PrintAksorn_dataset/test/sara_ii_NotoSansThai-SemiCondensedBold.png,215,ื,0.445,213,ี,0,215,0.445,215(ื):0.445 | 213(ี):0.132 | 167(ง):0.016,1
PrintAksorn_dataset/test/sara_ii_NotoSansThai-SemiCondensedSemiBold.png,215,ื,0.6621,213,ี,0,215,0.6621,215(ื):0.662 | 213(ี):0.050 | 214(ึ):0.015,1
PrintAksorn_dataset/test/sara_ii_NotoSansThaiLooped-SemiBold.png,213,ี,0.6696,213,ี,1,213,0.6696,213(ี):0.670 | 215(ื):0.044 | 214(ึ):0.044,1
PrintAksorn_dataset/test/sara_ii_PSK-SmartItaic.png,213,ี,0.902,213,ี,1,213,0.902,213(ี):0.902 | 215(ื):0.004 | 214(ึ):0.003,1
PrintAksorn_dataset/test/sara_ii_TH-Kodchasal-Regular.png,213,ี,0.8565,213,ี,1,213,0.8565,213(ี):0.857 | 215(ื):0.007 | 191(ฟ):0.003,1
PrintAksorn_dataset/test/sara_ii_Umpush-Oblique.png,213,ี,0.9225,213,ี,1,213,0.9225,213(ี):0.923 | 215(ื):0.003 | 249(๙):0.002,1
PrintAksorn_dataset/test/sara_o_Himmaparnt-Regular.png,226,โ,0.89,226,โ,1,226,0.89,226(โ):0.890 | 195(ร):0.007 | 228(ไ):0.003,1
PrintAksorn_dataset/test/sara_o_Itim-Regular.png,226,โ,0.8335,226,โ,1,226,0.8335,226(โ):0.833 | 195(ร):0.008 | 227(ใ):0.004,1
PrintAksorn_dataset/test/sara_o_JS-Pitsamai-Italic.png,226,โ,0.7185,226,โ,1,226,0.7185,226(โ):0.718 | 224(เ):0.028 | 195(ร):0.011,1
PrintAksorn_dataset/test/sara_o_Maitree-Medium.png,226,โ,0.8452,226,โ,1,226,0.8452,226(โ):0.845 | 224(เ):0.006 | 244(๔):0.004,1
PrintAksorn_dataset/test/sara_o_NotoSansThai-ExtraCondensedExtraBold.png,226,โ,0.7921,226,โ,1,226,0.7921,226(โ):0.792 | 224(เ):0.014 | 232(่):0.011,1
PrintAksorn_dataset/test/sara_o_Pattaya-Regular.png,226,โ,0.8416,226,โ,1,226,0.8416,226(โ):0.842 | 184(ธ):0.025 | 244(๔):0.005,1
PrintAksorn_dataset/test/sara_o_Trirong-LightItalic.png,226,โ,0.888,226,โ,1,226,0.888,226(โ):0.888 | 195(ร):0.004 | 224(เ):0.004,1
PrintAksorn_dataset/test/sara_u_Garuda-Bold.png,216,ุ,0.2406,216,ุ,1,216,0.2406,216(ุ):0.241 | 205(อ):0.074 | 217(ู):0.064,1
PrintAksorn_dataset/test/sara_u_NotoSansThai-ExtraCondensed.png,217,ู,0.4002,216,ุ,0,217,0.4002,217(ู):0.400 | 232(่):0.070 | 216(ุ):0.054,1
PrintAksorn_dataset/test/sara_u_NotoSansThai-Light.png,216,ุ,0.2217,216,ุ,1,216,0.2217,216(ุ):0.222 | 232(่):0.118 | 217(ู):0.099,1
PrintAksorn_dataset/test/sara_u_Prompt-Medium.png,184,ธ,0.1321,216,ุ,0,184,0.1321,184(ธ):0.132 | 217(ู):0.104 | 205(อ):0.104,1
PrintAksorn_dataset/test/sara_u_TH-Baijam-Italic.png,216,ุ,0.6962,216,ุ,1,216,0.6962,216(ุ):0.696 | 241(๑):0.053 | 240(๐):0.018,1
PrintAksorn_dataset/test/sara_u_TH-K2D-July8-Bold.png,216,ุ,0.5571,216,ุ,1,216,0.5571,216(ุ):0.557 | 241(๑):0.049 | 240(๐):0.033,1
PrintAksorn_dataset/test/sara_u_TlwgTypist-Bold.png,237,ํ,0.1668,216,ุ,0,237,0.1668,237(ํ):0.167 | 241(๑):0.131 | 212(ิ):0.069,1
PrintAksorn_dataset/test/sara_u_TlwgTypist-Oblique.png,241,๑,0.2746,216,ุ,0,241,0.2746,241(๑):0.275 | 216(ุ):0.140 | 237(ํ):0.038,1
PrintAksorn_dataset/test/sara_ue_JS-Chulee.png,214,ึ,0.8328,214,ึ,1,214,0.8328,214(ึ):0.833 | 245(๕):0.008 | 244(๔):0.005,1
PrintAksorn_dataset/test/sara_ue_JS-Rapee-Bold-Italic.png,214,ึ,0.3245,214,ึ,1,214,0.3245,214(ึ):0.325 | 213(ี):0.128 | 245(๕):0.031,1
PrintAksorn_dataset/test/sara_ue_JS-Sadayu-Allcaps.png,214,ึ,0.9094,214,ึ,1,214,0.9094,214(ึ):0.909 | 213(ี):0.004 | 215(ื):0.002,1
PrintAksorn_dataset/test/sara_ue_Kanit-ThinItalic.png,214,ึ,0.2176,214,ึ,1,214,0.2176,214(ึ):0.218 | 210(า):0.028 | 209(ั):0.026,1
PrintAksorn_dataset/test/sara_ue_Loma-Bold.png,214,ึ,0.8922,214,ึ,1,214,0.8922,214(ึ):0.892 | 182(ถ):0.003 | 170(ช):0.003,1
PrintAksorn_dataset/test/sara_ue_NotoSansThai-CondensedExtraLight.png,214,ึ,0.1658,214,ึ,1,214,0.1658,214(ึ):0.166 | 210(า):0.036 | 167(ง):0.035,1
PrintAksorn_dataset/test/sara_ue_NotoSansThai-ExtraCondensedSemiBold.png,214,ึ,0.6703,214,ึ,1,214,0.6703,214(ึ):0.670 | 215(ื):0.014 | 162(ข):0.011,1
PrintAksorn_dataset/test/sara_ue_NotoSansThaiLooped-Light.png,214,ึ,0.8537,214,ึ,1,214,0.8537,214(ึ):0.854 | 196(ฤ):0.006 | 209(ั):0.004,1
PrintAksorn_dataset/test/sara_ue_PSK-Smart-Regular.png,214,ึ,0.725,214,ึ,1,214,0.725,214(ึ):0.725 | 213(ี):0.016 | 212(ิ):0.008,1
PrintAksorn_dataset/test/sara_ue_SR-FahMai-Normal.png,214,ึ,0.3797,214,ึ,1,214,0.3797,214(ึ):0.380 | 213(ี):0.044 | 248(๘):0.032,1
PrintAksorn_dataset/test/sara_ue_TlwgTypist-Oblique.png,214,ึ,0.8996,214,ึ,1,214,0.8996,214(ึ):0.900 | 231(็):0.003 | 170(ช):0.003,1
PrintAksorn_dataset/test/sara_uee_Athiti-SemiBold.png,215,ื,0.4226,215,ื,1,215,0.4226,215(ื):0.423 | 201(ษ):0.066 | 179(ณ):0.056,1
PrintAksorn_dataset/test/sara_uee_ChulaNarak-Bold-Italic.png,232,่,0.3429,215,ื,0,232,0.3429,232(่):0.343 | 196(ฤ):0.042 | 214(ึ):0.035,1
PrintAksorn_dataset/test/sara_uee_Himmaparnt-Italic.png,215,ื,0.904,215,ื,1,215,0.904,215(ื):0.904 | 213(ี):0.005 | 247(๗):0.003,1
PrintAksorn_dataset/test/sara_uee_JS-Arisa-Italic.png,215,ื,0.8942,215,ื,1,215,0.8942,215(ื):0.894 | 245(๕):0.004 | 163(ฃ):0.003,1
PrintAksorn_dataset/test/sara_uee_JS-Saksit-Normal.png,215,ื,0.7453,215,ื,1,215,0.7453,215(ื):0.745 | 163(ฃ):0.011 | 162(ข):0.010,1
PrintAksorn_dataset/test/sara_uee_JS-Saowapark-Normal.png,215,ื,0.8773,215,ื,1,215,0.8773,215(ื):0.877 | 242(๒):0.005 | 163(ฃ):0.004,1
PrintAksorn_dataset/test/sara_uee_NotoSerifThai-Medium.png,215,ื,0.856,215,ื,1,215,0.856,215(ื):0.856 | 214(ึ):0.008 | 179(ณ):0.005,1
PrintAksorn_dataset/test/sara_uee_NotoSerifThai-SemiCondensed.png,215,ื,0.8783,215,ื,1,215,0.8783,215(ื):0.878 | 214(ึ):0.006 | 242(๒):0.004,1
PrintAksorn_dataset/test/sara_uee_Pridi-Light.png,215,ื,0.8321,215,ื,1,215,0.8321,215(ื):0.832 | 214(ึ):0.007 | 201(ษ):0.006,1
PrintAksorn_dataset/test/sara_uee_Prompt-Thin.png,215,ื,0.5011,215,ื,1,215,0.5011,215(ื):0.501 | 242(๒):0.073 | 163(ฃ):0.026,1
PrintAksorn_dataset/test/sara_uee_Purisa-Oblique.png,215,ื,0.7878,215,ื,1,215,0.7878,215(ื):0.788 | 190(พ):0.033 | 179(ณ):0.022,1
PrintAksorn_dataset/test/sara_uee_Sarabun-Thin.png,215,ื,0.8493,215,ื,1,215,0.8493,215(ื):0.849 | 213(ี):0.011 | 245(๕):0.005,1
PrintAksorn_dataset/test/sara_uee_TH-Baijam-Regular.png,215,ื,0.8308,215,ื,1,215,0.8308,215(ื):0.831 | 213(ี):0.009 | 245(๕):0.005,1
PrintAksorn_dataset/test/sara_uu_FonLeb-Bold-Italic.png,217,ู,0.5483,217,ู,1,217,0.5483,217(ู):0.548 | 186(บ):0.052 | 233(้):0.013,1
PrintAksorn_dataset/test/sara_uu_JS-Pisit-Normal.png,217,ู,0.6137,217,ู,1,217,0.6137,217(ู):0.614 | 186(บ):0.050 | 162(ข):0.030,1
PrintAksorn_dataset/test/sara_uu_NotoSerifThai-SemiCondensedLight.png,186,บ,0.2347,217,ู,0,186,0.2347,186(บ):0.235 | 217(ู):0.220 | 233(้):0.040,1
PrintAksorn_dataset/test/sara_uu_Pridi-Regular.png,217,ู,0.4252,217,ู,1,217,0.4252,217(ู):0.425 | 162(ข):0.070 | 209(ั):0.028,1
PrintAksorn_dataset/test/sara_uu_Silom.png,217,ู,0.3855,217,ู,1,217,0.3855,217(ู):0.386 | 186(บ):0.110 | 233(้):0.023,1
PrintAksorn_dataset/test/sara_uu_TH-Chakra-Petch-Bold.png,217,ู,0.8146,217,ู,1,217,0.8146,217(ู):0.815 | 186(บ):0.014 | 162(ข):0.014,1
PrintAksorn_dataset/test/sara_uu_TH-K2D-July8-Italic.png,217,ู,0.294,217,ู,1,217,0.294,217(ู):0.294 | 162(ข):0.094 | 233(้):0.052,1
PrintAksorn_dataset/test/sara_uu_TH-KoHo-Bold.png,217,ู,0.7083,217,ู,1,217,0.7083,217(ู):0.708 | 233(้):0.026 | 237(ํ):0.009,1
PrintAksorn_dataset/test/sara_uu_Taviraj-SemiBoldItalic.png,186,บ,0.1035,217,ู,0,186,0.1035,186(บ):0.104 | 217(ู):0.071 | 162(ข):0.061,1
PrintAksorn_dataset/test/sara_uu_Trirong-Regular.png,186,บ,0.3537,217,ู,0,186,0.3537,186(บ):0.354 | 217(ู):0.081 | 162(ข):0.039,1
PrintAksorn_dataset/test/sara_uu_Trirong-SemiBoldItalic.png,217,ู,0.084,217,ู,1,217,0.084,217(ู):0.084 | 186(บ):0.062 | 233(้):0.055,1
PrintAksorn_dataset/test/sara_uu_Umpush-Bold.png,186,บ,0.5075,217,ู,0,186,0.5075,186(บ):0.507 | 217(ู):0.098 | 162(ข):0.028,1
PrintAksorn_dataset/test/semicolon_Aksaramatee-Regular.png,198,ฦ,0.1482,,,,198,0.1482,198(ฦ):0.148 | 208(ะ):0.115 | 235(๋):0.049,1
PrintAksorn_dataset/test/semicolon_JS-Thanaporn-Normal.png,198,ฦ,0.1134,,,,198,0.1134,198(ฦ):0.113 | 232(่):0.105 | 208(ะ):0.089,1
PrintAksorn_dataset/test/semicolon_Kanit-SemiBold.png,208,ะ,0.1201,,,,208,0.1201,208(ะ):0.120 | 232(่):0.049 | 196(ฤ):0.040,1
PrintAksorn_dataset/test/semicolon_NotoSansThai-Bold.png,205,อ,0.1765,,,,205,0.1765,205(อ):0.176 | 184(ธ):0.062 | 242(๒):0.043,1
PrintAksorn_dataset/test/semicolon_NotoSansThai-CondensedThin.png,205,อ,0.1762,,,,205,0.1762,205(อ):0.176 | 184(ธ):0.068 | 161(ก):0.053,1
PrintAksorn_dataset/test/semicolon_NotoSansThai-SemiCondensedExtraBold.png,205,อ,0.1755,,,,205,0.1755,205(อ):0.176 | 184(ธ):0.068 | 161(ก):0.053,1
PrintAksorn_dataset/test/semicolon_NotoSerifThai-CondensedLight.png,205,อ,0.1762,,,,205,0.1762,205(อ):0.176 | 184(ธ):0.068 | 161(ก):0.053,1
PrintAksorn_dataset/test/semicolon_NotoSerifThai-ExtraLight.png,205,อ,0.1765,,,,205,0.1765,205(อ):0.176 | 184(ธ):0.062 | 242(๒):0.043,1
PrintAksorn_dataset/test/semicolon_Sawasdee-Oblique.png,208,ะ,0.1629,,,,208,0.1629,208(ะ):0.163 | 199(ว):0.140 | 195(ร):0.067,1
PrintAksorn_dataset/test/semicolon_Taviraj-ExtraLight.png,199,ว,0.2157,,,,199,0.2157,199(ว):0.216 | 208(ะ):0.090 | 246(๖):0.076,1
PrintAksorn_dataset/test/slash_ChulaNarak-Regular.png,232,่,0.9183,,,,232,0.9183,232(่):0.918 | 187(ป):0.004 | 189(ฝ):0.003,1
PrintAksorn_dataset/test/slash_FonLeb-Bold-Italic.png,232,่,0.89,,,,232,0.89,232(่):0.890 | 210(า):0.008 | 187(ป):0.005,1
PrintAksorn_dataset/test/slash_JS-75-Pumpuang.png,232,่,0.8663,,,,232,0.8663,232(่):0.866 | 210(า):0.011 | 187(ป):0.008,1
PrintAksorn_dataset/test/slash_JS-Pranee-Italic.png,232,่,0.349,,,,232,0.349,232(่):0.349 | 233(้):0.055 | 244(๔):0.035,1
PrintAksorn_dataset/test/slash_JS-Pumpuang-Normal.png,232,่,0.8753,,,,232,0.8753,232(่):0.875 | 210(า):0.008 | 187(ป):0.007,1
PrintAksorn_dataset/test/slash_Kanit-MediumItalic.png,232,่,0.7054,,,,232,0.7054,232(่):0.705 | 186(บ):0.033 | 167(ง):0.026,1
PrintAksorn_dataset/test/slash_NotoSansThai-CondensedExtraLight.png,205,อ,0.1762,,,,205,0.1762,205(อ):0.176 | 184(ธ):0.068 | 161(ก):0.053,1
PrintAksorn_dataset/test/slash_NotoSerifThai-Black.png,205,อ,0.1806,,,,205,0.1806,205(อ):0.181 | 184(ธ):0.062 | 242(๒):0.044,1
PrintAksorn_dataset/test/slash_Pridi-Regular.png,232,่,0.9189,,,,232,0.9189,232(่):0.919 | 187(ป):0.003 | 186(บ):0.003,1
PrintAksorn_dataset/test/slash_Prompt-ExtraLightItalic.png,232,่,0.8359,,,,232,0.8359,232(่):0.836 | 210(า):0.011 | 228(ไ):0.008,1
PrintAksorn_dataset/test/slash_Prompt-Italic.png,232,่,0.7149,,,,232,0.7149,232(่):0.715 | 167(ง):0.023 | 187(ป):0.015,1
PrintAksorn_dataset/test/slash_Sarabun-Light.png,232,่,0.8506,,,,232,0.8506,232(่):0.851 | 210(า):0.010 | 187(ป):0.009,1
PrintAksorn_dataset/test/slash_TH-Baijam-Bold-Italic.png,232,่,0.2853,,,,232,0.2853,232(่):0.285 | 233(้):0.067 | 167(ง):0.046,1
PrintAksorn_dataset/test/slash_TH-Baijam-Regular.png,232,่,0.8712,,,,232,0.8712,232(่):0.871 | 210(า):0.008 | 187(ป):0.007,1
PrintAksorn_dataset/test/slash_TH-Niramit-AS-Italic.png,232,่,0.9028,,,,232,0.9028,232(่):0.903 | 210(า):0.006 | 187(ป):0.004,1
PrintAksorn_dataset/test/so_ruesi_Aksaramatee-Bold.png,201,ษ,0.15,201,ษ,1,201,0.15,201(ษ):0.150 | 242(๒):0.055 | 173(ญ):0.052,1
PrintAksorn_dataset/test/so_ruesi_Athiti-Light.png,242,๒,0.3998,201,ษ,0,242,0.3998,242(๒):0.400 | 201(ษ):0.082 | 187(ป):0.040,1
PrintAksorn_dataset/test/so_ruesi_Garuda-BoldOblique.png,201,ษ,0.7747,201,ษ,1,201,0.7747,201(ษ):0.775 | 185(น):0.009 | 187(ป):0.006,1
PrintAksorn_dataset/test/so_ruesi_JS-Pumpuang-Normal.png,242,๒,0.2369,201,ษ,0,242,0.2369,242(๒):0.237 | 163(ฃ):0.102 | 201(ษ):0.067,1
PrintAksorn_dataset/test/so_ruesi_JS-Sadayu-Bold.png,201,ษ,0.8324,201,ษ,1,201,0.8324,201(ษ):0.832 | 162(ข):0.009 | 217(ู):0.007,1
PrintAksorn_dataset/test/so_ruesi_NotoSansThaiLooped-Bold.png,201,ษ,0.7461,201,ษ,1,201,0.7461,201(ษ):0.746 | 162(ข):0.008 | 242(๒):0.007,1
PrintAksorn_dataset/test/so_ruesi_NotoSerifThai-SemiCondensed.png,201,ษ,0.8223,201,ษ,1,201,0.8223,201(ษ):0.822 | 187(ป):0.006 | 162(ข):0.005,1
PrintAksorn_dataset/test/so_ruesi_Sriracha-Regular.png,201,ษ,0.7471,201,ษ,1,201,0.7471,201(ษ):0.747 | 242(๒):0.027 | 186(บ):0.019,1
PrintAksorn_dataset/test/so_ruesi_TH-KoHo-Bold-Italic.png,201,ษ,0.577,201,ษ,1,201,0.577,201(ษ):0.577 | 173(ญ):0.022 | 194(ย):0.016,1
PrintAksorn_dataset/test/so_ruesi_Taviraj-ExtraLightItalic.png,201,ษ,0.8427,201,ษ,1,201,0.8427,201(ษ):0.843 | 187(ป):0.008 | 242(๒):0.005,1
PrintAksorn_dataset/test/so_ruesi_Taviraj-Italic.png,201,ษ,0.7853,201,ษ,1,201,0.7853,201(ษ):0.785 | 242(๒):0.008 | 187(ป):0.007,1
PrintAksorn_dataset/test/so_ruesi_Umpush-Light.png,201,ษ,0.7477,201,ษ,1,201,0.7477,201(ษ):0.748 | 242(๒):0.020 | 162(ข):0.012,1
PrintAksorn_dataset/test/so_ruesi_Waree-BoldOblique.png,201,ษ,0.738,201,ษ,1,201,0.738,201(ษ):0.738 | 162(ข):0.011 | 172(ฌ):0.010,1
PrintAksorn_dataset/test/so_sala_JS-Saksit-Normal.png,200,ศ,0.7546,200,ศ,1,200,0.7546,200(ศ):0.755 | 180(ด):0.019 | 248(๘):0.010,1
PrintAksorn_dataset/test/so_sala_Kanit-BlackItalic.png,248,๘,0.3132,200,ศ,0,248,0.3132,248(๘):0.313 | 242(๒):0.062 | 205(อ):0.049,1
PrintAksorn_dataset/test/so_sala_Kinnari-Italic.png,200,ศ,0.8839,200,ศ,1,200,0.8839,200(ศ):0.884 | 180(ด):0.011 | 248(๘):0.006,1
PrintAksorn_dataset/test/so_sala_Laksaman.png,200,ศ,0.6289,200,ศ,1,200,0.6289,200(ศ):0.629 | 165(ฅ):0.095 | 169(ฉ):0.010,1
PrintAksorn_dataset/test/so_sala_NotoSansThai-SemiCondensedSemiBold.png,200,ศ,0.2575,200,ศ,1,200,0.2575,200(ศ):0.257 | 161(ก):0.049 | 248(๘):0.041,1
PrintAksorn_dataset/test/so_sala_NotoSansThaiLooped-SemiBold.png,200,ศ,0.2635,200,ศ,1,200,0.2635,200(ศ):0.263 | 248(๘):0.090 | 202(ส):0.031,1
PrintAksorn_dataset/test/so_sala_NotoSerifThai-ExtraCondensedLight.png,200,ศ,0.4839,200,ศ,1,200,0.4839,200(ศ):0.484 | 248(๘):0.126 | 165(ฅ):0.025,1
PrintAksorn_dataset/test/so_sala_TH-Kodchasal-Regular.png,200,ศ,0.4998,200,ศ,1,200,0.4998,200(ศ):0.500 | 248(๘):0.068 | 168(จ):0.026,1
PrintAksorn_dataset/test/so_sala_Taviraj-ExtraBold.png,172,ฌ,0.1428,200,ศ,0,172,0.1428,172(ฌ):0.143 | 200(ศ):0.070 | 248(๘):0.065,1
PrintAksorn_dataset/test/so_sala_Taviraj-LightItalic.png,200,ศ,0.236,200,ศ,1,200,0.236,200(ศ):0.236 | 248(๘):0.213 | 180(ด):0.087,1
PrintAksorn_dataset/test/so_sala_TlwgTypewriter.png,248,๘,0.3177,200,ศ,0,248,0.3177,248(๘):0.318 | 200(ศ):0.153 | 180(ด):0.058,1
PrintAksorn_dataset/test/so_sala_Trirong-Medium.png,248,๘,0.1197,200,ศ,0,248,0.1197,248(๘):0.120 | 200(ศ):0.109 | 165(ฅ):0.036,1
PrintAksorn_dataset/test/so_so_JS-Wansika-Italic.png,170,ช,0.1479,171,ซ,0,170,0.1479,170(ช):0.148 | 171(ซ):0.091 | 206(ฮ):0.082,1
PrintAksorn_dataset/test/so_so_Kinnari.png,171,ซ,0.4683,171,ซ,1,171,0.4683,171(ซ):0.468 | 177(ฑ):0.039 | 166(ฆ):0.036,1
PrintAksorn_dataset/test/so_so_Maitree-Bold.png,201,ษ,0.1262,171,ซ,0,201,0.1262,201(ษ):0.126 | 170(ช):0.094 | 162(ข):0.085,1
PrintAksorn_dataset/test/so_so_NotoSerifThai-SemiCondensedSemiBold.png,201,ษ,0.115,171,ซ,0,201,0.115,201(ษ):0.115 | 206(ฮ):0.071 | 163(ฃ):0.071,1
PrintAksorn_dataset/test/so_so_PSK-SmartBI.png,201,ษ,0.3172,171,ซ,0,201,0.3172,201(ษ):0.317 | 171(ซ):0.040 | 247(๗):0.039,1
PrintAksorn_dataset/test/so_so_TH-Niramit-AS-Bold-Italic.png,171,ซ,0.2488,171,ซ,1,171,0.2488,171(ซ):0.249 | 163(ฃ):0.150 | 201(ษ):0.041,1
PrintAksorn_dataset/test/so_so_TH-Niramit-AS-Italic.png,171,ซ,0.6178,171,ซ,1,171,0.6178,171(ซ):0.618 | 201(ษ):0.041 | 163(ฃ):0.022,1
PrintAksorn_dataset/test/so_so_TlwgTypo.png,166,ฆ,0.0596,171,ซ,0,166,0.0596,166(ฆ):0.060 | 178(ฒ):0.056 | 171(ซ):0.056,1
PrintAksorn_dataset/test/so_suea_JS-Jindara-Bold-Italic.png,202,ส,0.8495,202,ส,1,202,0.8495,202(ส):0.849 | 197(ล):0.024 | 195(ร):0.009,1
PrintAksorn_dataset/test/so_suea_JS-Padachamai-Normal.png,202,ส,0.574,202,ส,1,202,0.574,202(ส):0.574 | 197(ล):0.085 | 195(ร):0.026,1
PrintAksorn_dataset/test/so_suea_JS-Pranee-Italic.png,202,ส,0.7587,202,ส,1,202,0.7587,202(ส):0.759 | 249(๙):0.028 | 248(๘):0.014,1
PrintAksorn_dataset/test/so_suea_JS-Pudgrong-Normal.png,202,ส,0.7672,202,ส,1,202,0.7672,202(ส):0.767 | 249(๙):0.022 | 200(ศ):0.010,1
PrintAksorn_dataset/test/so_suea_JS-Saksit-Bold.png,202,ส,0.4011,202,ส,1,202,0.4011,202(ส):0.401 | 197(ล):0.184 | 249(๙):0.025,1
PrintAksorn_dataset/test/so_suea_Kanit-Black.png,197,ล,0.294,202,ส,0,197,0.294,197(ล):0.294 | 248(๘):0.050 | 172(ฌ):0.041,1
PrintAksorn_dataset/test/so_suea_Kinnari-BoldOblique.png,202,ส,0.93,202,ส,1,202,0.93,202(ส):0.930 | 197(ล):0.006 | 237(ํ):0.002,1
PrintAksorn_dataset/test/so_suea_Maitree-Medium.png,197,ล,0.2493,202,ส,0,197,0.2493,197(ล):0.249 | 202(ส):0.169 | 182(ถ):0.082,1
PrintAksorn_dataset/test/so_suea_NotoSansThai-SemiCondensed.png,248,๘,0.3125,202,ส,0,248,0.3125,248(๘):0.313 | 195(ร):0.070 | 197(ล):0.069,1
PrintAksorn_dataset/test/so_suea_NotoSerifThai-ExtraCondensedExtraBold.png,202,ส,0.5573,202,ส,1,202,0.5573,202(ส):0.557 | 248(๘):0.078 | 249(๙):0.052,1
PrintAksorn_dataset/test/so_suea_Prompt-ExtraLightItalic.png,248,๘,0.1548,202,ส,0,248,0.1548,248(๘):0.155 | 197(ล):0.149 | 213(ี):0.076,1
PrintAksorn_dataset/test/so_suea_Sarabun-ExtraLight.png,202,ส,0.8736,202,ส,1,202,0.8736,202(ส):0.874 | 197(ล):0.022 | 195(ร):0.006,1
PrintAksorn_dataset/test/so_suea_TH-Baijam-Bold-Italic.png,202,ส,0.6686,202,ส,1,202,0.6686,202(ส):0.669 | 197(ล):0.133 | 213(ี):0.011,1
PrintAksorn_dataset/test/so_suea_TH-Fahkwang-Regular.png,202,ส,0.6797,202,ส,1,202,0.6797,202(ส):0.680 | 197(ล):0.070 | 176(ฐ):0.010,1
PrintAksorn_dataset/test/so_suea_Taviraj-SemiBoldItalic.png,202,ส,0.3474,202,ส,1,202,0.3474,202(ส):0.347 | 197(ล):0.308 | 213(ี):0.017,1
PrintAksorn_dataset/test/so_suea_Taviraj-Thin.png,197,ล,0.5544,202,ส,0,197,0.5544,197(ล):0.554 | 202(ส):0.161 | 213(ี):0.017,1
PrintAksorn_dataset/test/thanthakhat_DC-Palamongkol-Bold.png,248,๘,0.4317,236,์,0,248,0.4317,248(๘):0.432 | 236(์):0.138 | 246(๖):0.062,1
PrintAksorn_dataset/test/thanthakhat_Garuda-Bold.png,248,๘,0.2465,236,์,0,248,0.2465,248(๘):0.246 | 249(๙):0.136 | 246(๖):0.103,1
PrintAksorn_dataset/test/thanthakhat_JS-Mookravee-Normal.png,236,์,0.8519,236,์,1,236,0.8519,236(์):0.852 | 248(๘):0.008 | 195(ร):0.007,1
PrintAksorn_dataset/test/thanthakhat_JS-Rapee-Italic.png,236,์,0.9311,236,์,1,236,0.9311,236(์):0.931 | 224(เ):0.003 | 217(ู):0.003,1
PrintAksorn_dataset/test/thanthakhat_Kinnari-Italic.png,236,์,0.9151,236,์,1,236,0.9151,236(์):0.915 | 248(๘):0.011 | 249(๙):0.007,1
PrintAksorn_dataset/test/thanthakhat_NotoSansThai-SemiCondensedBlack.png,244,๔,0.1382,236,์,0,244,0.1382,244(๔):0.138 | 248(๘):0.097 | 241(๑):0.071,1
PrintAksorn_dataset/test/thanthakhat_NotoSansThaiLooped-Light.png,248,๘,0.2886,236,์,0,248,0.2886,248(๘):0.289 | 236(์):0.165 | 195(ร):0.053,1
PrintAksorn_dataset/test/thanthakhat_Pattaya-Regular.png,248,๘,0.163,236,์,0,248,0.163,248(๘):0.163 | 244(๔):0.154 | 212(ิ):0.085,1
PrintAksorn_dataset/test/thanthakhat_Prompt-SemiBoldItalic.png,248,๘,0.4554,236,์,0,248,0.4554,248(๘):0.455 | 212(ิ):0.069 | 236(์):0.036,1
PrintAksorn_dataset/test/thanthakhat_TH-Baijam-Bold-Italic.png,236,์,0.7893,236,์,1,236,0.7893,236(์):0.789 | 209(ั):0.058 | 231(็):0.009,1
PrintAksorn_dataset/test/thanthakhat_TH-Srisakdi-Bold.png,248,๘,0.3209,236,์,0,248,0.3209,248(๘):0.321 | 249(๙):0.046 | 228(ไ):0.046,1
PrintAksorn_dataset/test/thanthakhat_TlwgMono-BoldOblique.png,244,๔,0.3406,236,์,0,244,0.3406,244(๔):0.341 | 214(ึ):0.097 | 236(์):0.068,1
PrintAksorn_dataset/test/thanthakhat_Umpush-Oblique.png,236,์,0.4772,236,์,1,236,0.4772,236(์):0.477 | 231(็):0.089 | 248(๘):0.067,1
PrintAksorn_dataset/test/thanthakhat_Umpush.png,236,์,0.4594,236,์,1,236,0.4594,236(์):0.459 | 248(๘):0.089 | 231(็):0.050,1
PrintAksorn_dataset/test/tho_montho_Chonburi-Regular.png,178,ฒ,0.1449,177,ฑ,0,178,0.1449,178(ฒ):0.145 | 242(๒):0.095 | 177(ฑ):0.043,1
PrintAksorn_dataset/test/tho_montho_JS-Chulee.png,177,ฑ,0.6845,177,ฑ,1,177,0.6845,177(ฑ):0.684 | 163(ฃ):0.030 | 190(พ):0.022,1
PrintAksorn_dataset/test/tho_montho_JS-Junkaew-Italic.png,177,ฑ,0.2626,177,ฑ,1,177,0.2626,177(ฑ):0.263 | 181(ต):0.169 | 178(ฒ):0.055,1
PrintAksorn_dataset/test/tho_montho_JS-Puriphop-Normal.png,181,ต,0.2272,177,ฑ,0,181,0.2272,181(ต):0.227 | 188(ผ):0.174 | 178(ฒ):0.095,1
PrintAksorn_dataset/test/tho_montho_JS-Synjai-Italic.png,177,ฑ,0.3887,177,ฑ,1,177,0.3887,177(ฑ):0.389 | 181(ต):0.115 | 178(ฒ):0.076,1
PrintAksorn_dataset/test/tho_montho_NotoSansThai-SemiBold.png,177,ฑ,0.8438,177,ฑ,1,177,0.8438,177(ฑ):0.844 | 249(๙):0.010 | 179(ณ):0.009,1
PrintAksorn_dataset/test/tho_montho_NotoSerifThai-ExtraCondensed.png,177,ฑ,0.5741,177,ฑ,1,177,0.5741,177(ฑ):0.574 | 181(ต):0.047 | 178(ฒ):0.044,1
PrintAksorn_dataset/test/tho_montho_NotoSerifThai-SemiCondensedBlack.png,178,ฒ,0.4412,177,ฑ,0,178,0.4412,178(ฒ):0.441 | 177(ฑ):0.173 | 181(ต):0.037,1
PrintAksorn_dataset/test/tho_montho_NotoSerifThai-SemiCondensedExtraBold.png,177,ฑ,0.3119,177,ฑ,1,177,0.3119,177(ฑ):0.312 | 178(ฒ):0.272 | 181(ต):0.037,1
PrintAksorn_dataset/test/tho_montho_Sriracha-Regular.png,177,ฑ,0.3826,177,ฑ,1,177,0.3826,177(ฑ):0.383 | 183(ท):0.158 | 190(พ):0.060,1
PrintAksorn_dataset/test/tho_montho_TH-Fahkwang-Regular.png,181,ต,0.5194,177,ฑ,0,181,0.5194,181(ต):0.519 | 178(ฒ):0.046 | 177(ฑ):0.043,1
PrintAksorn_dataset/test/tho_montho_TlwgMono-Bold.png,177,ฑ,0.4938,177,ฑ,1,177,0.4938,177(ฑ):0.494 | 178(ฒ):0.090 | 163(ฃ):0.030,1
PrintAksorn_dataset/test/tho_montho_TlwgTypo-BoldOblique.png,178,ฒ,0.2016,177,ฑ,0,178,0.2016,178(ฒ):0.202 | 177(ฑ):0.176 | 181(ต):0.078,1
PrintAksorn_dataset/test/tho_montho_Trirong-Medium.png,178,ฒ,0.4375,177,ฑ,0,178,0.4375,178(ฒ):0.438 | 177(ฑ):0.135 | 190(พ):0.041,1
PrintAksorn_dataset/test/tho_phuthao_JS-Thanaporn-Normal.png,247,๗,0.1329,178,ฒ,0,247,0.1329,247(๗):0.133 | 179(ณ):0.066 | 178(ฒ):0.059,1
PrintAksorn_dataset/test/tho_phuthao_Kinnari-BoldOblique.png,178,ฒ,0.9033,178,ฒ,1,178,0.9033,178(ฒ):0.903 | 172(ฌ):0.028 | 180(ด):0.002,1
PrintAksorn_dataset/test/tho_phuthao_Laksaman-Italic.png,178,ฒ,0.8713,178,ฒ,1,178,0.8713,178(ฒ):0.871 | 172(ฌ):0.013 | 166(ฆ):0.004,1
PrintAksorn_dataset/test/tho_phuthao_NotoSansThai-CondensedThin.png,247,๗,0.1979,178,ฒ,0,247,0.1979,247(๗):0.198 | 178(ฒ):0.108 | 243(๓):0.107,1
PrintAksorn_dataset/test/tho_phuthao_NotoSerifThai-SemiCondensed.png,178,ฒ,0.8002,178,ฒ,1,178,0.8002,178(ฒ):0.800 | 172(ฌ):0.034 | 242(๒):0.005,1
PrintAksorn_dataset/test/tho_phuthao_NotoSerifThai-SemiCondensedBlack.png,178,ฒ,0.8992,178,ฒ,1,178,0.8992,178(ฒ):0.899 | 172(ฌ):0.011 | 214(ึ):0.003,1
PrintAksorn_dataset/test/tho_phuthao_Sarabun-Regular.png,178,ฒ,0.8459,178,ฒ,1,178,0.8459,178(ฒ):0.846 | 172(ฌ):0.030 | 180(ด):0.004,1
PrintAksorn_dataset/test/tho_phuthao_Umpush-Oblique.png,178,ฒ,0.672,178,ฒ,1,178,0.672,178(ฒ):0.672 | 172(ฌ):0.097 | 242(๒):0.010,1
PrintAksorn_dataset/test/tho_phuthao_Waree-Bold.png,178,ฒ,0.8668,178,ฒ,1,178,0.8668,178(ฒ):0.867 | 172(ฌ):0.034 | 162(ข):0.003,1
PrintAksorn_dataset/test/tho_thahan_DC-Palamongkol-Regular.png,183,ท,0.3417,183,ท,1,183,0.3417,183(ท):0.342 | 203(ห):0.040 | 190(พ):0.029,1
PrintAksorn_dataset/test/tho_thahan_JS-Saowapark-Italic.png,183,ท,0.8564,183,ท,1,183,0.8564,183(ท):0.856 | 190(พ):0.005 | 161(ก):0.005,1
PrintAksorn_dataset/test/tho_thahan_NotoSansThaiLooped-Bold.png,183,ท,0.8004,183,ท,1,183,0.8004,183(ท):0.800 | 190(พ):0.011 | 179(ณ):0.011,1
PrintAksorn_dataset/test/tho_thahan_NotoSerifThai-SemiCondensed.png,183,ท,0.4964,183,ท,1,183,0.4964,183(ท):0.496 | 190(พ):0.105 | 161(ก):0.016,1
PrintAksorn_dataset/test/tho_thahan_Sarabun-ThinItalic.png,183,ท,0.4972,183,ท,1,183,0.4972,183(ท):0.497 | 190(พ):0.069 | 203(ห):0.024,1
PrintAksorn_dataset/test/tho_thahan_Taviraj-ExtraLightItalic.png,183,ท,0.2538,183,ท,1,183,0.2538,183(ท):0.254 | 190(พ):0.110 | 203(ห):0.065,1
PrintAksorn_dataset/test/tho_thahan_Trirong-BoldItalic.png,190,พ,0.2041,183,ท,0,190,0.2041,190(พ):0.204 | 183(ท):0.115 | 179(ณ):0.084,1
PrintAksorn_dataset/test/tho_than_Aksaramatee-Italic.png,176,ฐ,0.9467,176,ฐ,1,176,0.9467,176(ฐ):0.947 | 175(ฏ):0.009 | 184(ธ):0.002,1
PrintAksorn_dataset/test/tho_than_ChulaNarak-Regular.png,176,ฐ,0.8231,176,ฐ,1,176,0.8231,176(ฐ):0.823 | 245(๕):0.026 | 175(ฏ):0.020,1
PrintAksorn_dataset/test/tho_than_DC-Palamongkol-Regular.png,176,ฐ,0.4845,176,ฐ,1,176,0.4845,176(ฐ):0.484 | 173(ญ):0.036 | 245(๕):0.035,1
PrintAksorn_dataset/test/tho_than_JS-Saksit-Normal.png,176,ฐ,0.6836,176,ฐ,1,176,0.6836,176(ฐ):0.684 | 174(ฎ):0.043 | 245(๕):0.021,1
PrintAksorn_dataset/test/tho_than_Kinnari-Bold.png,176,ฐ,0.5897,176,ฐ,1,176,0.5897,176(ฐ):0.590 | 245(๕):0.048 | 174(ฎ):0.046,1
PrintAksorn_dataset/test/tho_than_Mitr-Regular.png,174,ฎ,0.1208,176,ฐ,0,174,0.1208,174(ฎ):0.121 | 176(ฐ):0.092 | 245(๕):0.083,1
PrintAksorn_dataset/test/tho_than_Norasi-BoldItalic.png,176,ฐ,0.8151,176,ฐ,1,176,0.8151,176(ฐ):0.815 | 174(ฎ):0.022 | 245(๕):0.018,1
PrintAksorn_dataset/test/tho_than_NotoSansThai-CondensedBold.png,176,ฐ,0.6664,176,ฐ,1,176,0.6664,176(ฐ):0.666 | 175(ฏ):0.058 | 245(๕):0.024,1
PrintAksorn_dataset/test/tho_than_NotoSerifThai-ExtraCondensedExtraLight.png,174,ฎ,0.3415,176,ฐ,0,174,0.3415,174(ฎ):0.342 | 175(ฏ):0.179 | 176(ฐ):0.126,1
PrintAksorn_dataset/test/tho_than_Sriracha-Regular.png,248,๘,0.1619,176,ฐ,0,248,0.1619,248(๘):0.162 | 245(๕):0.131 | 173(ญ):0.106,1
PrintAksorn_dataset/test/tho_thong_Loma.png,184,ธ,0.8581,184,ธ,1,184,0.8581,184(ธ):0.858 | 248(๘):0.008 | 182(ถ):0.005,1
PrintAksorn_dataset/test/tho_thong_NotoSansThai-Bold.png,248,๘,0.2618,184,ธ,0,248,0.2618,248(๘):0.262 | 195(ร):0.114 | 184(ธ):0.100,1
PrintAksorn_dataset/test/tho_thong_NotoSansThaiLooped-Thin.png,184,ธ,0.3958,184,ธ,1,184,0.3958,184(ธ):0.396 | 248(๘):0.372 | 182(ถ):0.029,1
PrintAksorn_dataset/test/tho_thong_Prompt-ExtraLight.png,248,๘,0.3771,184,ธ,0,248,0.3771,248(๘):0.377 | 195(ร):0.064 | 246(๖):0.059,1
PrintAksorn_dataset/test/tho_thong_Sarabun-ExtraBold.png,184,ธ,0.2485,184,ธ,1,184,0.2485,184(ธ):0.249 | 248(๘):0.169 | 195(ร):0.161,1
PrintAksorn_dataset/test/tho_thong_TH-Charmonman-Regular.png,184,ธ,0.6886,184,ธ,1,184,0.6886,184(ธ):0.689 | 248(๘):0.039 | 195(ร):0.018,1
PrintAksorn_dataset/test/tho_thong_Taviraj-MediumItalic.png,184,ธ,0.7987,184,ธ,1,184,0.7987,184(ธ):0.799 | 182(ถ):0.026 | 205(อ):0.017,1
PrintAksorn_dataset/test/tho_thung_ChulaNarak-Bold-Italic.png,182,ถ,0.9599,182,ถ,1,182,0.9599,182(ถ):0.960 | 241(๑):0.002 | 196(ฤ):0.002,1
PrintAksorn_dataset/test/tho_thung_FonLeb-Italic.png,182,ถ,0.9616,182,ถ,1,182,0.9616,182(ถ):0.962 | 192(ภ):0.002 | 196(ฤ):0.001,1
PrintAksorn_dataset/test/tho_thung_Himmaparnt-Bold.png,182,ถ,0.9208,182,ถ,1,182,0.9208,182(ถ):0.921 | 192(ภ):0.005 | 194(ย):0.002,1
PrintAksorn_dataset/test/tho_thung_JS-75-Pumpuang.png,161,ก,0.7848,182,ถ,0,161,0.7848,161(ก):0.785 | 184(ธ):0.021 | 192(ภ):0.010,1
PrintAksorn_dataset/test/tho_thung_JS-Angsumalin.png,182,ถ,0.7631,182,ถ,1,182,0.7631,182(ถ):0.763 | 243(๓):0.016 | 241(๑):0.016,1
PrintAksorn_dataset/test/tho_thung_Prompt-BoldItalic.png,241,๑,0.243,182,ถ,0,241,0.243,241(๑):0.243 | 182(ถ):0.173 | 205(อ):0.044,1
PrintAksorn_dataset/test/tho_thung_TH-Fahkwang-Italic.png,182,ถ,0.943,182,ถ,1,182,0.943,182(ถ):0.943 | 205(อ):0.003 | 241(๑):0.002,1
PrintAksorn_dataset/test/tho_thung_Taviraj-LightItalic.png,182,ถ,0.9654,182,ถ,1,182,0.9654,182(ถ):0.965 | 192(ภ):0.002 | 243(๓):0.001,1
PrintAksorn_dataset/test/to_patak_JS-Saksit-Normal.png,175,ฏ,0.6429,175,ฏ,1,175,0.6429,175(ฏ):0.643 | 174(ฎ):0.206 | 205(อ):0.004,1
PrintAksorn_dataset/test/to_patak_Laksaman.png,175,ฏ,0.8872,175,ฏ,1,175,0.8872,175(ฏ):0.887 | 174(ฎ):0.007 | 177(ฑ):0.003,1
PrintAksorn_dataset/test/to_patak_NotoSerifThai-CondensedBlack.png,175,ฏ,0.5101,175,ฏ,1,175,0.5101,175(ฏ):0.510 | 174(ฎ):0.165 | 173(ญ):0.025,1
PrintAksorn_dataset/test/to_patak_NotoSerifThai-CondensedSemiBold.png,175,ฏ,0.486,175,ฏ,1,175,0.486,175(ฏ):0.486 | 174(ฎ):0.195 | 173(ญ):0.015,1
PrintAksorn_dataset/test/to_patak_NotoSerifThai-SemiCondensedLight.png,175,ฏ,0.6497,175,ฏ,1,175,0.6497,175(ฏ):0.650 | 174(ฎ):0.150 | 192(ภ):0.008,1
PrintAksorn_dataset/test/to_patak_SR-FahMai-Bold.png,175,ฏ,0.6671,175,ฏ,1,175,0.6671,175(ฏ):0.667 | 174(ฎ):0.059 | 192(ภ):0.009,1
PrintAksorn_dataset/test/to_patak_SukhumvitSet.png,174,ฎ,0.7352,175,ฏ,0,174,0.7352,174(ฎ):0.735 | 175(ฏ):0.082 | 182(ถ):0.013,1
PrintAksorn_dataset/test/to_patak_TlwgMono-Oblique.png,175,ฏ,0.9156,175,ฏ,1,175,0.9156,175(ฏ):0.916 | 174(ฎ):0.005 | 172(ฌ):0.004,1
PrintAksorn_dataset/test/to_patak_Trirong-Thin.png,175,ฏ,0.6293,175,ฏ,1,175,0.6293,175(ฏ):0.629 | 174(ฎ):0.189 | 192(ภ):0.007,1
PrintAksorn_dataset/test/to_tao_JS-Charnchai-Normal.png,181,ต,0.9476,181,ต,1,181,0.9476,181(ต):0.948 | 165(ฅ):0.009 | 180(ด):0.009,1
PrintAksorn_dataset/test/to_tao_JS-Junkaew-Italic.png,181,ต,0.8984,181,ต,1,181,0.8984,181(ต):0.898 | 180(ด):0.028 | 165(ฅ):0.008,1
PrintAksorn_dataset/test/to_tao_JS-Saowapark-Italic.png,181,ต,0.86,181,ต,1,181,0.86,181(ต):0.860 | 180(ด):0.025 | 165(ฅ):0.019,1
PrintAksorn_dataset/test/to_tao_Kanit-MediumItalic.png,243,๓,0.8102,181,ต,0,243,0.8102,243(๓):0.810 | 165(ฅ):0.011 | 240(๐):0.011,1
PrintAksorn_dataset/test/to_tao_NotoSansThai-ExtraCondensedMedium.png,243,๓,0.4879,181,ต,0,243,0.4879,243(๓):0.488 | 240(๐):0.083 | 165(ฅ):0.031,1
PrintAksorn_dataset/test/to_tao_NotoSansThai-Light.png,243,๓,0.5923,181,ต,0,243,0.5923,243(๓):0.592 | 165(ฅ):0.068 | 242(๒):0.028,1
PrintAksorn_dataset/test/to_tao_NotoSansThai-SemiCondensedExtraLight.png,243,๓,0.5854,181,ต,0,243,0.5854,243(๓):0.585 | 165(ฅ):0.077 | 242(๒):0.019,1
PrintAksorn_dataset/test/to_tao_NotoSerifThai-CondensedLight.png,181,ต,0.9068,181,ต,1,181,0.9068,181(ต):0.907 | 165(ฅ):0.025 | 243(๓):0.006,1
PrintAksorn_dataset/test/to_tao_Prompt-Medium.png,243,๓,0.6744,181,ต,0,243,0.6744,243(๓):0.674 | 240(๐):0.021 | 165(ฅ):0.019,1
PrintAksorn_dataset/test/to_tao_Prompt-SemiBoldItalic.png,243,๓,0.7783,181,ต,0,243,0.7783,243(๓):0.778 | 240(๐):0.017 | 165(ฅ):0.012,1
PrintAksorn_dataset/test/to_tao_Sarabun-Italic.png,181,ต,0.7667,181,ต,1,181,0.7667,181(ต):0.767 | 165(ฅ):0.098 | 243(๓):0.015,1
PrintAksorn_dataset/test/to_tao_Trirong-ThinItalic.png,181,ต,0.8793,181,ต,1,181,0.8793,181(ต):0.879 | 165(ฅ):0.021 | 243(๓):0.010,1
PrintAksorn_dataset/test/wo_waen_DC-Palamongkol-Regular.png,199,ว,0.9467,199,ว,1,199,0.9467,199(ว):0.947 | 210(า):0.003 | 246(๖):0.003,1
PrintAksorn_dataset/test/wo_waen_FonLeb-Bold.png,199,ว,0.9107,199,ว,1,199,0.9107,199(ว):0.911 | 210(า):0.008 | 195(ร):0.003,1
PrintAksorn_dataset/test/wo_waen_JS-Prajuk-Italic.png,199,ว,0.7231,199,ว,1,199,0.7231,199(ว):0.723 | 192(ภ):0.034 | 195(ร):0.025,1
PrintAksorn_dataset/test/wo_waen_JS-Pumpuang-Normal.png,241,๑,0.1313,199,ว,0,241,0.1313,241(๑):0.131 | 246(๖):0.100 | 240(๐):0.098,1
PrintAksorn_dataset/test/wo_waen_KaniGa-Bold.png,199,ว,0.911,199,ว,1,199,0.911,199(ว):0.911 | 210(า):0.005 | 192(ภ):0.002,1
PrintAksorn_dataset/test/wo_waen_Loma-Bold.png,199,ว,0.8574,199,ว,1,199,0.8574,199(ว):0.857 | 246(๖):0.012 | 195(ร):0.007,1
PrintAksorn_dataset/test/wo_waen_Mitr-Medium.png,241,๑,0.2517,199,ว,0,241,0.2517,241(๑):0.252 | 246(๖):0.119 | 199(ว):0.062,1
PrintAksorn_dataset/test/wo_waen_PSK-Smart-Bold.png,199,ว,0.9322,199,ว,1,199,0.9322,199(ว):0.932 | 246(๖):0.003 | 195(ร):0.003,1
PrintAksorn_dataset/test/wo_waen_Pattaya-Regular.png,241,๑,0.6959,199,ว,0,241,0.6959,241(๑):0.696 | 199(ว):0.027 | 246(๖):0.019,1
PrintAksorn_dataset/test/wo_waen_Pridi-Bold.png,199,ว,0.6015,199,ว,1,199,0.6015,199(ว):0.601 | 246(๖):0.041 | 192(ภ):0.029,1
PrintAksorn_dataset/test/wo_waen_Pridi-SemiBold.png,199,ว,0.816,199,ว,1,199,0.816,199(ว):0.816 | 192(ภ):0.013 | 195(ร):0.013,1
PrintAksorn_dataset/test/wo_waen_TH-Mali-Grade6-Regular.png,199,ว,0.9022,199,ว,1,199,0.9022,199(ว):0.902 | 246(๖):0.005 | 187(ป):0.002,1
PrintAksorn_dataset/test/yo_yak_JS-Rapee-Bold.png,194,ย,0.6349,194,ย,1,194,0.6349,194(ย):0.635 | 188(ผ):0.016 | 243(๓):0.012,1
PrintAksorn_dataset/test/yo_yak_Kinnari-BoldItalic.png,194,ย,0.8449,194,ย,1,194,0.8449,194(ย):0.845 | 230(ๆ):0.006 | 243(๓):0.006,1
PrintAksorn_dataset/test/yo_yak_NotoSansThai-CondensedExtraBold.png,194,ย,0.4353,194,ย,1,194,0.4353,194(ย):0.435 | 188(ผ):0.028 | 166(ฆ):0.024,1
PrintAksorn_dataset/test/yo_yak_NotoSerifThai-SemiCondensedMedium.png,194,ย,0.7168,194,ย,1,194,0.7168,194(ย):0.717 | 162(ข):0.044 | 188(ผ):0.011,1
PrintAksorn_dataset/test/yo_yak_Taviraj-Light.png,194,ย,0.8696,194,ย,1,194,0.8696,194(ย):0.870 | 162(ข):0.013 | 186(บ):0.009,1
PrintAksorn_dataset/test/yo_ying_CmPrasanmit-Bold.png,173,ญ,0.8796,173,ญ,1,173,0.8796,173(ญ):0.880 | 174(ฎ):0.006 | 193(ม):0.004,1
PrintAksorn_dataset/test/yo_ying_FonLeb-Italic.png,173,ญ,0.8658,173,ญ,1,173,0.8658,173(ญ):0.866 | 174(ฎ):0.006 | 193(ม):0.006,1
PrintAksorn_dataset/test/yo_ying_Himmaparnt-Bold.png,173,ญ,0.8558,173,ญ,1,173,0.8558,173(ญ):0.856 | 247(๗):0.010 | 179(ณ):0.006,1
PrintAksorn_dataset/test/yo_ying_NotoSansThai-CondensedThin.png,173,ญ,0.9053,173,ญ,1,173,0.9053,173(ญ):0.905 | 227(ใ):0.003 | 181(ต):0.003,1
PrintAksorn_dataset/test/yo_ying_NotoSansThai-SemiCondensedBlack.png,173,ญ,0.76,173,ญ,1,173,0.76,173(ญ):0.760 | 247(๗):0.014 | 244(๔):0.011,1
PrintAksorn_dataset/test/yo_ying_NotoSansThaiLooped-Medium.png,173,ญ,0.8762,173,ญ,1,173,0.8762,173(ญ):0.876 | 247(๗):0.004 | 179(ณ):0.004,1
PrintAksorn_dataset/test/yo_ying_NotoSerifThai-Black.png,173,ญ,0.8385,173,ญ,1,173,0.8385,173(ญ):0.839 | 178(ฒ):0.010 | 179(ณ):0.006,1
PrintAksorn_dataset/test/yo_ying_NotoSerifThai-ExtraCondensedLight.png,173,ญ,0.8372,173,ญ,1,173,0.8372,173(ญ):0.837 | 193(ม):0.011 | 247(๗):0.005,1
PrintAksorn_dataset/test/yo_ying_Prompt-BoldItalic.png,173,ญ,0.4325,173,ญ,1,173,0.4325,173(ญ):0.433 | 247(๗):0.135 | 248(๘):0.030,1
PrintAksorn_dataset/test/yo_ying_Purisa-Oblique.png,173,ญ,0.9213,173,ญ,1,173,0.9213,173(ญ):0.921 | 247(๗):0.004 | 208(ะ):0.003,1
PrintAksorn_dataset/test/yo_ying_Sriracha-Regular.png,173,ญ,0.8667,173,ญ,1,173,0.8667,173(ญ):0.867 | 247(๗):0.009 | 248(๘):0.005,1
PrintAksorn_dataset/test/yo_ying_Taviraj-Medium.png,173,ญ,0.86,173,ญ,1,173,0.86,173(ญ):0.860 | 247(๗):0.009 | 193(ม):0.007,1
