path,predicted_class,predicted_char,confidence,true_class,true_char,correct,model_pred,model_conf,top_3,agree
PrintAksorn_dataset/test/bo_baimai_JS-Pudgrong-Normal.png,186,บ,0.8832,186,บ,1,186,0.8832,186(บ):0.883 | 217(ู):0.025 | 162(ข):0.007,1
PrintAksorn_dataset/test/bo_baimai_JS-Saksit-Bold-Italic.png,186,บ,0.7913,186,บ,1,186,0.7913,186(บ):0.791 | 217(ู):0.063 | 187(ป):0.048,1
PrintAksorn_dataset/test/bo_baimai_JS-Wansika-Italic.png,186,บ,0.6475,186,บ,1,186,0.6475,186(บ):0.648 | 217(ู):0.044 | 162(ข):0.042,1
PrintAksorn_dataset/test/bo_baimai_JS-Yodthida.png,186,บ,0.8687,186,บ,1,186,0.8687,186(บ):0.869 | 217(ู):0.022 | 162(ข):0.017,1
PrintAksorn_dataset/test/bo_baimai_Kanit-BoldItalic.png,186,บ,0.2243,186,บ,1,186,0.2243,186(บ):0.224 | 205(อ):0.102 | 217(ู):0.087,1
PrintAksorn_dataset/test/bo_baimai_NotoSerifThai-CondensedThin.png,186,บ,0.8917,186,บ,1,186,0.8917,186(บ):0.892 | 217(ู):0.013 | 187(ป):0.010,1
PrintAksorn_dataset/test/bo_baimai_NotoSerifThai-Light.png,186,บ,0.8576,186,บ,1,186,0.8576,186(บ):0.858 | 217(ู):0.023 | 187(ป):0.009,1
PrintAksorn_dataset/test/bo_baimai_Prompt-Bold.png,186,บ,0.5503,186,บ,1,186,0.5503,186(บ):0.550 | 187(ป):0.104 | 217(ู):0.096,1
PrintAksorn_dataset/test/bo_baimai_Prompt-ExtraLightItalic.png,186,บ,0.922,186,บ,1,186,0.922,186(บ):0.922 | 187(ป):0.029 | 161(ก):0.004,1
PrintAksorn_dataset/test/bo_baimai_Prompt-Light.png,186,บ,0.9246,186,บ,1,186,0.9246,186(บ):0.925 | 187(ป):0.037 | 217(ู):0.007,1
PrintAksorn_dataset/test/bo_baimai_Sawasdee-Oblique.png,186,บ,0.8921,186,บ,1,186,0.8921,186(บ):0.892 | 187(ป):0.029 | 162(ข):0.009,1
PrintAksorn_dataset/test/bo_baimai_TH-Fahkwang-Italic.png,186,บ,0.8314,186,บ,1,186,0.8314,186(บ):0.831 | 217(ู):0.030 | 187(ป):0.028,1
PrintAksorn_dataset/test/bo_baimai_TlwgTypist-Bold.png,186,บ,0.7232,186,บ,1,186,0.7232,186(บ):0.723 | 187(ป):0.066 | 217(ู):0.058,1
PrintAksorn_dataset/test/cho_chan_FonLeb-Regular.png,168,จ,0.8974,168,จ,1,168,0.8974,168(จ):0.897 | 169(ฉ):0.010 | 162(ข):0.004,1
PrintAksorn_dataset/test/cho_chan_JS-Giat-Bold.png,169,ฉ,0.5313,168,จ,0,169,0.5313,169(ฉ):0.531 | 205(อ):0.101 | 187(ป):0.025,1
PrintAksorn_dataset/test/cho_chan_JS-Sunsanee-Normal.png,205,อ,0.2104,168,จ,0,205,0.2104,205(อ):0.210 | 169(ฉ):0.185 | 168(จ):0.122,1
PrintAksorn_dataset/test/cho_chan_NotoSerifThai-ExtraCondensedExtraBold.png,205,อ,0.5982,168,จ,0,205,0.5982,205(อ):0.598 | 168(จ):0.054 | 169(ฉ):0.048,1
PrintAksorn_dataset/test/cho_chan_Prompt-BoldItalic.png,205,อ,0.6642,168,จ,0,205,0.6642,205(อ):0.664 | 169(ฉ):0.058 | 184(ธ):0.022,1
PrintAksorn_dataset/test/cho_chan_Prompt-MediumItalic.png,205,อ,0.6515,168,จ,0,205,0.6515,205(อ):0.651 | 169(ฉ):0.045 | 206(ฮ):0.017,1
PrintAksorn_dataset/test/cho_chan_Taviraj-Black.png,168,จ,0.6804,168,จ,1,168,0.6804,168(จ):0.680 | 169(ฉ):0.130 | 197(ล):0.019,1
PrintAksorn_dataset/test/cho_chan_Taviraj-Bold.png,168,จ,0.8798,168,จ,1,168,0.8798,168(จ):0.880 | 169(ฉ):0.047 | 197(ล):0.008,1
PrintAksorn_dataset/test/cho_chan_Trirong-SemiBoldItalic.png,168,จ,0.898,168,จ,1,168,0.898,168(จ):0.898 | 197(ล):0.013 | 169(ฉ):0.008,1
PrintAksorn_dataset/test/cho_chang_CmPrasanmit-Bold-Italic.png,170,ช,0.8473,170,ช,1,170,0.8473,170(ช):0.847 | 184(ธ):0.027 | 201(ษ):0.026,1
PrintAksorn_dataset/test/cho_chang_JS-Pisit-Italic.png,170,ช,0.8452,170,ช,1,170,0.8452,170(ช):0.845 | 162(ข):0.040 | 184(ธ):0.010,1
PrintAksorn_dataset/test/cho_chang_JS-Rapee-Bold-Italic.png,170,ช,0.8573,170,ช,1,170,0.8573,170(ช):0.857 | 171(ซ):0.019 | 184(ธ):0.010,1
PrintAksorn_dataset/test/cho_chang_KaniGa-Bold.png,170,ช,0.6287,170,ช,1,170,0.6287,170(ช):0.629 | 201(ษ):0.110 | 184(ธ):0.034,1
PrintAksorn_dataset/test/cho_chang_Maitree-Light.png,170,ช,0.8019,170,ช,1,170,0.8019,170(ช):0.802 | 201(ษ):0.033 | 203(ห):0.015,1
PrintAksorn_dataset/test/cho_chang_Norasi-Bold.png,170,ช,0.79,170,ช,1,170,0.79,170(ช):0.790 | 184(ธ):0.051 | 201(ษ):0.012,1
PrintAksorn_dataset/test/cho_chang_NotoSansThaiLooped-ExtraBold.png,201,ษ,0.744,170,ช,0,201,0.744,201(ษ):0.744 | 170(ช):0.018 | 217(ู):0.014,1
PrintAksorn_dataset/test/cho_chang_NotoSerifThai-CondensedBold.png,170,ช,0.549,170,ช,1,170,0.549,170(ช):0.549 | 201(ษ):0.208 | 184(ธ):0.015,1
PrintAksorn_dataset/test/cho_chang_NotoSerifThai-SemiCondensed.png,170,ช,0.7767,170,ช,1,170,0.7767,170(ช):0.777 | 201(ษ):0.072 | 162(ข):0.015,1
PrintAksorn_dataset/test/cho_chang_Prompt-Regular.png,170,ช,0.4149,170,ช,1,170,0.4149,170(ช):0.415 | 201(ษ):0.058 | 184(ธ):0.054,1
PrintAksorn_dataset/test/cho_chang_TH-Chakra-Petch-Bold.png,170,ช,0.4602,170,ช,1,170,0.4602,170(ช):0.460 | 171(ซ):0.352 | 177(ฑ):0.015,1
PrintAksorn_dataset/test/cho_chang_TH-Fahkwang-Regular.png,162,ข,0.3371,170,ช,0,162,0.3371,162(ข):0.337 | 170(ช):0.114 | 186(บ):0.080,1
PrintAksorn_dataset/test/cho_ching_DC-Palamongkol-Italic.png,169,ฉ,0.8571,169,ฉ,1,169,0.8571,169(ฉ):0.857 | 205(อ):0.022 | 178(ฒ):0.005,1
PrintAksorn_dataset/test/cho_ching_Himmaparnt-Italic.png,169,ฉ,0.9604,169,ฉ,1,169,0.9604,169(ฉ):0.960 | 179(ณ):0.002 | 182(ถ):0.001,1
PrintAksorn_dataset/test/cho_ching_JS-Chusri-Normal.png,169,ฉ,0.7969,169,ฉ,1,169,0.7969,169(ฉ):0.797 | 172(ฌ):0.024 | 175(ฏ):0.016,1
PrintAksorn_dataset/test/cho_ching_JS-Sunsanee-Italic.png,169,ฉ,0.9134,169,ฉ,1,169,0.9134,169(ฉ):0.913 | 185(น):0.002 | 180(ด):0.002,1
PrintAksorn_dataset/test/cho_ching_Kanit-ExtraBoldItalic.png,205,อ,0.5583,169,ฉ,0,205,0.5583,205(อ):0.558 | 169(ฉ):0.125 | 172(ฌ):0.062,1
PrintAksorn_dataset/test/cho_ching_Kanit-LightItalic.png,205,อ,0.7798,169,ฉ,0,205,0.7798,205(อ):0.780 | 169(ฉ):0.043 | 182(ถ):0.029,1
PrintAksorn_dataset/test/cho_ching_Kinnari-BoldOblique.png,169,ฉ,0.917,169,ฉ,1,169,0.917,169(ฉ):0.917 | 174(ฎ):0.002 | 205(อ):0.002,1
PrintAksorn_dataset/test/cho_ching_Kinnari.png,169,ฉ,0.9434,169,ฉ,1,169,0.9434,169(ฉ):0.943 | 205(อ):0.001 | 175(ฏ):0.001,1
PrintAksorn_dataset/test/cho_ching_PSK-Smart-Bold.png,169,ฉ,0.9071,169,ฉ,1,169,0.9071,169(ฉ):0.907 | 214(ึ):0.003 | 205(อ):0.003,1
PrintAksorn_dataset/test/cho_ching_Prompt-Medium.png,205,อ,0.5335,169,ฉ,0,205,0.5335,205(อ):0.534 | 169(ฉ):0.112 | 172(ฌ):0.039,1
PrintAksorn_dataset/test/cho_ching_TH-Sarabun-New-Bold.png,169,ฉ,0.9236,169,ฉ,1,169,0.9236,169(ฉ):0.924 | 205(อ):0.004 | 182(ถ):0.002,1
PrintAksorn_dataset/test/cho_ching_Taviraj-SemiBold.png,169,ฉ,0.8952,169,ฉ,1,169,0.8952,169(ฉ):0.895 | 205(อ):0.005 | 175(ฏ):0.003,1
PrintAksorn_dataset/test/cho_choe_Athiti-Medium.png,172,ฌ,0.6211,172,ฌ,1,172,0.6211,172(ฌ):0.621 | 173(ญ):0.090 | 179(ณ):0.087,1
PrintAksorn_dataset/test/cho_choe_FonLeb-Bold.png,172,ฌ,0.911,172,ฌ,1,172,0.911,172(ฌ):0.911 | 205(อ):0.004 | 166(ฆ):0.004,1
PrintAksorn_dataset/test/cho_choe_JS-Giat-Bold.png,172,ฌ,0.9506,172,ฌ,1,172,0.9506,172(ฌ):0.951 | 178(ฒ):0.012 | 179(ณ):0.004,1
PrintAksorn_dataset/test/cho_choe_JS-Sadayu-Allcaps.png,172,ฌ,0.8853,172,ฌ,1,172,0.8853,172(ฌ):0.885 | 205(อ):0.003 | 178(ฒ):0.003,1
PrintAksorn_dataset/test/cho_choe_JS-Saksit-Italic.png,172,ฌ,0.8854,172,ฌ,1,172,0.8854,172(ฌ):0.885 | 166(ฆ):0.004 | 205(อ):0.004,1
PrintAksorn_dataset/test/cho_choe_Kanit-ExtraBold.png,172,ฌ,0.7197,172,ฌ,1,172,0.7197,172(ฌ):0.720 | 179(ณ):0.055 | 178(ฒ):0.030,1
PrintAksorn_dataset/test/cho_choe_Maitree-Regular.png,172,ฌ,0.8911,172,ฌ,1,172,0.8911,172(ฌ):0.891 | 205(อ):0.005 | 193(ม):0.003,1
PrintAksorn_dataset/test/cho_choe_NotoSansThai-Black.png,172,ฌ,0.7892,172,ฌ,1,172,0.7892,172(ฌ):0.789 | 179(ณ):0.032 | 173(ญ):0.026,1
PrintAksorn_dataset/test/cho_choe_NotoSansThai-ExtraBold.png,172,ฌ,0.8627,172,ฌ,1,172,0.8627,172(ฌ):0.863 | 178(ฒ):0.029 | 173(ญ):0.018,1
PrintAksorn_dataset/test/cho_choe_NotoSerifThai-Light.png,172,ฌ,0.9169,172,ฌ,1,172,0.9169,172(ฌ):0.917 | 205(อ):0.004 | 193(ม):0.003,1
PrintAksorn_dataset/test/cho_choe_PSK-SmartItaic.png,172,ฌ,0.9042,172,ฌ,1,172,0.9042,172(ฌ):0.904 | 205(อ):0.003 | 166(ฆ):0.002,1
PrintAksorn_dataset/test/cho_choe_Pattaya-Regular.png,172,ฌ,0.596,172,ฌ,1,172,0.596,172(ฌ):0.596 | 178(ฒ):0.056 | 179(ณ):0.046,1
PrintAksorn_dataset/test/cho_choe_Prompt-Bold.png,172,ฌ,0.8398,172,ฌ,1,172,0.8398,172(ฌ):0.840 | 178(ฒ):0.015 | 173(ญ):0.013,1
PrintAksorn_dataset/test/cho_choe_Prompt-BoldItalic.png,172,ฌ,0.756,172,ฌ,1,172,0.756,172(ฌ):0.756 | 178(ฒ):0.032 | 179(ณ):0.032,1
PrintAksorn_dataset/test/cho_choe_Sarabun-Italic.png,172,ฌ,0.9161,172,ฌ,1,172,0.9161,172(ฌ):0.916 | 175(ฏ):0.003 | 205(อ):0.002,1
PrintAksorn_dataset/test/cho_choe_Taviraj-Light.png,172,ฌ,0.9033,172,ฌ,1,172,0.9033,172(ฌ):0.903 | 205(อ):0.003 | 193(ม):0.003,1
PrintAksorn_dataset/test/cho_choe_TlwgTypewriter-Bold.png,172,ฌ,0.841,172,ฌ,1,172,0.841,172(ฌ):0.841 | 205(อ):0.006 | 179(ณ):0.006,1
PrintAksorn_dataset/test/cho_choe_Waree-Oblique.png,172,ฌ,0.907,172,ฌ,1,172,0.907,172(ฌ):0.907 | 182(ถ):0.003 | 166(ฆ):0.003,1
PrintAksorn_dataset/test/colon_NotoSansThai-Light.png,186,บ,0.1265,,,,186,0.1265,186(บ):0.126 | 205(อ):0.100 | 161(ก):0.093,1
PrintAksorn_dataset/test/colon_NotoSerifThai-CondensedExtraBold.png,186,บ,0.1209,,,,186,0.1209,186(บ):0.121 | 205(อ):0.105 | 161(ก):0.094,1
PrintAksorn_dataset/test/colon_Prompt-Medium.png,208,ะ,0.3859,,,,208,0.3859,208(ะ):0.386 | 193(ม):0.033 | 199(ว):0.032,1
PrintAksorn_dataset/test/colon_Taviraj-ExtraLight.png,199,ว,0.0715,,,,199,0.0715,199(ว):0.071 | 208(ะ):0.059 | 182(ถ):0.058,1
PrintAksorn_dataset/test/colon_TlwgTypo-BoldOblique.png,208,ะ,0.5715,,,,208,0.5715,208(ะ):0.572 | 199(ว):0.024 | 211(ำ):0.023,1
PrintAksorn_dataset/test/colon_Trirong-SemiBoldItalic.png,208,ะ,0.5897,,,,208,0.5897,208(ะ):0.590 | 199(ว):0.026 | 211(ำ):0.021,1
PrintAksorn_dataset/test/comma_JS-Jukaphan-Italic.png,233,้,0.3637,,,,233,0.3637,233(้):0.364 | 167(ง):0.180 | 199(ว):0.093,1
PrintAksorn_dataset/test/comma_JS-Prasoplarp-Italic.png,199,ว,0.2228,,,,199,0.2228,199(ว):0.223 | 167(ง):0.165 | 217(ู):0.074,1
PrintAksorn_dataset/test/comma_JS-Saksit-Italic.png,167,ง,0.4658,,,,167,0.4658,167(ง):0.466 | 216(ุ):0.119 | 199(ว):0.052,1
PrintAksorn_dataset/test/comma_Kanit-ExtraLight.png,232,่,0.8423,,,,232,0.8423,232(่):0.842 | 217(ู):0.011 | 162(ข):0.010,1
PrintAksorn_dataset/test/comma_Kinnari-BoldOblique.png,167,ง,0.3661,,,,167,0.3661,167(ง):0.366 | 233(้):0.232 | 199(ว):0.060,1
PrintAksorn_dataset/test/comma_NotoSansThai-CondensedBold.png,205,อ,0.1124,,,,205,0.1124,205(อ):0.112 | 186(บ):0.104 | 161(ก):0.092,1
PrintAksorn_dataset/test/comma_NotoSansThai-ExtraCondensed.png,186,บ,0.1252,,,,186,0.1252,186(บ):0.125 | 205(อ):0.101 | 161(ก):0.093,1
PrintAksorn_dataset/test/comma_NotoSansThai-SemiCondensedLight.png,205,อ,0.1075,,,,205,0.1075,205(อ):0.107 | 186(บ):0.097 | 161(ก):0.092,1
PrintAksorn_dataset/test/comma_NotoSansThaiLooped-Regular.png,232,่,0.3602,,,,232,0.3602,232(่):0.360 | 184(ธ):0.114 | 162(ข):0.036,1
PrintAksorn_dataset/test/comma_NotoSerifThai-CondensedBlack.png,186,บ,0.1252,,,,186,0.1252,186(บ):0.125 | 205(อ):0.101 | 161(ก):0.093,1
PrintAksorn_dataset/test/comma_TH-Fahkwang-Italic.png,216,ุ,0.6575,,,,216,0.6575,216(ุ):0.657 | 232(่):0.088 | 167(ง):0.040,1
PrintAksorn_dataset/test/comma_TlwgTypist-Oblique.png,233,้,0.3188,,,,233,0.3188,233(้):0.319 | 167(ง):0.053 | 232(่):0.052,1
PrintAksorn_dataset/test/digit_0_JS-Prasoplarp-Normal.png,205,อ,0.4964,240,๐,0,205,0.4964,205(อ):0.496 | 212(ิ):0.266 | 199(ว):0.022,1
PrintAksorn_dataset/test/digit_0_JS-Rapee-Bold-Italic.png,205,อ,0.7856,240,๐,0,205,0.7856,205(อ):0.786 | 212(ิ):0.047 | 199(ว):0.021,1
PrintAksorn_dataset/test/digit_0_JS-Saowapark-Italic.png,205,อ,0.84,240,๐,0,205,0.84,205(อ):0.840 | 212(ิ):0.022 | 199(ว):0.021,1
PrintAksorn_dataset/test/digit_0_NotoSansThai-ExtraCondensedExtraBold.png,205,อ,0.8687,240,๐,0,205,0.8687,205(อ):0.869 | 180(ด):0.006 | 164(ค):0.006,1
PrintAksorn_dataset/test/digit_0_NotoSansThai-Light.png,205,อ,0.7368,240,๐,0,205,0.7368,205(อ):0.737 | 212(ิ):0.050 | 199(ว):0.033,1
PrintAksorn_dataset/test/digit_0_NotoSansThai-SemiCondensedExtraBold.png,205,อ,0.8846,240,๐,0,205,0.8846,205(อ):0.885 | 180(ด):0.007 | 209(ั):0.004,1
PrintAksorn_dataset/test/digit_0_NotoSerifThai-CondensedMedium.png,205,อ,0.7701,240,๐,0,205,0.7701,205(อ):0.770 | 212(ิ):0.028 | 186(บ):0.011,1
PrintAksorn_dataset/test/digit_0_TH-Niramit-AS-Italic.png,205,อ,0.5529,240,๐,0,205,0.5529,205(อ):0.553 | 212(ิ):0.203 | 199(ว):0.044,1
PrintAksorn_dataset/test/digit_0_Trirong-BlackItalic.png,205,อ,0.8077,240,๐,0,205,0.8077,205(อ):0.808 | 212(ิ):0.023 | 209(ั):0.018,1
PrintAksorn_dataset/test/digit_0_Trirong-ExtraBold.png,205,อ,0.8174,240,๐,0,205,0.8174,205(อ):0.817 | 212(ิ):0.027 | 180(ด):0.024,1
PrintAksorn_dataset/test/digit_0_Umpush-Oblique.png,205,อ,0.7623,240,๐,0,205,0.7623,205(อ):0.762 | 212(ิ):0.076 | 199(ว):0.020,1
PrintAksorn_dataset/test/digit_1_Aksaramatee-Regular.png,180,ด,0.4784,241,๑,0,180,0.4784,180(ด):0.478 | 205(อ):0.256 | 207(ฯ):0.011,1
PrintAksorn_dataset/test/digit_1_CmPrasanmit-Italic.png,180,ด,0.4664,241,๑,0,180,0.4664,180(ด):0.466 | 205(อ):0.271 | 209(ั):0.011,1
PrintAksorn_dataset/test/digit_1_JS-Rapee-Normal.png,180,ด,0.7577,241,๑,0,180,0.7577,180(ด):0.758 | 205(อ):0.032 | 178(ฒ):0.008,1
PrintAksorn_dataset/test/digit_1_JS-Sadayu-Allcaps.png,205,อ,0.624,241,๑,0,205,0.624,205(อ):0.624 | 180(ด):0.179 | 209(ั):0.009,1
PrintAksorn_dataset/test/digit_1_JS-Saowapark-Normal.png,205,อ,0.4856,241,๑,0,205,0.4856,205(อ):0.486 | 180(ด):0.196 | 209(ั):0.015,1
PrintAksorn_dataset/test/digit_1_Prompt-BoldItalic.png,205,อ,0.879,241,๑,0,205,0.879,205(อ):0.879 | 233(้):0.016 | 209(ั):0.006,1
PrintAksorn_dataset/test/digit_1_Prompt-Italic.png,205,อ,0.7349,241,๑,0,205,0.7349,205(อ):0.735 | 199(ว):0.048 | 167(ง):0.033,1
PrintAksorn_dataset/test/digit_1_Sawasdee.png,205,อ,0.6755,241,๑,0,205,0.6755,205(อ):0.675 | 199(ว):0.052 | 194(ย):0.034,1
PrintAksorn_dataset/test/digit_1_TH-Srisakdi-Bold.png,205,อ,0.7944,241,๑,0,205,0.7944,205(อ):0.794 | 180(ด):0.017 | 209(ั):0.014,1
PrintAksorn_dataset/test/digit_2_Athiti-Bold.png,201,ษ,0.5217,242,๒,0,201,0.5217,201(ษ):0.522 | 205(อ):0.147 | 172(ฌ):0.020,1
PrintAksorn_dataset/test/digit_2_JS-Jindara-Italic.png,178,ฒ,0.1542,242,๒,0,178,0.1542,178(ฒ):0.154 | 188(ผ):0.105 | 201(ษ):0.097,1
PrintAksorn_dataset/test/digit_2_JS-Pitsamai-Italic.png,201,ษ,0.4003,242,๒,0,201,0.4003,201(ษ):0.400 | 178(ฒ):0.046 | 186(บ):0.028,1
PrintAksorn_dataset/test/digit_2_JS-Sadayu-Allcaps.png,201,ษ,0.1266,242,๒,0,201,0.1266,201(ษ):0.127 | 178(ฒ):0.122 | 205(อ):0.110,1
PrintAksorn_dataset/test/digit_2_JS-Wansika-Italic.png,172,ฌ,0.1695,242,๒,0,172,0.1695,172(ฌ):0.169 | 201(ษ):0.130 | 178(ฒ):0.053,1
PrintAksorn_dataset/test/digit_2_KaniGa-Bold-Italic.png,178,ฒ,0.1011,242,๒,0,178,0.1011,178(ฒ):0.101 | 201(ษ):0.090 | 205(อ):0.073,1
PrintAksorn_dataset/test/digit_2_NotoSerifThai-SemiCondensed.png,201,ษ,0.2669,242,๒,0,201,0.2669,201(ษ):0.267 | 205(อ):0.049 | 163(ฃ):0.032,1
PrintAksorn_dataset/test/digit_2_Sarabun-ExtraBold.png,178,ฒ,0.1611,242,๒,0,178,0.1611,178(ฒ):0.161 | 205(อ):0.152 | 201(ษ):0.098,1
PrintAksorn_dataset/test/digit_2_Sarabun-ExtraLight.png,201,ษ,0.2258,242,๒,0,201,0.2258,201(ษ):0.226 | 205(อ):0.097 | 178(ฒ):0.056,1
PrintAksorn_dataset/test/digit_2_TH-Chakra-Petch-Italic.png,201,ษ,0.1247,242,๒,0,201,0.1247,201(ษ):0.125 | 178(ฒ):0.087 | 205(อ):0.079,1
PrintAksorn_dataset/test/digit_2_TH-Sarabun-New-Regular.png,201,ษ,0.3315,242,๒,0,201,0.3315,201(ษ):0.331 | 173(ญ):0.062 | 205(อ):0.045,1
PrintAksorn_dataset/test/digit_2_TH-Srisakdi-Bold.png,224,เ,0.2838,242,๒,0,224,0.2838,224(เ):0.284 | 231(็):0.069 | 227(ใ):0.049,1
PrintAksorn_dataset/test/digit_3_Aksaramatee-Bold.png,181,ต,0.5982,243,๓,0,181,0.5982,181(ต):0.598 | 165(ฅ):0.230 | 234(๊):0.015,1
PrintAksorn_dataset/test/digit_3_Athiti-Medium.png,165,ฅ,0.9244,243,๓,0,165,0.9244,165(ฅ):0.924 | 181(ต):0.008 | 164(ค):0.003,1
PrintAksorn_dataset/test/digit_3_JS-Pumpuang-Normal.png,178,ฒ,0.2225,243,๓,0,178,0.2225,178(ฒ):0.222 | 181(ต):0.204 | 165(ฅ):0.172,1
PrintAksorn_dataset/test/digit_3_Krungthep.png,165,ฅ,0.5432,243,๓,0,165,0.5432,165(ฅ):0.543 | 164(ค):0.105 | 178(ฒ):0.039,1
PrintAksorn_dataset/test/digit_3_Maitree-Medium.png,165,ฅ,0.3666,243,๓,0,165,0.3666,165(ฅ):0.367 | 181(ต):0.355 | 234(๊):0.048,1
PrintAksorn_dataset/test/digit_3_Sarabun-SemiBoldItalic.png,181,ต,0.136,243,๓,0,181,0.136,181(ต):0.136 | 165(ฅ):0.106 | 178(ฒ):0.058,1
PrintAksorn_dataset/test/digit_3_TH-K2D-July8-Bold.png,181,ต,0.323,243,๓,0,181,0.323,181(ต):0.323 | 165(ฅ):0.231 | 234(๊):0.061,1
PrintAksorn_dataset/test/digit_3_TH-KoHo-Bold-Italic.png,181,ต,0.831,243,๓,0,181,0.831,181(ต):0.831 | 234(๊):0.037 | 165(ฅ):0.021,1
PrintAksorn_dataset/test/digit_3_TH-Sarabun-New-Italic.png,181,ต,0.218,243,๓,0,181,0.218,181(ต):0.218 | 183(ท):0.097 | 165(ฅ):0.072,1
PrintAksorn_dataset/test/digit_3_Taviraj-BoldItalic.png,179,ณ,0.1256,243,๓,0,179,0.1256,179(ณ):0.126 | 178(ฒ):0.108 | 165(ฅ):0.103,1
PrintAksorn_dataset/test/digit_3_Taviraj-Thin.png,181,ต,0.2807,243,๓,0,181,0.2807,181(ต):0.281 | 165(ฅ):0.150 | 179(ณ):0.053,1
PrintAksorn_dataset/test/digit_3_Trirong-ExtraBold.png,179,ณ,0.2325,243,๓,0,179,0.2325,179(ณ):0.233 | 165(ฅ):0.072 | 178(ฒ):0.061,1
PrintAksorn_dataset/test/digit_4_Athiti-ExtraLight.png,231,็,0.9165,244,๔,0,231,0.9165,231(็):0.917 | 175(ฏ):0.004 | 176(ฐ):0.004,1
PrintAksorn_dataset/test/digit_4_Garuda-BoldOblique.png,231,็,0.9223,244,๔,0,231,0.9223,231(็):0.922 | 236(์):0.004 | 226(โ):0.003,1
PrintAksorn_dataset/test/digit_4_Garuda.png,231,็,0.9408,244,๔,0,231,0.9408,231(็):0.941 | 236(์):0.008 | 226(โ):0.003,1
PrintAksorn_dataset/test/digit_4_JS-Giat-Bold.png,231,็,0.7617,244,๔,0,231,0.7617,231(็):0.762 | 184(ธ):0.046 | 205(อ):0.015,1
PrintAksorn_dataset/test/digit_4_JS-Sunsanee-Italic.png,184,ธ,0.1784,244,๔,0,184,0.1784,184(ธ):0.178 | 201(ษ):0.081 | 205(อ):0.077,1
PrintAksorn_dataset/test/digit_4_Kanit-SemiBold.png,231,็,0.8506,244,๔,0,231,0.8506,231(็):0.851 | 205(อ):0.033 | 212(ิ):0.009,1
PrintAksorn_dataset/test/digit_4_NotoSansThai-Bold.png,231,็,0.5859,244,๔,0,231,0.5859,231(็):0.586 | 205(อ):0.021 | 226(โ):0.016,1
PrintAksorn_dataset/test/digit_4_NotoSerifThai-Bold.png,231,็,0.8346,244,๔,0,231,0.8346,231(็):0.835 | 208(ะ):0.008 | 205(อ):0.006,1
PrintAksorn_dataset/test/digit_4_NotoSerifThai-Condensed.png,231,็,0.8468,244,๔,0,231,0.8468,231(็):0.847 | 236(์):0.011 | 208(ะ):0.008,1
PrintAksorn_dataset/test/digit_4_NotoSerifThai-CondensedBold.png,231,็,0.7903,244,๔,0,231,0.7903,231(็):0.790 | 208(ะ):0.011 | 205(อ):0.010,1
PrintAksorn_dataset/test/digit_4_TH-Niramit-AS-Regular.png,231,็,0.9488,244,๔,0,231,0.9488,231(็):0.949 | 236(์):0.006 | 208(ะ):0.005,1
PrintAksorn_dataset/test/digit_4_TlwgMono-Bold.png,231,็,0.9486,244,๔,0,231,0.9486,231(็):0.949 | 184(ธ):0.004 | 205(อ):0.002,1
PrintAksorn_dataset/test/digit_4_TlwgTypo-BoldOblique.png,231,็,0.9325,244,๔,0,231,0.9325,231(็):0.933 | 200(ศ):0.006 | 236(์):0.005,1
PrintAksorn_dataset/test/digit_4_Trirong-BlackItalic.png,231,็,0.9344,244,๔,0,231,0.9344,231(็):0.934 | 200(ศ):0.005 | 236(์):0.003,1
PrintAksorn_dataset/test/digit_5_JS-Jindara-Italic.png,206,ฮ,0.2574,245,๕,0,206,0.2574,206(ฮ):0.257 | 231(็):0.109 | 202(ส):0.059,1
PrintAksorn_dataset/test/digit_5_JS-Oobboon-Normal.png,231,็,0.2079,245,๕,0,231,0.2079,231(็):0.208 | 205(อ):0.168 | 184(ธ):0.073,1
PrintAksorn_dataset/test/digit_5_JS-Pisit-Normal.png,231,็,0.1551,245,๕,0,231,0.1551,231(็):0.155 | 208(ะ):0.106 | 206(ฮ):0.099,1
PrintAksorn_dataset/test/digit_5_JS-Rapee-Bold.png,231,็,0.2986,245,๕,0,231,0.2986,231(็):0.299 | 206(ฮ):0.190 | 208(ะ):0.039,1
PrintAksorn_dataset/test/digit_5_Laksaman-BoldItalic.png,231,็,0.3315,245,๕,0,231,0.3315,231(็):0.332 | 206(ฮ):0.172 | 208(ะ):0.050,1
PrintAksorn_dataset/test/digit_5_Maitree-Bold.png,231,็,0.4841,245,๕,0,231,0.4841,231(็):0.484 | 205(อ):0.071 | 206(ฮ):0.033,1
PrintAksorn_dataset/test/digit_5_Norasi-BoldOblique.png,231,็,0.675,245,๕,0,231,0.675,231(็):0.675 | 206(ฮ):0.029 | 176(ฐ):0.019,1
PrintAksorn_dataset/test/digit_5_NotoSansThai-SemiBold.png,205,อ,0.112,245,๕,0,205,0.112,205(อ):0.112 | 206(ฮ):0.107 | 188(ผ):0.067,1
PrintAksorn_dataset/test/digit_5_NotoSerifThai-ExtraCondensedBold.png,231,็,0.1389,245,๕,0,231,0.1389,231(็):0.139 | 205(อ):0.081 | 206(ฮ):0.070,1
PrintAksorn_dataset/test/digit_5_Sarabun-Thin.png,231,็,0.4139,245,๕,0,231,0.4139,231(็):0.414 | 176(ฐ):0.049 | 206(ฮ):0.047,1
PrintAksorn_dataset/test/digit_5_TH-Niramit-AS-Italic.png,231,็,0.5641,245,๕,0,231,0.5641,231(็):0.564 | 206(ฮ):0.102 | 208(ะ):0.035,1
PrintAksorn_dataset/test/digit_5_Trirong-MediumItalic.png,231,็,0.4049,245,๕,0,231,0.4049,231(็):0.405 | 206(ฮ):0.075 | 208(ะ):0.035,1
PrintAksorn_dataset/test/digit_5_Waree-Oblique.png,231,็,0.4955,245,๕,0,231,0.4955,231(็):0.496 | 206(ฮ):0.098 | 208(ะ):0.037,1
PrintAksorn_dataset/test/digit_6_JS-Jukaphan-Italic.png,173,ญ,0.209,246,๖,0,173,0.209,173(ญ):0.209 | 193(ม):0.067 | 199(ว):0.056,1
PrintAksorn_dataset/test/digit_6_JS-Synjai-Italic.png,173,ญ,0.2136,246,๖,0,173,0.2136,173(ญ):0.214 | 214(ึ):0.144 | 193(ม):0.053,1
PrintAksorn_dataset/test/digit_6_Kanit-Medium.png,214,ึ,0.232,246,๖,0,214,0.232,214(ึ):0.232 | 173(ญ):0.105 | 166(ฆ):0.087,1
PrintAksorn_dataset/test/digit_6_NotoSansThai-ExtraCondensedSemiBold.png,167,ง,0.1354,246,๖,0,167,0.1354,167(ง):0.135 | 173(ญ):0.058 | 166(ฆ):0.049,1
PrintAksorn_dataset/test/digit_6_NotoSansThaiLooped-ExtraLight.png,173,ญ,0.1461,246,๖,0,173,0.1461,173(ญ):0.146 | 199(ว):0.093 | 205(อ):0.066,1
PrintAksorn_dataset/test/digit_6_NotoSerifThai-ExtraCondensedMedium.png,174,ฎ,0.0951,246,๖,0,174,0.0951,174(ฎ):0.095 | 193(ม):0.088 | 186(บ):0.042,1
PrintAksorn_dataset/test/digit_6_Pattaya-Regular.png,208,ะ,0.1085,246,๖,0,208,0.1085,208(ะ):0.109 | 173(ญ):0.060 | 205(อ):0.056,1
PrintAksorn_dataset/test/digit_6_TH-Baijam-Bold.png,173,ญ,0.1375,246,๖,0,173,0.1375,173(ญ):0.138 | 199(ว):0.071 | 186(บ):0.048,1
PrintAksorn_dataset/test/digit_7_Ayuthaya.png,234,๊,0.8908,247,๗,0,234,0.8908,234(๊):0.891 | 205(อ):0.007 | 209(ั):0.005,1
PrintAksorn_dataset/test/digit_7_JS-Synjai-Italic.png,234,๊,0.8537,247,๗,0,234,0.8537,234(๊):0.854 | 205(อ):0.004 | 199(ว):0.004,1
PrintAksorn_dataset/test/digit_7_Laksaman-BoldItalic.png,234,๊,0.9418,247,๗,0,234,0.9418,234(๊):0.942 | 173(ญ):0.002 | 205(อ):0.002,1
PrintAksorn_dataset/test/digit_7_Nakaracha-Bold.png,234,๊,0.7588,247,๗,0,234,0.7588,234(๊):0.759 | 178(ฒ):0.069 | 163(ฃ):0.010,1
PrintAksorn_dataset/test/digit_7_Pridi-Regular.png,234,๊,0.4361,247,๗,0,234,0.4361,234(๊):0.436 | 178(ฒ):0.156 | 173(ญ):0.065,1
PrintAksorn_dataset/test/digit_7_Prompt-LightItalic.png,234,๊,0.6859,247,๗,0,234,0.6859,234(๊):0.686 | 178(ฒ):0.055 | 173(ญ):0.048,1
PrintAksorn_dataset/test/digit_7_Sarabun-Regular.png,234,๊,0.9187,247,๗,0,234,0.9187,234(๊):0.919 | 173(ญ):0.008 | 178(ฒ):0.006,1
PrintAksorn_dataset/test/digit_7_Sarabun-SemiBoldItalic.png,234,๊,0.9486,247,๗,0,234,0.9486,234(๊):0.949 | 178(ฒ):0.004 | 173(ญ):0.004,1
PrintAksorn_dataset/test/digit_7_Sawasdee-Bold.png,234,๊,0.7926,247,๗,0,234,0.7926,234(๊):0.793 | 178(ฒ):0.028 | 173(ญ):0.017,1
PrintAksorn_dataset/test/digit_7_Taviraj-Regular.png,234,๊,0.9353,247,๗,0,234,0.9353,234(๊):0.935 | 178(ฒ):0.004 | 179(ณ):0.003,1
PrintAksorn_dataset/test/digit_7_TlwgTypo-Bold.png,234,๊,0.8048,247,๗,0,234,0.8048,234(๊):0.805 | 178(ฒ):0.026 | 213(ี):0.006,1
PrintAksorn_dataset/test/digit_7_Trirong-Light.png,234,๊,0.9406,247,๗,0,234,0.9406,234(๊):0.941 | 179(ณ):0.004 | 173(ญ):0.004,1
PrintAksorn_dataset/test/digit_7_Trirong-LightItalic.png,234,๊,0.916,247,๗,0,234,0.916,234(๊):0.916 | 173(ญ):0.004 | 179(ณ):0.003,1
PrintAksorn_dataset/test/digit_7_Umpush-BoldOblique.png,234,๊,0.8698,247,๗,0,234,0.8698,234(๊):0.870 | 178(ฒ):0.023 | 163(ฃ):0.010,1
PrintAksorn_dataset/test/digit_8_ChulaNarak-Bold.png,231,็,0.8426,248,๘,0,231,0.8426,231(็):0.843 | 236(์):0.013 | 226(โ):0.008,1
PrintAksorn_dataset/test/digit_8_JS-75-Pumpuang.png,231,็,0.9575,248,๘,0,231,0.9575,231(็):0.958 | 205(อ):0.002 | 208(ะ):0.002,1
PrintAksorn_dataset/test/digit_8_Kanit-MediumItalic.png,231,็,0.8711,248,๘,0,231,0.8711,231(็):0.871 | 205(อ):0.007 | 184(ธ):0.007,1
PrintAksorn_dataset/test/digit_8_Kinnari-BoldOblique.png,231,็,0.7865,248,๘,0,231,0.7865,231(็):0.786 | 214(ึ):0.008 | 209(ั):0.006,1
PrintAksorn_dataset/test/digit_8_NotoSansThai-SemiCondensedExtraLight.png,231,็,0.9294,248,๘,0,231,0.9294,231(็):0.929 | 236(์):0.003 | 226(โ):0.002,1
PrintAksorn_dataset/test/digit_8_NotoSansThai-SemiCondensedLight.png,231,็,0.8886,248,๘,0,231,0.8886,231(็):0.889 | 236(์):0.005 | 226(โ):0.004,1
PrintAksorn_dataset/test/digit_8_NotoSerifThai-SemiCondensedBlack.png,231,็,0.8209,248,๘,0,231,0.8209,231(็):0.821 | 178(ฒ):0.006 | 205(อ):0.006,1
PrintAksorn_dataset/test/digit_8_PSK-SmartBI.png,231,็,0.8196,248,๘,0,231,0.8196,231(็):0.820 | 214(ึ):0.006 | 225(แ):0.006,1
PrintAksorn_dataset/test/digit_8_Sathu.png,231,็,0.7286,248,๘,0,231,0.7286,231(็):0.729 | 214(ึ):0.027 | 176(ฐ):0.007,1
PrintAksorn_dataset/test/digit_8_Silom.png,231,็,0.9326,248,๘,0,231,0.9326,231(็):0.933 | 214(ึ):0.007 | 178(ฒ):0.002,1
PrintAksorn_dataset/test/digit_8_TH-KoHo-Bold-Italic.png,231,็,0.8926,248,๘,0,231,0.8926,231(็):0.893 | 214(ึ):0.004 | 236(์):0.003,1
PrintAksorn_dataset/test/digit_9_JS-Obsaward-Normal.png,200,ศ,0.7986,249,๙,0,200,0.7986,200(ศ):0.799 | 202(ส):0.043 | 231(็):0.016,1
PrintAksorn_dataset/test/digit_9_JS-Prapakorn-Normal.png,231,็,0.6405,249,๙,0,231,0.6405,231(็):0.641 | 200(ศ):0.067 | 234(๊):0.039,1
PrintAksorn_dataset/test/digit_9_JS-Saksit-Bold-Italic.png,184,ธ,0.3059,249,๙,0,184,0.3059,184(ธ):0.306 | 206(ฮ):0.099 | 231(็):0.042,1
PrintAksorn_dataset/test/digit_9_JS-Saksit-Normal.png,184,ธ,0.2513,249,๙,0,184,0.2513,184(ธ):0.251 | 206(ฮ):0.151 | 231(็):0.044,1
PrintAksorn_dataset/test/digit_9_Kanit-ExtraLightItalic.png,201,ษ,0.1499,249,๙,0,201,0.1499,201(ษ):0.150 | 231(็):0.145 | 170(ช):0.101,1
PrintAksorn_dataset/test/digit_9_Kanit-Light.png,231,็,0.1705,249,๙,0,231,0.1705,231(็):0.171 | 165(ฅ):0.120 | 201(ษ):0.075,1
PrintAksorn_dataset/test/digit_9_Kinnari-Italic.png,202,ส,0.6103,249,๙,0,202,0.6103,202(ส):0.610 | 236(์):0.076 | 231(็):0.039,1
PrintAksorn_dataset/test/digit_9_Mitr-ExtraLight.png,231,็,0.2122,249,๙,0,231,0.2122,231(็):0.212 | 173(ญ):0.084 | 200(ศ):0.077,1
PrintAksorn_dataset/test/digit_9_NotoSansThai-ExtraCondensed.png,200,ศ,0.646,249,๙,0,200,0.646,200(ศ):0.646 | 202(ส):0.146 | 184(ธ):0.016,1
PrintAksorn_dataset/test/digit_9_NotoSansThai-SemiCondensedMedium.png,200,ศ,0.4412,249,๙,0,200,0.4412,200(ศ):0.441 | 231(็):0.183 | 202(ส):0.027,1
PrintAksorn_dataset/test/digit_9_PSK-SmartBI.png,231,็,0.3018,249,๙,0,231,0.3018,231(็):0.302 | 200(ศ):0.218 | 202(ส):0.150,1
PrintAksorn_dataset/test/digit_9_TH-Kodchasal-Bold.png,202,ส,0.2126,249,๙,0,202,0.2126,202(ส):0.213 | 231(็):0.208 | 234(๊):0.108,1
PrintAksorn_dataset/test/digit_9_TlwgTypewriter-BoldOblique.png,234,๊,0.7264,249,๙,0,234,0.7264,234(๊):0.726 | 236(์):0.049 | 201(ษ):0.021,1
PrintAksorn_dataset/test/digit_9_TlwgTypo-Oblique.png,231,็,0.2104,249,๙,0,231,0.2104,231(็):0.210 | 236(์):0.187 | 202(ส):0.148,1
PrintAksorn_dataset/test/digit_9_Trirong-ExtraBold.png,231,็,0.2217,249,๙,0,231,0.2217,231(็):0.222 | 172(ฌ):0.126 | 234(๊):0.105,1
PrintAksorn_dataset/test/digit_9_Waree-BoldOblique.png,231,็,0.2927,249,๙,0,231,0.2927,231(็):0.293 | 200(ศ):0.086 | 202(ส):0.071,1
PrintAksorn_dataset/test/do_chada_CmPrasanmit-Bold.png,174,ฎ,0.9011,174,ฎ,1,174,0.9011,174(ฎ):0.901 | 175(ฏ):0.021 | 182(ถ):0.008,1
PrintAksorn_dataset/test/do_chada_DC-Palamongkol-Bold-Italic.png,174,ฎ,0.8502,174,ฎ,1,174,0.8502,174(ฎ):0.850 | 175(ฏ):0.038 | 182(ถ):0.009,1
PrintAksorn_dataset/test/do_chada_JS-Jindara-Italic.png,174,ฎ,0.9693,174,ฎ,1,174,0.9693,174(ฎ):0.969 | 175(ฏ):0.002 | 182(ถ):0.002,1
PrintAksorn_dataset/test/do_chada_Kinnari-BoldItalic.png,174,ฎ,0.8165,174,ฎ,1,174,0.8165,174(ฎ):0.816 | 175(ฏ):0.088 | 182(ถ):0.010,1
PrintAksorn_dataset/test/do_chada_Mitr-Bold.png,174,ฎ,0.5671,174,ฎ,1,174,0.5671,174(ฎ):0.567 | 175(ฏ):0.149 | 169(ฉ):0.027,1
PrintAksorn_dataset/test/do_chada_NotoSansThai-SemiBold.png,174,ฎ,0.8751,174,ฎ,1,174,0.8751,174(ฎ):0.875 | 175(ฏ):0.031 | 182(ถ):0.013,1
PrintAksorn_dataset/test/do_chada_NotoSansThaiLooped-ExtraLight.png,174,ฎ,0.9457,174,ฎ,1,174,0.9457,174(ฎ):0.946 | 175(ฏ):0.004 | 197(ล):0.003,1
PrintAksorn_dataset/test/do_chada_NotoSerifThai-SemiCondensedSemiBold.png,174,ฎ,0.7531,174,ฎ,1,174,0.7531,174(ฎ):0.753 | 175(ฏ):0.132 | 182(ถ):0.006,1
PrintAksorn_dataset/test/do_chada_Sarabun-Medium.png,174,ฎ,0.9377,174,ฎ,1,174,0.9377,174(ฎ):0.938 | 175(ฏ):0.003 | 182(ถ):0.002,1
PrintAksorn_dataset/test/do_chada_Sathu.png,174,ฎ,0.7738,174,ฎ,1,174,0.7738,174(ฎ):0.774 | 175(ฏ):0.118 | 182(ถ):0.014,1
PrintAksorn_dataset/test/do_dek_Chonburi-Regular.png,164,ค,0.3184,180,ด,0,164,0.3184,164(ค):0.318 | 205(อ):0.160 | 169(ฉ):0.059,1
PrintAksorn_dataset/test/do_dek_Himmaparnt-Bold-Italic.png,180,ด,0.892,180,ด,1,180,0.892,180(ด):0.892 | 164(ค):0.031 | 169(ฉ):0.004,1
PrintAksorn_dataset/test/do_dek_JS-Jukaphan.png,180,ด,0.8846,180,ด,1,180,0.8846,180(ด):0.885 | 164(ค):0.029 | 169(ฉ):0.006,1
PrintAksorn_dataset/test/do_dek_JS-Junkaew-Italic.png,180,ด,0.9443,180,ด,1,180,0.9443,180(ด):0.944 | 164(ค):0.006 | 169(ฉ):0.002,1
PrintAksorn_dataset/test/do_dek_JS-Pisit-Italic.png,180,ด,0.9515,180,ด,1,180,0.9515,180(ด):0.952 | 164(ค):0.003 | 169(ฉ):0.002,1
PrintAksorn_dataset/test/do_dek_Kanit-SemiBoldItalic.png,164,ค,0.4698,180,ด,0,164,0.4698,164(ค):0.470 | 180(ด):0.095 | 205(อ):0.080,1
PrintAksorn_dataset/test/do_dek_NotoSansThai-Condensed.png,161,ก,0.2604,180,ด,0,161,0.2604,161(ก):0.260 | 164(ค):0.181 | 182(ถ):0.138,1
PrintAksorn_dataset/test/do_dek_Taviraj-Bold.png,180,ด,0.7089,180,ด,1,180,0.7089,180(ด):0.709 | 164(ค):0.069 | 205(อ):0.029,1
PrintAksorn_dataset/test/dot_JS-Charnchai-Normal.png,205,อ,0.1898,,,,205,0.1898,205(อ):0.190 | 212(ิ):0.093 | 199(ว):0.082,1
PrintAksorn_dataset/test/dot_JS-Rapee-Bold.png,205,อ,0.3671,,,,205,0.3671,205(อ):0.367 | 199(ว):0.088 | 224(เ):0.073,1
PrintAksorn_dataset/test/dot_Kanit-BlackItalic.png,184,ธ,0.1688,,,,184,0.1688,184(ธ):0.169 | 169(ฉ):0.092 | 205(อ):0.081,1
PrintAksorn_dataset/test/dot_Kinnari-Oblique.png,205,อ,0.4712,,,,205,0.4712,205(อ):0.471 | 212(ิ):0.083 | 199(ว):0.065,1
PrintAksorn_dataset/test/dot_Maitree-Bold.png,205,อ,0.5682,,,,205,0.5682,205(อ):0.568 | 212(ิ):0.055 | 199(ว):0.042,1
PrintAksorn_dataset/test/dot_Mitr-Regular.png,205,อ,0.2549,,,,205,0.2549,205(อ):0.255 | 224(เ):0.109 | 199(ว):0.086,1
PrintAksorn_dataset/test/dot_Norasi.png,205,อ,0.2193,,,,205,0.2193,205(อ):0.219 | 212(ิ):0.159 | 224(เ):0.079,1
PrintAksorn_dataset/test/dot_NotoSansThai-CondensedBlack.png,186,บ,0.1252,,,,186,0.1252,186(บ):0.125 | 205(อ):0.101 | 161(ก):0.093,1
PrintAksorn_dataset/test/dot_NotoSerifThai-ExtraCondensed.png,186,บ,0.1252,,,,186,0.1252,186(บ):0.125 | 205(อ):0.101 | 161(ก):0.093,1
PrintAksorn_dataset/test/dot_Prompt-ExtraBoldItalic.png,205,อ,0.4645,,,,205,0.4645,205(อ):0.465 | 212(ิ):0.103 | 199(ว):0.070,1
PrintAksorn_dataset/test/dot_Sarabun-BoldItalic.png,205,อ,0.5835,,,,205,0.5835,205(อ):0.584 | 199(ว):0.045 | 212(ิ):0.039,1
PrintAksorn_dataset/test/dot_TH-Fahkwang-Regular.png,236,์,0.1404,,,,236,0.1404,236(์):0.140 | 232(่):0.123 | 216(ุ):0.100,1
PrintAksorn_dataset/test/dot_TH-KoHo-Bold-Italic.png,205,อ,0.1779,,,,205,0.1779,205(อ):0.178 | 199(ว):0.103 | 224(เ):0.083,1
PrintAksorn_dataset/test/dot_TH-Niramit-AS-Bold-Italic.png,205,อ,0.239,,,,205,0.239,205(อ):0.239 | 212(ิ):0.102 | 199(ว):0.078,1
PrintAksorn_dataset/test/dot_TlwgTypewriter.png,205,อ,0.4712,,,,205,0.4712,205(อ):0.471 | 199(ว):0.087 | 212(ิ):0.077,1
PrintAksorn_dataset/test/dot_TlwgTypo-Bold.png,205,อ,0.4849,,,,205,0.4849,205(อ):0.485 | 199(ว):0.084 | 212(ิ):0.076,1
PrintAksorn_dataset/test/exclamation_JS-Prasoplarp-Normal.png,232,่,0.3878,,,,232,0.3878,232(่):0.388 | 224(เ):0.077 | 187(ป):0.057,1
PrintAksorn_dataset/test/exclamation_JS-Synjai-Italic.png,232,่,0.1291,,,,232,0.1291,232(่):0.129 | 224(เ):0.109 | 187(ป):0.060,1
PrintAksorn_dataset/test/exclamation_Norasi-Bold.png,199,ว,0.2037,,,,199,0.2037,199(ว):0.204 | 195(ร):0.116 | 167(ง):0.058,1
PrintAksorn_dataset/test/exclamation_NotoSerifThai-CondensedBlack.png,186,บ,0.1252,,,,186,0.1252,186(บ):0.125 | 205(อ):0.101 | 161(ก):0.093,1
PrintAksorn_dataset/test/exclamation_NotoSerifThai-ExtraCondensedBlack.png,186,บ,0.1252,,,,186,0.1252,186(บ):0.125 | 205(อ):0.101 | 161(ก):0.093,1
PrintAksorn_dataset/test/exclamation_Taviraj-BoldItalic.png,236,์,0.2719,,,,236,0.2719,236(์):0.272 | 199(ว):0.058 | 224(เ):0.049,1
PrintAksorn_dataset/test/exclamation_Taviraj-ExtraLight.png,232,่,0.418,,,,232,0.418,232(่):0.418 | 210(า):0.058 | 187(ป):0.054,1
PrintAksorn_dataset/test/exclamation_Taviraj-LightItalic.png,232,่,0.403,,,,232,0.403,232(่):0.403 | 187(ป):0.059 | 224(เ):0.045,1
PrintAksorn_dataset/test/fo_fa_Garuda-Oblique.png,189,ฝ,0.9164,189,ฝ,1,189,0.9164,189(ฝ):0.916 | 188(ผ):0.009 | 213(ี):0.003,1
PrintAksorn_dataset/test/fo_fa_JS-Wanida-Italic.png,189,ฝ,0.9334,189,ฝ,1,189,0.9334,189(ฝ):0.933 | 188(ผ):0.011 | 191(ฟ):0.006,1
PrintAksorn_dataset/test/fo_fa_NotoSansThai-SemiCondensedThin.png,189,ฝ,0.6023,189,ฝ,1,189,0.6023,189(ฝ):0.602 | 188(ผ):0.202 | 213(ี):0.023,1
PrintAksorn_dataset/test/fo_fa_Pridi-Bold.png,189,ฝ,0.4296,189,ฝ,1,189,0.4296,189(ฝ):0.430 | 188(ผ):0.194 | 172(ฌ):0.114,1
PrintAksorn_dataset/test/fo_fa_Prompt-ExtraLight.png,188,ผ,0.5274,189,ฝ,0,188,0.5274,188(ผ):0.527 | 189(ฝ):0.287 | 190(พ):0.019,1
PrintAksorn_dataset/test/fo_fa_Purisa-Bold.png,189,ฝ,0.8661,189,ฝ,1,189,0.8661,189(ฝ):0.866 | 188(ผ):0.010 | 165(ฅ):0.004,1
PrintAksorn_dataset/test/fo_fa_TH-Krub-Bold-Italic.png,188,ผ,0.5777,189,ฝ,0,188,0.5777,188(ผ):0.578 | 189(ฝ):0.227 | 213(ี):0.009,1
PrintAksorn_dataset/test/fo_fa_TH-Krub-Italic.png,189,ฝ,0.4822,189,ฝ,1,189,0.4822,189(ฝ):0.482 | 188(ผ):0.321 | 213(ี):0.007,1
PrintAksorn_dataset/test/fo_fa_Taviraj-ExtraBold.png,188,ผ,0.4523,189,ฝ,0,188,0.4523,188(ผ):0.452 | 189(ฝ):0.188 | 175(ฏ):0.037,1
PrintAksorn_dataset/test/fo_fa_TlwgTypist-BoldOblique.png,189,ฝ,0.6386,189,ฝ,1,189,0.6386,189(ฝ):0.639 | 188(ผ):0.119 | 172(ฌ):0.009,1
PrintAksorn_dataset/test/fo_fan_JS-Hariphan.png,189,ฝ,0.3616,191,ฟ,0,189,0.3616,189(ฝ):0.362 | 191(ฟ):0.262 | 190(พ):0.128,1
PrintAksorn_dataset/test/fo_fan_Kanit-BlackItalic.png,234,๊,0.6697,191,ฟ,0,234,0.6697,234(๊):0.670 | 201(ษ):0.090 | 172(ฌ):0.039,1
PrintAksorn_dataset/test/fo_fan_Kinnari-Italic.png,191,ฟ,0.8787,191,ฟ,1,191,0.8787,191(ฟ):0.879 | 189(ฝ):0.015 | 190(พ):0.013,1
PrintAksorn_dataset/test/fo_fan_Loma-Oblique.png,190,พ,0.7974,191,ฟ,0,190,0.7974,190(พ):0.797 | 191(ฟ):0.091 | 188(ผ):0.004,1
PrintAksorn_dataset/test/fo_fan_NotoSerifThai-ExtraCondensedBlack.png,190,พ,0.6014,191,ฟ,0,190,0.6014,190(พ):0.601 | 191(ฟ):0.255 | 215(ื):0.006,1
PrintAksorn_dataset/test/fo_fan_NotoSerifThai-Medium.png,190,พ,0.7953,191,ฟ,0,190,0.7953,190(พ):0.795 | 191(ฟ):0.092 | 188(ผ):0.008,1
PrintAksorn_dataset/test/fo_fan_PSK-Smart-Bold.png,190,พ,0.6613,191,ฟ,0,190,0.6613,190(พ):0.661 | 191(ฟ):0.264 | 162(ข):0.003,1
PrintAksorn_dataset/test/fo_fan_PSK-Smart-Regular.png,190,พ,0.6114,191,ฟ,0,190,0.6114,190(พ):0.611 | 191(ฟ):0.251 | 188(ผ):0.011,1
PrintAksorn_dataset/test/fo_fan_Sarabun-ExtraBold.png,191,ฟ,0.681,191,ฟ,1,191,0.681,191(ฟ):0.681 | 190(พ):0.217 | 189(ฝ):0.006,1
PrintAksorn_dataset/test/fo_fan_TH-Chakra-Petch-Bold-Italic.png,191,ฟ,0.4886,191,ฟ,1,191,0.4886,191(ฟ):0.489 | 190(พ):0.350 | 189(ฝ):0.008,1
PrintAksorn_dataset/test/fo_fan_TH-Niramit-AS-Italic.png,190,พ,0.6639,191,ฟ,0,190,0.6639,190(พ):0.664 | 191(ฟ):0.173 | 189(ฝ):0.006,1
PrintAksorn_dataset/test/fo_fan_Trirong-Regular.png,190,พ,0.6247,191,ฟ,0,190,0.6247,190(พ):0.625 | 191(ฟ):0.232 | 189(ฝ):0.005,1
PrintAksorn_dataset/test/ho_hip_Aksaramatee-Regular.png,203,ห,0.8368,203,ห,1,203,0.8368,203(ห):0.837 | 204(ฬ):0.022 | 183(ท):0.015,1
PrintAksorn_dataset/test/ho_hip_NotoSansThai-ExtraLight.png,203,ห,0.1309,203,ห,1,203,0.1309,203(ห):0.131 | 177(ฑ):0.102 | 183(ท):0.099,1
PrintAksorn_dataset/test/ho_hip_NotoSansThaiLooped-ExtraLight.png,203,ห,0.872,203,ห,1,203,0.872,203(ห):0.872 | 204(ฬ):0.013 | 183(ท):0.012,1
PrintAksorn_dataset/test/ho_hip_NotoSerifThai-ExtraBold.png,203,ห,0.7397,203,ห,1,203,0.7397,203(ห):0.740 | 185(น):0.023 | 169(ฉ):0.016,1
PrintAksorn_dataset/test/ho_hip_NotoSerifThai-ExtraLight.png,203,ห,0.8648,203,ห,1,203,0.8648,203(ห):0.865 | 204(ฬ):0.009 | 183(ท):0.005,1
PrintAksorn_dataset/test/ho_hip_Purisa.png,203,ห,0.9295,203,ห,1,203,0.9295,203(ห):0.929 | 192(ภ):0.002 | 166(ฆ):0.001,1
PrintAksorn_dataset/test/ho_hip_SR-FahMai-Bold-Italic.png,203,ห,0.8457,203,ห,1,203,0.8457,203(ห):0.846 | 201(ษ):0.005 | 183(ท):0.005,1
PrintAksorn_dataset/test/ho_hip_Sawasdee-BoldOblique.png,183,ท,0.4235,203,ห,0,183,0.4235,183(ท):0.423 | 177(ฑ):0.130 | 203(ห):0.036,1
PrintAksorn_dataset/test/ho_hip_TH-Fahkwang-Bold.png,203,ห,0.7753,203,ห,1,203,0.7753,203(ห):0.775 | 204(ฬ):0.025 | 183(ท):0.024,1
PrintAksorn_dataset/test/ho_hip_Taviraj-ExtraBoldItalic.png,203,ห,0.4854,203,ห,1,203,0.4854,203(ห):0.485 | 204(ฬ):0.060 | 185(น):0.024,1
PrintAksorn_dataset/test/ho_hip_Taviraj-SemiBold.png,203,ห,0.83,203,ห,1,203,0.83,203(ห):0.830 | 169(ฉ):0.011 | 183(ท):0.008,1
PrintAksorn_dataset/test/ho_hip_TlwgMono-Oblique.png,203,ห,0.9104,203,ห,1,203,0.9104,203(ห):0.910 | 183(ท):0.005 | 185(น):0.002,1
PrintAksorn_dataset/test/ho_hip_TlwgTypo-Bold.png,203,ห,0.8888,203,ห,1,203,0.8888,203(ห):0.889 | 169(ฉ):0.010 | 183(ท):0.004,1
PrintAksorn_dataset/test/ho_hip_Waree-Oblique.png,203,ห,0.8488,203,ห,1,203,0.8488,203(ห):0.849 | 183(ท):0.019 | 185(น):0.009,1
PrintAksorn_dataset/test/ho_nokhuk_JS-Oobboon-Normal.png,205,อ,0.7052,206,ฮ,0,205,0.7052,205(อ):0.705 | 206(ฮ):0.077 | 194(ย):0.021,1
PrintAksorn_dataset/test/ho_nokhuk_JS-Pisit-Normal.png,206,ฮ,0.8325,206,ฮ,1,206,0.8325,206(ฮ):0.833 | 205(อ):0.020 | 194(ย):0.008,1
PrintAksorn_dataset/test/ho_nokhuk_JS-Prajuk-Italic.png,206,ฮ,0.8722,206,ฮ,1,206,0.8722,206(ฮ):0.872 | 201(ษ):0.008 | 200(ศ):0.007,1
PrintAksorn_dataset/test/ho_nokhuk_Kanit-Italic.png,206,ฮ,0.3453,206,ฮ,1,206,0.3453,206(ฮ):0.345 | 184(ธ):0.224 | 205(อ):0.215,1
PrintAksorn_dataset/test/ho_nokhuk_Laksaman-BoldItalic.png,206,ฮ,0.8932,206,ฮ,1,206,0.8932,206(ฮ):0.893 | 205(อ):0.004 | 194(ย):0.004,1
PrintAksorn_dataset/test/ho_nokhuk_NotoSansThai-ExtraCondensed.png,206,ฮ,0.7848,206,ฮ,1,206,0.7848,206(ฮ):0.785 | 205(อ):0.072 | 184(ธ):0.034,1
PrintAksorn_dataset/test/ho_nokhuk_PSK-Smart-Bold.png,206,ฮ,0.8035,206,ฮ,1,206,0.8035,206(ฮ):0.804 | 184(ธ):0.013 | 205(อ):0.013,1
PrintAksorn_dataset/test/ho_nokhuk_PSK-SmartBI.png,206,ฮ,0.7528,206,ฮ,1,206,0.7528,206(ฮ):0.753 | 205(อ):0.036 | 162(ข):0.006,1
PrintAksorn_dataset/test/ho_nokhuk_Prompt-MediumItalic.png,206,ฮ,0.7276,206,ฮ,1,206,0.7276,206(ฮ):0.728 | 205(อ):0.058 | 184(ธ):0.049,1
PrintAksorn_dataset/test/ho_nokhuk_Prompt-SemiBoldItalic.png,206,ฮ,0.7408,206,ฮ,1,206,0.7408,206(ฮ):0.741 | 205(อ):0.054 | 184(ธ):0.047,1
PrintAksorn_dataset/test/ho_nokhuk_TH-Sarabun-New-BoldItalic.png,206,ฮ,0.8852,206,ฮ,1,206,0.8852,206(ฮ):0.885 | 205(อ):0.005 | 194(ย):0.004,1
PrintAksorn_dataset/test/ho_nokhuk_Taviraj-Light.png,206,ฮ,0.9478,206,ฮ,1,206,0.9478,206(ฮ):0.948 | 184(ธ):0.005 | 205(อ):0.004,1
PrintAksorn_dataset/test/ho_nokhuk_Taviraj-SemiBoldItalic.png,206,ฮ,0.8708,206,ฮ,1,206,0.8708,206(ฮ):0.871 | 184(ธ):0.013 | 202(ส):0.008,1
PrintAksorn_dataset/test/kho_khai_Aksaramatee-Bold-Italic.png,162,ข,0.5433,162,ข,1,162,0.5433,162(ข):0.543 | 217(ู):0.187 | 186(บ):0.143,1
PrintAksorn_dataset/test/kho_khai_DC-Palamongkol-Regular.png,162,ข,0.3788,162,ข,1,162,0.3788,162(ข):0.379 | 186(บ):0.161 | 194(ย):0.094,1
PrintAksorn_dataset/test/kho_khai_JS-Obsaward-Italic.png,162,ข,0.8136,162,ข,1,162,0.8136,162(ข):0.814 | 217(ู):0.020 | 163(ฃ):0.016,1
PrintAksorn_dataset/test/kho_khai_Mitr-ExtraLight.png,186,บ,0.436,162,ข,0,186,0.436,186(บ):0.436 | 194(ย):0.173 | 162(ข):0.064,1
PrintAksorn_dataset/test/kho_khai_NotoSansThai-ExtraLight.png,186,บ,0.2647,162,ข,0,186,0.2647,186(บ):0.265 | 194(ย):0.250 | 162(ข):0.141,1
PrintAksorn_dataset/test/kho_khai_NotoSansThaiLooped-Medium.png,186,บ,0.3655,162,ข,0,186,0.3655,186(บ):0.365 | 194(ย):0.104 | 162(ข):0.102,1
PrintAksorn_dataset/test/kho_khai_NotoSerifThai-ExtraCondensed.png,162,ข,0.8095,162,ข,1,162,0.8095,162(ข):0.810 | 186(บ):0.072 | 217(ู):0.023,1
PrintAksorn_dataset/test/kho_khai_Prompt-Black.png,205,อ,0.258,162,ข,0,205,0.258,205(อ):0.258 | 217(ู):0.097 | 187(ป):0.082,1
PrintAksorn_dataset/test/kho_khon_CmPrasanmit-Italic.png,165,ฅ,0.9078,165,ฅ,1,165,0.9078,165(ฅ):0.908 | 164(ค):0.004 | 188(ผ):0.002,1
PrintAksorn_dataset/test/kho_khon_JS-Pitsamai-Italic.png,165,ฅ,0.8546,165,ฅ,1,165,0.8546,165(ฅ):0.855 | 164(ค):0.021 | 178(ฒ):0.006,1
PrintAksorn_dataset/test/kho_khon_Laksaman-Italic.png,165,ฅ,0.8891,165,ฅ,1,165,0.8891,165(ฅ):0.889 | 164(ค):0.003 | 201(ษ):0.003,1
PrintAksorn_dataset/test/kho_khon_Loma-Oblique.png,165,ฅ,0.8775,165,ฅ,1,165,0.8775,165(ฅ):0.877 | 164(ค):0.006 | 178(ฒ):0.003,1
PrintAksorn_dataset/test/kho_khon_Maitree-ExtraLight.png,165,ฅ,0.8993,165,ฅ,1,165,0.8993,165(ฅ):0.899 | 181(ต):0.006 | 178(ฒ):0.005,1
PrintAksorn_dataset/test/kho_khon_Norasi-BoldItalic.png,165,ฅ,0.8947,165,ฅ,1,165,0.8947,165(ฅ):0.895 | 164(ค):0.007 | 181(ต):0.003,1
PrintAksorn_dataset/test/kho_khon_Prompt-Thin.png,165,ฅ,0.8651,165,ฅ,1,165,0.8651,165(ฅ):0.865 | 181(ต):0.016 | 161(ก):0.008,1
PrintAksorn_dataset/test/kho_khon_Sarabun-ExtraBoldItalic.png,165,ฅ,0.9002,165,ฅ,1,165,0.9002,165(ฅ):0.900 | 164(ค):0.002 | 233(้):0.002,1
PrintAksorn_dataset/test/kho_khon_Sawasdee-Bold.png,165,ฅ,0.937,165,ฅ,1,165,0.937,165(ฅ):0.937 | 181(ต):0.005 | 161(ก):0.004,1
PrintAksorn_dataset/test/kho_khon_TH-Fahkwang-Bold.png,165,ฅ,0.8801,165,ฅ,1,165,0.8801,165(ฅ):0.880 | 164(ค):0.021 | 178(ฒ):0.003,1
PrintAksorn_dataset/test/kho_khon_TH-Kodchasal-Bold.png,165,ฅ,0.8676,165,ฅ,1,165,0.8676,165(ฅ):0.868 | 164(ค):0.004 | 174(ฎ):0.004,1
PrintAksorn_dataset/test/kho_khon_TH-Sarabun-New-Bold.png,165,ฅ,0.9138,165,ฅ,1,165,0.9138,165(ฅ):0.914 | 177(ฑ):0.002 | 217(ู):0.002,1
PrintAksorn_dataset/test/kho_khon_Taviraj-Light.png,165,ฅ,0.9172,165,ฅ,1,165,0.9172,165(ฅ):0.917 | 181(ต):0.005 | 164(ค):0.003,1
PrintAksorn_dataset/test/kho_khon_Trirong-ExtraBold.png,165,ฅ,0.9118,165,ฅ,1,165,0.9118,165(ฅ):0.912 | 164(ค):0.005 | 178(ฒ):0.005,1
PrintAksorn_dataset/test/kho_khuat_JS-Giat-Bold.png,186,บ,0.1853,163,ฃ,0,186,0.1853,186(บ):0.185 | 194(ย):0.101 | 205(อ):0.093,1
PrintAksorn_dataset/test/kho_khuat_JS-Saksit-Normal.png,163,ฃ,0.8895,163,ฃ,1,163,0.8895,163(ฃ):0.890 | 166(ฆ):0.006 | 169(ฉ):0.003,1
PrintAksorn_dataset/test/kho_khuat_KaniGa-Bold.png,163,ฃ,0.7822,163,ฃ,1,163,0.7822,163(ฃ):0.782 | 162(ข):0.053 | 186(บ):0.022,1
PrintAksorn_dataset/test/kho_khuat_NotoSansThai-SemiCondensedBold.png,163,ฃ,0.2327,163,ฃ,1,163,0.2327,163(ฃ):0.233 | 205(อ):0.174 | 194(ย):0.067,1
PrintAksorn_dataset/test/kho_khuat_Sawasdee-Bold.png,194,ย,0.1979,163,ฃ,0,194,0.1979,194(ย):0.198 | 186(บ):0.068 | 163(ฃ):0.068,1
PrintAksorn_dataset/test/kho_khuat_Taviraj-Thin.png,163,ฃ,0.2668,163,ฃ,1,163,0.2668,163(ฃ):0.267 | 194(ย):0.214 | 166(ฆ):0.033,1
PrintAksorn_dataset/test/kho_khwai_Athiti-Bold.png,164,ค,0.884,164,ค,1,164,0.884,164(ค):0.884 | 169(ฉ):0.049 | 205(อ):0.008,1
PrintAksorn_dataset/test/kho_khwai_FonLeb-Italic.png,164,ค,0.9488,164,ค,1,164,0.9488,164(ค):0.949 | 180(ด):0.007 | 200(ศ):0.004,1
PrintAksorn_dataset/test/kho_khwai_Kanit-ExtraBoldItalic.png,164,ค,0.8912,164,ค,1,164,0.8912,164(ค):0.891 | 205(อ):0.039 | 169(ฉ):0.011,1
PrintAksorn_dataset/test/kho_khwai_Maitree-Bold.png,164,ค,0.9321,164,ค,1,164,0.9321,164(ค):0.932 | 180(ด):0.007 | 205(อ):0.004,1
PrintAksorn_dataset/test/kho_khwai_NotoSansThai-Regular.png,164,ค,0.9143,164,ค,1,164,0.9143,164(ค):0.914 | 169(ฉ):0.008 | 200(ศ):0.004,1
PrintAksorn_dataset/test/kho_khwai_Sawasdee-Bold.png,164,ค,0.777,164,ค,1,164,0.777,164(ค):0.777 | 161(ก):0.060 | 169(ฉ):0.008,1
PrintAksorn_dataset/test/kho_khwai_Taviraj-MediumItalic.png,164,ค,0.9398,164,ค,1,164,0.9398,164(ค):0.940 | 200(ศ):0.007 | 180(ด):0.005,1
PrintAksorn_dataset/test/kho_khwai_Trirong-ExtraBoldItalic.png,164,ค,0.9369,164,ค,1,164,0.9369,164(ค):0.937 | 205(อ):0.010 | 200(ศ):0.006,1
PrintAksorn_dataset/test/kho_rakhang_Athiti-Bold.png,194,ย,0.6323,166,ฆ,0,194,0.6323,194(ย):0.632 | 188(ผ):0.065 | 186(บ):0.029,1
PrintAksorn_dataset/test/kho_rakhang_Ayuthaya.png,166,ฆ,0.6806,166,ฆ,1,166,0.6806,166(ฆ):0.681 | 174(ฎ):0.057 | 193(ม):0.048,1
PrintAksorn_dataset/test/kho_rakhang_JS-Jindara-Bold.png,166,ฆ,0.896,166,ฆ,1,166,0.896,166(ฆ):0.896 | 193(ม):0.009 | 174(ฎ):0.003,1
PrintAksorn_dataset/test/kho_rakhang_JS-Yodthida-Italic.png,166,ฆ,0.4546,166,ฆ,1,166,0.4546,166(ฆ):0.455 | 193(ม):0.189 | 209(ั):0.018,1
PrintAksorn_dataset/test/kho_rakhang_Mitr-SemiBold.png,163,ฃ,0.1264,166,ฆ,0,163,0.1264,163(ฃ):0.126 | 166(ฆ):0.102 | 205(อ):0.076,1
PrintAksorn_dataset/test/kho_rakhang_Taviraj-Black.png,166,ฆ,0.2937,166,ฆ,1,166,0.2937,166(ฆ):0.294 | 193(ม):0.264 | 174(ฎ):0.046,1
PrintAksorn_dataset/test/kho_rakhang_Taviraj-SemiBoldItalic.png,193,ม,0.4613,166,ฆ,0,193,0.4613,193(ม):0.461 | 166(ฆ):0.214 | 174(ฎ):0.048,1
PrintAksorn_dataset/test/kho_rakhang_Umpush.png,166,ฆ,0.8362,166,ฆ,1,166,0.8362,166(ฆ):0.836 | 193(ม):0.018 | 174(ฎ):0.013,1
PrintAksorn_dataset/test/ko_kai_Himmaparnt-Regular.png,161,ก,0.8047,161,ก,1,161,0.8047,161(ก):0.805 | 182(ถ):0.007 | 234(๊):0.006,1
PrintAksorn_dataset/test/ko_kai_JS-Pitsanu.png,161,ก,0.6579,161,ก,1,161,0.6579,161(ก):0.658 | 164(ค):0.029 | 182(ถ):0.013,1
PrintAksorn_dataset/test/ko_kai_JS-Synjai-Normal.png,161,ก,0.8621,161,ก,1,161,0.8621,161(ก):0.862 | 182(ถ):0.009 | 165(ฅ):0.005,1
PrintAksorn_dataset/test/ko_kai_Kanit-Medium.png,161,ก,0.4092,161,ก,1,161,0.4092,161(ก):0.409 | 182(ถ):0.281 | 192(ภ):0.032,1
PrintAksorn_dataset/test/ko_kai_NotoSansThai-CondensedBlack.png,161,ก,0.2006,161,ก,1,161,0.2006,161(ก):0.201 | 182(ถ):0.188 | 169(ฉ):0.106,1
PrintAksorn_dataset/test/ko_kai_NotoSansThai-ExtraCondensedBold.png,161,ก,0.7934,161,ก,1,161,0.7934,161(ก):0.793 | 182(ถ):0.057 | 192(ภ):0.022,1
PrintAksorn_dataset/test/ko_kai_NotoSansThai-SemiCondensedMedium.png,161,ก,0.8378,161,ก,1,161,0.8378,161(ก):0.838 | 182(ถ):0.055 | 192(ภ):0.020,1
PrintAksorn_dataset/test/ko_kai_NotoSansThaiLooped-Light.png,161,ก,0.9645,161,ก,1,161,0.9645,161(ก):0.964 | 169(ฉ):0.002 | 182(ถ):0.002,1
PrintAksorn_dataset/test/ko_kai_NotoSansThaiLooped-Medium.png,161,ก,0.856,161,ก,1,161,0.856,161(ก):0.856 | 182(ถ):0.058 | 192(ภ):0.024,1
PrintAksorn_dataset/test/ko_kai_Taviraj-ExtraBold.png,161,ก,0.2176,161,ก,1,161,0.2176,161(ก):0.218 | 192(ภ):0.136 | 182(ถ):0.101,1
PrintAksorn_dataset/test/ko_kai_Waree-Oblique.png,161,ก,0.9323,161,ก,1,161,0.9323,161(ก):0.932 | 182(ถ):0.007 | 164(ค):0.004,1
PrintAksorn_dataset/test/lakkhangyao_Chonburi-Regular.png,210,า,0.2481,229,ๅ,0,210,0.2481,210(า):0.248 | 161(ก):0.068 | 226(โ):0.050,1
PrintAksorn_dataset/test/lakkhangyao_JS-Prasoplarp-Normal.png,210,า,0.8885,229,ๅ,0,210,0.8885,210(า):0.888 | 207(ฯ):0.005 | 216(ุ):0.004,1
PrintAksorn_dataset/test/lakkhangyao_JS-Saksit-Bold-Italic.png,210,า,0.7814,229,ๅ,0,210,0.7814,210(า):0.781 | 232(่):0.032 | 161(ก):0.013,1
PrintAksorn_dataset/test/lakkhangyao_Kanit-ExtraLightItalic.png,210,า,0.8923,229,ๅ,0,210,0.8923,210(า):0.892 | 226(โ):0.010 | 232(่):0.006,1
PrintAksorn_dataset/test/lakkhangyao_NotoSansThai-ExtraLight.png,210,า,0.8849,229,ๅ,0,210,0.8849,210(า):0.885 | 226(โ):0.011 | 216(ุ):0.005,1
PrintAksorn_dataset/test/lakkhangyao_NotoSansThaiLooped-ExtraBold.png,210,า,0.8208,229,ๅ,0,210,0.8208,210(า):0.821 | 216(ุ):0.009 | 161(ก):0.009,1
PrintAksorn_dataset/test/lakkhangyao_Purisa.png,210,า,0.8744,229,ๅ,0,210,0.8744,210(า):0.874 | 207(ฯ):0.010 | 226(โ):0.009,1
PrintAksorn_dataset/test/lakkhangyao_TlwgTypo.png,210,า,0.8523,229,ๅ,0,210,0.8523,210(า):0.852 | 226(โ):0.011 | 199(ว):0.006,1
PrintAksorn_dataset/test/lakkhangyao_Trirong-MediumItalic.png,210,า,0.8506,229,ๅ,0,210,0.8506,210(า):0.851 | 226(โ):0.011 | 232(่):0.010,1
PrintAksorn_dataset/test/lbrace_Ayuthaya.png,176,ฐ,0.6714,,,,176,0.6714,176(ฐ):0.671 | 226(โ):0.113 | 184(ธ):0.031,1
PrintAksorn_dataset/test/lbrace_JS-Wanida-Italic.png,226,โ,0.8947,,,,226,0.8947,226(โ):0.895 | 176(ฐ):0.020 | 195(ร):0.011,1
PrintAksorn_dataset/test/lbrace_Kanit-Medium.png,235,๋,0.4587,,,,235,0.4587,235(๋):0.459 | 232(่):0.055 | 184(ธ):0.052,1
PrintAksorn_dataset/test/lbrace_Mitr-ExtraLight.png,226,โ,0.4676,,,,226,0.4676,226(โ):0.468 | 228(ไ):0.179 | 176(ฐ):0.041,1
PrintAksorn_dataset/test/lbrace_NotoSansThai-ExtraCondensedLight.png,186,บ,0.1254,,,,186,0.1254,186(บ):0.125 | 205(อ):0.101 | 161(ก):0.093,1
PrintAksorn_dataset/test/lbrace_NotoSansThai-Regular.png,186,บ,0.1261,,,,186,0.1261,186(บ):0.126 | 205(อ):0.100 | 161(ก):0.094,1
PrintAksorn_dataset/test/lbrace_NotoSerifThai-ExtraCondensedLight.png,186,บ,0.1254,,,,186,0.1254,186(บ):0.125 | 205(อ):0.101 | 161(ก):0.093,1
PrintAksorn_dataset/test/lbrace_Prompt-Italic.png,226,โ,0.653,,,,226,0.653,226(โ):0.653 | 176(ฐ):0.145 | 228(ไ):0.012,1
PrintAksorn_dataset/test/lbrace_Prompt-Light.png,226,โ,0.3228,,,,226,0.3228,226(โ):0.323 | 176(ฐ):0.296 | 228(ไ):0.048,1
PrintAksorn_dataset/test/lbrace_TH-Baijam-Bold-Italic.png,226,โ,0.4169,,,,226,0.4169,226(โ):0.417 | 176(ฐ):0.323 | 175(ฏ):0.013,1
PrintAksorn_dataset/test/lbracket_Himmaparnt-Regular.png,232,่,0.3095,,,,232,0.3095,232(่):0.309 | 226(โ):0.177 | 210(า):0.086,1
PrintAksorn_dataset/test/lbracket_Kanit-ThinItalic.png,226,โ,0.8539,,,,226,0.8539,226(โ):0.854 | 176(ฐ):0.016 | 184(ธ):0.009,1
PrintAksorn_dataset/test/lbracket_Kinnari-Oblique.png,226,โ,0.4449,,,,226,0.4449,226(โ):0.445 | 235(๋):0.079 | 210(า):0.042,1
PrintAksorn_dataset/test/lbracket_Laksaman-BoldItalic.png,226,โ,0.8014,,,,226,0.8014,226(โ):0.801 | 235(๋):0.026 | 184(ธ):0.018,1
PrintAksorn_dataset/test/lbracket_NotoSerifThai-SemiCondensedExtraLight.png,205,อ,0.1077,,,,205,0.1077,205(อ):0.108 | 186(บ):0.097 | 161(ก):0.092,1
PrintAksorn_dataset/test/lbracket_NotoSerifThai-SemiCondensedThin.png,205,อ,0.1077,,,,205,0.1077,205(อ):0.108 | 186(บ):0.097 | 161(ก):0.092,1
PrintAksorn_dataset/test/lbracket_Pridi-Regular.png,226,โ,0.1833,,,,226,0.1833,226(โ):0.183 | 232(่):0.159 | 235(๋):0.128,1
PrintAksorn_dataset/test/lbracket_Prompt-Italic.png,226,โ,0.6761,,,,226,0.6761,226(โ):0.676 | 235(๋):0.054 | 184(ธ):0.038,1
PrintAksorn_dataset/test/lo_chula_Himmaparnt-Bold.png,204,ฬ,0.8231,204,ฬ,1,204,0.8231,204(ฬ):0.823 | 188(ผ):0.011 | 201(ษ):0.008,1
PrintAksorn_dataset/test/lo_chula_JS-Thanaporn-Normal.png,172,ฌ,0.1425,204,ฬ,0,172,0.1425,172(ฌ):0.142 | 201(ษ):0.092 | 188(ผ):0.076,1
PrintAksorn_dataset/test/lo_chula_Kinnari-Oblique.png,204,ฬ,0.8613,204,ฬ,1,204,0.8613,204(ฬ):0.861 | 201(ษ):0.009 | 188(ผ):0.006,1
PrintAksorn_dataset/test/lo_chula_TH-Fahkwang-Italic.png,204,ฬ,0.8571,204,ฬ,1,204,0.8571,204(ฬ):0.857 | 201(ษ):0.012 | 203(ห):0.012,1
PrintAksorn_dataset/test/lo_ling_ChulaNarak-Bold-Italic.png,197,ล,0.9313,197,ล,1,197,0.9313,197(ล):0.931 | 182(ถ):0.004 | 205(อ):0.002,1
PrintAksorn_dataset/test/lo_ling_DC-Palamongkol-Bold.png,197,ล,0.8283,197,ล,1,197,0.8283,197(ล):0.828 | 182(ถ):0.006 | 205(อ):0.006,1
PrintAksorn_dataset/test/lo_ling_FonLeb-Regular.png,197,ล,0.9006,197,ล,1,197,0.9006,197(ล):0.901 | 199(ว):0.004 | 182(ถ):0.004,1
PrintAksorn_dataset/test/lo_ling_JS-Arisa.png,197,ล,0.8991,197,ล,1,197,0.8991,197(ล):0.899 | 182(ถ):0.004 | 180(ด):0.004,1
PrintAksorn_dataset/test/lo_ling_JS-Wanida-Italic.png,197,ล,0.9528,197,ล,1,197,0.9528,197(ล):0.953 | 202(ส):0.005 | 182(ถ):0.001,1
PrintAksorn_dataset/test/lo_ling_Kanit-Black.png,205,อ,0.6849,197,ล,0,205,0.6849,205(อ):0.685 | 169(ฉ):0.154 | 164(ค):0.015,1
PrintAksorn_dataset/test/lo_ling_Kanit-ExtraBoldItalic.png,205,อ,0.6499,197,ล,0,205,0.6499,205(อ):0.650 | 169(ฉ):0.086 | 197(ล):0.034,1
PrintAksorn_dataset/test/lo_ling_Kanit-Light.png,197,ล,0.6191,197,ล,1,197,0.6191,197(ล):0.619 | 182(ถ):0.078 | 205(อ):0.039,1
PrintAksorn_dataset/test/lo_ling_Kanit-Thin.png,197,ล,0.7904,197,ล,1,197,0.7904,197(ล):0.790 | 161(ก):0.028 | 199(ว):0.024,1
PrintAksorn_dataset/test/lo_ling_Mitr-Medium.png,205,อ,0.2522,197,ล,0,205,0.2522,205(อ):0.252 | 197(ล):0.143 | 169(ฉ):0.075,1
PrintAksorn_dataset/test/lo_ling_NotoSerifThai-Thin.png,197,ล,0.9206,197,ล,1,197,0.9206,197(ล):0.921 | 182(ถ):0.003 | 233(้):0.002,1
PrintAksorn_dataset/test/lo_ling_TlwgMono-BoldOblique.png,197,ล,0.8982,197,ล,1,197,0.8982,197(ล):0.898 | 205(อ):0.005 | 199(ว):0.004,1
PrintAksorn_dataset/test/lo_ling_Trirong-Medium.png,197,ล,0.9192,197,ล,1,197,0.9192,197(ล):0.919 | 205(อ):0.005 | 180(ด):0.003,1
PrintAksorn_dataset/test/lparen_ChulaNarak-Regular.png,236,์,0.6439,,,,236,0.6439,236(์):0.644 | 232(่):0.060 | 226(โ):0.041,1
PrintAksorn_dataset/test/lparen_CmPrasanmit-Bold-Italic.png,232,่,0.2834,,,,232,0.2834,232(่):0.283 | 200(ศ):0.222 | 236(์):0.121,1
PrintAksorn_dataset/test/lparen_FonLeb-Regular.png,232,่,0.2896,,,,232,0.2896,232(่):0.290 | 236(์):0.162 | 200(ศ):0.100,1
PrintAksorn_dataset/test/lparen_JS-Prajuk-Italic.png,236,์,0.2735,,,,236,0.2735,236(์):0.273 | 232(่):0.270 | 200(ศ):0.090,1
PrintAksorn_dataset/test/lparen_JS-Wanida-Italic.png,236,์,0.2827,,,,236,0.2827,236(์):0.283 | 232(่):0.254 | 200(ศ):0.101,1
PrintAksorn_dataset/test/lparen_Kanit-ExtraLight.png,236,์,0.1713,,,,236,0.1713,236(์):0.171 | 226(โ):0.161 | 232(่):0.156,1
PrintAksorn_dataset/test/lparen_Loma-BoldOblique.png,236,์,0.3304,,,,236,0.3304,236(์):0.330 | 200(ศ):0.204 | 170(ช):0.076,1
PrintAksorn_dataset/test/lparen_Maitree-Light.png,232,่,0.6332,,,,232,0.6332,232(่):0.633 | 200(ศ):0.061 | 236(์):0.037,1
PrintAksorn_dataset/test/lparen_NotoSansThai-CondensedExtraLight.png,205,อ,0.1123,,,,205,0.1123,205(อ):0.112 | 186(บ):0.104 | 161(ก):0.091,1
PrintAksorn_dataset/test/lparen_Purisa-Oblique.png,236,์,0.3628,,,,236,0.3628,236(์):0.363 | 200(ศ):0.126 | 170(ช):0.106,1
PrintAksorn_dataset/test/lparen_Sarabun-ExtraLightItalic.png,236,์,0.2282,,,,236,0.2282,236(์):0.228 | 200(ศ):0.145 | 226(โ):0.124,1
PrintAksorn_dataset/test/lparen_TH-Baijam-Bold.png,232,่,0.5955,,,,232,0.5955,232(่):0.595 | 236(์):0.113 | 200(ศ):0.037,1
PrintAksorn_dataset/test/lparen_Trirong-LightItalic.png,232,่,0.3538,,,,232,0.3538,232(่):0.354 | 236(์):0.208 | 200(ศ):0.112,1
PrintAksorn_dataset/test/mai_chattawa_CmPrasanmit-Italic.png,235,๋,0.943,235,๋,1,235,0.943,235(๋):0.943 | 185(น):0.006 | 169(ฉ):0.002,1
PrintAksorn_dataset/test/mai_chattawa_JS-Sadayu-Bold.png,235,๋,0.4469,235,๋,1,235,0.4469,235(๋):0.447 | 201(ษ):0.364 | 185(น):0.031,1
PrintAksorn_dataset/test/mai_chattawa_NotoSansThai-CondensedExtraLight.png,235,๋,0.9158,235,๋,1,235,0.9158,235(๋):0.916 | 232(่):0.002 | 194(ย):0.002,1
PrintAksorn_dataset/test/mai_chattawa_NotoSansThai-Thin.png,235,๋,0.9184,235,๋,1,235,0.9184,235(๋):0.918 | 232(่):0.002 | 204(ฬ):0.002,1
PrintAksorn_dataset/test/mai_chattawa_NotoSerifThai-Black.png,201,ษ,0.7367,235,๋,0,201,0.7367,201(ษ):0.737 | 185(น):0.060 | 235(๋):0.039,1
PrintAksorn_dataset/test/mai_chattawa_NotoSerifThai-Condensed.png,235,๋,0.8562,235,๋,1,235,0.8562,235(๋):0.856 | 201(ษ):0.009 | 185(น):0.008,1
PrintAksorn_dataset/test/mai_chattawa_Prompt-ExtraBold.png,169,ฉ,0.3151,235,๋,0,169,0.3151,169(ฉ):0.315 | 184(ธ):0.169 | 163(ฃ):0.058,1
PrintAksorn_dataset/test/mai_chattawa_SR-FahMai-Bold.png,235,๋,0.9079,235,๋,1,235,0.9079,235(๋):0.908 | 185(น):0.017 | 201(ษ):0.015,1
PrintAksorn_dataset/test/mai_chattawa_TH-K2D-July8-Italic.png,235,๋,0.9116,235,๋,1,235,0.9116,235(๋):0.912 | 232(่):0.002 | 224(เ):0.002,1
PrintAksorn_dataset/test/mai_chattawa_TH-Sarabun-New-Italic.png,235,๋,0.9192,235,๋,1,235,0.9192,235(๋):0.919 | 201(ษ):0.003 | 232(่):0.002,1
PrintAksorn_dataset/test/mai_chattawa_Taviraj-ExtraLight.png,235,๋,0.8838,235,๋,1,235,0.8838,235(๋):0.884 | 201(ษ):0.004 | 232(่):0.004,1
PrintAksorn_dataset/test/mai_chattawa_TlwgMono.png,235,๋,0.7175,235,๋,1,235,0.7175,235(๋):0.718 | 201(ษ):0.067 | 185(น):0.047,1
PrintAksorn_dataset/test/mai_chattawa_TlwgTypist-BoldOblique.png,172,ฌ,0.1896,235,๋,0,172,0.1896,172(ฌ):0.190 | 201(ษ):0.179 | 235(๋):0.102,1
PrintAksorn_dataset/test/mai_chattawa_Umpush-BoldOblique.png,235,๋,0.7536,235,๋,1,235,0.7536,235(๋):0.754 | 185(น):0.092 | 201(ษ):0.055,1
PrintAksorn_dataset/test/mai_ek_JS-Jindara-Italic.png,232,่,0.8812,232,่,1,232,0.8812,232(่):0.881 | 217(ู):0.008 | 162(ข):0.005,1
PrintAksorn_dataset/test/mai_ek_JS-Saksit-Italic.png,232,่,0.3407,232,่,1,232,0.3407,232(่):0.341 | 184(ธ):0.076 | 162(ข):0.043,1
PrintAksorn_dataset/test/mai_ek_Kanit-LightItalic.png,232,่,0.133,232,่,1,232,0.133,232(่):0.133 | 184(ธ):0.094 | 224(เ):0.076,1
PrintAksorn_dataset/test/mai_ek_Laksaman-Bold.png,184,ธ,0.0965,232,่,0,184,0.0965,184(ธ):0.096 | 232(่):0.092 | 235(๋):0.076,1
PrintAksorn_dataset/test/mai_ek_Maitree-Medium.png,232,่,0.7395,232,่,1,232,0.7395,232(่):0.740 | 217(ู):0.020 | 161(ก):0.015,1
PrintAksorn_dataset/test/mai_ek_Norasi-Bold.png,232,่,0.5001,232,่,1,232,0.5001,232(่):0.500 | 162(ข):0.097 | 217(ู):0.069,1
PrintAksorn_dataset/test/mai_ek_NotoSansThai-CondensedBlack.png,205,อ,0.158,232,่,0,205,0.158,205(อ):0.158 | 184(ธ):0.053 | 217(ู):0.046,1
PrintAksorn_dataset/test/mai_ek_NotoSansThai-CondensedBold.png,217,ู,0.0989,232,่,0,217,0.0989,217(ู):0.099 | 224(เ):0.070 | 169(ฉ):0.067,1
PrintAksorn_dataset/test/mai_ek_NotoSansThaiLooped-SemiBold.png,184,ธ,0.0825,232,่,0,184,0.0825,184(ธ):0.083 | 205(อ):0.080 | 224(เ):0.064,1
PrintAksorn_dataset/test/mai_ek_Prompt-SemiBoldItalic.png,205,อ,0.1492,232,่,0,205,0.1492,205(อ):0.149 | 184(ธ):0.060 | 163(ฃ):0.049,1
PrintAksorn_dataset/test/mai_ek_Silom.png,232,่,0.9196,232,่,1,232,0.9196,232(่):0.920 | 217(ู):0.007 | 184(ธ):0.005,1
PrintAksorn_dataset/test/mai_ek_TH-Baijam-Bold-Italic.png,232,่,0.477,232,่,1,232,0.477,232(่):0.477 | 184(ธ):0.043 | 217(ู):0.039,1
PrintAksorn_dataset/test/mai_ek_TH-Baijam-Bold.png,232,่,0.4159,232,่,1,232,0.4159,232(่):0.416 | 217(ู):0.045 | 235(๋):0.033,1
PrintAksorn_dataset/test/mai_ek_TH-Chakra-Petch-Regular.png,232,่,0.9179,232,่,1,232,0.9179,232(่):0.918 | 210(า):0.004 | 217(ู):0.004,1
PrintAksorn_dataset/test/mai_ek_TH-Charm-of-AU-Regular.png,232,่,0.9143,232,่,1,232,0.9143,232(่):0.914 | 217(ู):0.005 | 210(า):0.003,1
PrintAksorn_dataset/test/mai_ek_TH-Fahkwang-Italic.png,232,่,0.4273,232,่,1,232,0.4273,232(่):0.427 | 217(ู):0.049 | 184(ธ):0.048,1
PrintAksorn_dataset/test/mai_ek_Trirong-SemiBold.png,184,ธ,0.0825,232,่,0,184,0.0825,184(ธ):0.083 | 205(อ):0.080 | 224(เ):0.064,1
PrintAksorn_dataset/test/mai_ek_Umpush-Oblique.png,232,่,0.0925,232,่,1,232,0.0925,232(่):0.093 | 184(ธ):0.081 | 224(เ):0.078,1
PrintAksorn_dataset/test/mai_tho_JS-Prajuk-Italic.png,233,้,0.9229,233,้,1,233,0.9229,233(้):0.923 | 209(ั):0.006 | 170(ช):0.003,1
PrintAksorn_dataset/test/mai_tho_Kanit-Light.png,235,๋,0.6353,233,้,0,235,0.6353,235(๋):0.635 | 186(บ):0.119 | 184(ธ):0.053,1
PrintAksorn_dataset/test/mai_tho_TH-Baijam-Regular.png,233,้,0.9312,233,้,1,233,0.9312,233(้):0.931 | 209(ั):0.032 | 208(ะ):0.003,1
PrintAksorn_dataset/test/mai_tho_TH-Srisakdi-Regular.png,209,ั,0.8982,233,้,0,209,0.8982,209(ั):0.898 | 233(้):0.019 | 187(ป):0.009,1
PrintAksorn_dataset/test/mai_tho_Trirong-ExtraLight.png,233,้,0.8825,233,้,1,233,0.8825,233(้):0.882 | 209(ั):0.043 | 193(ม):0.008,1
PrintAksorn_dataset/test/mai_tho_Trirong-SemiBoldItalic.png,233,้,0.6891,233,้,1,233,0.6891,233(้):0.689 | 209(ั):0.225 | 194(ย):0.005,1
PrintAksorn_dataset/test/mai_tri_JS-Jukaphan.png,234,๊,0.8818,234,๊,1,234,0.8818,234(๊):0.882 | 178(ฒ):0.004 | 205(อ):0.003,1
PrintAksorn_dataset/test/mai_tri_NotoSerifThai-Condensed.png,178,ฒ,0.6251,234,๊,0,178,0.6251,178(ฒ):0.625 | 234(๊):0.187 | 173(ญ):0.009,1
PrintAksorn_dataset/test/mai_tri_NotoSerifThai-ExtraCondensedBlack.png,178,ฒ,0.7638,234,๊,0,178,0.7638,178(ฒ):0.764 | 234(๊):0.044 | 214(ึ):0.031,1
PrintAksorn_dataset/test/mai_tri_TH-Srisakdi-Bold.png,234,๊,0.4856,234,๊,1,234,0.4856,234(๊):0.486 | 191(ฟ):0.166 | 190(พ):0.039,1
PrintAksorn_dataset/test/maihan-akat_JS-Prasoplarp-Normal.png,209,ั,0.9172,209,ั,1,209,0.9172,209(ั):0.917 | 208(ะ):0.004 | 233(้):0.002,1
PrintAksorn_dataset/test/maihan-akat_Kanit-Thin.png,235,๋,0.5627,209,ั,0,235,0.5627,235(๋):0.563 | 233(้):0.053 | 187(ป):0.040,1
PrintAksorn_dataset/test/maihan-akat_NotoSansThai-SemiCondensedBlack.png,209,ั,0.3126,209,ั,1,209,0.3126,209(ั):0.313 | 217(ู):0.130 | 186(บ):0.072,1
PrintAksorn_dataset/test/maihan-akat_NotoSerifThai-SemiCondensedThin.png,209,ั,0.9273,209,ั,1,209,0.9273,209(ั):0.927 | 205(อ):0.005 | 207(ฯ):0.003,1
PrintAksorn_dataset/test/maihan-akat_TH-KoHo-Italic.png,209,ั,0.8364,209,ั,1,209,0.8364,209(ั):0.836 | 213(ี):0.010 | 233(้):0.008,1
PrintAksorn_dataset/test/maitaikhu_JS-Jukaphan.png,231,็,0.9181,231,็,1,231,0.9181,231(็):0.918 | 236(์):0.007 | 226(โ):0.003,1
PrintAksorn_dataset/test/maitaikhu_JS-Obsaward-Italic.png,231,็,0.9657,231,็,1,231,0.9657,231(็):0.966 | 204(ฬ):0.002 | 236(์):0.001,1
PrintAksorn_dataset/test/maitaikhu_Kanit-LightItalic.png,231,็,0.6612,231,็,1,231,0.6612,231(็):0.661 | 212(ิ):0.145 | 184(ธ):0.019,1
PrintAksorn_dataset/test/maitaikhu_NotoSerifThai-SemiCondensedSemiBold.png,231,็,0.8627,231,็,1,231,0.8627,231(็):0.863 | 214(ึ):0.015 | 236(์):0.010,1
PrintAksorn_dataset/test/maitaikhu_TH-Charmonman-Bold.png,202,ส,0.7306,231,็,0,202,0.7306,202(ส):0.731 | 200(ศ):0.079 | 231(็):0.053,1
PrintAksorn_dataset/test/maitaikhu_Umpush-LightOblique.png,231,็,0.8763,231,็,1,231,0.8763,231(็):0.876 | 236(์):0.009 | 226(โ):0.005,1
PrintAksorn_dataset/test/maiyamok_Garuda-BoldOblique.png,163,ฃ,0.5478,230,ๆ,0,163,0.5478,163(ฃ):0.548 | 196(ฤ):0.048 | 207(ฯ):0.044,1
PrintAksorn_dataset/test/maiyamok_JS-Junkaew.png,211,ำ,0.2401,230,ๆ,0,211,0.2401,211(ำ):0.240 | 198(ฦ):0.175 | 207(ฯ):0.149,1
PrintAksorn_dataset/test/maiyamok_JS-Pisit-Italic.png,198,ฦ,0.2647,230,ๆ,0,198,0.2647,198(ฦ):0.265 | 211(ำ):0.183 | 207(ฯ):0.165,1
PrintAksorn_dataset/test/maiyamok_Kanit-Italic.png,181,ต,0.4364,230,ๆ,0,181,0.4364,181(ต):0.436 | 207(ฯ):0.074 | 163(ฃ):0.070,1
PrintAksorn_dataset/test/maiyamok_NotoSansThai-CondensedExtraBold.png,177,ฑ,0.3938,230,ๆ,0,177,0.3938,177(ฑ):0.394 | 163(ฃ):0.312 | 207(ฯ):0.026,1
PrintAksorn_dataset/test/maiyamok_NotoSansThai-ExtraCondensedBlack.png,163,ฃ,0.512,230,ๆ,0,163,0.512,163(ฃ):0.512 | 177(ฑ):0.209 | 207(ฯ):0.025,1
PrintAksorn_dataset/test/maiyamok_NotoSansThai-SemiCondensedThin.png,181,ต,0.2665,230,ๆ,0,181,0.2665,181(ต):0.267 | 207(ฯ):0.205 | 211(ำ):0.118,1
PrintAksorn_dataset/test/maiyamok_NotoSansThaiLooped-Bold.png,163,ฃ,0.7407,230,ๆ,0,163,0.7407,163(ฃ):0.741 | 207(ฯ):0.036 | 181(ต):0.022,1
PrintAksorn_dataset/test/maiyamok_NotoSerifThai-CondensedLight.png,196,ฤ,0.3603,230,ๆ,0,196,0.3603,196(ฤ):0.360 | 198(ฦ):0.156 | 181(ต):0.069,1
PrintAksorn_dataset/test/maiyamok_NotoSerifThai-SemiCondensedExtraBold.png,163,ฃ,0.192,230,ๆ,0,163,0.192,163(ฃ):0.192 | 198(ฦ):0.133 | 162(ข):0.081,1
PrintAksorn_dataset/test/maiyamok_TlwgMono-Bold.png,163,ฃ,0.6935,230,ๆ,0,163,0.6935,163(ฃ):0.694 | 207(ฯ):0.033 | 181(ต):0.026,1
PrintAksorn_dataset/test/maiyamok_Waree-Bold.png,181,ต,0.2106,230,ๆ,0,181,0.2106,181(ต):0.211 | 163(ฃ):0.102 | 177(ฑ):0.071,1
PrintAksorn_dataset/test/mdash_JS-Chodok-Bold.png,235,๋,0.406,,,,235,0.406,235(๋):0.406 | 209(ั):0.049 | 210(า):0.040,1
PrintAksorn_dataset/test/mdash_Kinnari-Italic.png,235,๋,0.1694,,,,235,0.1694,235(๋):0.169 | 209(ั):0.059 | 232(่):0.043,1
PrintAksorn_dataset/test/mdash_Laksaman-Italic.png,235,๋,0.2883,,,,235,0.2883,235(๋):0.288 | 209(ั):0.069 | 212(ิ):0.043,1
PrintAksorn_dataset/test/mdash_NotoSansThai-ExtraCondensedThin.png,186,บ,0.1254,,,,186,0.1254,186(บ):0.125 | 205(อ):0.101 | 161(ก):0.093,1
PrintAksorn_dataset/test/mdash_NotoSansThai-SemiCondensed.png,205,อ,0.1077,,,,205,0.1077,205(อ):0.108 | 186(บ):0.097 | 161(ก):0.092,1
PrintAksorn_dataset/test/mdash_NotoSerifThai-ExtraCondensedExtraBold.png,186,บ,0.1252,,,,186,0.1252,186(บ):0.125 | 205(อ):0.101 | 161(ก):0.093,1
PrintAksorn_dataset/test/mdash_NotoSerifThai-ExtraCondensedLight.png,186,บ,0.1254,,,,186,0.1254,186(บ):0.125 | 205(อ):0.101 | 161(ก):0.093,1
PrintAksorn_dataset/test/mdash_NotoSerifThai-SemiCondensedExtraLight.png,205,อ,0.1077,,,,205,0.1077,205(อ):0.108 | 186(บ):0.097 | 161(ก):0.092,1
PrintAksorn_dataset/test/mdash_NotoSerifThai-SemiCondensedSemiBold.png,205,อ,0.1077,,,,205,0.1077,205(อ):0.108 | 186(บ):0.097 | 161(ก):0.092,1
PrintAksorn_dataset/test/mdash_Purisa-BoldOblique.png,235,๋,0.5298,,,,235,0.5298,235(๋):0.530 | 209(ั):0.043 | 212(ิ):0.039,1
PrintAksorn_dataset/test/mdash_TH-Sarabun-New-Bold.png,235,๋,0.2609,,,,235,0.2609,235(๋):0.261 | 209(ั):0.075 | 210(า):0.046,1
PrintAksorn_dataset/test/mdash_Taviraj-Light.png,235,๋,0.1069,,,,235,0.1069,235(๋):0.107 | 232(่):0.071 | 209(ั):0.059,1
PrintAksorn_dataset/test/mo_ma_JS-Pitsamai-Italic.png,193,ม,0.5521,193,ม,1,193,0.5521,193(ม):0.552 | 166(ฆ):0.180 | 172(ฌ):0.052,1
PrintAksorn_dataset/test/mo_ma_KaniGa-Regular.png,193,ม,0.4398,193,ม,1,193,0.4398,193(ม):0.440 | 186(บ):0.354 | 217(ู):0.014,1
PrintAksorn_dataset/test/mo_ma_Mitr-ExtraLight.png,186,บ,0.9118,193,ม,0,186,0.9118,186(บ):0.912 | 187(ป):0.029 | 203(ห):0.009,1
PrintAksorn_dataset/test/mo_ma_NotoSansThai-Thin.png,186,บ,0.7524,193,ม,0,186,0.7524,186(บ):0.752 | 187(ป):0.060 | 203(ห):0.038,1
PrintAksorn_dataset/test/mo_ma_NotoSerifThai-Light.png,193,ม,0.9226,193,ม,1,193,0.9226,193(ม):0.923 | 186(บ):0.003 | 190(พ):0.003,1
PrintAksorn_dataset/test/mo_ma_Purisa-Bold.png,193,ม,0.9544,193,ม,1,193,0.9544,193(ม):0.954 | 190(พ):0.005 | 188(ผ):0.004,1
PrintAksorn_dataset/test/mo_ma_TH-Baijam-Italic.png,193,ม,0.9263,193,ม,1,193,0.9263,193(ม):0.926 | 186(บ):0.005 | 190(พ):0.002,1
PrintAksorn_dataset/test/mo_ma_TH-Baijam-Regular.png,193,ม,0.9254,193,ม,1,193,0.9254,193(ม):0.925 | 186(บ):0.003 | 232(่):0.002,1
PrintAksorn_dataset/test/mo_ma_TlwgTypo-BoldOblique.png,193,ม,0.9363,193,ม,1,193,0.9363,193(ม):0.936 | 166(ฆ):0.006 | 174(ฎ):0.002,1
PrintAksorn_dataset/test/mo_ma_Trirong-Medium.png,193,ม,0.901,193,ม,1,193,0.901,193(ม):0.901 | 166(ฆ):0.004 | 215(ื):0.003,1
PrintAksorn_dataset/test/ndash_JS-Charnchai-Normal.png,235,๋,0.6703,,,,235,0.6703,235(๋):0.670 | 212(ิ):0.051 | 213(ี):0.027,1
PrintAksorn_dataset/test/ndash_Kanit-ExtraBold.png,186,บ,0.2926,,,,186,0.2926,186(บ):0.293 | 235(๋):0.142 | 212(ิ):0.088,1
PrintAksorn_dataset/test/ndash_NotoSansThai-CondensedExtraLight.png,205,อ,0.1123,,,,205,0.1123,205(อ):0.112 | 186(บ):0.104 | 161(ก):0.091,1
PrintAksorn_dataset/test/ndash_Sawasdee.png,235,๋,0.5056,,,,235,0.5056,235(๋):0.506 | 212(ิ):0.075 | 186(บ):0.071,1
PrintAksorn_dataset/test/ndash_Taviraj-ExtraBold.png,235,๋,0.585,,,,235,0.585,235(๋):0.585 | 212(ิ):0.047 | 213(ี):0.033,1
PrintAksorn_dataset/test/ngo_ngu_FonLeb-Italic.png,167,ง,0.9301,167,ง,1,167,0.9301,167(ง):0.930 | 168(จ):0.007 | 216(ุ):0.003,1
PrintAksorn_dataset/test/ngo_ngu_JS-Jindara-Bold.png,167,ง,0.9696,167,ง,1,167,0.9696,167(ง):0.970 | 168(จ):0.002 | 231(็):0.001,1
PrintAksorn_dataset/test/ngo_ngu_JS-Pranee-Italic.png,168,จ,0.4954,167,ง,0,168,0.4954,168(จ):0.495 | 167(ง):0.329 | 199(ว):0.023,1
PrintAksorn_dataset/test/ngo_ngu_Kanit-Bold.png,205,อ,0.4913,167,ง,0,205,0.4913,205(อ):0.491 | 169(ฉ):0.112 | 172(ฌ):0.031,1
PrintAksorn_dataset/test/ngo_ngu_NotoSansThai-CondensedBold.png,203,ห,0.2674,167,ง,0,203,0.2674,203(ห):0.267 | 205(อ):0.115 | 201(ษ):0.047,1
PrintAksorn_dataset/test/ngo_ngu_NotoSerifThai-ExtraCondensedExtraBold.png,167,ง,0.2015,167,ง,1,167,0.2015,167(ง):0.201 | 168(จ):0.080 | 205(อ):0.073,1
PrintAksorn_dataset/test/ngo_ngu_Pridi-Bold.png,205,อ,0.2324,167,ง,0,205,0.2324,205(อ):0.232 | 201(ษ):0.124 | 167(ง):0.102,1
PrintAksorn_dataset/test/ngo_ngu_Prompt-LightItalic.png,186,บ,0.4063,167,ง,0,186,0.4063,186(บ):0.406 | 201(ษ):0.052 | 217(ู):0.041,1
PrintAksorn_dataset/test/ngo_ngu_Prompt-Regular.png,186,บ,0.3227,167,ง,0,186,0.3227,186(บ):0.323 | 203(ห):0.126 | 205(อ):0.058,1
PrintAksorn_dataset/test/no_nen_FonLeb-Bold-Italic.png,179,ณ,0.6418,179,ณ,1,179,0.6418,179(ณ):0.642 | 173(ญ):0.056 | 172(ฌ):0.053,1
PrintAksorn_dataset/test/no_nen_Kanit-ExtraLight.png,172,ฌ,0.5358,179,ณ,0,172,0.5358,172(ฌ):0.536 | 179(ณ):0.164 | 173(ญ):0.085,1
PrintAksorn_dataset/test/no_nen_Maitree-Regular.png,179,ณ,0.673,179,ณ,1,179,0.673,179(ณ):0.673 | 173(ญ):0.067 | 172(ฌ):0.044,1
PrintAksorn_dataset/test/no_nen_Nakaracha-Regular.png,179,ณ,0.8975,179,ณ,1,179,0.8975,179(ณ):0.898 | 172(ฌ):0.003 | 171(ซ):0.002,1
PrintAksorn_dataset/test/no_nen_NotoSansThai-ExtraCondensedBlack.png,172,ฌ,0.6432,179,ณ,0,172,0.6432,172(ฌ):0.643 | 179(ณ):0.168 | 178(ฒ):0.027,1
PrintAksorn_dataset/test/no_nen_NotoSansThaiLooped-Bold.png,179,ณ,0.7855,179,ณ,1,179,0.7855,179(ณ):0.786 | 173(ญ):0.026 | 172(ฌ):0.023,1
PrintAksorn_dataset/test/no_nen_NotoSerifThai-CondensedLight.png,179,ณ,0.8773,179,ณ,1,179,0.8773,179(ณ):0.877 | 173(ญ):0.005 | 206(ฮ):0.003,1
PrintAksorn_dataset/test/no_nen_Pattaya-Regular.png,179,ณ,0.634,179,ณ,1,179,0.634,179(ณ):0.634 | 172(ฌ):0.026 | 173(ญ):0.025,1
PrintAksorn_dataset/test/no_nen_Prompt-SemiBold.png,172,ฌ,0.5668,179,ณ,0,172,0.5668,172(ฌ):0.567 | 179(ณ):0.156 | 178(ฒ):0.045,1
PrintAksorn_dataset/test/no_nen_Sarabun-Thin.png,179,ณ,0.7734,179,ณ,1,179,0.7734,179(ณ):0.773 | 173(ญ):0.025 | 172(ฌ):0.019,1
PrintAksorn_dataset/test/no_nen_Sawasdee-BoldOblique.png,179,ณ,0.5125,179,ณ,1,179,0.5125,179(ณ):0.512 | 172(ฌ):0.257 | 173(ญ):0.057,1
PrintAksorn_dataset/test/no_nen_TH-Sarabun-New-Bold.png,179,ณ,0.637,179,ณ,1,179,0.637,179(ณ):0.637 | 172(ฌ):0.081 | 173(ญ):0.035,1
PrintAksorn_dataset/test/no_nen_Waree-Oblique.png,179,ณ,0.7303,179,ณ,1,179,0.7303,179(ณ):0.730 | 173(ญ):0.055 | 172(ฌ):0.046,1
PrintAksorn_dataset/test/no_nu_Ayuthaya.png,185,น,0.9117,185,น,1,185,0.9117,185(น):0.912 | 186(บ):0.005 | 224(เ):0.003,1
PrintAksorn_dataset/test/no_nu_DC-Palamongkol-Bold.png,185,น,0.4469,185,น,1,185,0.4469,185(น):0.447 | 190(พ):0.033 | 203(ห):0.025,1
PrintAksorn_dataset/test/no_nu_JS-Chulee.png,185,น,0.6031,185,น,1,185,0.6031,185(น):0.603 | 190(พ):0.083 | 188(ผ):0.039,1
PrintAksorn_dataset/test/no_nu_JS-Jukaphan.png,185,น,0.9503,185,น,1,185,0.9503,185(น):0.950 | 186(บ):0.003 | 169(ฉ):0.001,1
PrintAksorn_dataset/test/no_nu_JS-Mookravee-Normal.png,185,น,0.9064,185,น,1,185,0.9064,185(น):0.906 | 186(บ):0.016 | 224(เ):0.004,1
PrintAksorn_dataset/test/no_nu_JS-Pisit-Italic.png,185,น,0.8807,185,น,1,185,0.8807,185(น):0.881 | 186(บ):0.006 | 203(ห):0.005,1
PrintAksorn_dataset/test/no_nu_JS-Prapakorn-Normal.png,203,ห,0.4973,185,น,0,203,0.4973,203(ห):0.497 | 225(แ):0.155 | 185(น):0.089,1
PrintAksorn_dataset/test/no_nu_JS-Wansika-Italic.png,185,น,0.6625,185,น,1,185,0.6625,185(น):0.663 | 203(ห):0.045 | 204(ฬ):0.017,1
PrintAksorn_dataset/test/no_nu_Mitr-Regular.png,186,บ,0.3062,185,น,0,186,0.3062,186(บ):0.306 | 203(ห):0.242 | 187(ป):0.088,1
PrintAksorn_dataset/test/no_nu_Nakaracha-Regular.png,185,น,0.9049,185,น,1,185,0.9049,185(น):0.905 | 186(บ):0.004 | 177(ฑ):0.002,1
PrintAksorn_dataset/test/no_nu_NotoSansThai-SemiCondensed.png,203,ห,0.3629,185,น,0,203,0.3629,203(ห):0.363 | 186(บ):0.198 | 187(ป):0.117,1
PrintAksorn_dataset/test/no_nu_PSK-SmartBI.png,185,น,0.7963,185,น,1,185,0.7963,185(น):0.796 | 203(ห):0.039 | 179(ณ):0.008,1
PrintAksorn_dataset/test/no_nu_Prompt-ThinItalic.png,203,ห,0.4165,185,น,0,203,0.4165,203(ห):0.417 | 186(บ):0.372 | 187(ป):0.074,1
PrintAksorn_dataset/test/no_nu_TH-Kodchasal-Bold.png,185,น,0.5572,185,น,1,185,0.5572,185(น):0.557 | 203(ห):0.077 | 201(ษ):0.062,1
PrintAksorn_dataset/test/no_nu_TlwgMono.png,185,น,0.9187,185,น,1,185,0.9187,185(น):0.919 | 186(บ):0.002 | 231(็):0.002,1
PrintAksorn_dataset/test/o_ang_CmPrasanmit-Italic.png,205,อ,0.9623,205,อ,1,205,0.9623,205(อ):0.962 | 206(ฮ):0.001 | 212(ิ):0.001,1
PrintAksorn_dataset/test/o_ang_JS-Jukaphan.png,205,อ,0.9217,205,อ,1,205,0.9217,205(อ):0.922 | 212(ิ):0.003 | 169(ฉ):0.003,1
PrintAksorn_dataset/test/o_ang_JS-Padachamai-Normal.png,205,อ,0.9502,205,อ,1,205,0.9502,205(อ):0.950 | 206(ฮ):0.002 | 169(ฉ):0.002,1
PrintAksorn_dataset/test/o_ang_JS-Saksit-Bold-Italic.png,205,อ,0.921,205,อ,1,205,0.921,205(อ):0.921 | 164(ค):0.002 | 206(ฮ):0.002,1
PrintAksorn_dataset/test/o_ang_JS-Thanaporn-Normal.png,205,อ,0.8366,205,อ,1,205,0.8366,205(อ):0.837 | 206(ฮ):0.018 | 194(ย):0.015,1
PrintAksorn_dataset/test/o_ang_Kanit-BlackItalic.png,205,อ,0.9266,205,อ,1,205,0.9266,205(อ):0.927 | 169(ฉ):0.005 | 172(ฌ):0.004,1
PrintAksorn_dataset/test/o_ang_Kanit-ExtraLightItalic.png,205,อ,0.8814,205,อ,1,205,0.8814,205(อ):0.881 | 194(ย):0.007 | 212(ิ):0.006,1
PrintAksorn_dataset/test/o_ang_NotoSansThai-CondensedLight.png,205,อ,0.9115,205,อ,1,205,0.9115,205(อ):0.911 | 206(ฮ):0.004 | 194(ย):0.004,1
PrintAksorn_dataset/test/o_ang_NotoSansThaiLooped-Thin.png,205,อ,0.9053,205,อ,1,205,0.9053,205(อ):0.905 | 206(ฮ):0.006 | 169(ฉ):0.004,1
PrintAksorn_dataset/test/o_ang_NotoSerifThai-CondensedExtraLight.png,205,อ,0.8435,205,อ,1,205,0.8435,205(อ):0.843 | 206(ฮ):0.011 | 194(ย):0.006,1
PrintAksorn_dataset/test/o_ang_NotoSerifThai-ExtraCondensedMedium.png,205,อ,0.9099,205,อ,1,205,0.9099,205(อ):0.910 | 206(ฮ):0.005 | 212(ิ):0.003,1
PrintAksorn_dataset/test/o_ang_Prompt-ThinItalic.png,205,อ,0.8268,205,อ,1,205,0.8268,205(อ):0.827 | 194(ย):0.020 | 206(ฮ):0.017,1
PrintAksorn_dataset/test/o_ang_Sarabun-ExtraBoldItalic.png,205,อ,0.9387,205,อ,1,205,0.9387,205(อ):0.939 | 206(ฮ):0.003 | 212(ิ):0.002,1
PrintAksorn_dataset/test/o_ang_Sawasdee-Bold.png,205,อ,0.9008,205,อ,1,205,0.9008,205(อ):0.901 | 194(ย):0.011 | 167(ง):0.007,1
PrintAksorn_dataset/test/o_ang_TH-Krub-Regular.png,205,อ,0.8952,205,อ,1,205,0.8952,205(อ):0.895 | 206(ฮ):0.005 | 194(ย):0.003,1
PrintAksorn_dataset/test/o_ang_TH-Srisakdi-Bold.png,205,อ,0.9581,205,อ,1,205,0.9581,205(อ):0.958 | 164(ค):0.004 | 206(ฮ):0.002,1
PrintAksorn_dataset/test/o_ang_TH-Srisakdi-Regular.png,205,อ,0.9387,205,อ,1,205,0.9387,205(อ):0.939 | 164(ค):0.005 | 206(ฮ):0.002,1
PrintAksorn_dataset/test/o_ang_Trirong-ThinItalic.png,205,อ,0.9364,205,อ,1,205,0.9364,205(อ):0.936 | 206(ฮ):0.003 | 169(ฉ):0.003,1
PrintAksorn_dataset/test/o_ang_Umpush-LightOblique.png,205,อ,0.9376,205,อ,1,205,0.9376,205(อ):0.938 | 169(ฉ):0.004 | 164(ค):0.003,1
PrintAksorn_dataset/test/paiyannoi_CmPrasanmit-Italic.png,207,ฯ,0.9119,207,ฯ,1,207,0.9119,207(ฯ):0.912 | 209(ั):0.008 | 205(อ):0.005,1
PrintAksorn_dataset/test/paiyannoi_Prompt-BoldItalic.png,207,ฯ,0.7539,207,ฯ,1,207,0.7539,207(ฯ):0.754 | 194(ย):0.034 | 162(ข):0.024,1
PrintAksorn_dataset/test/paiyannoi_TH-Fahkwang-Bold-Italic.png,207,ฯ,0.8871,207,ฯ,1,207,0.8871,207(ฯ):0.887 | 198(ฦ):0.005 | 186(บ):0.004,1
PrintAksorn_dataset/test/paiyannoi_Waree-Bold.png,207,ฯ,0.9669,207,ฯ,1,207,0.9669,207(ฯ):0.967 | 194(ย):0.001 | 181(ต):0.001,1
PrintAksorn_dataset/test/pho_phan_ChulaNarak-Italic.png,190,พ,0.8347,190,พ,1,190,0.8347,190(พ):0.835 | 191(ฟ):0.037 | 188(ผ):0.015,1
PrintAksorn_dataset/test/pho_phan_Kinnari.png,190,พ,0.886,190,พ,1,190,0.886,190(พ):0.886 | 188(ผ):0.016 | 191(ฟ):0.015,1
PrintAksorn_dataset/test/pho_phan_NotoSansThai-ExtraCondensedBlack.png,190,พ,0.3033,190,พ,1,190,0.3033,190(พ):0.303 | 225(แ):0.131 | 191(ฟ):0.084,1
PrintAksorn_dataset/test/pho_phan_NotoSerifThai-CondensedMedium.png,190,พ,0.8549,190,พ,1,190,0.8549,190(พ):0.855 | 191(ฟ):0.028 | 188(ผ):0.018,1
PrintAksorn_dataset/test/pho_phan_Sriracha-Regular.png,188,ผ,0.2015,190,พ,0,188,0.2015,188(ผ):0.202 | 190(พ):0.167 | 189(ฝ):0.061,1
PrintAksorn_dataset/test/pho_phan_Waree-Bold.png,190,พ,0.7936,190,พ,1,190,0.7936,190(พ):0.794 | 191(ฟ):0.041 | 188(ผ):0.009,1
PrintAksorn_dataset/test/pho_phueng_Itim-Regular.png,188,ผ,0.828,188,ผ,1,188,0.828,188(ผ):0.828 | 189(ฝ):0.018 | 205(อ):0.006,1
PrintAksorn_dataset/test/pho_phueng_JS-Jindara-Bold-Italic.png,188,ผ,0.804,188,ผ,1,188,0.804,188(ผ):0.804 | 189(ฝ):0.054 | 162(ข):0.003,1
PrintAksorn_dataset/test/pho_phueng_NotoSerifThai-SemiCondensed.png,188,ผ,0.8392,188,ผ,1,188,0.8392,188(ผ):0.839 | 189(ฝ):0.019 | 165(ฅ):0.004,1
PrintAksorn_dataset/test/pho_samphao_JS-Giat-Bold.png,192,ภ,0.8367,192,ภ,1,192,0.8367,192(ภ):0.837 | 198(ฦ):0.044 | 179(ณ):0.008,1
PrintAksorn_dataset/test/pho_samphao_JS-Rapee-Normal.png,192,ภ,0.6424,192,ภ,1,192,0.6424,192(ภ):0.642 | 182(ถ):0.059 | 198(ฦ):0.021,1
PrintAksorn_dataset/test/pho_samphao_Kanit-BoldItalic.png,192,ภ,0.2506,192,ภ,1,192,0.2506,192(ภ):0.251 | 169(ฉ):0.081 | 164(ค):0.075,1
PrintAksorn_dataset/test/pho_samphao_Kanit-LightItalic.png,161,ก,0.8451,192,ภ,0,161,0.8451,161(ก):0.845 | 192(ภ):0.027 | 182(ถ):0.025,1
PrintAksorn_dataset/test/pho_samphao_Sarabun-ThinItalic.png,192,ภ,0.6239,192,ภ,1,192,0.6239,192(ภ):0.624 | 182(ถ):0.072 | 198(ฦ):0.040,1
PrintAksorn_dataset/test/pho_samphao_TH-Mali-Grade6-Regular.png,192,ภ,0.8017,192,ภ,1,192,0.8017,192(ภ):0.802 | 198(ฦ):0.046 | 195(ร):0.008,1
PrintAksorn_dataset/test/pho_samphao_Taviraj-Thin.png,192,ภ,0.6892,192,ภ,1,192,0.6892,192(ภ):0.689 | 198(ฦ):0.061 | 182(ถ):0.024,1
PrintAksorn_dataset/test/po_pla_Aksaramatee-Bold.png,187,ป,0.785,187,ป,1,187,0.785,187(ป):0.785 | 186(บ):0.085 | 217(ู):0.038,1
PrintAksorn_dataset/test/po_pla_Itim-Regular.png,186,บ,0.5793,187,ป,0,186,0.5793,186(บ):0.579 | 187(ป):0.199 | 217(ู):0.102,1
PrintAksorn_dataset/test/po_pla_JS-Arisa.png,187,ป,0.645,187,ป,1,187,0.645,187(ป):0.645 | 186(บ):0.116 | 217(ู):0.022,1
PrintAksorn_dataset/test/po_pla_JS-Obsaward-Italic.png,187,ป,0.8147,187,ป,1,187,0.8147,187(ป):0.815 | 191(ฟ):0.032 | 186(บ):0.015,1
PrintAksorn_dataset/test/po_pla_JS-Prapakorn-Normal.png,186,บ,0.8087,187,ป,0,186,0.8087,186(บ):0.809 | 187(ป):0.083 | 217(ู):0.038,1
PrintAksorn_dataset/test/po_pla_JS-Puriphop-Normal.png,187,ป,0.4427,187,ป,1,187,0.4427,187(ป):0.443 | 186(บ):0.147 | 217(ู):0.030,1
PrintAksorn_dataset/test/po_pla_JS-Saksit-Bold-Italic.png,187,ป,0.8714,187,ป,1,187,0.8714,187(ป):0.871 | 186(บ):0.028 | 217(ู):0.007,1
PrintAksorn_dataset/test/po_pla_KaniGa-Regular.png,187,ป,0.7142,187,ป,1,187,0.7142,187(ป):0.714 | 186(บ):0.052 | 217(ู):0.018,1
PrintAksorn_dataset/test/po_pla_NotoSansThaiLooped-ExtraBold.png,186,บ,0.3982,187,ป,0,186,0.3982,186(บ):0.398 | 187(ป):0.320 | 217(ู):0.113,1
PrintAksorn_dataset/test/po_pla_Sarabun-Italic.png,187,ป,0.474,187,ป,1,187,0.474,187(ป):0.474 | 186(บ):0.283 | 217(ู):0.078,1
PrintAksorn_dataset/test/po_pla_TH-Sarabun-New-Regular.png,187,ป,0.404,187,ป,1,187,0.404,187(ป):0.404 | 186(บ):0.386 | 217(ู):0.041,1
PrintAksorn_dataset/test/po_pla_TlwgTypo.png,186,บ,0.3993,187,ป,0,186,0.3993,186(บ):0.399 | 187(ป):0.320 | 217(ู):0.038,1
PrintAksorn_dataset/test/question_Himmaparnt-Bold-Italic.png,227,ใ,0.171,,,,227,0.171,227(ใ):0.171 | 226(โ):0.091 | 199(ว):0.083,1
PrintAksorn_dataset/test/question_Kanit-Black.png,199,ว,0.2405,,,,199,0.2405,199(ว):0.241 | 197(ล):0.111 | 206(ฮ):0.097,1
PrintAksorn_dataset/test/question_Norasi-Italic.png,227,ใ,0.3774,,,,227,0.3774,227(ใ):0.377 | 199(ว):0.074 | 174(ฎ):0.053,1
PrintAksorn_dataset/test/question_NotoSerifThai-SemiCondensedBlack.png,186,บ,0.1252,,,,186,0.1252,186(บ):0.125 | 205(อ):0.101 | 161(ก):0.093,1
PrintAksorn_dataset/test/question_SR-FahMai-Italic.png,227,ใ,0.1107,,,,227,0.1107,227(ใ):0.111 | 199(ว):0.079 | 226(โ):0.059,1
PrintAksorn_dataset/test/question_TH-Baijam-Italic.png,226,โ,0.2809,,,,226,0.2809,226(โ):0.281 | 197(ล):0.159 | 236(์):0.066,1
PrintAksorn_dataset/test/question_Umpush-Bold.png,199,ว,0.2856,,,,199,0.2856,199(ว):0.286 | 227(ใ):0.139 | 236(์):0.068,1
PrintAksorn_dataset/test/quote_CmPrasanmit-Italic.png,225,แ,0.919,,,,225,0.919,225(แ):0.919 | 161(ก):0.013 | 162(ข):0.008,1
PrintAksorn_dataset/test/quote_JS-Junkaew-Italic.png,225,แ,0.8864,,,,225,0.8864,225(แ):0.886 | 161(ก):0.018 | 162(ข):0.010,1
PrintAksorn_dataset/test/quote_JS-Sadayu-Allcaps.png,225,แ,0.6308,,,,225,0.6308,225(แ):0.631 | 161(ก):0.044 | 187(ป):0.039,1
PrintAksorn_dataset/test/quote_KaniGa-Italic.png,225,แ,0.8865,,,,225,0.8865,225(แ):0.886 | 203(ห):0.017 | 161(ก):0.014,1
PrintAksorn_dataset/test/quote_Laksaman-Italic.png,225,แ,0.7969,,,,225,0.7969,225(แ):0.797 | 161(ก):0.035 | 187(ป):0.018,1
PrintAksorn_dataset/test/quote_Maitree-Regular.png,225,แ,0.7531,,,,225,0.7531,225(แ):0.753 | 161(ก):0.045 | 187(ป):0.026,1
PrintAksorn_dataset/test/quote_NotoSansThai-SemiCondensedMedium.png,205,อ,0.1077,,,,205,0.1077,205(อ):0.108 | 186(บ):0.097 | 161(ก):0.092,1
PrintAksorn_dataset/test/quote_NotoSansThaiLooped-Regular.png,225,แ,0.6314,,,,225,0.6314,225(แ):0.631 | 161(ก):0.076 | 187(ป):0.042,1
PrintAksorn_dataset/test/quote_NotoSerifThai-ExtraCondensed.png,186,บ,0.1252,,,,186,0.1252,186(บ):0.125 | 205(อ):0.101 | 161(ก):0.093,1
PrintAksorn_dataset/test/quote_PSK-Smart-Regular.png,225,แ,0.8215,,,,225,0.8215,225(แ):0.821 | 203(ห):0.043 | 162(ข):0.024,1
PrintAksorn_dataset/test/quote_Pridi-ExtraLight.png,225,แ,0.7456,,,,225,0.7456,225(แ):0.746 | 161(ก):0.037 | 162(ข):0.021,1
PrintAksorn_dataset/test/quote_TH-Krub-Bold.png,225,แ,0.3665,,,,225,0.3665,225(แ):0.367 | 186(บ):0.107 | 187(ป):0.076,1
PrintAksorn_dataset/test/quote_TlwgTypo-Bold.png,225,แ,0.729,,,,225,0.729,225(แ):0.729 | 190(พ):0.025 | 161(ก):0.023,1
PrintAksorn_dataset/test/quote_Umpush-Bold.png,225,แ,0.5472,,,,225,0.5472,225(แ):0.547 | 164(ค):0.032 | 201(ษ):0.030,1
PrintAksorn_dataset/test/rbrace_Athiti-Light.png,226,โ,0.3701,,,,226,0.3701,226(โ):0.370 | 176(ฐ):0.271 | 184(ธ):0.035,1
PrintAksorn_dataset/test/rbrace_FonLeb-Bold-Italic.png,176,ฐ,0.3081,,,,176,0.3081,176(ฐ):0.308 | 226(โ):0.126 | 199(ว):0.091,1
PrintAksorn_dataset/test/rbrace_Himmaparnt-Bold-Italic.png,226,โ,0.3237,,,,226,0.3237,226(โ):0.324 | 176(ฐ):0.104 | 195(ร):0.069,1
PrintAksorn_dataset/test/rbrace_Himmaparnt-Italic.png,226,โ,0.3132,,,,226,0.3132,226(โ):0.313 | 176(ฐ):0.136 | 184(ธ):0.053,1
PrintAksorn_dataset/test/rbrace_Prompt-LightItalic.png,226,โ,0.3681,,,,226,0.3681,226(โ):0.368 | 176(ฐ):0.086 | 235(๋):0.043,1
PrintAksorn_dataset/test/rbrace_Sarabun-Light.png,226,โ,0.4663,,,,226,0.4663,226(โ):0.466 | 176(ฐ):0.069 | 210(า):0.060,1
PrintAksorn_dataset/test/rbrace_Silom.png,226,โ,0.3744,,,,226,0.3744,226(โ):0.374 | 176(ฐ):0.112 | 227(ใ):0.069,1
PrintAksorn_dataset/test/rbrace_Taviraj-Thin.png,176,ฐ,0.4202,,,,176,0.4202,176(ฐ):0.420 | 226(โ):0.210 | 184(ธ):0.064,1
PrintAksorn_dataset/test/rbrace_Taviraj-ThinItalic.png,226,โ,0.5818,,,,226,0.5818,226(โ):0.582 | 176(ฐ):0.103 | 184(ธ):0.024,1
PrintAksorn_dataset/test/rbrace_TlwgMono-Oblique.png,226,โ,0.538,,,,226,0.538,226(โ):0.538 | 176(ฐ):0.089 | 210(า):0.034,1
PrintAksorn_dataset/test/rbracket_ChulaNarak-Italic.png,210,า,0.3832,,,,210,0.3832,210(า):0.383 | 199(ว):0.226 | 232(่):0.094,1
PrintAksorn_dataset/test/rbracket_JS-75-Pumpuang.png,210,า,0.2037,,,,210,0.2037,210(า):0.204 | 232(่):0.104 | 187(ป):0.103,1
PrintAksorn_dataset/test/rbracket_JS-Pisit-Normal.png,167,ง,0.1904,,,,167,0.1904,167(ง):0.190 | 199(ว):0.131 | 226(โ):0.083,1
PrintAksorn_dataset/test/rbracket_NotoSansThai-SemiCondensedMedium.png,205,อ,0.1077,,,,205,0.1077,205(อ):0.108 | 186(บ):0.097 | 161(ก):0.092,1
PrintAksorn_dataset/test/rbracket_PSK-SmartItaic.png,210,า,0.5039,,,,210,0.5039,210(า):0.504 | 232(่):0.077 | 226(โ):0.037,1
PrintAksorn_dataset/test/rbracket_TH-K2D-July8-Bold-Italic.png,167,ง,0.3342,,,,167,0.3342,167(ง):0.334 | 210(า):0.062 | 226(โ):0.059,1
PrintAksorn_dataset/test/rbracket_Taviraj-Light.png,210,า,0.1716,,,,210,0.1716,210(า):0.172 | 167(ง):0.120 | 187(ป):0.063,1
PrintAksorn_dataset/test/rbracket_Taviraj-Medium.png,167,ง,0.2228,,,,167,0.2228,167(ง):0.223 | 187(ป):0.220 | 199(ว):0.047,1
PrintAksorn_dataset/test/rbracket_TlwgTypo-Oblique.png,210,า,0.229,,,,210,0.229,210(า):0.229 | 167(ง):0.174 | 226(โ):0.154,1
PrintAksorn_dataset/test/rbracket_Trirong-LightItalic.png,210,า,0.3345,,,,210,0.3345,210(า):0.334 | 167(ง):0.093 | 187(ป):0.048,1
PrintAksorn_dataset/test/rbracket_Umpush-Light.png,210,า,0.1953,,,,210,0.1953,210(า):0.195 | 167(ง):0.147 | 226(โ):0.105,1
PrintAksorn_dataset/test/ro_ruea_JS-Chodok-Bold.png,195,ร,0.9301,195,ร,1,195,0.9301,195(ร):0.930 | 184(ธ):0.002 | 226(โ):0.002,1
PrintAksorn_dataset/test/ro_ruea_JS-Korakhot-Normal.png,195,ร,0.9381,195,ร,1,195,0.9381,195(ร):0.938 | 184(ธ):0.004 | 197(ล):0.003,1
PrintAksorn_dataset/test/ro_ruea_JS-Rapee-Italic.png,195,ร,0.8921,195,ร,1,195,0.8921,195(ร):0.892 | 226(โ):0.007 | 187(ป):0.003,1
PrintAksorn_dataset/test/ro_ruea_JS-Saowapark-Italic.png,195,ร,0.9468,195,ร,1,195,0.9468,195(ร):0.947 | 226(โ):0.003 | 199(ว):0.002,1
PrintAksorn_dataset/test/ro_ruea_Kanit-Black.png,184,ธ,0.176,195,ร,0,184,0.176,184(ธ):0.176 | 201(ษ):0.051 | 205(อ):0.044,1
PrintAksorn_dataset/test/ro_ruea_Mitr-Regular.png,167,ง,0.2349,195,ร,0,167,0.2349,167(ง):0.235 | 208(ะ):0.085 | 197(ล):0.081,1
PrintAksorn_dataset/test/ro_ruea_NotoSerifThai-CondensedMedium.png,195,ร,0.9023,195,ร,1,195,0.9023,195(ร):0.902 | 226(โ):0.006 | 185(น):0.002,1
PrintAksorn_dataset/test/ro_ruea_NotoSerifThai-ExtraLight.png,195,ร,0.9339,195,ร,1,195,0.9339,195(ร):0.934 | 199(ว):0.003 | 226(โ):0.003,1
PrintAksorn_dataset/test/ro_ruea_Prompt-ExtraLight.png,167,ง,0.4149,195,ร,0,167,0.4149,167(ง):0.415 | 208(ะ):0.078 | 184(ธ):0.069,1
PrintAksorn_dataset/test/ro_ruea_Sarabun-Bold.png,195,ร,0.9287,195,ร,1,195,0.9287,195(ร):0.929 | 184(ธ):0.002 | 226(โ):0.002,1
PrintAksorn_dataset/test/ro_ruea_TH-Mali-Grade6-Regular.png,195,ร,0.9764,195,ร,1,195,0.9764,195(ร):0.976 | 226(โ):0.002 | 199(ว):0.001,1
PrintAksorn_dataset/test/ro_ruea_Taviraj-LightItalic.png,195,ร,0.9591,195,ร,1,195,0.9591,195(ร):0.959 | 226(โ):0.003 | 199(ว):0.001,1
PrintAksorn_dataset/test/ro_ruea_TlwgTypo-Oblique.png,195,ร,0.9392,195,ร,1,195,0.9392,195(ร):0.939 | 226(โ):0.003 | 172(ฌ):0.002,1
PrintAksorn_dataset/test/ro_ruea_Umpush-BoldOblique.png,195,ร,0.9217,195,ร,1,195,0.9217,195(ร):0.922 | 197(ล):0.009 | 206(ฮ):0.006,1
PrintAksorn_dataset/test/rparen_CmPrasanmit-Italic.png,232,่,0.3134,,,,232,0.3134,232(่):0.313 | 210(า):0.069 | 187(ป):0.067,1
PrintAksorn_dataset/test/rparen_JS-Jindara-Normal.png,232,่,0.1586,,,,232,0.1586,232(่):0.159 | 199(ว):0.152 | 210(า):0.132,1
PrintAksorn_dataset/test/rparen_Kanit-ExtraBoldItalic.png,205,อ,0.277,,,,205,0.277,205(อ):0.277 | 233(้):0.158 | 203(ห):0.060,1
PrintAksorn_dataset/test/rparen_Kinnari-Bold.png,167,ง,0.3325,,,,167,0.3325,167(ง):0.332 | 199(ว):0.150 | 226(โ):0.044,1
PrintAksorn_dataset/test/rparen_Nakaracha-Regular.png,199,ว,0.2336,,,,199,0.2336,199(ว):0.234 | 232(่):0.183 | 167(ง):0.105,1
PrintAksorn_dataset/test/rparen_NotoSansThai-ExtraBold.png,205,อ,0.1075,,,,205,0.1075,205(อ):0.108 | 186(บ):0.102 | 161(ก):0.093,1
PrintAksorn_dataset/test/rparen_NotoSerifThai-CondensedExtraBold.png,186,บ,0.1209,,,,186,0.1209,186(บ):0.121 | 205(อ):0.105 | 161(ก):0.094,1
PrintAksorn_dataset/test/rparen_NotoSerifThai-SemiCondensedThin.png,205,อ,0.1077,,,,205,0.1077,205(อ):0.108 | 186(บ):0.097 | 161(ก):0.092,1
PrintAksorn_dataset/test/rparen_NotoSerifThai-Thin.png,186,บ,0.1261,,,,186,0.1261,186(บ):0.126 | 205(อ):0.100 | 161(ก):0.094,1
PrintAksorn_dataset/test/rparen_Prompt-BoldItalic.png,167,ง,0.1937,,,,167,0.1937,167(ง):0.194 | 233(้):0.161 | 205(อ):0.092,1
PrintAksorn_dataset/test/rparen_Prompt-SemiBold.png,167,ง,0.4115,,,,167,0.4115,167(ง):0.411 | 199(ว):0.101 | 233(้):0.070,1
PrintAksorn_dataset/test/rparen_Sarabun-ExtraLight.png,199,ว,0.2797,,,,199,0.2797,199(ว):0.280 | 210(า):0.148 | 167(ง):0.077,1
PrintAksorn_dataset/test/rparen_Sarabun-Thin.png,199,ว,0.1723,,,,199,0.1723,199(ว):0.172 | 210(า):0.142 | 226(โ):0.091,1
PrintAksorn_dataset/test/rparen_TH-Kodchasal-Bold-Italic.png,232,่,0.5794,,,,232,0.5794,232(่):0.579 | 210(า):0.068 | 187(ป):0.032,1
PrintAksorn_dataset/test/rparen_TH-Krub-Bold.png,199,ว,0.391,,,,199,0.391,199(ว):0.391 | 167(ง):0.161 | 210(า):0.073,1
PrintAksorn_dataset/test/rparen_Taviraj-ExtraBoldItalic.png,167,ง,0.2207,,,,167,0.2207,167(ง):0.221 | 233(้):0.082 | 199(ว):0.079,1
PrintAksorn_dataset/test/sara_a_ChulaNarak-Bold-Italic.png,208,ะ,0.8973,208,ะ,1,208,0.8973,208(ะ):0.897 | 209(ั):0.005 | 225(แ):0.004,1
PrintAksorn_dataset/test/sara_a_JS-Pisit-Normal.png,208,ะ,0.9132,208,ะ,1,208,0.9132,208(ะ):0.913 | 225(แ):0.006 | 209(ั):0.002,1
PrintAksorn_dataset/test/sara_a_JS-Sadayu-Bold-Italic.png,208,ะ,0.9079,208,ะ,1,208,0.9079,208(ะ):0.908 | 225(แ):0.004 | 193(ม):0.003,1
PrintAksorn_dataset/test/sara_a_Kanit-Light.png,208,ะ,0.8388,208,ะ,1,208,0.8388,208(ะ):0.839 | 184(ธ):0.045 | 167(ง):0.021,1
PrintAksorn_dataset/test/sara_a_NotoSansThai-SemiCondensed.png,208,ะ,0.8961,208,ะ,1,208,0.8961,208(ะ):0.896 | 167(ง):0.009 | 184(ธ):0.009,1
PrintAksorn_dataset/test/sara_a_NotoSerifThai-CondensedExtraBold.png,208,ะ,0.5544,208,ะ,1,208,0.5544,208(ะ):0.554 | 225(แ):0.035 | 206(ฮ):0.018,1
PrintAksorn_dataset/test/sara_a_NotoSerifThai-ExtraBold.png,208,ะ,0.6429,208,ะ,1,208,0.6429,208(ะ):0.643 | 225(แ):0.028 | 193(ม):0.014,1
PrintAksorn_dataset/test/sara_a_NotoSerifThai-Regular.png,208,ะ,0.817,208,ะ,1,208,0.817,208(ะ):0.817 | 225(แ):0.013 | 206(ฮ):0.005,1
PrintAksorn_dataset/test/sara_a_Pridi-SemiBold.png,208,ะ,0.8244,208,ะ,1,208,0.8244,208(ะ):0.824 | 193(ม):0.009 | 225(แ):0.006,1
PrintAksorn_dataset/test/sara_a_Prompt-Black.png,208,ะ,0.789,208,ะ,1,208,0.789,208(ะ):0.789 | 184(ธ):0.026 | 225(แ):0.012,1
PrintAksorn_dataset/test/sara_a_TH-Baijam-Bold-Italic.png,208,ะ,0.8621,208,ะ,1,208,0.8621,208(ะ):0.862 | 209(ั):0.007 | 233(้):0.005,1
PrintAksorn_dataset/test/sara_a_TH-Sarabun-New-Bold.png,208,ะ,0.8497,208,ะ,1,208,0.8497,208(ะ):0.850 | 225(แ):0.006 | 193(ม):0.006,1
PrintAksorn_dataset/test/sara_a_TH-Srisakdi-Regular.png,208,ะ,0.9076,208,ะ,1,208,0.9076,208(ะ):0.908 | 225(แ):0.004 | 206(ฮ):0.003,1
PrintAksorn_dataset/test/sara_a_Taviraj-ThinItalic.png,208,ะ,0.8771,208,ะ,1,208,0.8771,208(ะ):0.877 | 225(แ):0.005 | 206(ฮ):0.004,1
PrintAksorn_dataset/test/sara_a_TlwgTypist-BoldOblique.png,208,ะ,0.8087,208,ะ,1,208,0.8087,208(ะ):0.809 | 206(ฮ):0.023 | 193(ม):0.009,1
PrintAksorn_dataset/test/sara_a_Trirong-SemiBold.png,208,ะ,0.7723,208,ะ,1,208,0.7723,208(ะ):0.772 | 225(แ):0.011 | 193(ม):0.008,1
PrintAksorn_dataset/test/sara_a_Umpush-BoldOblique.png,208,ะ,0.8742,208,ะ,1,208,0.8742,208(ะ):0.874 | 206(ฮ):0.007 | 209(ั):0.005,1
PrintAksorn_dataset/test/sara_a_Waree-Oblique.png,208,ะ,0.9077,208,ะ,1,208,0.9077,208(ะ):0.908 | 209(ั):0.004 | 225(แ):0.003,1
PrintAksorn_dataset/test/sara_aa_KaniGa-Italic.png,210,า,0.8968,210,า,1,210,0.8968,210(า):0.897 | 199(ว):0.006 | 207(ฯ):0.005,1
PrintAksorn_dataset/test/sara_aa_NotoSansThai-SemiCondensedLight.png,210,า,0.9003,210,า,1,210,0.9003,210(า):0.900 | 232(่):0.004 | 216(ุ):0.004,1
PrintAksorn_dataset/test/sara_aa_NotoSansThaiUI-Regular.png,210,า,0.8031,210,า,1,210,0.8031,210(า):0.803 | 216(ุ):0.015 | 161(ก):0.011,1
PrintAksorn_dataset/test/sara_aa_Prompt-BlackItalic.png,199,ว,0.1872,210,า,0,199,0.1872,199(ว):0.187 | 184(ธ):0.168 | 168(จ):0.103,1
PrintAksorn_dataset/test/sara_aa_Prompt-ExtraBoldItalic.png,168,จ,0.1666,210,า,0,168,0.1666,168(จ):0.167 | 199(ว):0.151 | 184(ธ):0.146,1
PrintAksorn_dataset/test/sara_aa_Prompt-Italic.png,210,า,0.8349,210,า,1,210,0.8349,210(า):0.835 | 161(ก):0.013 | 199(ว):0.010,1
PrintAksorn_dataset/test/sara_aa_TH-Charmonman-Regular.png,210,า,0.9184,210,า,1,210,0.9184,210(า):0.918 | 199(ว):0.006 | 207(ฯ):0.005,1
PrintAksorn_dataset/test/sara_aa_TH-Kodchasal-Bold.png,210,า,0.6346,210,า,1,210,0.6346,210(า):0.635 | 199(ว):0.029 | 212(ิ):0.028,1
PrintAksorn_dataset/test/sara_aa_Taviraj-ExtraBoldItalic.png,210,า,0.2821,210,า,1,210,0.2821,210(า):0.282 | 199(ว):0.158 | 168(จ):0.052,1
PrintAksorn_dataset/test/sara_ae_CmPrasanmit-Regular.png,225,แ,0.9092,225,แ,1,225,0.9092,225(แ):0.909 | 224(เ):0.003 | 215(ื):0.002,1
PrintAksorn_dataset/test/sara_ae_JS-Junkaew-Italic.png,225,แ,0.9058,225,แ,1,225,0.9058,225(แ):0.906 | 224(เ):0.004 | 215(ื):0.002,1
PrintAksorn_dataset/test/sara_ae_JS-Mookravee-Normal.png,225,แ,0.8664,225,แ,1,225,0.8664,225(แ):0.866 | 224(เ):0.005 | 215(ื):0.003,1
PrintAksorn_dataset/test/sara_ae_JS-Obsaward-Italic.png,225,แ,0.8922,225,แ,1,225,0.8922,225(แ):0.892 | 224(เ):0.004 | 212(ิ):0.003,1
PrintAksorn_dataset/test/sara_ae_JS-Puchong-Normal.png,161,ก,0.3456,225,แ,0,161,0.3456,161(ก):0.346 | 225(แ):0.335 | 177(ฑ):0.028,1
PrintAksorn_dataset/test/sara_ae_JS-Rapee-Bold-Italic.png,225,แ,0.9274,225,แ,1,225,0.9274,225(แ):0.927 | 203(ห):0.002 | 187(ป):0.002,1
PrintAksorn_dataset/test/sara_ae_JS-Rapee-Italic.png,225,แ,0.8999,225,แ,1,225,0.8999,225(แ):0.900 | 215(ื):0.002 | 207(ฯ):0.002,1
PrintAksorn_dataset/test/sara_ae_Kinnari-Italic.png,225,แ,0.8628,225,แ,1,225,0.8628,225(แ):0.863 | 173(ญ):0.003 | 200(ศ):0.003,1
PrintAksorn_dataset/test/sara_ae_Kinnari.png,225,แ,0.8911,225,แ,1,225,0.8911,225(แ):0.891 | 194(ย):0.003 | 215(ื):0.003,1
PrintAksorn_dataset/test/sara_ae_Mitr-Bold.png,172,ฌ,0.131,225,แ,0,172,0.131,172(ฌ):0.131 | 225(แ):0.100 | 205(อ):0.056,1
PrintAksorn_dataset/test/sara_ae_Pridi-ExtraLight.png,225,แ,0.8993,225,แ,1,225,0.8993,225(แ):0.899 | 224(เ):0.004 | 201(ษ):0.002,1
PrintAksorn_dataset/test/sara_ae_Pridi-Medium.png,225,แ,0.8786,225,แ,1,225,0.8786,225(แ):0.879 | 173(ญ):0.005 | 201(ษ):0.005,1
PrintAksorn_dataset/test/sara_ae_Sarabun-Bold.png,225,แ,0.8749,225,แ,1,225,0.8749,225(แ):0.875 | 173(ญ):0.004 | 201(ษ):0.004,1
PrintAksorn_dataset/test/sara_ai_maimalai_JS-Chulee.png,228,ไ,0.8404,228,ไ,1,228,0.8404,228(ไ):0.840 | 176(ฐ):0.004 | 227(ใ):0.004,1
PrintAksorn_dataset/test/sara_ai_maimalai_JS-Jukaphan-Italic.png,228,ไ,0.9338,228,ไ,1,228,0.9338,228(ไ):0.934 | 226(โ):0.003 | 227(ใ):0.002,1
PrintAksorn_dataset/test/sara_ai_maimalai_Pridi-Medium.png,226,โ,0.6335,228,ไ,0,226,0.6335,226(โ):0.634 | 184(ธ):0.075 | 170(ช):0.030,1
PrintAksorn_dataset/test/sara_ai_maimalai_Pridi-Regular.png,226,โ,0.8922,228,ไ,0,226,0.8922,226(โ):0.892 | 184(ธ):0.006 | 171(ซ):0.004,1
PrintAksorn_dataset/test/sara_ai_maimalai_Sarabun-ExtraLight.png,228,ไ,0.9057,228,ไ,1,228,0.9057,228(ไ):0.906 | 227(ใ):0.004 | 194(ย):0.003,1
PrintAksorn_dataset/test/sara_ai_maimalai_TH-Srisakdi-Bold.png,228,ไ,0.9855,228,ไ,1,228,0.9855,228(ไ):0.986 | 215(ื):0.001 | 181(ต):0.000,1
PrintAksorn_dataset/test/sara_ai_maimalai_TlwgTypist-BoldOblique.png,228,ไ,0.7637,228,ไ,1,228,0.7637,228(ไ):0.764 | 171(ซ):0.020 | 163(ฃ):0.016,1
PrintAksorn_dataset/test/sara_ai_maimuan_Himmaparnt-Italic.png,227,ใ,0.9441,227,ใ,1,227,0.9441,227(ใ):0.944 | 226(โ):0.011 | 196(ฤ):0.003,1
PrintAksorn_dataset/test/sara_ai_maimuan_JS-Giat-Bold.png,227,ใ,0.6526,227,ใ,1,227,0.6526,227(ใ):0.653 | 162(ข):0.099 | 228(ไ):0.023,1
PrintAksorn_dataset/test/sara_ai_maimuan_JS-Prapakorn-Italic.png,210,า,0.7969,227,ใ,0,210,0.7969,210(า):0.797 | 227(ใ):0.068 | 216(ุ):0.016,1
PrintAksorn_dataset/test/sara_ai_maimuan_Maitree-ExtraLight.png,227,ใ,0.9019,227,ใ,1,227,0.9019,227(ใ):0.902 | 226(โ):0.027 | 206(ฮ):0.003,1
PrintAksorn_dataset/test/sara_ai_maimuan_NotoSerifThai-ExtraCondensedThin.png,227,ใ,0.9414,227,ใ,1,227,0.9414,227(ใ):0.941 | 226(โ):0.004 | 196(ฤ):0.002,1
PrintAksorn_dataset/test/sara_ai_maimuan_Sarabun-Regular.png,227,ใ,0.9604,227,ใ,1,227,0.9604,227(ใ):0.960 | 226(โ):0.004 | 162(ข):0.004,1
PrintAksorn_dataset/test/sara_ai_maimuan_TH-KoHo-Bold.png,227,ใ,0.9389,227,ใ,1,227,0.9389,227(ใ):0.939 | 226(โ):0.018 | 196(ฤ):0.002,1
PrintAksorn_dataset/test/sara_ai_maimuan_Trirong-Regular.png,227,ใ,0.7754,227,ใ,1,227,0.7754,227(ใ):0.775 | 226(โ):0.045 | 196(ฤ):0.011,1
PrintAksorn_dataset/test/sara_am_Chonburi-Regular.png,211,ำ,0.8833,211,ำ,1,211,0.8833,211(ำ):0.883 | 207(ฯ):0.004 | 235(๋):0.003,1
PrintAksorn_dataset/test/sara_am_Garuda-BoldOblique.png,211,ำ,0.8365,211,ำ,1,211,0.8365,211(ำ):0.837 | 210(า):0.006 | 184(ธ):0.004,1
PrintAksorn_dataset/test/sara_am_JS-Rapee-Bold.png,211,ำ,0.8451,211,ำ,1,211,0.8451,211(ำ):0.845 | 210(า):0.005 | 184(ธ):0.003,1
PrintAksorn_dataset/test/sara_am_Maitree-Medium.png,211,ำ,0.883,211,ำ,1,211,0.883,211(ำ):0.883 | 235(๋):0.003 | 226(โ):0.003,1
PrintAksorn_dataset/test/sara_am_Maitree-Regular.png,211,ำ,0.8561,211,ำ,1,211,0.8561,211(ำ):0.856 | 210(า):0.003 | 226(โ):0.003,1
PrintAksorn_dataset/test/sara_am_NotoSansThai-SemiBold.png,211,ำ,0.8591,211,ำ,1,211,0.8591,211(ำ):0.859 | 235(๋):0.004 | 226(โ):0.003,1
PrintAksorn_dataset/test/sara_am_Prompt-BoldItalic.png,211,ำ,0.7554,211,ำ,1,211,0.7554,211(ำ):0.755 | 195(ร):0.012 | 233(้):0.008,1
PrintAksorn_dataset/test/sara_am_Prompt-ExtraBold.png,211,ำ,0.8803,211,ำ,1,211,0.8803,211(ำ):0.880 | 183(ท):0.004 | 235(๋):0.003,1
PrintAksorn_dataset/test/sara_am_Silom.png,211,ำ,0.8779,211,ำ,1,211,0.8779,211(ำ):0.878 | 182(ถ):0.004 | 226(โ):0.003,1
PrintAksorn_dataset/test/sara_am_TlwgMono.png,211,ำ,0.8191,211,ำ,1,211,0.8191,211(ำ):0.819 | 195(ร):0.007 | 216(ุ):0.007,1
PrintAksorn_dataset/test/sara_am_Umpush-Bold.png,211,ำ,0.9018,211,ำ,1,211,0.9018,211(ำ):0.902 | 167(ง):0.002 | 182(ถ):0.002,1
PrintAksorn_dataset/test/sara_e_Athiti-Regular.png,232,่,0.2873,224,เ,0,232,0.2873,232(่):0.287 | 224(เ):0.287 | 187(ป):0.074,1
PrintAksorn_dataset/test/sara_e_JS-Arisa.png,224,เ,0.932,224,เ,1,224,0.932,224(เ):0.932 | 236(์):0.005 | 210(า):0.002,1
PrintAksorn_dataset/test/sara_e_JS-Pisit-Normal.png,224,เ,0.9362,224,เ,1,224,0.9362,224(เ):0.936 | 236(์):0.006 | 227(ใ):0.002,1
PrintAksorn_dataset/test/sara_e_JS-Pudgrong-Normal.png,224,เ,0.918,224,เ,1,224,0.918,224(เ):0.918 | 236(์):0.007 | 216(ุ):0.002,1
PrintAksorn_dataset/test/sara_e_KaniGa-Bold.png,224,เ,0.9302,224,เ,1,224,0.9302,224(เ):0.930 | 236(์):0.007 | 227(ใ):0.002,1
PrintAksorn_dataset/test/sara_e_NotoSansThai-ExtraCondensedBlack.png,232,่,0.2195,224,เ,0,232,0.2195,232(่):0.219 | 224(เ):0.173 | 187(ป):0.052,1
PrintAksorn_dataset/test/sara_e_TH-Chakra-Petch-Bold-Italic.png,224,เ,0.9252,224,เ,1,224,0.9252,224(เ):0.925 | 236(์):0.027 | 210(า):0.001,1
PrintAksorn_dataset/test/sara_e_TH-K2D-July8-Bold.png,224,เ,0.9157,224,เ,1,224,0.9157,224(เ):0.916 | 236(์):0.005 | 225(แ):0.003,1
PrintAksorn_dataset/test/sara_e_Taviraj-BlackItalic.png,224,เ,0.4973,224,เ,1,224,0.4973,224(เ):0.497 | 170(ช):0.061 | 236(์):0.035,1
PrintAksorn_dataset/test/sara_e_Trirong-ExtraLightItalic.png,224,เ,0.8987,224,เ,1,224,0.8987,224(เ):0.899 | 236(์):0.030 | 232(่):0.003,1
PrintAksorn_dataset/test/sara_e_Trirong-MediumItalic.png,224,เ,0.8432,224,เ,1,224,0.8432,224(เ):0.843 | 236(์):0.038 | 228(ไ):0.006,1
PrintAksorn_dataset/test/sara_e_Trirong-SemiBoldItalic.png,224,เ,0.7917,224,เ,1,224,0.7917,224(เ):0.792 | 236(์):0.044 | 170(ช):0.010,1
PrintAksorn_dataset/test/sara_i_Aksaramatee-Regular.png,212,ิ,0.8863,212,ิ,1,212,0.8863,212(ิ):0.886 | 213(ี):0.003 | 161(ก):0.003,1
PrintAksorn_dataset/test/sara_i_JS-Prajuk-Italic.png,212,ิ,0.9417,212,ิ,1,212,0.9417,212(ิ):0.942 | 213(ี):0.004 | 215(ื):0.002,1
PrintAksorn_dataset/test/sara_i_Kanit-Thin.png,235,๋,0.4944,212,ิ,0,235,0.4944,235(๋):0.494 | 209(ั):0.040 | 212(ิ):0.035,1
PrintAksorn_dataset/test/sara_i_NotoSansThai-SemiCondensedThin.png,235,๋,0.6749,212,ิ,0,235,0.6749,235(๋):0.675 | 212(ิ):0.048 | 213(ี):0.029,1
PrintAksorn_dataset/test/sara_i_NotoSerifThai-ExtraCondensedLight.png,212,ิ,0.9015,212,ิ,1,212,0.9015,212(ิ):0.901 | 205(อ):0.003 | 161(ก):0.003,1
PrintAksorn_dataset/test/sara_i_TH-Baijam-Regular.png,212,ิ,0.8918,212,ิ,1,212,0.8918,212(ิ):0.892 | 161(ก):0.003 | 213(ี):0.003,1
PrintAksorn_dataset/test/sara_i_TH-Charmonman-Regular.png,212,ิ,0.8514,212,ิ,1,212,0.8514,212(ิ):0.851 | 168(จ):0.050 | 226(โ):0.007,1
PrintAksorn_dataset/test/sara_i_TH-KoHo-Bold-Italic.png,212,ิ,0.8883,212,ิ,1,212,0.8883,212(ิ):0.888 | 213(ี):0.003 | 161(ก):0.003,1
PrintAksorn_dataset/test/sara_i_Taviraj-SemiBoldItalic.png,212,ิ,0.895,212,ิ,1,212,0.895,212(ิ):0.895 | 161(ก):0.003 | 205(อ):0.003,1
PrintAksorn_dataset/test/sara_i_Waree.png,212,ิ,0.8721,212,ิ,1,212,0.8721,212(ิ):0.872 | 213(ี):0.005 | 161(ก):0.003,1
PrintAksorn_dataset/test/sara_ii_Himmaparnt-Regular.png,213,ี,0.8068,213,ี,1,213,0.8068,213(ี):0.807 | 215(ื):0.074 | 212(ิ):0.005,1
PrintAksorn_dataset/test/sara_ii_JS-Arisa-Italic.png,213,ี,0.914,213,ี,1,213,0.914,213(ี):0.914 | 215(ื):0.013 | 212(ิ):0.003,1
PrintAksorn_dataset/test/sara_ii_JS-Pumpuang-Normal.png,214,ึ,0.842,213,ี,0,214,0.842,214(ึ):0.842 | 215(ื):0.026 | 212(ิ):0.022,1
PrintAksorn_dataset/test/sara_ii_JS-Synjai-Normal.png,213,ี,0.619,213,ี,1,213,0.619,213(ี):0.619 | 215(ื):0.226 | 212(ิ):0.006,1
PrintAksorn_dataset/test/sara_ii_Kanit-Regular.png,186,บ,0.2769,213,ี,0,186,0.2769,186(บ):0.277 | 215(ื):0.127 | 217(ู):0.070,1
PrintAksorn_dataset/test/sara_ii_NotoSansThai-SemiCondensedBold.png,215,ื,0.4414,213,ี,0,215,0.4414,215(ื):0.441 | 186(บ):0.091 | 235(๋):0.045,1
PrintAksorn_dataset/test/sara_ii_NotoSansThai-SemiCondensedSemiBold.png,215,ื,0.4195,213,ี,0,215,0.4195,215(ื):0.420 | 186(บ):0.087 | 213(ี):0.083,1
PrintAksorn_dataset/test/sara_ii_NotoSansThaiLooped-SemiBold.png,213,ี,0.8761,213,ี,1,213,0.8761,213(ี):0.876 | 215(ื):0.015 | 212(ิ):0.009,1
PrintAksorn_dataset/test/sara_ii_PSK-SmartItaic.png,213,ี,0.8263,213,ี,1,213,0.8263,213(ี):0.826 | 215(ื):0.091 | 212(ิ):0.006,1
PrintAksorn_dataset/test/sara_ii_TH-Kodchasal-Regular.png,213,ี,0.8734,213,ี,1,213,0.8734,213(ี):0.873 | 215(ื):0.031 | 212(ิ):0.008,1
PrintAksorn_dataset/test/sara_ii_Umpush-Oblique.png,213,ี,0.7933,213,ี,1,213,0.7933,213(ี):0.793 | 215(ื):0.098 | 212(ิ):0.003,1
PrintAksorn_dataset/test/sara_o_Himmaparnt-Regular.png,226,โ,0.9329,226,โ,1,226,0.9329,226(โ):0.933 | 207(ฯ):0.002 | 184(ธ):0.002,1
PrintAksorn_dataset/test/sara_o_Itim-Regular.png,226,โ,0.8579,226,โ,1,226,0.8579,226(โ):0.858 | 184(ธ):0.007 | 207(ฯ):0.005,1
PrintAksorn_dataset/test/sara_o_JS-Pitsamai-Italic.png,226,โ,0.8833,226,โ,1,226,0.8833,226(โ):0.883 | 207(ฯ):0.005 | 182(ถ):0.004,1
PrintAksorn_dataset/test/sara_o_Maitree-Medium.png,226,โ,0.9284,226,โ,1,226,0.9284,226(โ):0.928 | 207(ฯ):0.004 | 184(ธ):0.003,1
PrintAksorn_dataset/test/sara_o_NotoSansThai-ExtraCondensedExtraBold.png,184,ธ,0.1689,226,โ,0,184,0.1689,184(ธ):0.169 | 226(โ):0.149 | 232(่):0.140,1
PrintAksorn_dataset/test/sara_o_Pattaya-Regular.png,226,โ,0.7249,226,โ,1,226,0.7249,226(โ):0.725 | 184(ธ):0.081 | 195(ร):0.015,1
PrintAksorn_dataset/test/sara_o_Trirong-LightItalic.png,226,โ,0.9127,226,โ,1,226,0.9127,226(โ):0.913 | 207(ฯ):0.003 | 216(ุ):0.002,1
PrintAksorn_dataset/test/sara_u_Garuda-Bold.png,216,ุ,0.4968,216,ุ,1,216,0.4968,216(ุ):0.497 | 217(ู):0.144 | 162(ข):0.038,1
PrintAksorn_dataset/test/sara_u_NotoSansThai-ExtraCondensed.png,232,่,0.1627,216,ุ,0,232,0.1627,232(่):0.163 | 210(า):0.119 | 216(ุ):0.106,1
PrintAksorn_dataset/test/sara_u_NotoSansThai-Light.png,210,า,0.6747,216,ุ,0,210,0.6747,210(า):0.675 | 232(่):0.074 | 216(ุ):0.049,1
PrintAksorn_dataset/test/sara_u_Prompt-Medium.png,169,ฉ,0.3008,216,ุ,0,169,0.3008,169(ฉ):0.301 | 184(ธ):0.135 | 235(๋):0.084,1
PrintAksorn_dataset/test/sara_u_TH-Baijam-Italic.png,216,ุ,0.8846,216,ุ,1,216,0.8846,216(ุ):0.885 | 217(ู):0.027 | 233(้):0.006,1
PrintAksorn_dataset/test/sara_u_TH-K2D-July8-Bold.png,216,ุ,0.5011,216,ุ,1,216,0.5011,216(ุ):0.501 | 217(ู):0.152 | 233(้):0.040,1
PrintAksorn_dataset/test/sara_u_TlwgTypist-Bold.png,216,ุ,0.2562,216,ุ,1,216,0.2562,216(ุ):0.256 | 205(อ):0.075 | 164(ค):0.061,1
PrintAksorn_dataset/test/sara_u_TlwgTypist-Oblique.png,216,ุ,0.5755,216,ุ,1,216,0.5755,216(ุ):0.576 | 217(ู):0.125 | 169(ฉ):0.024,1
PrintAksorn_dataset/test/sara_ue_JS-Chulee.png,214,ึ,0.8785,214,ึ,1,214,0.8785,214(ึ):0.878 | 215(ื):0.005 | 233(้):0.004,1
PrintAksorn_dataset/test/sara_ue_JS-Rapee-Bold-Italic.png,214,ึ,0.8313,214,ึ,1,214,0.8313,214(ึ):0.831 | 215(ื):0.053 | 212(ิ):0.008,1
PrintAksorn_dataset/test/sara_ue_JS-Sadayu-Allcaps.png,214,ึ,0.8859,214,ึ,1,214,0.8859,214(ึ):0.886 | 215(ื):0.025 | 178(ฒ):0.003,1
PrintAksorn_dataset/test/sara_ue_Kanit-ThinItalic.png,214,ึ,0.714,214,ึ,1,214,0.714,214(ึ):0.714 | 235(๋):0.033 | 209(ั):0.021,1
PrintAksorn_dataset/test/sara_ue_Loma-Bold.png,214,ึ,0.9065,214,ึ,1,214,0.9065,214(ึ):0.907 | 215(ื):0.004 | 204(ฬ):0.002,1
PrintAksorn_dataset/test/sara_ue_NotoSansThai-CondensedExtraLight.png,214,ึ,0.6786,214,ึ,1,214,0.6786,214(ึ):0.679 | 235(๋):0.028 | 209(ั):0.019,1
PrintAksorn_dataset/test/sara_ue_NotoSansThai-ExtraCondensedSemiBold.png,214,ึ,0.8053,214,ึ,1,214,0.8053,214(ึ):0.805 | 164(ค):0.007 | 215(ื):0.007,1
PrintAksorn_dataset/test/sara_ue_NotoSansThaiLooped-Light.png,214,ึ,0.9218,214,ึ,1,214,0.9218,214(ึ):0.922 | 215(ื):0.002 | 204(ฬ):0.002,1
PrintAksorn_dataset/test/sara_ue_PSK-Smart-Regular.png,214,ึ,0.8751,214,ึ,1,214,0.8751,214(ึ):0.875 | 215(ื):0.008 | 212(ิ):0.003,1
PrintAksorn_dataset/test/sara_ue_SR-FahMai-Normal.png,214,ึ,0.8237,214,ึ,1,214,0.8237,214(ึ):0.824 | 215(ื):0.020 | 212(ิ):0.011,1
PrintAksorn_dataset/test/sara_ue_TlwgTypist-Oblique.png,214,ึ,0.9312,214,ึ,1,214,0.9312,214(ึ):0.931 | 215(ื):0.002 | 197(ล):0.002,1
PrintAksorn_dataset/test/sara_uee_Athiti-SemiBold.png,215,ื,0.3348,215,ื,1,215,0.3348,215(ื):0.335 | 217(ู):0.081 | 235(๋):0.065,1
PrintAksorn_dataset/test/sara_uee_ChulaNarak-Bold-Italic.png,232,่,0.0642,215,ื,0,232,0.0642,232(่):0.064 | 162(ข):0.057 | 210(า):0.042,1
PrintAksorn_dataset/test/sara_uee_Himmaparnt-Italic.png,215,ื,0.8831,215,ื,1,215,0.8831,215(ื):0.883 | 214(ึ):0.004 | 226(โ):0.003,1
PrintAksorn_dataset/test/sara_uee_JS-Arisa-Italic.png,215,ื,0.8579,215,ื,1,215,0.8579,215(ื):0.858 | 177(ฑ):0.004 | 208(ะ):0.004,1
PrintAksorn_dataset/test/sara_uee_JS-Saksit-Normal.png,215,ื,0.9034,215,ื,1,215,0.9034,215(ื):0.903 | 166(ฆ):0.003 | 186(บ):0.003,1
PrintAksorn_dataset/test/sara_uee_JS-Saowapark-Normal.png,215,ื,0.851,215,ื,1,215,0.851,215(ื):0.851 | 214(ึ):0.005 | 164(ค):0.004,1
PrintAksorn_dataset/test/sara_uee_NotoSerifThai-Medium.png,215,ื,0.8807,215,ื,1,215,0.8807,215(ื):0.881 | 214(ึ):0.006 | 166(ฆ):0.004,1
PrintAksorn_dataset/test/sara_uee_NotoSerifThai-SemiCondensed.png,215,ื,0.8776,215,ื,1,215,0.8776,215(ื):0.878 | 214(ึ):0.006 | 175(ฏ):0.004,1
PrintAksorn_dataset/test/sara_uee_Pridi-Light.png,215,ื,0.901,215,ื,1,215,0.901,215(ื):0.901 | 214(ึ):0.006 | 212(ิ):0.002,1
PrintAksorn_dataset/test/sara_uee_Prompt-Thin.png,215,ื,0.6356,215,ื,1,215,0.6356,215(ื):0.636 | 186(บ):0.046 | 193(ม):0.035,1
PrintAksorn_dataset/test/sara_uee_Purisa-Oblique.png,215,ื,0.9121,215,ื,1,215,0.9121,215(ื):0.912 | 214(ึ):0.005 | 180(ด):0.002,1
PrintAksorn_dataset/test/sara_uee_Sarabun-Thin.png,215,ื,0.8651,215,ื,1,215,0.8651,215(ื):0.865 | 166(ฆ):0.004 | 186(บ):0.003,1
PrintAksorn_dataset/test/sara_uee_TH-Baijam-Regular.png,215,ื,0.8512,215,ื,1,215,0.8512,215(ื):0.851 | 212(ิ):0.004 | 205(อ):0.004,1
PrintAksorn_dataset/test/sara_uu_FonLeb-Bold-Italic.png,217,ู,0.7604,217,ู,1,217,0.7604,217(ู):0.760 | 186(บ):0.178 | 162(ข):0.007,1
PrintAksorn_dataset/test/sara_uu_JS-Pisit-Normal.png,217,ู,0.4796,217,ู,1,217,0.4796,217(ู):0.480 | 186(บ):0.414 | 187(ป):0.016,1
PrintAksorn_dataset/test/sara_uu_NotoSerifThai-SemiCondensedLight.png,186,บ,0.652,217,ู,0,186,0.652,186(บ):0.652 | 217(ู):0.259 | 162(ข):0.016,1
PrintAksorn_dataset/test/sara_uu_Pridi-Regular.png,217,ู,0.5131,217,ู,1,217,0.5131,217(ู):0.513 | 186(บ):0.363 | 187(ป):0.024,1
PrintAksorn_dataset/test/sara_uu_Silom.png,217,ู,0.6277,217,ู,1,217,0.6277,217(ู):0.628 | 186(บ):0.293 | 162(ข):0.018,1
PrintAksorn_dataset/test/sara_uu_TH-Chakra-Petch-Bold.png,217,ู,0.4937,217,ู,1,217,0.4937,217(ู):0.494 | 186(บ):0.347 | 162(ข):0.030,1
PrintAksorn_dataset/test/sara_uu_TH-K2D-July8-Italic.png,217,ู,0.7897,217,ู,1,217,0.7897,217(ู):0.790 | 186(บ):0.105 | 162(ข):0.046,1
PrintAksorn_dataset/test/sara_uu_TH-KoHo-Bold.png,217,ู,0.6599,217,ู,1,217,0.6599,217(ู):0.660 | 186(บ):0.268 | 162(ข):0.017,1
PrintAksorn_dataset/test/sara_uu_Taviraj-SemiBoldItalic.png,186,บ,0.5115,217,ู,0,186,0.5115,186(บ):0.512 | 217(ู):0.201 | 193(ม):0.068,1
PrintAksorn_dataset/test/sara_uu_Trirong-Regular.png,186,บ,0.3255,217,ู,0,186,0.3255,186(บ):0.325 | 193(ม):0.318 | 217(ู):0.131,1
PrintAksorn_dataset/test/sara_uu_Trirong-SemiBoldItalic.png,186,บ,0.3791,217,ู,0,186,0.3791,186(บ):0.379 | 193(ม):0.211 | 217(ู):0.211,1
PrintAksorn_dataset/test/sara_uu_Umpush-Bold.png,186,บ,0.594,217,ู,0,186,0.594,186(บ):0.594 | 217(ู):0.222 | 187(ป):0.046,1
PrintAksorn_dataset/test/semicolon_Aksaramatee-Regular.png,211,ำ,0.188,,,,211,0.188,211(ำ):0.188 | 208(ะ):0.105 | 232(่):0.034,1
PrintAksorn_dataset/test/semicolon_JS-Thanaporn-Normal.png,211,ำ,0.3155,,,,211,0.3155,211(ำ):0.315 | 208(ะ):0.094 | 199(ว):0.030,1
PrintAksorn_dataset/test/semicolon_Kanit-SemiBold.png,208,ะ,0.6036,,,,208,0.6036,208(ะ):0.604 | 184(ธ):0.064 | 167(ง):0.028,1
PrintAksorn_dataset/test/semicolon_NotoSansThai-Bold.png,186,บ,0.1261,,,,186,0.1261,186(บ):0.126 | 205(อ):0.100 | 161(ก):0.094,1
PrintAksorn_dataset/test/semicolon_NotoSansThai-CondensedThin.png,205,อ,0.1123,,,,205,0.1123,205(อ):0.112 | 186(บ):0.104 | 161(ก):0.091,1
PrintAksorn_dataset/test/semicolon_NotoSansThai-SemiCondensedExtraBold.png,205,อ,0.1124,,,,205,0.1124,205(อ):0.112 | 186(บ):0.104 | 161(ก):0.092,1
PrintAksorn_dataset/test/semicolon_NotoSerifThai-CondensedLight.png,205,อ,0.1123,,,,205,0.1123,205(อ):0.112 | 186(บ):0.104 | 161(ก):0.091,1
PrintAksorn_dataset/test/semicolon_NotoSerifThai-ExtraLight.png,186,บ,0.1261,,,,186,0.1261,186(บ):0.126 | 205(อ):0.100 | 161(ก):0.094,1
PrintAksorn_dataset/test/semicolon_Sawasdee-Oblique.png,199,ว,0.1595,,,,199,0.1595,199(ว):0.159 | 176(ฐ):0.080 | 208(ะ):0.073,1
PrintAksorn_dataset/test/semicolon_Taviraj-ExtraLight.png,199,ว,0.2281,,,,199,0.2281,199(ว):0.228 | 208(ะ):0.091 | 182(ถ):0.057,1
PrintAksorn_dataset/test/slash_ChulaNarak-Regular.png,232,่,0.8032,,,,232,0.8032,232(่):0.803 | 210(า):0.046 | 191(ฟ):0.011,1
PrintAksorn_dataset/test/slash_FonLeb-Bold-Italic.png,232,่,0.7519,,,,232,0.7519,232(่):0.752 | 210(า):0.045 | 187(ป):0.017,1
PrintAksorn_dataset/test/slash_JS-75-Pumpuang.png,232,่,0.664,,,,232,0.664,232(่):0.664 | 210(า):0.048 | 187(ป):0.047,1
PrintAksorn_dataset/test/slash_JS-Pranee-Italic.png,232,่,0.4355,,,,232,0.4355,232(่):0.436 | 236(์):0.072 | 210(า):0.044,1
PrintAksorn_dataset/test/slash_JS-Pumpuang-Normal.png,232,่,0.7127,,,,232,0.7127,232(่):0.713 | 210(า):0.069 | 187(ป):0.026,1
PrintAksorn_dataset/test/slash_Kanit-MediumItalic.png,232,่,0.3054,,,,232,0.3054,232(่):0.305 | 210(า):0.071 | 187(ป):0.067,1
PrintAksorn_dataset/test/slash_NotoSansThai-CondensedExtraLight.png,205,อ,0.1123,,,,205,0.1123,205(อ):0.112 | 186(บ):0.104 | 161(ก):0.091,1
PrintAksorn_dataset/test/slash_NotoSerifThai-Black.png,186,บ,0.1252,,,,186,0.1252,186(บ):0.125 | 205(อ):0.101 | 161(ก):0.093,1
PrintAksorn_dataset/test/slash_Pridi-Regular.png,232,่,0.6887,,,,232,0.6887,232(่):0.689 | 210(า):0.070 | 187(ป):0.018,1
PrintAksorn_dataset/test/slash_Prompt-ExtraLightItalic.png,232,่,0.5651,,,,232,0.5651,232(่):0.565 | 210(า):0.050 | 187(ป):0.035,1
PrintAksorn_dataset/test/slash_Prompt-Italic.png,232,่,0.4085,,,,232,0.4085,232(่):0.408 | 210(า):0.081 | 187(ป):0.046,1
PrintAksorn_dataset/test/slash_Sarabun-Light.png,232,่,0.7357,,,,232,0.7357,232(่):0.736 | 210(า):0.058 | 187(ป):0.028,1
PrintAksorn_dataset/test/slash_TH-Baijam-Bold-Italic.png,232,่,0.3907,,,,232,0.3907,232(่):0.391 | 236(์):0.074 | 210(า):0.055,1
PrintAksorn_dataset/test/slash_TH-Baijam-Regular.png,232,่,0.7714,,,,232,0.7714,232(่):0.771 | 210(า):0.045 | 187(ป):0.024,1
PrintAksorn_dataset/test/slash_TH-Niramit-AS-Italic.png,232,่,0.7722,,,,232,0.7722,232(่):0.772 | 210(า):0.049 | 187(ป):0.018,1
PrintAksorn_dataset/test/so_ruesi_Aksaramatee-Bold.png,201,ษ,0.8379,201,ษ,1,201,0.8379,201(ษ):0.838 | 186(บ):0.009 | 173(ญ):0.005,1
PrintAksorn_dataset/test/so_ruesi_Athiti-Light.png,201,ษ,0.8833,201,ษ,1,201,0.8833,201(ษ):0.883 | 173(ญ):0.004 | 225(แ):0.003,1
PrintAksorn_dataset/test/so_ruesi_Garuda-BoldOblique.png,201,ษ,0.9373,201,ษ,1,201,0.9373,201(ษ):0.937 | 206(ฮ):0.004 | 172(ฌ):0.002,1
PrintAksorn_dataset/test/so_ruesi_JS-Pumpuang-Normal.png,201,ษ,0.8487,201,ษ,1,201,0.8487,201(ษ):0.849 | 163(ฃ):0.007 | 206(ฮ):0.006,1
PrintAksorn_dataset/test/so_ruesi_JS-Sadayu-Bold.png,201,ษ,0.8322,201,ษ,1,201,0.8322,201(ษ):0.832 | 172(ฌ):0.007 | 205(อ):0.005,1
PrintAksorn_dataset/test/so_ruesi_NotoSansThaiLooped-Bold.png,201,ษ,0.9266,201,ษ,1,201,0.9266,201(ษ):0.927 | 172(ฌ):0.003 | 206(ฮ):0.003,1
PrintAksorn_dataset/test/so_ruesi_NotoSerifThai-SemiCondensed.png,201,ษ,0.93,201,ษ,1,201,0.93,201(ษ):0.930 | 172(ฌ):0.002 | 225(แ):0.002,1
PrintAksorn_dataset/test/so_ruesi_Sriracha-Regular.png,201,ษ,0.9233,201,ษ,1,201,0.9233,201(ษ):0.923 | 188(ผ):0.004 | 170(ช):0.003,1
PrintAksorn_dataset/test/so_ruesi_TH-KoHo-Bold-Italic.png,201,ษ,0.8801,201,ษ,1,201,0.8801,201(ษ):0.880 | 170(ช):0.005 | 225(แ):0.004,1
PrintAksorn_dataset/test/so_ruesi_Taviraj-ExtraLightItalic.png,201,ษ,0.9077,201,ษ,1,201,0.9077,201(ษ):0.908 | 206(ฮ):0.003 | 213(ี):0.002,1
PrintAksorn_dataset/test/so_ruesi_Taviraj-Italic.png,201,ษ,0.916,201,ษ,1,201,0.916,201(ษ):0.916 | 206(ฮ):0.006 | 172(ฌ):0.002,1
PrintAksorn_dataset/test/so_ruesi_Umpush-Light.png,201,ษ,0.9333,201,ษ,1,201,0.9333,201(ษ):0.933 | 185(น):0.002 | 213(ี):0.002,1
PrintAksorn_dataset/test/so_ruesi_Waree-BoldOblique.png,201,ษ,0.9282,201,ษ,1,201,0.9282,201(ษ):0.928 | 172(ฌ):0.003 | 206(ฮ):0.002,1
PrintAksorn_dataset/test/so_sala_JS-Saksit-Normal.png,200,ศ,0.9398,200,ศ,1,200,0.9398,200(ศ):0.940 | 164(ค):0.003 | 206(ฮ):0.003,1
PrintAksorn_dataset/test/so_sala_Kanit-BlackItalic.png,205,อ,0.5316,200,ศ,0,205,0.5316,205(อ):0.532 | 164(ค):0.102 | 200(ศ):0.076,1
PrintAksorn_dataset/test/so_sala_Kinnari-Italic.png,200,ศ,0.943,200,ศ,1,200,0.943,200(ศ):0.943 | 164(ค):0.005 | 201(ษ):0.002,1
PrintAksorn_dataset/test/so_sala_Laksaman.png,200,ศ,0.9553,200,ศ,1,200,0.9553,200(ศ):0.955 | 165(ฅ):0.002 | 164(ค):0.002,1
PrintAksorn_dataset/test/so_sala_NotoSansThai-SemiCondensedSemiBold.png,200,ศ,0.873,200,ศ,1,200,0.873,200(ศ):0.873 | 164(ค):0.008 | 165(ฅ):0.006,1
PrintAksorn_dataset/test/so_sala_NotoSansThaiLooped-SemiBold.png,200,ศ,0.7849,200,ศ,1,200,0.7849,200(ศ):0.785 | 164(ค):0.063 | 231(็):0.006,1
PrintAksorn_dataset/test/so_sala_NotoSerifThai-ExtraCondensedLight.png,200,ศ,0.9127,200,ศ,1,200,0.9127,200(ศ):0.913 | 164(ค):0.009 | 231(็):0.007,1
PrintAksorn_dataset/test/so_sala_TH-Kodchasal-Regular.png,200,ศ,0.8582,200,ศ,1,200,0.8582,200(ศ):0.858 | 164(ค):0.011 | 231(็):0.004,1
PrintAksorn_dataset/test/so_sala_Taviraj-ExtraBold.png,200,ศ,0.7682,200,ศ,1,200,0.7682,200(ศ):0.768 | 164(ค):0.028 | 165(ฅ):0.013,1
PrintAksorn_dataset/test/so_sala_Taviraj-LightItalic.png,200,ศ,0.8896,200,ศ,1,200,0.8896,200(ศ):0.890 | 164(ค):0.020 | 188(ผ):0.002,1
PrintAksorn_dataset/test/so_sala_TlwgTypewriter.png,200,ศ,0.841,200,ศ,1,200,0.841,200(ศ):0.841 | 164(ค):0.032 | 231(็):0.008,1
PrintAksorn_dataset/test/so_sala_Trirong-Medium.png,200,ศ,0.8407,200,ศ,1,200,0.8407,200(ศ):0.841 | 164(ค):0.016 | 165(ฅ):0.005,1
PrintAksorn_dataset/test/so_so_JS-Wansika-Italic.png,171,ซ,0.6114,171,ซ,1,171,0.6114,171(ซ):0.611 | 170(ช):0.257 | 204(ฬ):0.008,1
PrintAksorn_dataset/test/so_so_Kinnari.png,171,ซ,0.9075,171,ซ,1,171,0.9075,171(ซ):0.908 | 201(ษ):0.006 | 166(ฆ):0.003,1
PrintAksorn_dataset/test/so_so_Maitree-Bold.png,170,ช,0.419,171,ซ,0,170,0.419,170(ช):0.419 | 201(ษ):0.088 | 214(ึ):0.059,1
PrintAksorn_dataset/test/so_so_NotoSerifThai-SemiCondensedSemiBold.png,201,ษ,0.3684,171,ซ,0,201,0.3684,201(ษ):0.368 | 171(ซ):0.270 | 170(ช):0.096,1
PrintAksorn_dataset/test/so_so_PSK-SmartBI.png,201,ษ,0.4728,171,ซ,0,201,0.4728,201(ษ):0.473 | 171(ซ):0.263 | 170(ช):0.035,1
PrintAksorn_dataset/test/so_so_TH-Niramit-AS-Bold-Italic.png,171,ซ,0.8709,171,ซ,1,171,0.8709,171(ซ):0.871 | 201(ษ):0.030 | 170(ช):0.023,1
PrintAksorn_dataset/test/so_so_TH-Niramit-AS-Italic.png,171,ซ,0.7673,171,ซ,1,171,0.7673,171(ซ):0.767 | 170(ช):0.086 | 201(ษ):0.036,1
PrintAksorn_dataset/test/so_so_TlwgTypo.png,171,ซ,0.5191,171,ซ,1,171,0.5191,171(ซ):0.519 | 170(ช):0.213 | 201(ษ):0.059,1
PrintAksorn_dataset/test/so_suea_JS-Jindara-Bold-Italic.png,202,ส,0.9045,202,ส,1,202,0.9045,202(ส):0.905 | 197(ล):0.007 | 214(ึ):0.003,1
PrintAksorn_dataset/test/so_suea_JS-Padachamai-Normal.png,202,ส,0.9186,202,ส,1,202,0.9186,202(ส):0.919 | 200(ศ):0.007 | 197(ล):0.003,1
PrintAksorn_dataset/test/so_suea_JS-Pranee-Italic.png,202,ส,0.9256,202,ส,1,202,0.9256,202(ส):0.926 | 200(ศ):0.005 | 215(ื):0.002,1
PrintAksorn_dataset/test/so_suea_JS-Pudgrong-Normal.png,202,ส,0.9469,202,ส,1,202,0.9469,202(ส):0.947 | 197(ล):0.002 | 200(ศ):0.002,1
PrintAksorn_dataset/test/so_suea_JS-Saksit-Bold.png,202,ส,0.6379,202,ส,1,202,0.6379,202(ส):0.638 | 200(ศ):0.063 | 197(ล):0.043,1
PrintAksorn_dataset/test/so_suea_Kanit-Black.png,205,อ,0.2188,202,ส,0,205,0.2188,205(อ):0.219 | 184(ธ):0.123 | 198(ฦ):0.049,1
PrintAksorn_dataset/test/so_suea_Kinnari-BoldOblique.png,202,ส,0.91,202,ส,1,202,0.91,202(ส):0.910 | 197(ล):0.004 | 214(ึ):0.003,1
PrintAksorn_dataset/test/so_suea_Maitree-Medium.png,202,ส,0.8749,202,ส,1,202,0.8749,202(ส):0.875 | 197(ล):0.010 | 200(ศ):0.006,1
PrintAksorn_dataset/test/so_suea_NotoSansThai-SemiCondensed.png,202,ส,0.8946,202,ส,1,202,0.8946,202(ส):0.895 | 197(ล):0.045 | 200(ศ):0.007,1
PrintAksorn_dataset/test/so_suea_NotoSerifThai-ExtraCondensedExtraBold.png,202,ส,0.9028,202,ส,1,202,0.9028,202(ส):0.903 | 197(ล):0.016 | 200(ศ):0.005,1
PrintAksorn_dataset/test/so_suea_Prompt-ExtraLightItalic.png,202,ส,0.9108,202,ส,1,202,0.9108,202(ส):0.911 | 197(ล):0.025 | 200(ศ):0.008,1
PrintAksorn_dataset/test/so_suea_Sarabun-ExtraLight.png,202,ส,0.9231,202,ส,1,202,0.9231,202(ส):0.923 | 197(ล):0.005 | 214(ึ):0.003,1
PrintAksorn_dataset/test/so_suea_TH-Baijam-Bold-Italic.png,202,ส,0.8675,202,ส,1,202,0.8675,202(ส):0.868 | 197(ล):0.025 | 214(ึ):0.004,1
PrintAksorn_dataset/test/so_suea_TH-Fahkwang-Regular.png,202,ส,0.8949,202,ส,1,202,0.8949,202(ส):0.895 | 197(ล):0.015 | 214(ึ):0.003,1
PrintAksorn_dataset/test/so_suea_Taviraj-SemiBoldItalic.png,202,ส,0.8141,202,ส,1,202,0.8141,202(ส):0.814 | 197(ล):0.069 | 214(ึ):0.004,1
PrintAksorn_dataset/test/so_suea_Taviraj-Thin.png,202,ส,0.8904,202,ส,1,202,0.8904,202(ส):0.890 | 197(ล):0.009 | 236(์):0.003,1
PrintAksorn_dataset/test/thanthakhat_DC-Palamongkol-Bold.png,236,์,0.87,236,์,1,236,0.87,236(์):0.870 | 231(็):0.016 | 197(ล):0.015,1
PrintAksorn_dataset/test/thanthakhat_Garuda-Bold.png,236,์,0.8871,236,์,1,236,0.8871,236(์):0.887 | 231(็):0.008 | 226(โ):0.006,1
PrintAksorn_dataset/test/thanthakhat_JS-Mookravee-Normal.png,236,์,0.9369,236,์,1,236,0.9369,236(์):0.937 | 170(ช):0.006 | 226(โ):0.004,1
PrintAksorn_dataset/test/thanthakhat_JS-Rapee-Italic.png,236,์,0.9234,236,์,1,236,0.9234,236(์):0.923 | 209(ั):0.017 | 231(็):0.007,1
PrintAksorn_dataset/test/thanthakhat_Kinnari-Italic.png,236,์,0.9652,236,์,1,236,0.9652,236(์):0.965 | 231(็):0.003 | 209(ั):0.003,1
PrintAksorn_dataset/test/thanthakhat_NotoSansThai-SemiCondensedBlack.png,205,อ,0.3018,236,์,0,205,0.3018,205(อ):0.302 | 164(ค):0.235 | 169(ฉ):0.084,1
PrintAksorn_dataset/test/thanthakhat_NotoSansThaiLooped-Light.png,236,์,0.7891,236,์,1,236,0.7891,236(์):0.789 | 170(ช):0.018 | 184(ธ):0.013,1
PrintAksorn_dataset/test/thanthakhat_Pattaya-Regular.png,235,๋,0.459,236,์,0,235,0.459,235(๋):0.459 | 212(ิ):0.130 | 184(ธ):0.033,1
PrintAksorn_dataset/test/thanthakhat_Prompt-SemiBoldItalic.png,212,ิ,0.4243,236,์,0,212,0.4243,212(ิ):0.424 | 164(ค):0.037 | 236(์):0.032,1
PrintAksorn_dataset/test/thanthakhat_TH-Baijam-Bold-Italic.png,209,ั,0.4056,236,์,0,209,0.4056,209(ั):0.406 | 236(์):0.389 | 226(โ):0.013,1
PrintAksorn_dataset/test/thanthakhat_TH-Srisakdi-Bold.png,236,์,0.7386,236,์,1,236,0.7386,236(์):0.739 | 209(ั):0.073 | 170(ช):0.039,1
PrintAksorn_dataset/test/thanthakhat_TlwgMono-BoldOblique.png,236,์,0.3722,236,์,1,236,0.3722,236(์):0.372 | 209(ั):0.206 | 214(ึ):0.031,1
PrintAksorn_dataset/test/thanthakhat_Umpush-Oblique.png,236,์,0.3936,236,์,1,236,0.3936,236(์):0.394 | 209(ั):0.084 | 231(็):0.068,1
PrintAksorn_dataset/test/thanthakhat_Umpush.png,236,์,0.3746,236,์,1,236,0.3746,236(์):0.375 | 231(็):0.091 | 209(ั):0.079,1
PrintAksorn_dataset/test/tho_montho_Chonburi-Regular.png,178,ฒ,0.0944,177,ฑ,0,178,0.0944,178(ฒ):0.094 | 169(ฉ):0.085 | 165(ฅ):0.066,1
PrintAksorn_dataset/test/tho_montho_JS-Chulee.png,177,ฑ,0.8835,177,ฑ,1,177,0.8835,177(ฑ):0.883 | 183(ท):0.030 | 203(ห):0.016,1
PrintAksorn_dataset/test/tho_montho_JS-Junkaew-Italic.png,177,ฑ,0.8515,177,ฑ,1,177,0.8515,177(ฑ):0.852 | 183(ท):0.022 | 203(ห):0.005,1
PrintAksorn_dataset/test/tho_montho_JS-Puriphop-Normal.png,177,ฑ,0.3482,177,ฑ,1,177,0.3482,177(ฑ):0.348 | 183(ท):0.184 | 203(ห):0.156,1
PrintAksorn_dataset/test/tho_montho_JS-Synjai-Italic.png,177,ฑ,0.9246,177,ฑ,1,177,0.9246,177(ฑ):0.925 | 183(ท):0.017 | 203(ห):0.011,1
PrintAksorn_dataset/test/tho_montho_NotoSansThai-SemiBold.png,177,ฑ,0.7164,177,ฑ,1,177,0.7164,177(ฑ):0.716 | 183(ท):0.070 | 161(ก):0.013,1
PrintAksorn_dataset/test/tho_montho_NotoSerifThai-ExtraCondensed.png,177,ฑ,0.8463,177,ฑ,1,177,0.8463,177(ฑ):0.846 | 181(ต):0.017 | 183(ท):0.010,1
PrintAksorn_dataset/test/tho_montho_NotoSerifThai-SemiCondensedBlack.png,177,ฑ,0.2557,177,ฑ,1,177,0.2557,177(ฑ):0.256 | 178(ฒ):0.073 | 203(ห):0.056,1
PrintAksorn_dataset/test/tho_montho_NotoSerifThai-SemiCondensedExtraBold.png,177,ฑ,0.5244,177,ฑ,1,177,0.5244,177(ฑ):0.524 | 178(ฒ):0.032 | 181(ต):0.029,1
PrintAksorn_dataset/test/tho_montho_Sriracha-Regular.png,177,ฑ,0.7951,177,ฑ,1,177,0.7951,177(ฑ):0.795 | 183(ท):0.034 | 203(ห):0.010,1
PrintAksorn_dataset/test/tho_montho_TH-Fahkwang-Regular.png,183,ท,0.3537,177,ฑ,0,183,0.3537,183(ท):0.354 | 177(ฑ):0.283 | 203(ห):0.077,1
PrintAksorn_dataset/test/tho_montho_TlwgMono-Bold.png,177,ฑ,0.8181,177,ฑ,1,177,0.8181,177(ฑ):0.818 | 203(ห):0.077 | 183(ท):0.006,1
PrintAksorn_dataset/test/tho_montho_TlwgTypo-BoldOblique.png,203,ห,0.4539,177,ฑ,0,203,0.4539,203(ห):0.454 | 183(ท):0.204 | 177(ฑ):0.135,1
PrintAksorn_dataset/test/tho_montho_Trirong-Medium.png,177,ฑ,0.7542,177,ฑ,1,177,0.7542,177(ฑ):0.754 | 183(ท):0.061 | 181(ต):0.012,1
PrintAksorn_dataset/test/tho_phuthao_JS-Thanaporn-Normal.png,178,ฒ,0.561,178,ฒ,1,178,0.561,178(ฒ):0.561 | 172(ฌ):0.050 | 179(ณ):0.047,1
PrintAksorn_dataset/test/tho_phuthao_Kinnari-BoldOblique.png,178,ฒ,0.8977,178,ฒ,1,178,0.8977,178(ฒ):0.898 | 181(ต):0.006 | 175(ฏ):0.003,1
PrintAksorn_dataset/test/tho_phuthao_Laksaman-Italic.png,178,ฒ,0.9134,178,ฒ,1,178,0.9134,178(ฒ):0.913 | 181(ต):0.003 | 175(ฏ):0.003,1
PrintAksorn_dataset/test/tho_phuthao_NotoSansThai-CondensedThin.png,178,ฒ,0.1876,178,ฒ,1,178,0.1876,178(ฒ):0.188 | 172(ฌ):0.052 | 163(ฃ):0.048,1
PrintAksorn_dataset/test/tho_phuthao_NotoSerifThai-SemiCondensed.png,178,ฒ,0.9002,178,ฒ,1,178,0.9002,178(ฒ):0.900 | 166(ฆ):0.005 | 181(ต):0.002,1
PrintAksorn_dataset/test/tho_phuthao_NotoSerifThai-SemiCondensedBlack.png,178,ฒ,0.8439,178,ฒ,1,178,0.8439,178(ฒ):0.844 | 177(ฑ):0.007 | 181(ต):0.006,1
PrintAksorn_dataset/test/tho_phuthao_Sarabun-Regular.png,178,ฒ,0.8731,178,ฒ,1,178,0.8731,178(ฒ):0.873 | 189(ฝ):0.003 | 181(ต):0.003,1
PrintAksorn_dataset/test/tho_phuthao_Umpush-Oblique.png,178,ฒ,0.8765,178,ฒ,1,178,0.8765,178(ฒ):0.876 | 181(ต):0.005 | 172(ฌ):0.003,1
PrintAksorn_dataset/test/tho_phuthao_Waree-Bold.png,178,ฒ,0.9037,178,ฒ,1,178,0.9037,178(ฒ):0.904 | 172(ฌ):0.003 | 181(ต):0.002,1
PrintAksorn_dataset/test/tho_thahan_DC-Palamongkol-Regular.png,183,ท,0.7086,183,ท,1,183,0.7086,183(ท):0.709 | 161(ก):0.016 | 177(ฑ):0.013,1
PrintAksorn_dataset/test/tho_thahan_JS-Saowapark-Italic.png,183,ท,0.912,183,ท,1,183,0.912,183(ท):0.912 | 177(ฑ):0.006 | 188(ผ):0.003,1
PrintAksorn_dataset/test/tho_thahan_NotoSansThaiLooped-Bold.png,183,ท,0.7814,183,ท,1,183,0.7814,183(ท):0.781 | 177(ฑ):0.018 | 165(ฅ):0.009,1
PrintAksorn_dataset/test/tho_thahan_NotoSerifThai-SemiCondensed.png,183,ท,0.6736,183,ท,1,183,0.6736,183(ท):0.674 | 203(ห):0.044 | 177(ฑ):0.022,1
PrintAksorn_dataset/test/tho_thahan_Sarabun-ThinItalic.png,183,ท,0.8651,183,ท,1,183,0.8651,183(ท):0.865 | 177(ฑ):0.011 | 203(ห):0.009,1
PrintAksorn_dataset/test/tho_thahan_Taviraj-ExtraLightItalic.png,183,ท,0.8179,183,ท,1,183,0.8179,183(ท):0.818 | 203(ห):0.027 | 177(ฑ):0.009,1
PrintAksorn_dataset/test/tho_thahan_Trirong-BoldItalic.png,183,ท,0.7051,183,ท,1,183,0.7051,183(ท):0.705 | 203(ห):0.042 | 190(พ):0.022,1
PrintAksorn_dataset/test/tho_than_Aksaramatee-Italic.png,176,ฐ,0.8979,176,ฐ,1,176,0.8979,176(ฐ):0.898 | 175(ฏ):0.004 | 173(ญ):0.003,1
PrintAksorn_dataset/test/tho_than_ChulaNarak-Regular.png,176,ฐ,0.8845,176,ฐ,1,176,0.8845,176(ฐ):0.884 | 175(ฏ):0.004 | 192(ภ):0.003,1
PrintAksorn_dataset/test/tho_than_DC-Palamongkol-Regular.png,176,ฐ,0.898,176,ฐ,1,176,0.898,176(ฐ):0.898 | 175(ฏ):0.006 | 184(ธ):0.004,1
PrintAksorn_dataset/test/tho_than_JS-Saksit-Normal.png,176,ฐ,0.8762,176,ฐ,1,176,0.8762,176(ฐ):0.876 | 175(ฏ):0.006 | 184(ธ):0.006,1
PrintAksorn_dataset/test/tho_than_Kinnari-Bold.png,176,ฐ,0.9076,176,ฐ,1,176,0.9076,176(ฐ):0.908 | 175(ฏ):0.007 | 184(ธ):0.004,1
PrintAksorn_dataset/test/tho_than_Mitr-Regular.png,174,ฎ,0.3245,176,ฐ,0,174,0.3245,174(ฎ):0.325 | 175(ฏ):0.242 | 176(ฐ):0.106,1
PrintAksorn_dataset/test/tho_than_Norasi-BoldItalic.png,176,ฐ,0.9117,176,ฐ,1,176,0.9117,176(ฐ):0.912 | 175(ฏ):0.002 | 172(ฌ):0.002,1
PrintAksorn_dataset/test/tho_than_NotoSansThai-CondensedBold.png,175,ฏ,0.5507,176,ฐ,0,175,0.5507,175(ฏ):0.551 | 176(ฐ):0.266 | 174(ฎ):0.019,1
PrintAksorn_dataset/test/tho_than_NotoSerifThai-ExtraCondensedExtraLight.png,176,ฐ,0.7716,176,ฐ,1,176,0.7716,176(ฐ):0.772 | 175(ฏ):0.081 | 173(ญ):0.004,1
PrintAksorn_dataset/test/tho_than_Sriracha-Regular.png,176,ฐ,0.9051,176,ฐ,1,176,0.9051,176(ฐ):0.905 | 175(ฏ):0.009 | 174(ฎ):0.004,1
PrintAksorn_dataset/test/tho_thong_Loma.png,184,ธ,0.9563,184,ธ,1,184,0.9563,184(ธ):0.956 | 205(อ):0.002 | 206(ฮ):0.002,1
PrintAksorn_dataset/test/tho_thong_NotoSansThai-Bold.png,184,ธ,0.8141,184,ธ,1,184,0.8141,184(ธ):0.814 | 206(ฮ):0.048 | 205(อ):0.036,1
PrintAksorn_dataset/test/tho_thong_NotoSansThaiLooped-Thin.png,184,ธ,0.967,184,ธ,1,184,0.967,184(ธ):0.967 | 226(โ):0.002 | 206(ฮ):0.001,1
PrintAksorn_dataset/test/tho_thong_Prompt-ExtraLight.png,184,ธ,0.3026,184,ธ,1,184,0.3026,184(ธ):0.303 | 208(ะ):0.066 | 167(ง):0.056,1
PrintAksorn_dataset/test/tho_thong_Sarabun-ExtraBold.png,184,ธ,0.9639,184,ธ,1,184,0.9639,184(ธ):0.964 | 206(ฮ):0.005 | 205(อ):0.002,1
PrintAksorn_dataset/test/tho_thong_TH-Charmonman-Regular.png,184,ธ,0.8724,184,ธ,1,184,0.8724,184(ธ):0.872 | 226(โ):0.007 | 231(็):0.003,1
PrintAksorn_dataset/test/tho_thong_Taviraj-MediumItalic.png,184,ธ,0.9585,184,ธ,1,184,0.9585,184(ธ):0.958 | 172(ฌ):0.002 | 231(็):0.002,1
PrintAksorn_dataset/test/tho_thung_ChulaNarak-Bold-Italic.png,182,ถ,0.9453,182,ถ,1,182,0.9453,182(ถ):0.945 | 196(ฤ):0.015 | 180(ด):0.001,1
PrintAksorn_dataset/test/tho_thung_FonLeb-Italic.png,182,ถ,0.921,182,ถ,1,182,0.921,182(ถ):0.921 | 196(ฤ):0.013 | 197(ล):0.002,1
PrintAksorn_dataset/test/tho_thung_Himmaparnt-Bold.png,182,ถ,0.9177,182,ถ,1,182,0.9177,182(ถ):0.918 | 196(ฤ):0.018 | 180(ด):0.003,1
PrintAksorn_dataset/test/tho_thung_JS-75-Pumpuang.png,161,ก,0.8287,182,ถ,0,161,0.8287,161(ก):0.829 | 182(ถ):0.022 | 196(ฤ):0.009,1
PrintAksorn_dataset/test/tho_thung_JS-Angsumalin.png,182,ถ,0.7985,182,ถ,1,182,0.7985,182(ถ):0.799 | 196(ฤ):0.033 | 172(ฌ):0.015,1
PrintAksorn_dataset/test/tho_thung_Prompt-BoldItalic.png,164,ค,0.226,182,ถ,0,164,0.226,164(ค):0.226 | 182(ถ):0.121 | 172(ฌ):0.087,1
PrintAksorn_dataset/test/tho_thung_TH-Fahkwang-Italic.png,182,ถ,0.951,182,ถ,1,182,0.951,182(ถ):0.951 | 196(ฤ):0.009 | 180(ด):0.003,1
PrintAksorn_dataset/test/tho_thung_Taviraj-LightItalic.png,182,ถ,0.9568,182,ถ,1,182,0.9568,182(ถ):0.957 | 196(ฤ):0.006 | 197(ล):0.002,1
PrintAksorn_dataset/test/to_patak_JS-Saksit-Normal.png,175,ฏ,0.8051,175,ฏ,1,175,0.8051,175(ฏ):0.805 | 174(ฎ):0.108 | 182(ถ):0.003,1
PrintAksorn_dataset/test/to_patak_Laksaman.png,175,ฏ,0.8459,175,ฏ,1,175,0.8459,175(ฏ):0.846 | 174(ฎ):0.019 | 176(ฐ):0.004,1
PrintAksorn_dataset/test/to_patak_NotoSerifThai-CondensedBlack.png,175,ฏ,0.8236,175,ฏ,1,175,0.8236,175(ฏ):0.824 | 174(ฎ):0.092 | 182(ถ):0.003,1
PrintAksorn_dataset/test/to_patak_NotoSerifThai-CondensedSemiBold.png,175,ฏ,0.8599,175,ฏ,1,175,0.8599,175(ฏ):0.860 | 174(ฎ):0.055 | 182(ถ):0.005,1
PrintAksorn_dataset/test/to_patak_NotoSerifThai-SemiCondensedLight.png,175,ฏ,0.8491,175,ฏ,1,175,0.8491,175(ฏ):0.849 | 174(ฎ):0.034 | 182(ถ):0.006,1
PrintAksorn_dataset/test/to_patak_SR-FahMai-Bold.png,175,ฏ,0.8807,175,ฏ,1,175,0.8807,175(ฏ):0.881 | 174(ฎ):0.038 | 192(ภ):0.004,1
PrintAksorn_dataset/test/to_patak_SukhumvitSet.png,174,ฎ,0.4716,175,ฏ,0,174,0.4716,174(ฎ):0.472 | 175(ฏ):0.251 | 182(ถ):0.027,1
PrintAksorn_dataset/test/to_patak_TlwgMono-Oblique.png,175,ฏ,0.8739,175,ฏ,1,175,0.8739,175(ฏ):0.874 | 174(ฎ):0.030 | 182(ถ):0.003,1
PrintAksorn_dataset/test/to_patak_Trirong-Thin.png,175,ฏ,0.834,175,ฏ,1,175,0.834,175(ฏ):0.834 | 174(ฎ):0.043 | 176(ฐ):0.005,1
PrintAksorn_dataset/test/to_tao_JS-Charnchai-Normal.png,181,ต,0.7836,181,ต,1,181,0.7836,181(ต):0.784 | 165(ฅ):0.024 | 178(ฒ):0.017,1
PrintAksorn_dataset/test/to_tao_JS-Junkaew-Italic.png,181,ต,0.9065,181,ต,1,181,0.9065,181(ต):0.907 | 165(ฅ):0.011 | 178(ฒ):0.005,1
PrintAksorn_dataset/test/to_tao_JS-Saowapark-Italic.png,181,ต,0.8551,181,ต,1,181,0.8551,181(ต):0.855 | 165(ฅ):0.028 | 178(ฒ):0.009,1
PrintAksorn_dataset/test/to_tao_Kanit-MediumItalic.png,165,ฅ,0.3929,181,ต,0,165,0.3929,165(ฅ):0.393 | 181(ต):0.221 | 164(ค):0.025,1
PrintAksorn_dataset/test/to_tao_NotoSansThai-ExtraCondensedMedium.png,165,ฅ,0.4442,181,ต,0,165,0.4442,165(ฅ):0.444 | 181(ต):0.286 | 164(ค):0.066,1
PrintAksorn_dataset/test/to_tao_NotoSansThai-Light.png,165,ฅ,0.6543,181,ต,0,165,0.6543,165(ฅ):0.654 | 181(ต):0.185 | 188(ผ):0.006,1
PrintAksorn_dataset/test/to_tao_NotoSansThai-SemiCondensedExtraLight.png,181,ต,0.4568,181,ต,1,181,0.4568,181(ต):0.457 | 165(ฅ):0.363 | 161(ก):0.017,1
PrintAksorn_dataset/test/to_tao_NotoSerifThai-CondensedLight.png,181,ต,0.8656,181,ต,1,181,0.8656,181(ต):0.866 | 178(ฒ):0.018 | 165(ฅ):0.008,1
PrintAksorn_dataset/test/to_tao_Prompt-Medium.png,181,ต,0.4245,181,ต,1,181,0.4245,181(ต):0.425 | 165(ฅ):0.279 | 234(๊):0.017,1
PrintAksorn_dataset/test/to_tao_Prompt-SemiBoldItalic.png,165,ฅ,0.3556,181,ต,0,165,0.3556,165(ฅ):0.356 | 181(ต):0.190 | 205(อ):0.048,1
PrintAksorn_dataset/test/to_tao_Sarabun-Italic.png,181,ต,0.5552,181,ต,1,181,0.5552,181(ต):0.555 | 165(ฅ):0.207 | 178(ฒ):0.010,1
PrintAksorn_dataset/test/to_tao_Trirong-ThinItalic.png,181,ต,0.8131,181,ต,1,181,0.8131,181(ต):0.813 | 165(ฅ):0.026 | 178(ฒ):0.017,1
PrintAksorn_dataset/test/wo_waen_DC-Palamongkol-Regular.png,199,ว,0.8804,199,ว,1,199,0.8804,199(ว):0.880 | 187(ป):0.005 | 205(อ):0.003,1
PrintAksorn_dataset/test/wo_waen_FonLeb-Bold.png,199,ว,0.9174,199,ว,1,199,0.9174,199(ว):0.917 | 195(ร):0.003 | 205(อ):0.002,1
PrintAksorn_dataset/test/wo_waen_JS-Prajuk-Italic.png,199,ว,0.8935,199,ว,1,199,0.8935,199(ว):0.893 | 195(ร):0.017 | 209(ั):0.006,1
PrintAksorn_dataset/test/wo_waen_JS-Pumpuang-Normal.png,199,ว,0.4639,199,ว,1,199,0.4639,199(ว):0.464 | 205(อ):0.190 | 167(ง):0.069,1
PrintAksorn_dataset/test/wo_waen_KaniGa-Bold.png,199,ว,0.9407,199,ว,1,199,0.9407,199(ว):0.941 | 195(ร):0.002 | 174(ฎ):0.002,1
PrintAksorn_dataset/test/wo_waen_Loma-Bold.png,199,ว,0.8823,199,ว,1,199,0.8823,199(ว):0.882 | 195(ร):0.008 | 209(ั):0.004,1
PrintAksorn_dataset/test/wo_waen_Mitr-Medium.png,199,ว,0.5991,199,ว,1,199,0.5991,199(ว):0.599 | 167(ง):0.145 | 205(อ):0.024,1
PrintAksorn_dataset/test/wo_waen_PSK-Smart-Bold.png,199,ว,0.9103,199,ว,1,199,0.9103,199(ว):0.910 | 195(ร):0.007 | 205(อ):0.003,1
PrintAksorn_dataset/test/wo_waen_Pattaya-Regular.png,199,ว,0.3172,199,ว,1,199,0.3172,199(ว):0.317 | 205(อ):0.274 | 167(ง):0.051,1
PrintAksorn_dataset/test/wo_waen_Pridi-Bold.png,199,ว,0.503,199,ว,1,199,0.503,199(ว):0.503 | 205(อ):0.040 | 192(ภ):0.027,1
PrintAksorn_dataset/test/wo_waen_Pridi-SemiBold.png,199,ว,0.6384,199,ว,1,199,0.6384,199(ว):0.638 | 195(ร):0.026 | 205(อ):0.017,1
PrintAksorn_dataset/test/wo_waen_TH-Mali-Grade6-Regular.png,199,ว,0.9396,199,ว,1,199,0.9396,199(ว):0.940 | 174(ฎ):0.003 | 180(ด):0.002,1
PrintAksorn_dataset/test/yo_yak_JS-Rapee-Bold.png,194,ย,0.5544,194,ย,1,194,0.5544,194(ย):0.554 | 188(ผ):0.107 | 186(บ):0.037,1
PrintAksorn_dataset/test/yo_yak_Kinnari-BoldItalic.png,194,ย,0.8289,194,ย,1,194,0.8289,194(ย):0.829 | 205(อ):0.025 | 209(ั):0.010,1
PrintAksorn_dataset/test/yo_yak_NotoSansThai-CondensedExtraBold.png,205,อ,0.5107,194,ย,0,205,0.5107,205(อ):0.511 | 194(ย):0.145 | 163(ฃ):0.016,1
PrintAksorn_dataset/test/yo_yak_NotoSerifThai-SemiCondensedMedium.png,194,ย,0.9308,194,ย,1,194,0.9308,194(ย):0.931 | 186(บ):0.004 | 193(ม):0.003,1
PrintAksorn_dataset/test/yo_yak_Taviraj-Light.png,194,ย,0.9076,194,ย,1,194,0.9076,194(ย):0.908 | 188(ผ):0.005 | 174(ฎ):0.003,1
PrintAksorn_dataset/test/yo_ying_CmPrasanmit-Bold.png,173,ญ,0.9504,173,ญ,1,173,0.9504,173(ญ):0.950 | 172(ฌ):0.002 | 174(ฎ):0.002,1
PrintAksorn_dataset/test/yo_ying_FonLeb-Italic.png,173,ญ,0.9453,173,ญ,1,173,0.9453,173(ญ):0.945 | 172(ฌ):0.002 | 227(ใ):0.002,1
PrintAksorn_dataset/test/yo_ying_Himmaparnt-Bold.png,173,ญ,0.9256,173,ญ,1,173,0.9256,173(ญ):0.926 | 179(ณ):0.003 | 227(ใ):0.002,1
PrintAksorn_dataset/test/yo_ying_NotoSansThai-CondensedThin.png,173,ญ,0.971,173,ญ,1,173,0.971,173(ญ):0.971 | 201(ษ):0.002 | 194(ย):0.001,1
PrintAksorn_dataset/test/yo_ying_NotoSansThai-SemiCondensedBlack.png,173,ญ,0.8942,173,ญ,1,173,0.8942,173(ญ):0.894 | 205(อ):0.009 | 166(ฆ):0.007,1
PrintAksorn_dataset/test/yo_ying_NotoSansThaiLooped-Medium.png,173,ญ,0.9694,173,ญ,1,173,0.9694,173(ญ):0.969 | 172(ฌ):0.001 | 174(ฎ):0.001,1
PrintAksorn_dataset/test/yo_ying_NotoSerifThai-Black.png,173,ญ,0.958,173,ญ,1,173,0.958,173(ญ):0.958 | 172(ฌ):0.002 | 174(ฎ):0.002,1
PrintAksorn_dataset/test/yo_ying_NotoSerifThai-ExtraCondensedLight.png,173,ญ,0.9488,173,ญ,1,173,0.9488,173(ญ):0.949 | 197(ล):0.002 | 172(ฌ):0.001,1
PrintAksorn_dataset/test/yo_ying_Prompt-BoldItalic.png,173,ญ,0.7421,173,ญ,1,173,0.7421,173(ญ):0.742 | 201(ษ):0.062 | 178(ฒ):0.055,1
PrintAksorn_dataset/test/yo_ying_Purisa-Oblique.png,173,ญ,0.9715,173,ญ,1,173,0.9715,173(ญ):0.971 | 209(ั):0.001 | 194(ย):0.001,1
PrintAksorn_dataset/test/yo_ying_Sriracha-Regular.png,173,ญ,0.9558,173,ญ,1,173,0.9558,173(ญ):0.956 | 209(ั):0.001 | 208(ะ):0.001,1
PrintAksorn_dataset/test/yo_ying_Taviraj-Medium.png,173,ญ,0.9633,173,ญ,1,173,0.9633,173(ญ):0.963 | 174(ฎ):0.001 | 172(ฌ):0.001,1
