path,predicted_class,predicted_char,confidence,true_class,true_char,correct,model_pred,model_conf,top_3,agree
PrintAksorn_dataset/test/bo_baimai_JS-Pudgrong-Normal.png,186,บ,0.8897,186,บ,1,186,0.8897,186(บ):0.890 | 217(ู):0.003 | 188(ผ):0.002,1
PrintAksorn_dataset/test/bo_baimai_JS-Saksit-Bold-Italic.png,186,บ,0.9186,186,บ,1,186,0.9186,186(บ):0.919 | 190(พ):0.002 | 187(ป):0.002,1
PrintAksorn_dataset/test/bo_baimai_JS-Wansika-Italic.png,186,บ,0.4856,186,บ,1,186,0.4856,186(บ):0.486 | 187(ป):0.165 | 170(ช):0.059,1
PrintAksorn_dataset/test/bo_baimai_JS-Yodthida.png,186,บ,0.8724,186,บ,1,186,0.8724,186(บ):0.872 | 163(ฃ):0.004 | 162(ข):0.004,1
PrintAksorn_dataset/test/bo_baimai_Kanit-BoldItalic.png,186,บ,0.5174,186,บ,1,186,0.5174,186(บ):0.517 | 194(ย):0.083 | 217(ู):0.053,1
PrintAksorn_dataset/test/bo_baimai_NotoSerifThai-CondensedThin.png,186,บ,0.8805,186,บ,1,186,0.8805,186(บ):0.881 | 236(์):0.002 | 188(ผ):0.002,1
PrintAksorn_dataset/test/bo_baimai_NotoSerifThai-Light.png,186,บ,0.8881,186,บ,1,186,0.8881,186(บ):0.888 | 236(์):0.002 | 229(ๅ):0.002,1
PrintAksorn_dataset/test/bo_baimai_Prompt-Bold.png,186,บ,0.2863,186,บ,1,186,0.2863,186(บ):0.286 | 194(ย):0.104 | 203(ห):0.061,1
PrintAksorn_dataset/test/bo_baimai_Prompt-ExtraLightItalic.png,186,บ,0.726,186,บ,1,186,0.726,186(บ):0.726 | 187(ป):0.177 | 203(ห):0.009,1
PrintAksorn_dataset/test/bo_baimai_Prompt-Light.png,186,บ,0.749,186,บ,1,186,0.749,186(บ):0.749 | 187(ป):0.124 | 203(ห):0.011,1
PrintAksorn_dataset/test/bo_baimai_Sawasdee-Oblique.png,186,บ,0.8316,186,บ,1,186,0.8316,186(บ):0.832 | 187(ป):0.072 | 163(ฃ):0.011,1
PrintAksorn_dataset/test/bo_baimai_TH-Fahkwang-Italic.png,186,บ,0.9029,186,บ,1,186,0.9029,186(บ):0.903 | 229(ๅ):0.002 | 210(า):0.002,1
PrintAksorn_dataset/test/bo_baimai_TlwgTypist-Bold.png,186,บ,0.8941,186,บ,1,186,0.8941,186(บ):0.894 | 187(ป):0.005 | 162(ข):0.003,1
PrintAksorn_dataset/test/cho_chan_FonLeb-Regular.png,168,จ,0.9395,168,จ,1,168,0.9395,168(จ):0.939 | 197(ล):0.002 | 169(ฉ):0.001,1
PrintAksorn_dataset/test/cho_chan_JS-Giat-Bold.png,168,จ,0.6353,168,จ,1,168,0.6353,168(จ):0.635 | 169(ฉ):0.019 | 194(ย):0.016,1
PrintAksorn_dataset/test/cho_chan_JS-Sunsanee-Normal.png,168,จ,0.6575,168,จ,1,168,0.6575,168(จ):0.658 | 169(ฉ):0.019 | 205(อ):0.017,1
PrintAksorn_dataset/test/cho_chan_NotoSerifThai-ExtraCondensedExtraBold.png,168,จ,0.2363,168,จ,1,168,0.2363,168(จ):0.236 | 205(อ):0.059 | 197(ล):0.040,1
PrintAksorn_dataset/test/cho_chan_Prompt-BoldItalic.png,240,๐,0.3339,168,จ,0,240,0.3339,240(๐):0.334 | 241(๑):0.098 | 205(อ):0.073,1
PrintAksorn_dataset/test/cho_chan_Prompt-MediumItalic.png,240,๐,0.5918,168,จ,0,240,0.5918,240(๐):0.592 | 205(อ):0.067 | 199(ว):0.062,1
PrintAksorn_dataset/test/cho_chan_Taviraj-Black.png,168,จ,0.3774,168,จ,1,168,0.3774,168(จ):0.377 | 197(ล):0.191 | 241(๑):0.050,1
PrintAksorn_dataset/test/cho_chan_Taviraj-Bold.png,168,จ,0.5749,168,จ,1,168,0.5749,168(จ):0.575 | 197(ล):0.108 | 241(๑):0.032,1
PrintAksorn_dataset/test/cho_chan_Trirong-SemiBoldItalic.png,168,จ,0.8979,168,จ,1,168,0.8979,168(จ):0.898 | 197(ล):0.011 | 174(ฎ):0.002,1
PrintAksorn_dataset/test/cho_chang_CmPrasanmit-Bold-Italic.png,170,ช,0.8883,170,ช,1,170,0.8883,170(ช):0.888 | 200(ศ):0.002 | 162(ข):0.002,1
PrintAksorn_dataset/test/cho_chang_JS-Pisit-Italic.png,170,ช,0.7911,170,ช,1,170,0.7911,170(ช):0.791 | 162(ข):0.020 | 200(ศ):0.004,1
PrintAksorn_dataset/test/cho_chang_JS-Rapee-Bold-Italic.png,170,ช,0.9019,170,ช,1,170,0.9019,170(ช):0.902 | 185(น):0.003 | 191(ฟ):0.002,1
PrintAksorn_dataset/test/cho_chang_KaniGa-Bold.png,170,ช,0.9013,170,ช,1,170,0.9013,170(ช):0.901 | 171(ซ):0.003 | 164(ค):0.002,1
PrintAksorn_dataset/test/cho_chang_Maitree-Light.png,170,ช,0.7071,170,ช,1,170,0.7071,170(ช):0.707 | 203(ห):0.028 | 201(ษ):0.019,1
PrintAksorn_dataset/test/cho_chang_Norasi-Bold.png,170,ช,0.8899,170,ช,1,170,0.8899,170(ช):0.890 | 185(น):0.003 | 199(ว):0.002,1
PrintAksorn_dataset/test/cho_chang_NotoSansThaiLooped-ExtraBold.png,201,ษ,0.1865,170,ช,0,201,0.1865,201(ษ):0.186 | 170(ช):0.118 | 162(ข):0.108,1
PrintAksorn_dataset/test/cho_chang_NotoSerifThai-CondensedBold.png,170,ช,0.808,170,ช,1,170,0.808,170(ช):0.808 | 162(ข):0.018 | 245(๕):0.007,1
PrintAksorn_dataset/test/cho_chang_NotoSerifThai-SemiCondensed.png,170,ช,0.7888,170,ช,1,170,0.7888,170(ช):0.789 | 162(ข):0.025 | 245(๕):0.006,1
PrintAksorn_dataset/test/cho_chang_Prompt-Regular.png,170,ช,0.2406,170,ช,1,170,0.2406,170(ช):0.241 | 246(๖):0.181 | 171(ซ):0.092,1
PrintAksorn_dataset/test/cho_chang_TH-Chakra-Petch-Bold.png,170,ช,0.7164,170,ช,1,170,0.7164,170(ช):0.716 | 171(ซ):0.098 | 162(ข):0.022,1
PrintAksorn_dataset/test/cho_chang_TH-Fahkwang-Regular.png,170,ช,0.5413,170,ช,1,170,0.5413,170(ช):0.541 | 162(ข):0.181 | 245(๕):0.010,1
PrintAksorn_dataset/test/cho_ching_DC-Palamongkol-Italic.png,169,ฉ,0.8192,169,ฉ,1,169,0.8192,169(ฉ):0.819 | 174(ฎ):0.009 | 172(ฌ):0.005,1
PrintAksorn_dataset/test/cho_ching_Himmaparnt-Italic.png,169,ฉ,0.9154,169,ฉ,1,169,0.9154,169(ฉ):0.915 | 168(จ):0.004 | 176(ฐ):0.002,1
PrintAksorn_dataset/test/cho_ching_JS-Chusri-Normal.png,169,ฉ,0.486,169,ฉ,1,169,0.486,169(ฉ):0.486 | 182(ถ):0.046 | 161(ก):0.019,1
PrintAksorn_dataset/test/cho_ching_JS-Sunsanee-Italic.png,169,ฉ,0.9139,169,ฉ,1,169,0.9139,169(ฉ):0.914 | 168(จ):0.002 | 179(ณ):0.002,1
PrintAksorn_dataset/test/cho_ching_Kanit-ExtraBoldItalic.png,182,ถ,0.1516,169,ฉ,0,182,0.1516,182(ถ):0.152 | 197(ล):0.116 | 199(ว):0.098,1
PrintAksorn_dataset/test/cho_ching_Kanit-LightItalic.png,205,อ,0.251,169,ฉ,0,205,0.251,205(อ):0.251 | 240(๐):0.176 | 199(ว):0.035,1
PrintAksorn_dataset/test/cho_ching_Kinnari-BoldOblique.png,169,ฉ,0.8953,169,ฉ,1,169,0.8953,169(ฉ):0.895 | 176(ฐ):0.005 | 168(จ):0.003,1
PrintAksorn_dataset/test/cho_ching_Kinnari.png,169,ฉ,0.895,169,ฉ,1,169,0.895,169(ฉ):0.895 | 168(จ):0.004 | 176(ฐ):0.004,1
PrintAksorn_dataset/test/cho_ching_PSK-Smart-Bold.png,169,ฉ,0.9123,169,ฉ,1,169,0.9123,169(ฉ):0.912 | 176(ฐ):0.003 | 168(จ):0.002,1
PrintAksorn_dataset/test/cho_ching_Prompt-Medium.png,240,๐,0.4835,169,ฉ,0,240,0.4835,240(๐):0.483 | 205(อ):0.064 | 241(๑):0.054,1
PrintAksorn_dataset/test/cho_ching_TH-Sarabun-New-Bold.png,169,ฉ,0.8229,169,ฉ,1,169,0.8229,169(ฉ):0.823 | 176(ฐ):0.007 | 174(ฎ):0.005,1
PrintAksorn_dataset/test/cho_ching_Taviraj-SemiBold.png,169,ฉ,0.8701,169,ฉ,1,169,0.8701,169(ฉ):0.870 | 176(ฐ):0.005 | 182(ถ):0.004,1
PrintAksorn_dataset/test/cho_choe_Athiti-Medium.png,173,ญ,0.8404,172,ฌ,0,173,0.8404,173(ญ):0.840 | 179(ณ):0.064 | 172(ฌ):0.023,1
PrintAksorn_dataset/test/cho_choe_FonLeb-Bold.png,172,ฌ,0.8841,172,ฌ,1,172,0.8841,172(ฌ):0.884 | 166(ฆ):0.004 | 198(ฦ):0.002,1
PrintAksorn_dataset/test/cho_choe_JS-Giat-Bold.png,172,ฌ,0.9113,172,ฌ,1,172,0.9113,172(ฌ):0.911 | 178(ฒ):0.003 | 198(ฦ):0.003,1
PrintAksorn_dataset/test/cho_choe_JS-Sadayu-Allcaps.png,172,ฌ,0.9255,172,ฌ,1,172,0.9255,172(ฌ):0.926 | 166(ฆ):0.002 | 198(ฦ):0.001,1
PrintAksorn_dataset/test/cho_choe_JS-Saksit-Italic.png,172,ฌ,0.8882,172,ฌ,1,172,0.8882,172(ฌ):0.888 | 166(ฆ):0.003 | 167(ง):0.002,1
PrintAksorn_dataset/test/cho_choe_Kanit-ExtraBold.png,173,ญ,0.6564,172,ฌ,0,173,0.6564,173(ญ):0.656 | 179(ณ):0.150 | 172(ฌ):0.042,1
PrintAksorn_dataset/test/cho_choe_Maitree-Regular.png,172,ฌ,0.9146,172,ฌ,1,172,0.9146,172(ฌ):0.915 | 166(ฆ):0.002 | 167(ง):0.002,1
PrintAksorn_dataset/test/cho_choe_NotoSansThai-Black.png,179,ณ,0.3788,172,ฌ,0,179,0.3788,179(ณ):0.379 | 173(ญ):0.209 | 172(ฌ):0.161,1
PrintAksorn_dataset/test/cho_choe_NotoSansThai-ExtraBold.png,173,ญ,0.4073,172,ฌ,0,173,0.4073,173(ญ):0.407 | 172(ฌ):0.190 | 179(ณ):0.112,1
PrintAksorn_dataset/test/cho_choe_NotoSerifThai-Light.png,172,ฌ,0.9099,172,ฌ,1,172,0.9099,172(ฌ):0.910 | 166(ฆ):0.003 | 225(แ):0.002,1
PrintAksorn_dataset/test/cho_choe_PSK-SmartItaic.png,172,ฌ,0.9357,172,ฌ,1,172,0.9357,172(ฌ):0.936 | 206(ฮ):0.001 | 166(ฆ):0.001,1
PrintAksorn_dataset/test/cho_choe_Pattaya-Regular.png,172,ฌ,0.2499,172,ฌ,1,172,0.2499,172(ฌ):0.250 | 179(ณ):0.187 | 173(ญ):0.159,1
PrintAksorn_dataset/test/cho_choe_Prompt-Bold.png,172,ฌ,0.2863,172,ฌ,1,172,0.2863,172(ฌ):0.286 | 179(ณ):0.215 | 173(ญ):0.146,1
PrintAksorn_dataset/test/cho_choe_Prompt-BoldItalic.png,172,ฌ,0.3073,172,ฌ,1,172,0.3073,172(ฌ):0.307 | 173(ญ):0.251 | 179(ณ):0.230,1
PrintAksorn_dataset/test/cho_choe_Sarabun-Italic.png,172,ฌ,0.9139,172,ฌ,1,172,0.9139,172(ฌ):0.914 | 166(ฆ):0.002 | 232(่):0.002,1
PrintAksorn_dataset/test/cho_choe_Taviraj-Light.png,172,ฌ,0.9276,172,ฌ,1,172,0.9276,172(ฌ):0.928 | 166(ฆ):0.002 | 206(ฮ):0.001,1
PrintAksorn_dataset/test/cho_choe_TlwgTypewriter-Bold.png,172,ฌ,0.9182,172,ฌ,1,172,0.9182,172(ฌ):0.918 | 173(ญ):0.003 | 193(ม):0.002,1
PrintAksorn_dataset/test/cho_choe_Waree-Oblique.png,172,ฌ,0.9212,172,ฌ,1,172,0.9212,172(ฌ):0.921 | 232(่):0.002 | 166(ฆ):0.002,1
PrintAksorn_dataset/test/colon_NotoSansThai-Light.png,186,บ,0.1895,,,,186,0.1895,186(บ):0.190 | 187(ป):0.113 | 174(ฎ):0.036,1
PrintAksorn_dataset/test/colon_NotoSerifThai-CondensedExtraBold.png,186,บ,0.1737,,,,186,0.1737,186(บ):0.174 | 187(ป):0.118 | 174(ฎ):0.038,1
PrintAksorn_dataset/test/colon_Prompt-Medium.png,208,ะ,0.7488,,,,208,0.7488,208(ะ):0.749 | 211(ำ):0.012 | 176(ฐ):0.011,1
PrintAksorn_dataset/test/colon_Taviraj-ExtraLight.png,208,ะ,0.5189,,,,208,0.5189,208(ะ):0.519 | 176(ฐ):0.051 | 174(ฎ):0.048,1
PrintAksorn_dataset/test/colon_TlwgTypo-BoldOblique.png,208,ะ,0.7471,,,,208,0.7471,208(ะ):0.747 | 211(ำ):0.017 | 193(ม):0.009,1
PrintAksorn_dataset/test/colon_Trirong-SemiBoldItalic.png,208,ะ,0.7861,,,,208,0.7861,208(ะ):0.786 | 211(ำ):0.014 | 199(ว):0.008,1
PrintAksorn_dataset/test/comma_JS-Jukaphan-Italic.png,216,ุ,0.3882,,,,216,0.3882,216(ุ):0.388 | 241(๑):0.152 | 233(้):0.144,1
PrintAksorn_dataset/test/comma_JS-Prasoplarp-Italic.png,216,ุ,0.3104,,,,216,0.3104,216(ุ):0.310 | 230(ๆ):0.085 | 232(่):0.057,1
PrintAksorn_dataset/test/comma_JS-Saksit-Italic.png,241,๑,0.9251,,,,241,0.9251,241(๑):0.925 | 216(ุ):0.004 | 244(๔):0.002,1
PrintAksorn_dataset/test/comma_Kanit-ExtraLight.png,232,่,0.9147,,,,232,0.9147,232(่):0.915 | 161(ก):0.003 | 224(เ):0.003,1
PrintAksorn_dataset/test/comma_Kinnari-BoldOblique.png,241,๑,0.6322,,,,241,0.6322,241(๑):0.632 | 216(ุ):0.071 | 233(้):0.060,1
PrintAksorn_dataset/test/comma_NotoSansThai-CondensedBold.png,186,บ,0.1665,,,,186,0.1665,186(บ):0.167 | 187(ป):0.118 | 174(ฎ):0.036,1
PrintAksorn_dataset/test/comma_NotoSansThai-ExtraCondensed.png,186,บ,0.18,,,,186,0.18,186(บ):0.180 | 187(ป):0.113 | 174(ฎ):0.037,1
PrintAksorn_dataset/test/comma_NotoSansThai-SemiCondensedLight.png,186,บ,0.1567,,,,186,0.1567,186(บ):0.157 | 187(ป):0.119 | 174(ฎ):0.037,1
PrintAksorn_dataset/test/comma_NotoSansThaiLooped-Regular.png,232,่,0.9065,,,,232,0.9065,232(่):0.907 | 194(ย):0.003 | 183(ท):0.002,1
PrintAksorn_dataset/test/comma_NotoSerifThai-CondensedBlack.png,186,บ,0.18,,,,186,0.18,186(บ):0.180 | 187(ป):0.113 | 174(ฎ):0.037,1
PrintAksorn_dataset/test/comma_TH-Fahkwang-Italic.png,241,๑,0.42,,,,241,0.42,241(๑):0.420 | 216(ุ):0.354 | 232(่):0.015,1
PrintAksorn_dataset/test/comma_TlwgTypist-Oblique.png,232,่,0.7071,,,,232,0.7071,232(่):0.707 | 233(้):0.038 | 236(์):0.018,1
PrintAksorn_dataset/test/digit_0_JS-Prasoplarp-Normal.png,240,๐,0.8943,240,๐,1,240,0.8943,240(๐):0.894 | 206(ฮ):0.003 | 245(๕):0.002,1
PrintAksorn_dataset/test/digit_0_JS-Rapee-Bold-Italic.png,240,๐,0.8944,240,๐,1,240,0.8944,240(๐):0.894 | 199(ว):0.003 | 206(ฮ):0.002,1
PrintAksorn_dataset/test/digit_0_JS-Saowapark-Italic.png,240,๐,0.8959,240,๐,1,240,0.8959,240(๐):0.896 | 199(ว):0.003 | 167(ง):0.002,1
PrintAksorn_dataset/test/digit_0_NotoSansThai-ExtraCondensedExtraBold.png,240,๐,0.9324,240,๐,1,240,0.9324,240(๐):0.932 | 205(อ):0.003 | 237(ํ):0.002,1
PrintAksorn_dataset/test/digit_0_NotoSansThai-Light.png,240,๐,0.852,240,๐,1,240,0.852,240(๐):0.852 | 199(ว):0.005 | 167(ง):0.005,1
PrintAksorn_dataset/test/digit_0_NotoSansThai-SemiCondensedExtraBold.png,240,๐,0.8921,240,๐,1,240,0.8921,240(๐):0.892 | 241(๑):0.005 | 205(อ):0.004,1
PrintAksorn_dataset/test/digit_0_NotoSerifThai-CondensedMedium.png,240,๐,0.8835,240,๐,1,240,0.8835,240(๐):0.883 | 228(ไ):0.003 | 205(อ):0.003,1
PrintAksorn_dataset/test/digit_0_TH-Niramit-AS-Italic.png,240,๐,0.9015,240,๐,1,240,0.9015,240(๐):0.901 | 206(ฮ):0.002 | 245(๕):0.002,1
PrintAksorn_dataset/test/digit_0_Trirong-BlackItalic.png,240,๐,0.8842,240,๐,1,240,0.8842,240(๐):0.884 | 241(๑):0.006 | 232(่):0.003,1
PrintAksorn_dataset/test/digit_0_Trirong-ExtraBold.png,240,๐,0.8602,240,๐,1,240,0.8602,240(๐):0.860 | 241(๑):0.007 | 232(่):0.003,1
PrintAksorn_dataset/test/digit_0_Umpush-Oblique.png,240,๐,0.9165,240,๐,1,240,0.9165,240(๐):0.916 | 206(ฮ):0.002 | 178(ฒ):0.002,1
PrintAksorn_dataset/test/digit_1_Aksaramatee-Regular.png,241,๑,0.9462,241,๑,1,241,0.9462,241(๑):0.946 | 227(ใ):0.002 | 180(ด):0.001,1
PrintAksorn_dataset/test/digit_1_CmPrasanmit-Italic.png,241,๑,0.9241,241,๑,1,241,0.9241,241(๑):0.924 | 180(ด):0.003 | 227(ใ):0.002,1
PrintAksorn_dataset/test/digit_1_JS-Rapee-Normal.png,241,๑,0.9074,241,๑,1,241,0.9074,241(๑):0.907 | 180(ด):0.004 | 197(ล):0.002,1
PrintAksorn_dataset/test/digit_1_JS-Sadayu-Allcaps.png,241,๑,0.8997,241,๑,1,241,0.8997,241(๑):0.900 | 240(๐):0.007 | 180(ด):0.003,1
PrintAksorn_dataset/test/digit_1_JS-Saowapark-Normal.png,241,๑,0.9424,241,๑,1,241,0.9424,241(๑):0.942 | 227(ใ):0.002 | 245(๕):0.002,1
PrintAksorn_dataset/test/digit_1_Prompt-BoldItalic.png,241,๑,0.8788,241,๑,1,241,0.8788,241(๑):0.879 | 171(ซ):0.003 | 197(ล):0.003,1
PrintAksorn_dataset/test/digit_1_Prompt-Italic.png,241,๑,0.7468,241,๑,1,241,0.7468,241(๑):0.747 | 240(๐):0.039 | 199(ว):0.006,1
PrintAksorn_dataset/test/digit_1_Sawasdee.png,241,๑,0.3885,241,๑,1,241,0.3885,241(๑):0.389 | 240(๐):0.308 | 199(ว):0.015,1
PrintAksorn_dataset/test/digit_1_TH-Srisakdi-Bold.png,241,๑,0.9285,241,๑,1,241,0.9285,241(๑):0.928 | 245(๕):0.003 | 246(๖):0.002,1
PrintAksorn_dataset/test/digit_2_Athiti-Bold.png,242,๒,0.8813,242,๒,1,242,0.8813,242(๒):0.881 | 180(ด):0.004 | 228(ไ):0.004,1
PrintAksorn_dataset/test/digit_2_JS-Jindara-Italic.png,242,๒,0.9034,242,๒,1,242,0.9034,242(๒):0.903 | 247(๗):0.003 | 181(ต):0.003,1
PrintAksorn_dataset/test/digit_2_JS-Pitsamai-Italic.png,242,๒,0.8524,242,๒,1,242,0.8524,242(๒):0.852 | 201(ษ):0.005 | 180(ด):0.004,1
PrintAksorn_dataset/test/digit_2_JS-Sadayu-Allcaps.png,242,๒,0.9064,242,๒,1,242,0.9064,242(๒):0.906 | 197(ล):0.002 | 181(ต):0.002,1
PrintAksorn_dataset/test/digit_2_JS-Wansika-Italic.png,242,๒,0.8991,242,๒,1,242,0.8991,242(๒):0.899 | 247(๗):0.006 | 205(อ):0.003,1
PrintAksorn_dataset/test/digit_2_KaniGa-Bold-Italic.png,242,๒,0.8751,242,๒,1,242,0.8751,242(๒):0.875 | 197(ล):0.003 | 181(ต):0.003,1
PrintAksorn_dataset/test/digit_2_NotoSerifThai-SemiCondensed.png,242,๒,0.8625,242,๒,1,242,0.8625,242(๒):0.862 | 233(้):0.004 | 180(ด):0.004,1
PrintAksorn_dataset/test/digit_2_Sarabun-ExtraBold.png,242,๒,0.881,242,๒,1,242,0.881,242(๒):0.881 | 246(๖):0.005 | 197(ล):0.003,1
PrintAksorn_dataset/test/digit_2_Sarabun-ExtraLight.png,242,๒,0.878,242,๒,1,242,0.878,242(๒):0.878 | 246(๖):0.004 | 240(๐):0.003,1
PrintAksorn_dataset/test/digit_2_TH-Chakra-Petch-Italic.png,242,๒,0.9279,242,๒,1,242,0.9279,242(๒):0.928 | 178(ฒ):0.002 | 174(ฎ):0.002,1
PrintAksorn_dataset/test/digit_2_TH-Sarabun-New-Regular.png,242,๒,0.8789,242,๒,1,242,0.8789,242(๒):0.879 | 246(๖):0.003 | 233(้):0.003,1
PrintAksorn_dataset/test/digit_2_TH-Srisakdi-Bold.png,242,๒,0.406,242,๒,1,242,0.406,242(๒):0.406 | 224(เ):0.051 | 246(๖):0.038,1
PrintAksorn_dataset/test/digit_3_Aksaramatee-Bold.png,243,๓,0.9047,243,๓,1,243,0.9047,243(๓):0.905 | 181(ต):0.002 | 207(ฯ):0.002,1
PrintAksorn_dataset/test/digit_3_Athiti-Medium.png,243,๓,0.8735,243,๓,1,243,0.8735,243(๓):0.873 | 242(๒):0.007 | 165(ฅ):0.007,1
PrintAksorn_dataset/test/digit_3_JS-Pumpuang-Normal.png,243,๓,0.795,243,๓,1,243,0.795,243(๓):0.795 | 247(๗):0.029 | 181(ต):0.009,1
PrintAksorn_dataset/test/digit_3_Krungthep.png,243,๓,0.8593,243,๓,1,243,0.8593,243(๓):0.859 | 181(ต):0.013 | 165(ฅ):0.010,1
PrintAksorn_dataset/test/digit_3_Maitree-Medium.png,243,๓,0.8753,243,๓,1,243,0.8753,243(๓):0.875 | 182(ถ):0.004 | 173(ญ):0.003,1
PrintAksorn_dataset/test/digit_3_Sarabun-SemiBoldItalic.png,243,๓,0.9299,243,๓,1,243,0.9299,243(๓):0.930 | 181(ต):0.007 | 183(ท):0.003,1
PrintAksorn_dataset/test/digit_3_TH-K2D-July8-Bold.png,243,๓,0.9158,243,๓,1,243,0.9158,243(๓):0.916 | 182(ถ):0.003 | 181(ต):0.003,1
PrintAksorn_dataset/test/digit_3_TH-KoHo-Bold-Italic.png,243,๓,0.9231,243,๓,1,243,0.9231,243(๓):0.923 | 181(ต):0.012 | 182(ถ):0.004,1
PrintAksorn_dataset/test/digit_3_TH-Sarabun-New-Italic.png,243,๓,0.8542,243,๓,1,243,0.8542,243(๓):0.854 | 183(ท):0.016 | 181(ต):0.008,1
PrintAksorn_dataset/test/digit_3_Taviraj-BoldItalic.png,243,๓,0.6693,243,๓,1,243,0.6693,243(๓):0.669 | 179(ณ):0.065 | 247(๗):0.019,1
PrintAksorn_dataset/test/digit_3_Taviraj-Thin.png,243,๓,0.7217,243,๓,1,243,0.7217,243(๓):0.722 | 183(ท):0.046 | 179(ณ):0.016,1
PrintAksorn_dataset/test/digit_3_Trirong-ExtraBold.png,243,๓,0.6659,243,๓,1,243,0.6659,243(๓):0.666 | 179(ณ):0.039 | 173(ญ):0.032,1
PrintAksorn_dataset/test/digit_4_Athiti-ExtraLight.png,244,๔,0.8336,244,๔,1,244,0.8336,244(๔):0.834 | 248(๘):0.012 | 173(ญ):0.005,1
PrintAksorn_dataset/test/digit_4_Garuda-BoldOblique.png,244,๔,0.9229,244,๔,1,244,0.9229,244(๔):0.923 | 245(๕):0.002 | 226(โ):0.002,1
PrintAksorn_dataset/test/digit_4_Garuda.png,244,๔,0.9336,244,๔,1,244,0.9336,244(๔):0.934 | 226(โ):0.002 | 242(๒):0.002,1
PrintAksorn_dataset/test/digit_4_JS-Giat-Bold.png,244,๔,0.7615,244,๔,1,244,0.7615,244(๔):0.761 | 245(๕):0.036 | 248(๘):0.009,1
PrintAksorn_dataset/test/digit_4_JS-Sunsanee-Italic.png,244,๔,0.4756,244,๔,1,244,0.4756,244(๔):0.476 | 245(๕):0.035 | 173(ญ):0.029,1
PrintAksorn_dataset/test/digit_4_Kanit-SemiBold.png,244,๔,0.9442,244,๔,1,244,0.9442,244(๔):0.944 | 248(๘):0.003 | 231(็):0.002,1
PrintAksorn_dataset/test/digit_4_NotoSansThai-Bold.png,244,๔,0.8015,244,๔,1,244,0.8015,244(๔):0.802 | 245(๕):0.025 | 249(๙):0.004,1
PrintAksorn_dataset/test/digit_4_NotoSerifThai-Bold.png,244,๔,0.8308,244,๔,1,244,0.8308,244(๔):0.831 | 245(๕):0.012 | 173(ญ):0.004,1
PrintAksorn_dataset/test/digit_4_NotoSerifThai-Condensed.png,244,๔,0.8636,244,๔,1,244,0.8636,244(๔):0.864 | 245(๕):0.006 | 242(๒):0.003,1
PrintAksorn_dataset/test/digit_4_NotoSerifThai-CondensedBold.png,244,๔,0.8531,244,๔,1,244,0.8531,244(๔):0.853 | 245(๕):0.005 | 199(ว):0.003,1
PrintAksorn_dataset/test/digit_4_TH-Niramit-AS-Regular.png,244,๔,0.9223,244,๔,1,244,0.9223,244(๔):0.922 | 245(๕):0.003 | 205(อ):0.002,1
PrintAksorn_dataset/test/digit_4_TlwgMono-Bold.png,244,๔,0.8465,244,๔,1,244,0.8465,244(๔):0.846 | 248(๘):0.026 | 245(๕):0.004,1
PrintAksorn_dataset/test/digit_4_TlwgTypo-BoldOblique.png,244,๔,0.9351,244,๔,1,244,0.9351,244(๔):0.935 | 194(ย):0.001 | 225(แ):0.001,1
PrintAksorn_dataset/test/digit_4_Trirong-BlackItalic.png,244,๔,0.8622,244,๔,1,244,0.8622,244(๔):0.862 | 245(๕):0.014 | 203(ห):0.003,1
PrintAksorn_dataset/test/digit_5_JS-Jindara-Italic.png,245,๕,0.8758,245,๕,1,245,0.8758,245(๕):0.876 | 186(บ):0.003 | 174(ฎ):0.002,1
PrintAksorn_dataset/test/digit_5_JS-Oobboon-Normal.png,245,๕,0.8957,245,๕,1,245,0.8957,245(๕):0.896 | 249(๙):0.006 | 244(๔):0.004,1
PrintAksorn_dataset/test/digit_5_JS-Pisit-Normal.png,245,๕,0.8806,245,๕,1,245,0.8806,245(๕):0.881 | 208(ะ):0.003 | 241(๑):0.003,1
PrintAksorn_dataset/test/digit_5_JS-Rapee-Bold.png,245,๕,0.9179,245,๕,1,245,0.9179,245(๕):0.918 | 208(ะ):0.003 | 234(๊):0.002,1
PrintAksorn_dataset/test/digit_5_Laksaman-BoldItalic.png,245,๕,0.9173,245,๕,1,245,0.9173,245(๕):0.917 | 188(ผ):0.002 | 163(ฃ):0.002,1
PrintAksorn_dataset/test/digit_5_Maitree-Bold.png,245,๕,0.9305,245,๕,1,245,0.9305,245(๕):0.930 | 244(๔):0.002 | 249(๙):0.002,1
PrintAksorn_dataset/test/digit_5_Norasi-BoldOblique.png,245,๕,0.9043,245,๕,1,245,0.9043,245(๕):0.904 | 244(๔):0.003 | 186(บ):0.002,1
PrintAksorn_dataset/test/digit_5_NotoSansThai-SemiBold.png,245,๕,0.9148,245,๕,1,245,0.9148,245(๕):0.915 | 196(ฤ):0.002 | 176(ฐ):0.002,1
PrintAksorn_dataset/test/digit_5_NotoSerifThai-ExtraCondensedBold.png,245,๕,0.8864,245,๕,1,245,0.8864,245(๕):0.886 | 208(ะ):0.003 | 249(๙):0.002,1
PrintAksorn_dataset/test/digit_5_Sarabun-Thin.png,245,๕,0.9184,245,๕,1,245,0.9184,245(๕):0.918 | 249(๙):0.002 | 241(๑):0.002,1
PrintAksorn_dataset/test/digit_5_TH-Niramit-AS-Italic.png,245,๕,0.9295,245,๕,1,245,0.9295,245(๕):0.929 | 213(ี):0.002 | 244(๔):0.001,1
PrintAksorn_dataset/test/digit_5_Trirong-MediumItalic.png,245,๕,0.9415,245,๕,1,245,0.9415,245(๕):0.942 | 244(๔):0.001 | 186(บ):0.001,1
PrintAksorn_dataset/test/digit_5_Waree-Oblique.png,245,๕,0.9061,245,๕,1,245,0.9061,245(๕):0.906 | 244(๔):0.002 | 188(ผ):0.002,1
PrintAksorn_dataset/test/digit_6_JS-Jukaphan-Italic.png,246,๖,0.8714,246,๖,1,246,0.8714,246(๖):0.871 | 164(ค):0.003 | 185(น):0.003,1
PrintAksorn_dataset/test/digit_6_JS-Synjai-Italic.png,246,๖,0.8576,246,๖,1,246,0.8576,246(๖):0.858 | 185(น):0.004 | 164(ค):0.003,1
PrintAksorn_dataset/test/digit_6_Kanit-Medium.png,246,๖,0.6452,246,๖,1,246,0.6452,246(๖):0.645 | 242(๒):0.051 | 240(๐):0.017,1
PrintAksorn_dataset/test/digit_6_NotoSansThai-ExtraCondensedSemiBold.png,246,๖,0.9353,246,๖,1,246,0.9353,246(๖):0.935 | 230(ๆ):0.007 | 242(๒):0.004,1
PrintAksorn_dataset/test/digit_6_NotoSansThaiLooped-ExtraLight.png,246,๖,0.8761,246,๖,1,246,0.8761,246(๖):0.876 | 183(ท):0.005 | 192(ภ):0.004,1
PrintAksorn_dataset/test/digit_6_NotoSerifThai-ExtraCondensedMedium.png,246,๖,0.9259,246,๖,1,246,0.9259,246(๖):0.926 | 192(ภ):0.002 | 212(ิ):0.002,1
PrintAksorn_dataset/test/digit_6_Pattaya-Regular.png,246,๖,0.8434,246,๖,1,246,0.8434,246(๖):0.843 | 185(น):0.005 | 183(ท):0.005,1
PrintAksorn_dataset/test/digit_6_TH-Baijam-Bold.png,246,๖,0.9089,246,๖,1,246,0.9089,246(๖):0.909 | 212(ิ):0.002 | 185(น):0.002,1
PrintAksorn_dataset/test/digit_7_Ayuthaya.png,247,๗,0.8451,247,๗,1,247,0.8451,247(๗):0.845 | 242(๒):0.014 | 240(๐):0.007,1
PrintAksorn_dataset/test/digit_7_JS-Synjai-Italic.png,247,๗,0.9317,247,๗,1,247,0.9317,247(๗):0.932 | 234(๊):0.002 | 197(ล):0.002,1
PrintAksorn_dataset/test/digit_7_Laksaman-BoldItalic.png,247,๗,0.8742,247,๗,1,247,0.8742,247(๗):0.874 | 242(๒):0.004 | 173(ญ):0.003,1
PrintAksorn_dataset/test/digit_7_Nakaracha-Bold.png,247,๗,0.9143,247,๗,1,247,0.9143,247(๗):0.914 | 242(๒):0.005 | 234(๊):0.004,1
PrintAksorn_dataset/test/digit_7_Pridi-Regular.png,247,๗,0.813,247,๗,1,247,0.813,247(๗):0.813 | 173(ญ):0.033 | 234(๊):0.012,1
PrintAksorn_dataset/test/digit_7_Prompt-LightItalic.png,247,๗,0.8451,247,๗,1,247,0.8451,247(๗):0.845 | 242(๒):0.014 | 240(๐):0.008,1
PrintAksorn_dataset/test/digit_7_Sarabun-Regular.png,247,๗,0.9258,247,๗,1,247,0.9258,247(๗):0.926 | 234(๊):0.003 | 242(๒):0.002,1
PrintAksorn_dataset/test/digit_7_Sarabun-SemiBoldItalic.png,247,๗,0.899,247,๗,1,247,0.899,247(๗):0.899 | 234(๊):0.003 | 173(ญ):0.003,1
PrintAksorn_dataset/test/digit_7_Sawasdee-Bold.png,247,๗,0.805,247,๗,1,247,0.805,247(๗):0.805 | 242(๒):0.017 | 240(๐):0.011,1
PrintAksorn_dataset/test/digit_7_Taviraj-Regular.png,247,๗,0.911,247,๗,1,247,0.911,247(๗):0.911 | 234(๊):0.007 | 173(ญ):0.003,1
PrintAksorn_dataset/test/digit_7_TlwgTypo-Bold.png,247,๗,0.8831,247,๗,1,247,0.8831,247(๗):0.883 | 234(๊):0.026 | 197(ล):0.003,1
PrintAksorn_dataset/test/digit_7_Trirong-Light.png,247,๗,0.9278,247,๗,1,247,0.9278,247(๗):0.928 | 234(๊):0.004 | 173(ญ):0.003,1
PrintAksorn_dataset/test/digit_7_Trirong-LightItalic.png,247,๗,0.9095,247,๗,1,247,0.9095,247(๗):0.910 | 234(๊):0.004 | 173(ญ):0.003,1
PrintAksorn_dataset/test/digit_7_Umpush-BoldOblique.png,247,๗,0.8936,247,๗,1,247,0.8936,247(๗):0.894 | 234(๊):0.013 | 173(ญ):0.004,1
PrintAksorn_dataset/test/digit_8_ChulaNarak-Bold.png,248,๘,0.8099,248,๘,1,248,0.8099,248(๘):0.810 | 247(๗):0.010 | 169(ฉ):0.005,1
PrintAksorn_dataset/test/digit_8_JS-75-Pumpuang.png,248,๘,0.7671,248,๘,1,248,0.7671,248(๘):0.767 | 231(็):0.034 | 208(ะ):0.008,1
PrintAksorn_dataset/test/digit_8_Kanit-MediumItalic.png,248,๘,0.9374,248,๘,1,248,0.9374,248(๘):0.937 | 231(็):0.003 | 169(ฉ):0.002,1
PrintAksorn_dataset/test/digit_8_Kinnari-BoldOblique.png,248,๘,0.8616,248,๘,1,248,0.8616,248(๘):0.862 | 247(๗):0.008 | 231(็):0.003,1
PrintAksorn_dataset/test/digit_8_NotoSansThai-SemiCondensedExtraLight.png,248,๘,0.863,248,๘,1,248,0.863,248(๘):0.863 | 247(๗):0.005 | 208(ะ):0.004,1
PrintAksorn_dataset/test/digit_8_NotoSansThai-SemiCondensedLight.png,248,๘,0.8584,248,๘,1,248,0.8584,248(๘):0.858 | 247(๗):0.006 | 208(ะ):0.004,1
PrintAksorn_dataset/test/digit_8_NotoSerifThai-SemiCondensedBlack.png,248,๘,0.9146,248,๘,1,248,0.9146,248(๘):0.915 | 247(๗):0.004 | 204(ฬ):0.002,1
PrintAksorn_dataset/test/digit_8_PSK-SmartBI.png,248,๘,0.8775,248,๘,1,248,0.8775,248(๘):0.877 | 231(็):0.006 | 247(๗):0.005,1
PrintAksorn_dataset/test/digit_8_Sathu.png,248,๘,0.8543,248,๘,1,248,0.8543,248(๘):0.854 | 247(๗):0.008 | 245(๕):0.004,1
PrintAksorn_dataset/test/digit_8_Silom.png,248,๘,0.8689,248,๘,1,248,0.8689,248(๘):0.869 | 247(๗):0.007 | 234(๊):0.003,1
PrintAksorn_dataset/test/digit_8_TH-KoHo-Bold-Italic.png,248,๘,0.8619,248,๘,1,248,0.8619,248(๘):0.862 | 231(็):0.010 | 247(๗):0.006,1
PrintAksorn_dataset/test/digit_9_JS-Obsaward-Normal.png,249,๙,0.8608,249,๙,1,249,0.8608,249(๙):0.861 | 200(ศ):0.009 | 216(ุ):0.004,1
PrintAksorn_dataset/test/digit_9_JS-Prapakorn-Normal.png,249,๙,0.9114,249,๙,1,249,0.9114,249(๙):0.911 | 200(ศ):0.002 | 185(น):0.002,1
PrintAksorn_dataset/test/digit_9_JS-Saksit-Bold-Italic.png,249,๙,0.8646,249,๙,1,249,0.8646,249(๙):0.865 | 245(๕):0.045 | 248(๘):0.003,1
PrintAksorn_dataset/test/digit_9_JS-Saksit-Normal.png,249,๙,0.8939,249,๙,1,249,0.8939,249(๙):0.894 | 245(๕):0.034 | 202(ส):0.003,1
PrintAksorn_dataset/test/digit_9_Kanit-ExtraLightItalic.png,249,๙,0.8548,249,๙,1,249,0.8548,249(๙):0.855 | 201(ษ):0.004 | 248(๘):0.004,1
PrintAksorn_dataset/test/digit_9_Kanit-Light.png,249,๙,0.9135,249,๙,1,249,0.9135,249(๙):0.914 | 248(๘):0.003 | 201(ษ):0.002,1
PrintAksorn_dataset/test/digit_9_Kinnari-Italic.png,249,๙,0.8974,249,๙,1,249,0.8974,249(๙):0.897 | 195(ร):0.003 | 228(ไ):0.002,1
PrintAksorn_dataset/test/digit_9_Mitr-ExtraLight.png,249,๙,0.7971,249,๙,1,249,0.7971,249(๙):0.797 | 244(๔):0.050 | 248(๘):0.011,1
PrintAksorn_dataset/test/digit_9_NotoSansThai-ExtraCondensed.png,249,๙,0.863,249,๙,1,249,0.863,249(๙):0.863 | 200(ศ):0.009 | 202(ส):0.006,1
PrintAksorn_dataset/test/digit_9_NotoSansThai-SemiCondensedMedium.png,249,๙,0.8928,249,๙,1,249,0.8928,249(๙):0.893 | 200(ศ):0.005 | 170(ช):0.003,1
PrintAksorn_dataset/test/digit_9_PSK-SmartBI.png,249,๙,0.922,249,๙,1,249,0.922,249(๙):0.922 | 200(ศ):0.003 | 216(ุ):0.002,1
PrintAksorn_dataset/test/digit_9_TH-Kodchasal-Bold.png,249,๙,0.9108,249,๙,1,249,0.9108,249(๙):0.911 | 216(ุ):0.002 | 195(ร):0.002,1
PrintAksorn_dataset/test/digit_9_TlwgTypewriter-BoldOblique.png,249,๙,0.9132,249,๙,1,249,0.9132,249(๙):0.913 | 247(๗):0.002 | 191(ฟ):0.002,1
PrintAksorn_dataset/test/digit_9_TlwgTypo-Oblique.png,249,๙,0.92,249,๙,1,249,0.92,249(๙):0.920 | 195(ร):0.003 | 216(ุ):0.002,1
PrintAksorn_dataset/test/digit_9_Trirong-ExtraBold.png,249,๙,0.9357,249,๙,1,249,0.9357,249(๙):0.936 | 247(๗):0.002 | 216(ุ):0.001,1
PrintAksorn_dataset/test/digit_9_Waree-BoldOblique.png,249,๙,0.9272,249,๙,1,249,0.9272,249(๙):0.927 | 228(ไ):0.002 | 195(ร):0.002,1
PrintAksorn_dataset/test/do_chada_CmPrasanmit-Bold.png,174,ฎ,0.8103,174,ฎ,1,174,0.8103,174(ฎ):0.810 | 175(ฏ):0.032 | 192(ภ):0.006,1
PrintAksorn_dataset/test/do_chada_DC-Palamongkol-Bold-Italic.png,174,ฎ,0.7369,174,ฎ,1,174,0.7369,174(ฎ):0.737 | 175(ฏ):0.084 | 192(ภ):0.006,1
PrintAksorn_dataset/test/do_chada_JS-Jindara-Italic.png,174,ฎ,0.9207,174,ฎ,1,174,0.9207,174(ฎ):0.921 | 175(ฏ):0.024 | 197(ล):0.002,1
PrintAksorn_dataset/test/do_chada_Kinnari-BoldItalic.png,175,ฏ,0.4732,174,ฎ,0,175,0.4732,175(ฏ):0.473 | 174(ฎ):0.393 | 197(ล):0.006,1
PrintAksorn_dataset/test/do_chada_Mitr-Bold.png,173,ญ,0.2444,174,ฎ,0,173,0.2444,173(ญ):0.244 | 174(ฎ):0.212 | 175(ฏ):0.039,1
PrintAksorn_dataset/test/do_chada_NotoSansThai-SemiBold.png,174,ฎ,0.7958,174,ฎ,1,174,0.7958,174(ฎ):0.796 | 175(ฏ):0.058 | 197(ล):0.014,1
PrintAksorn_dataset/test/do_chada_NotoSansThaiLooped-ExtraLight.png,174,ฎ,0.9472,174,ฎ,1,174,0.9472,174(ฎ):0.947 | 175(ฏ):0.006 | 197(ล):0.002,1
PrintAksorn_dataset/test/do_chada_NotoSerifThai-SemiCondensedSemiBold.png,174,ฎ,0.4666,174,ฎ,1,174,0.4666,174(ฎ):0.467 | 175(ฏ):0.380 | 197(ล):0.005,1
PrintAksorn_dataset/test/do_chada_Sarabun-Medium.png,174,ฎ,0.8824,174,ฎ,1,174,0.8824,174(ฎ):0.882 | 175(ฏ):0.017 | 192(ภ):0.003,1
PrintAksorn_dataset/test/do_chada_Sathu.png,174,ฎ,0.5847,174,ฎ,1,174,0.5847,174(ฎ):0.585 | 175(ฏ):0.155 | 192(ภ):0.017,1
PrintAksorn_dataset/test/do_dek_Chonburi-Regular.png,241,๑,0.1945,180,ด,0,241,0.1945,241(๑):0.195 | 240(๐):0.158 | 232(่):0.051,1
PrintAksorn_dataset/test/do_dek_Himmaparnt-Bold-Italic.png,180,ด,0.8987,180,ด,1,180,0.8987,180(ด):0.899 | 181(ต):0.002 | 162(ข):0.002,1
PrintAksorn_dataset/test/do_dek_JS-Jukaphan.png,180,ด,0.9046,180,ด,1,180,0.9046,180(ด):0.905 | 194(ย):0.002 | 249(๙):0.002,1
PrintAksorn_dataset/test/do_dek_JS-Junkaew-Italic.png,180,ด,0.9014,180,ด,1,180,0.9014,180(ด):0.901 | 162(ข):0.002 | 169(ฉ):0.002,1
PrintAksorn_dataset/test/do_dek_JS-Pisit-Italic.png,180,ด,0.9171,180,ด,1,180,0.9171,180(ด):0.917 | 205(อ):0.002 | 162(ข):0.002,1
PrintAksorn_dataset/test/do_dek_Kanit-SemiBoldItalic.png,241,๑,0.3166,180,ด,0,241,0.3166,241(๑):0.317 | 240(๐):0.134 | 182(ถ):0.118,1
PrintAksorn_dataset/test/do_dek_NotoSansThai-Condensed.png,240,๐,0.3353,180,ด,0,240,0.3353,240(๐):0.335 | 161(ก):0.139 | 241(๑):0.070,1
PrintAksorn_dataset/test/do_dek_Taviraj-Bold.png,180,ด,0.9119,180,ด,1,180,0.9119,180(ด):0.912 | 241(๑):0.004 | 181(ต):0.003,1
PrintAksorn_dataset/test/dot_JS-Charnchai-Normal.png,237,ํ,0.3583,,,,237,0.3583,237(ํ):0.358 | 240(๐):0.156 | 232(่):0.065,1
PrintAksorn_dataset/test/dot_JS-Rapee-Bold.png,237,ํ,0.3401,,,,237,0.3401,237(ํ):0.340 | 240(๐):0.199 | 232(่):0.054,1
PrintAksorn_dataset/test/dot_Kanit-BlackItalic.png,232,่,0.5622,,,,232,0.5622,232(่):0.562 | 231(็):0.019 | 163(ฃ):0.017,1
PrintAksorn_dataset/test/dot_Kinnari-Oblique.png,240,๐,0.2678,,,,240,0.2678,240(๐):0.268 | 237(ํ):0.173 | 232(่):0.047,1
PrintAksorn_dataset/test/dot_Maitree-Bold.png,240,๐,0.3016,,,,240,0.3016,240(๐):0.302 | 237(ํ):0.088 | 232(่):0.055,1
PrintAksorn_dataset/test/dot_Mitr-Regular.png,240,๐,0.1929,,,,240,0.1929,240(๐):0.193 | 237(ํ):0.173 | 232(่):0.084,1
PrintAksorn_dataset/test/dot_Norasi.png,237,ํ,0.3815,,,,237,0.3815,237(ํ):0.381 | 240(๐):0.170 | 232(่):0.039,1
PrintAksorn_dataset/test/dot_NotoSansThai-CondensedBlack.png,186,บ,0.18,,,,186,0.18,186(บ):0.180 | 187(ป):0.113 | 174(ฎ):0.037,1
PrintAksorn_dataset/test/dot_NotoSerifThai-ExtraCondensed.png,186,บ,0.18,,,,186,0.18,186(บ):0.180 | 187(ป):0.113 | 174(ฎ):0.037,1
PrintAksorn_dataset/test/dot_Prompt-ExtraBoldItalic.png,240,๐,0.2378,,,,240,0.2378,240(๐):0.238 | 237(ํ):0.165 | 232(่):0.063,1
PrintAksorn_dataset/test/dot_Sarabun-BoldItalic.png,240,๐,0.3055,,,,240,0.3055,240(๐):0.306 | 237(ํ):0.068 | 232(่):0.059,1
PrintAksorn_dataset/test/dot_TH-Fahkwang-Regular.png,237,ํ,0.3408,,,,237,0.3408,237(ํ):0.341 | 232(่):0.112 | 240(๐):0.066,1
PrintAksorn_dataset/test/dot_TH-KoHo-Bold-Italic.png,237,ํ,0.1937,,,,237,0.1937,237(ํ):0.194 | 232(่):0.174 | 240(๐):0.084,1
PrintAksorn_dataset/test/dot_TH-Niramit-AS-Bold-Italic.png,237,ํ,0.3029,,,,237,0.3029,237(ํ):0.303 | 240(๐):0.148 | 232(่):0.077,1
PrintAksorn_dataset/test/dot_TlwgTypewriter.png,240,๐,0.2433,,,,240,0.2433,240(๐):0.243 | 237(ํ):0.156 | 232(่):0.054,1
PrintAksorn_dataset/test/dot_TlwgTypo-Bold.png,240,๐,0.2482,,,,240,0.2482,240(๐):0.248 | 237(ํ):0.137 | 232(่):0.058,1
PrintAksorn_dataset/test/exclamation_JS-Prasoplarp-Normal.png,232,่,0.1511,,,,232,0.1511,232(่):0.151 | 187(ป):0.093 | 174(ฎ):0.049,1
PrintAksorn_dataset/test/exclamation_JS-Synjai-Italic.png,174,ฎ,0.1113,,,,174,0.1113,174(ฎ):0.111 | 208(ะ):0.088 | 187(ป):0.081,1
PrintAksorn_dataset/test/exclamation_Norasi-Bold.png,227,ใ,0.416,,,,227,0.416,227(ใ):0.416 | 176(ฐ):0.056 | 224(เ):0.040,1
PrintAksorn_dataset/test/exclamation_NotoSerifThai-CondensedBlack.png,186,บ,0.18,,,,186,0.18,186(บ):0.180 | 187(ป):0.113 | 174(ฎ):0.037,1
PrintAksorn_dataset/test/exclamation_NotoSerifThai-ExtraCondensedBlack.png,186,บ,0.18,,,,186,0.18,186(บ):0.180 | 187(ป):0.113 | 174(ฎ):0.037,1
PrintAksorn_dataset/test/exclamation_Taviraj-BoldItalic.png,227,ใ,0.1837,,,,227,0.1837,227(ใ):0.184 | 232(่):0.137 | 224(เ):0.092,1
PrintAksorn_dataset/test/exclamation_Taviraj-ExtraLight.png,232,่,0.4712,,,,232,0.4712,232(่):0.471 | 210(า):0.046 | 224(เ):0.040,1
PrintAksorn_dataset/test/exclamation_Taviraj-LightItalic.png,232,่,0.2296,,,,232,0.2296,232(่):0.230 | 187(ป):0.104 | 224(เ):0.082,1
PrintAksorn_dataset/test/fo_fa_Garuda-Oblique.png,189,ฝ,0.893,189,ฝ,1,189,0.893,189(ฝ):0.893 | 164(ค):0.002 | 214(ึ):0.002,1
PrintAksorn_dataset/test/fo_fa_JS-Wanida-Italic.png,189,ฝ,0.8843,189,ฝ,1,189,0.8843,189(ฝ):0.884 | 191(ฟ):0.006 | 200(ศ):0.005,1
PrintAksorn_dataset/test/fo_fa_NotoSansThai-SemiCondensedThin.png,189,ฝ,0.9388,189,ฝ,1,189,0.9388,189(ฝ):0.939 | 191(ฟ):0.007 | 187(ป):0.003,1
PrintAksorn_dataset/test/fo_fa_Pridi-Bold.png,189,ฝ,0.9398,189,ฝ,1,189,0.9398,189(ฝ):0.940 | 248(๘):0.004 | 205(อ):0.002,1
PrintAksorn_dataset/test/fo_fa_Prompt-ExtraLight.png,189,ฝ,0.9043,189,ฝ,1,189,0.9043,189(ฝ):0.904 | 191(ฟ):0.025 | 187(ป):0.005,1
PrintAksorn_dataset/test/fo_fa_Purisa-Bold.png,189,ฝ,0.904,189,ฝ,1,189,0.904,189(ฝ):0.904 | 248(๘):0.002 | 164(ค):0.002,1
PrintAksorn_dataset/test/fo_fa_TH-Krub-Bold-Italic.png,189,ฝ,0.894,189,ฝ,1,189,0.894,189(ฝ):0.894 | 205(อ):0.004 | 200(ศ):0.003,1
PrintAksorn_dataset/test/fo_fa_TH-Krub-Italic.png,189,ฝ,0.8881,189,ฝ,1,189,0.8881,189(ฝ):0.888 | 205(อ):0.004 | 200(ศ):0.003,1
PrintAksorn_dataset/test/fo_fa_Taviraj-ExtraBold.png,189,ฝ,0.8423,189,ฝ,1,189,0.8423,189(ฝ):0.842 | 188(ผ):0.049 | 248(๘):0.004,1
PrintAksorn_dataset/test/fo_fa_TlwgTypist-BoldOblique.png,189,ฝ,0.9044,189,ฝ,1,189,0.9044,189(ฝ):0.904 | 188(ผ):0.004 | 191(ฟ):0.003,1
PrintAksorn_dataset/test/fo_fan_JS-Hariphan.png,191,ฟ,0.5654,191,ฟ,1,191,0.5654,191(ฟ):0.565 | 189(ฝ):0.195 | 187(ป):0.011,1
PrintAksorn_dataset/test/fo_fan_Kanit-BlackItalic.png,234,๊,0.2722,191,ฟ,0,234,0.2722,234(๊):0.272 | 247(๗):0.094 | 190(พ):0.047,1
PrintAksorn_dataset/test/fo_fan_Kinnari-Italic.png,191,ฟ,0.8858,191,ฟ,1,191,0.8858,191(ฟ):0.886 | 195(ร):0.003 | 189(ฝ):0.003,1
PrintAksorn_dataset/test/fo_fan_Loma-Oblique.png,191,ฟ,0.8833,191,ฟ,1,191,0.8833,191(ฟ):0.883 | 190(พ):0.016 | 195(ร):0.003,1
PrintAksorn_dataset/test/fo_fan_NotoSerifThai-ExtraCondensedBlack.png,191,ฟ,0.9143,191,ฟ,1,191,0.9143,191(ฟ):0.914 | 187(ป):0.003 | 195(ร):0.002,1
PrintAksorn_dataset/test/fo_fan_NotoSerifThai-Medium.png,191,ฟ,0.9089,191,ฟ,1,191,0.9089,191(ฟ):0.909 | 190(พ):0.004 | 195(ร):0.002,1
PrintAksorn_dataset/test/fo_fan_PSK-Smart-Bold.png,191,ฟ,0.8958,191,ฟ,1,191,0.8958,191(ฟ):0.896 | 190(พ):0.006 | 195(ร):0.003,1
PrintAksorn_dataset/test/fo_fan_PSK-Smart-Regular.png,191,ฟ,0.8793,191,ฟ,1,191,0.8793,191(ฟ):0.879 | 189(ฝ):0.003 | 195(ร):0.003,1
PrintAksorn_dataset/test/fo_fan_Sarabun-ExtraBold.png,191,ฟ,0.8896,191,ฟ,1,191,0.8896,191(ฟ):0.890 | 190(พ):0.004 | 195(ร):0.003,1
PrintAksorn_dataset/test/fo_fan_TH-Chakra-Petch-Bold-Italic.png,191,ฟ,0.8747,191,ฟ,1,191,0.8747,191(ฟ):0.875 | 195(ร):0.004 | 190(พ):0.003,1
PrintAksorn_dataset/test/fo_fan_TH-Niramit-AS-Italic.png,191,ฟ,0.8833,191,ฟ,1,191,0.8833,191(ฟ):0.883 | 190(พ):0.008 | 195(ร):0.003,1
PrintAksorn_dataset/test/fo_fan_Trirong-Regular.png,191,ฟ,0.901,191,ฟ,1,191,0.901,191(ฟ):0.901 | 204(ฬ):0.003 | 190(พ):0.003,1
PrintAksorn_dataset/test/ho_hip_Aksaramatee-Regular.png,203,ห,0.8775,203,ห,1,203,0.8775,203(ห):0.877 | 204(ฬ):0.003 | 164(ค):0.003,1
PrintAksorn_dataset/test/ho_hip_NotoSansThai-ExtraLight.png,203,ห,0.2148,203,ห,1,203,0.2148,203(ห):0.215 | 242(๒):0.066 | 171(ซ):0.042,1
PrintAksorn_dataset/test/ho_hip_NotoSansThaiLooped-ExtraLight.png,203,ห,0.875,203,ห,1,203,0.875,203(ห):0.875 | 214(ึ):0.003 | 204(ฬ):0.003,1
PrintAksorn_dataset/test/ho_hip_NotoSerifThai-ExtraBold.png,203,ห,0.8799,203,ห,1,203,0.8799,203(ห):0.880 | 188(ผ):0.003 | 204(ฬ):0.003,1
PrintAksorn_dataset/test/ho_hip_NotoSerifThai-ExtraLight.png,203,ห,0.8779,203,ห,1,203,0.8779,203(ห):0.878 | 167(ง):0.003 | 199(ว):0.002,1
PrintAksorn_dataset/test/ho_hip_Purisa.png,203,ห,0.9068,203,ห,1,203,0.9068,203(ห):0.907 | 201(ษ):0.002 | 249(๙):0.002,1
PrintAksorn_dataset/test/ho_hip_SR-FahMai-Bold-Italic.png,203,ห,0.9107,203,ห,1,203,0.9107,203(ห):0.911 | 193(ม):0.002 | 214(ึ):0.002,1
PrintAksorn_dataset/test/ho_hip_Sawasdee-BoldOblique.png,183,ท,0.1823,203,ห,0,183,0.1823,183(ท):0.182 | 203(ห):0.073 | 177(ฑ):0.061,1
PrintAksorn_dataset/test/ho_hip_TH-Fahkwang-Bold.png,203,ห,0.9056,203,ห,1,203,0.9056,203(ห):0.906 | 201(ษ):0.003 | 204(ฬ):0.003,1
PrintAksorn_dataset/test/ho_hip_Taviraj-ExtraBoldItalic.png,203,ห,0.9002,203,ห,1,203,0.9002,203(ห):0.900 | 179(ณ):0.003 | 204(ฬ):0.003,1
PrintAksorn_dataset/test/ho_hip_Taviraj-SemiBold.png,203,ห,0.8915,203,ห,1,203,0.8915,203(ห):0.891 | 167(ง):0.003 | 193(ม):0.002,1
PrintAksorn_dataset/test/ho_hip_TlwgMono-Oblique.png,203,ห,0.8957,203,ห,1,203,0.8957,203(ห):0.896 | 167(ง):0.002 | 199(ว):0.002,1
PrintAksorn_dataset/test/ho_hip_TlwgTypo-Bold.png,203,ห,0.897,203,ห,1,203,0.897,203(ห):0.897 | 167(ง):0.002 | 169(ฉ):0.002,1
PrintAksorn_dataset/test/ho_hip_Waree-Oblique.png,203,ห,0.9005,203,ห,1,203,0.9005,203(ห):0.901 | 199(ว):0.002 | 204(ฬ):0.002,1
PrintAksorn_dataset/test/ho_nokhuk_JS-Oobboon-Normal.png,205,อ,0.3804,206,ฮ,0,205,0.3804,205(อ):0.380 | 206(ฮ):0.125 | 194(ย):0.056,1
PrintAksorn_dataset/test/ho_nokhuk_JS-Pisit-Normal.png,206,ฮ,0.8713,206,ฮ,1,206,0.8713,206(ฮ):0.871 | 194(ย):0.009 | 205(อ):0.006,1
PrintAksorn_dataset/test/ho_nokhuk_JS-Prajuk-Italic.png,206,ฮ,0.8676,206,ฮ,1,206,0.8676,206(ฮ):0.868 | 187(ป):0.008 | 204(ฬ):0.008,1
PrintAksorn_dataset/test/ho_nokhuk_Kanit-Italic.png,206,ฮ,0.6329,206,ฮ,1,206,0.6329,206(ฮ):0.633 | 184(ธ):0.061 | 246(๖):0.046,1
PrintAksorn_dataset/test/ho_nokhuk_Laksaman-BoldItalic.png,206,ฮ,0.8889,206,ฮ,1,206,0.8889,206(ฮ):0.889 | 194(ย):0.003 | 205(อ):0.003,1
PrintAksorn_dataset/test/ho_nokhuk_NotoSansThai-ExtraCondensed.png,206,ฮ,0.7635,206,ฮ,1,206,0.7635,206(ฮ):0.763 | 184(ธ):0.023 | 205(อ):0.018,1
PrintAksorn_dataset/test/ho_nokhuk_PSK-Smart-Bold.png,206,ฮ,0.8765,206,ฮ,1,206,0.8765,206(ฮ):0.877 | 194(ย):0.009 | 205(อ):0.008,1
PrintAksorn_dataset/test/ho_nokhuk_PSK-SmartBI.png,206,ฮ,0.8895,206,ฮ,1,206,0.8895,206(ฮ):0.889 | 205(อ):0.009 | 194(ย):0.005,1
PrintAksorn_dataset/test/ho_nokhuk_Prompt-MediumItalic.png,206,ฮ,0.8251,206,ฮ,1,206,0.8251,206(ฮ):0.825 | 246(๖):0.044 | 205(อ):0.018,1
PrintAksorn_dataset/test/ho_nokhuk_Prompt-SemiBoldItalic.png,206,ฮ,0.8679,206,ฮ,1,206,0.8679,206(ฮ):0.868 | 246(๖):0.032 | 205(อ):0.010,1
PrintAksorn_dataset/test/ho_nokhuk_TH-Sarabun-New-BoldItalic.png,206,ฮ,0.8967,206,ฮ,1,206,0.8967,206(ฮ):0.897 | 194(ย):0.003 | 205(อ):0.003,1
PrintAksorn_dataset/test/ho_nokhuk_Taviraj-Light.png,206,ฮ,0.942,206,ฮ,1,206,0.942,206(ฮ):0.942 | 194(ย):0.003 | 248(๘):0.001,1
PrintAksorn_dataset/test/ho_nokhuk_Taviraj-SemiBoldItalic.png,206,ฮ,0.9181,206,ฮ,1,206,0.9181,206(ฮ):0.918 | 202(ส):0.004 | 194(ย):0.003,1
PrintAksorn_dataset/test/kho_khai_Aksaramatee-Bold-Italic.png,162,ข,0.8748,162,ข,1,162,0.8748,162(ข):0.875 | 163(ฃ):0.004 | 173(ญ):0.003,1
PrintAksorn_dataset/test/kho_khai_DC-Palamongkol-Regular.png,162,ข,0.8675,162,ข,1,162,0.8675,162(ข):0.868 | 166(ฆ):0.004 | 194(ย):0.004,1
PrintAksorn_dataset/test/kho_khai_JS-Obsaward-Italic.png,162,ข,0.8653,162,ข,1,162,0.8653,162(ข):0.865 | 163(ฃ):0.009 | 166(ฆ):0.005,1
PrintAksorn_dataset/test/kho_khai_Mitr-ExtraLight.png,194,ย,0.2725,162,ข,0,194,0.2725,194(ย):0.273 | 186(บ):0.243 | 187(ป):0.074,1
PrintAksorn_dataset/test/kho_khai_NotoSansThai-ExtraLight.png,186,บ,0.2752,162,ข,0,186,0.2752,186(บ):0.275 | 162(ข):0.235 | 163(ฃ):0.145,1
PrintAksorn_dataset/test/kho_khai_NotoSansThaiLooped-Medium.png,162,ข,0.3605,162,ข,1,162,0.3605,162(ข):0.360 | 186(บ):0.171 | 217(ู):0.137,1
PrintAksorn_dataset/test/kho_khai_NotoSerifThai-ExtraCondensed.png,162,ข,0.9151,162,ข,1,162,0.9151,162(ข):0.915 | 198(ฦ):0.002 | 245(๕):0.002,1
PrintAksorn_dataset/test/kho_khai_Prompt-Black.png,194,ย,0.7926,162,ข,0,194,0.7926,194(ย):0.793 | 186(บ):0.018 | 163(ฃ):0.015,1
PrintAksorn_dataset/test/kho_khon_CmPrasanmit-Italic.png,165,ฅ,0.8986,165,ฅ,1,165,0.8986,165(ฅ):0.899 | 181(ต):0.004 | 164(ค):0.002,1
PrintAksorn_dataset/test/kho_khon_JS-Pitsamai-Italic.png,165,ฅ,0.9181,165,ฅ,1,165,0.9181,165(ฅ):0.918 | 164(ค):0.004 | 181(ต):0.004,1
PrintAksorn_dataset/test/kho_khon_Laksaman-Italic.png,165,ฅ,0.9175,165,ฅ,1,165,0.9175,165(ฅ):0.917 | 242(๒):0.002 | 205(อ):0.002,1
PrintAksorn_dataset/test/kho_khon_Loma-Oblique.png,165,ฅ,0.9146,165,ฅ,1,165,0.9146,165(ฅ):0.915 | 243(๓):0.003 | 164(ค):0.002,1
PrintAksorn_dataset/test/kho_khon_Maitree-ExtraLight.png,165,ฅ,0.8812,165,ฅ,1,165,0.8812,165(ฅ):0.881 | 181(ต):0.005 | 242(๒):0.003,1
PrintAksorn_dataset/test/kho_khon_Norasi-BoldItalic.png,165,ฅ,0.8983,165,ฅ,1,165,0.8983,165(ฅ):0.898 | 164(ค):0.003 | 173(ญ):0.002,1
PrintAksorn_dataset/test/kho_khon_Prompt-Thin.png,165,ฅ,0.9139,165,ฅ,1,165,0.9139,165(ฅ):0.914 | 161(ก):0.008 | 243(๓):0.008,1
PrintAksorn_dataset/test/kho_khon_Sarabun-ExtraBoldItalic.png,165,ฅ,0.9127,165,ฅ,1,165,0.9127,165(ฅ):0.913 | 243(๓):0.005 | 242(๒):0.003,1
PrintAksorn_dataset/test/kho_khon_Sawasdee-Bold.png,165,ฅ,0.7882,165,ฅ,1,165,0.7882,165(ฅ):0.788 | 243(๓):0.091 | 161(ก):0.011,1
PrintAksorn_dataset/test/kho_khon_TH-Fahkwang-Bold.png,165,ฅ,0.8733,165,ฅ,1,165,0.8733,165(ฅ):0.873 | 164(ค):0.006 | 181(ต):0.004,1
PrintAksorn_dataset/test/kho_khon_TH-Kodchasal-Bold.png,165,ฅ,0.8627,165,ฅ,1,165,0.8627,165(ฅ):0.863 | 243(๓):0.004 | 164(ค):0.003,1
PrintAksorn_dataset/test/kho_khon_TH-Sarabun-New-Bold.png,165,ฅ,0.923,165,ฅ,1,165,0.923,165(ฅ):0.923 | 181(ต):0.002 | 187(ป):0.002,1
PrintAksorn_dataset/test/kho_khon_Taviraj-Light.png,165,ฅ,0.8726,165,ฅ,1,165,0.8726,165(ฅ):0.873 | 181(ต):0.013 | 243(๓):0.003,1
PrintAksorn_dataset/test/kho_khon_Trirong-ExtraBold.png,165,ฅ,0.8811,165,ฅ,1,165,0.8811,165(ฅ):0.881 | 243(๓):0.028 | 242(๒):0.003,1
PrintAksorn_dataset/test/kho_khuat_JS-Giat-Bold.png,194,ย,0.2201,163,ฃ,0,194,0.2201,194(ย):0.220 | 166(ฆ):0.150 | 163(ฃ):0.141,1
PrintAksorn_dataset/test/kho_khuat_JS-Saksit-Normal.png,163,ฃ,0.829,163,ฃ,1,163,0.829,163(ฃ):0.829 | 162(ข):0.006 | 166(ฆ):0.005,1
PrintAksorn_dataset/test/kho_khuat_KaniGa-Bold.png,162,ข,0.555,163,ฃ,0,162,0.555,162(ข):0.555 | 163(ฃ):0.235 | 171(ซ):0.012,1
PrintAksorn_dataset/test/kho_khuat_NotoSansThai-SemiCondensedBold.png,163,ฃ,0.6983,163,ฃ,1,163,0.6983,163(ฃ):0.698 | 162(ข):0.113 | 217(ู):0.025,1
PrintAksorn_dataset/test/kho_khuat_Sawasdee-Bold.png,194,ย,0.4148,163,ฃ,0,194,0.4148,194(ย):0.415 | 163(ฃ):0.122 | 242(๒):0.058,1
PrintAksorn_dataset/test/kho_khuat_Taviraj-Thin.png,163,ฃ,0.713,163,ฃ,1,163,0.713,163(ฃ):0.713 | 162(ข):0.030 | 230(ๆ):0.015,1
PrintAksorn_dataset/test/kho_khwai_Athiti-Bold.png,164,ค,0.9488,164,ค,1,164,0.9488,164(ค):0.949 | 161(ก):0.012 | 165(ฅ):0.002,1
PrintAksorn_dataset/test/kho_khwai_FonLeb-Italic.png,164,ค,0.8777,164,ค,1,164,0.8777,164(ค):0.878 | 180(ด):0.044 | 241(๑):0.002,1
PrintAksorn_dataset/test/kho_khwai_Kanit-ExtraBoldItalic.png,164,ค,0.9138,164,ค,1,164,0.9138,164(ค):0.914 | 161(ก):0.026 | 165(ฅ):0.004,1
PrintAksorn_dataset/test/kho_khwai_Maitree-Bold.png,164,ค,0.8653,164,ค,1,164,0.8653,164(ค):0.865 | 180(ด):0.026 | 165(ฅ):0.004,1
PrintAksorn_dataset/test/kho_khwai_NotoSansThai-Regular.png,164,ค,0.7615,164,ค,1,164,0.7615,164(ค):0.762 | 161(ก):0.096 | 227(ใ):0.007,1
PrintAksorn_dataset/test/kho_khwai_Sawasdee-Bold.png,164,ค,0.4058,164,ค,1,164,0.4058,164(ค):0.406 | 161(ก):0.402 | 227(ใ):0.006,1
PrintAksorn_dataset/test/kho_khwai_Taviraj-MediumItalic.png,164,ค,0.7273,164,ค,1,164,0.7273,164(ค):0.727 | 180(ด):0.154 | 241(๑):0.005,1
PrintAksorn_dataset/test/kho_khwai_Trirong-ExtraBoldItalic.png,164,ค,0.9358,164,ค,1,164,0.9358,164(ค):0.936 | 180(ด):0.005 | 165(ฅ):0.003,1
PrintAksorn_dataset/test/kho_rakhang_Athiti-Bold.png,194,ย,0.6548,166,ฆ,0,194,0.6548,194(ย):0.655 | 162(ข):0.017 | 163(ฃ):0.014,1
PrintAksorn_dataset/test/kho_rakhang_Ayuthaya.png,166,ฆ,0.8162,166,ฆ,1,166,0.8162,166(ฆ):0.816 | 174(ฎ):0.009 | 207(ฯ):0.005,1
PrintAksorn_dataset/test/kho_rakhang_JS-Jindara-Bold.png,166,ฆ,0.9007,166,ฆ,1,166,0.9007,166(ฆ):0.901 | 193(ม):0.004 | 207(ฯ):0.002,1
PrintAksorn_dataset/test/kho_rakhang_JS-Yodthida-Italic.png,166,ฆ,0.8905,166,ฆ,1,166,0.8905,166(ฆ):0.890 | 163(ฃ):0.005 | 178(ฒ):0.004,1
PrintAksorn_dataset/test/kho_rakhang_Mitr-SemiBold.png,194,ย,0.5313,166,ฆ,0,194,0.5313,194(ย):0.531 | 163(ฃ):0.052 | 166(ฆ):0.046,1
PrintAksorn_dataset/test/kho_rakhang_Taviraj-Black.png,166,ฆ,0.774,166,ฆ,1,166,0.774,166(ฆ):0.774 | 193(ม):0.017 | 174(ฎ):0.012,1
PrintAksorn_dataset/test/kho_rakhang_Taviraj-SemiBoldItalic.png,166,ฆ,0.746,166,ฆ,1,166,0.746,166(ฆ):0.746 | 174(ฎ):0.018 | 193(ม):0.016,1
PrintAksorn_dataset/test/kho_rakhang_Umpush.png,166,ฆ,0.8736,166,ฆ,1,166,0.8736,166(ฆ):0.874 | 230(ๆ):0.003 | 174(ฎ):0.003,1
PrintAksorn_dataset/test/ko_kai_Himmaparnt-Regular.png,161,ก,0.9116,161,ก,1,161,0.9116,161(ก):0.912 | 182(ถ):0.002 | 183(ท):0.002,1
PrintAksorn_dataset/test/ko_kai_JS-Pitsanu.png,161,ก,0.919,161,ก,1,161,0.919,161(ก):0.919 | 182(ถ):0.002 | 192(ภ):0.002,1
PrintAksorn_dataset/test/ko_kai_JS-Synjai-Normal.png,161,ก,0.9276,161,ก,1,161,0.9276,161(ก):0.928 | 182(ถ):0.001 | 236(์):0.001,1
PrintAksorn_dataset/test/ko_kai_Kanit-Medium.png,161,ก,0.7444,161,ก,1,161,0.7444,161(ก):0.744 | 182(ถ):0.073 | 192(ภ):0.032,1
PrintAksorn_dataset/test/ko_kai_NotoSansThai-CondensedBlack.png,161,ก,0.7606,161,ก,1,161,0.7606,161(ก):0.761 | 192(ภ):0.114 | 182(ถ):0.012,1
PrintAksorn_dataset/test/ko_kai_NotoSansThai-ExtraCondensedBold.png,161,ก,0.883,161,ก,1,161,0.883,161(ก):0.883 | 192(ภ):0.022 | 182(ถ):0.007,1
PrintAksorn_dataset/test/ko_kai_NotoSansThai-SemiCondensedMedium.png,161,ก,0.8512,161,ก,1,161,0.8512,161(ก):0.851 | 182(ถ):0.026 | 192(ภ):0.022,1
PrintAksorn_dataset/test/ko_kai_NotoSansThaiLooped-Light.png,161,ก,0.9256,161,ก,1,161,0.9256,161(ก):0.926 | 182(ถ):0.003 | 192(ภ):0.002,1
PrintAksorn_dataset/test/ko_kai_NotoSansThaiLooped-Medium.png,161,ก,0.8527,161,ก,1,161,0.8527,161(ก):0.853 | 182(ถ):0.029 | 192(ภ):0.025,1
PrintAksorn_dataset/test/ko_kai_Taviraj-ExtraBold.png,161,ก,0.6195,161,ก,1,161,0.6195,161(ก):0.620 | 192(ภ):0.116 | 182(ถ):0.031,1
PrintAksorn_dataset/test/ko_kai_Waree-Oblique.png,161,ก,0.9337,161,ก,1,161,0.9337,161(ก):0.934 | 182(ถ):0.002 | 214(ึ):0.001,1
PrintAksorn_dataset/test/lakkhangyao_Chonburi-Regular.png,210,า,0.8284,229,ๅ,0,210,0.8284,210(า):0.828 | 232(่):0.023 | 227(ใ):0.012,1
PrintAksorn_dataset/test/lakkhangyao_JS-Prasoplarp-Normal.png,229,ๅ,0.5052,229,ๅ,1,229,0.5052,229(ๅ):0.505 | 210(า):0.235 | 245(๕):0.005,1
PrintAksorn_dataset/test/lakkhangyao_JS-Saksit-Bold-Italic.png,229,ๅ,0.8174,229,ๅ,1,229,0.8174,229(ๅ):0.817 | 196(ฤ):0.006 | 187(ป):0.005,1
PrintAksorn_dataset/test/lakkhangyao_Kanit-ExtraLightItalic.png,229,ๅ,0.6832,229,ๅ,1,229,0.6832,229(ๅ):0.683 | 210(า):0.061 | 226(โ):0.007,1
PrintAksorn_dataset/test/lakkhangyao_NotoSansThai-ExtraLight.png,229,ๅ,0.6923,229,ๅ,1,229,0.6923,229(ๅ):0.692 | 210(า):0.044 | 196(ฤ):0.009,1
PrintAksorn_dataset/test/lakkhangyao_NotoSansThaiLooped-ExtraBold.png,229,ๅ,0.8186,229,ๅ,1,229,0.8186,229(ๅ):0.819 | 196(ฤ):0.005 | 187(ป):0.004,1
PrintAksorn_dataset/test/lakkhangyao_Purisa.png,229,ๅ,0.8659,229,ๅ,1,229,0.8659,229(ๅ):0.866 | 210(า):0.015 | 196(ฤ):0.002,1
PrintAksorn_dataset/test/lakkhangyao_TlwgTypo.png,229,ๅ,0.6063,229,ๅ,1,229,0.6063,229(ๅ):0.606 | 210(า):0.123 | 212(ิ):0.006,1
PrintAksorn_dataset/test/lakkhangyao_Trirong-MediumItalic.png,229,ๅ,0.8519,229,ๅ,1,229,0.8519,229(ๅ):0.852 | 196(ฤ):0.004 | 237(ํ):0.003,1
PrintAksorn_dataset/test/lbrace_Ayuthaya.png,226,โ,0.7698,,,,226,0.7698,226(โ):0.770 | 176(ฐ):0.053 | 249(๙):0.023,1
PrintAksorn_dataset/test/lbrace_JS-Wanida-Italic.png,226,โ,0.8961,,,,226,0.8961,226(โ):0.896 | 228(ไ):0.009 | 187(ป):0.006,1
PrintAksorn_dataset/test/lbrace_Kanit-Medium.png,228,ไ,0.1662,,,,228,0.1662,228(ไ):0.166 | 232(่):0.142 | 227(ใ):0.122,1
PrintAksorn_dataset/test/lbrace_Mitr-ExtraLight.png,228,ไ,0.3273,,,,228,0.3273,228(ไ):0.327 | 226(โ):0.194 | 187(ป):0.064,1
PrintAksorn_dataset/test/lbrace_NotoSansThai-ExtraCondensedLight.png,186,บ,0.181,,,,186,0.181,186(บ):0.181 | 187(ป):0.113 | 174(ฎ):0.037,1
PrintAksorn_dataset/test/lbrace_NotoSansThai-Regular.png,186,บ,0.1885,,,,186,0.1885,186(บ):0.189 | 187(ป):0.113 | 174(ฎ):0.037,1
PrintAksorn_dataset/test/lbrace_NotoSerifThai-ExtraCondensedLight.png,186,บ,0.181,,,,186,0.181,186(บ):0.181 | 187(ป):0.113 | 174(ฎ):0.037,1
PrintAksorn_dataset/test/lbrace_Prompt-Italic.png,226,โ,0.4155,,,,226,0.4155,226(โ):0.415 | 228(ไ):0.239 | 187(ป):0.031,1
PrintAksorn_dataset/test/lbrace_Prompt-Light.png,228,ไ,0.3686,,,,228,0.3686,228(ไ):0.369 | 226(โ):0.247 | 187(ป):0.038,1
PrintAksorn_dataset/test/lbrace_TH-Baijam-Bold-Italic.png,226,โ,0.8593,,,,226,0.8593,226(โ):0.859 | 228(ไ):0.014 | 224(เ):0.009,1
PrintAksorn_dataset/test/lbracket_Himmaparnt-Regular.png,226,โ,0.3155,,,,226,0.3155,226(โ):0.316 | 224(เ):0.105 | 228(ไ):0.058,1
PrintAksorn_dataset/test/lbracket_Kanit-ThinItalic.png,226,โ,0.8762,,,,226,0.8762,226(โ):0.876 | 224(เ):0.008 | 187(ป):0.005,1
PrintAksorn_dataset/test/lbracket_Kinnari-Oblique.png,226,โ,0.818,,,,226,0.818,226(โ):0.818 | 210(า):0.012 | 224(เ):0.011,1
PrintAksorn_dataset/test/lbracket_Laksaman-BoldItalic.png,226,โ,0.8871,,,,226,0.8871,226(โ):0.887 | 224(เ):0.005 | 228(ไ):0.004,1
PrintAksorn_dataset/test/lbracket_NotoSerifThai-SemiCondensedExtraLight.png,186,บ,0.1562,,,,186,0.1562,186(บ):0.156 | 187(ป):0.119 | 174(ฎ):0.037,1
PrintAksorn_dataset/test/lbracket_NotoSerifThai-SemiCondensedThin.png,186,บ,0.1562,,,,186,0.1562,186(บ):0.156 | 187(ป):0.119 | 174(ฎ):0.037,1
PrintAksorn_dataset/test/lbracket_Pridi-Regular.png,226,โ,0.2297,,,,226,0.2297,226(โ):0.230 | 232(่):0.137 | 224(เ):0.100,1
PrintAksorn_dataset/test/lbracket_Prompt-Italic.png,226,โ,0.7999,,,,226,0.7999,226(โ):0.800 | 228(ไ):0.014 | 224(เ):0.011,1
PrintAksorn_dataset/test/lo_chula_Himmaparnt-Bold.png,204,ฬ,0.9458,204,ฬ,1,204,0.9458,204(ฬ):0.946 | 178(ฒ):0.001 | 190(พ):0.001,1
PrintAksorn_dataset/test/lo_chula_JS-Thanaporn-Normal.png,188,ผ,0.1,204,ฬ,0,188,0.1,188(ผ):0.100 | 203(ห):0.060 | 204(ฬ):0.055,1
PrintAksorn_dataset/test/lo_chula_Kinnari-Oblique.png,204,ฬ,0.9245,204,ฬ,1,204,0.9245,204(ฬ):0.924 | 190(พ):0.004 | 203(ห):0.002,1
PrintAksorn_dataset/test/lo_chula_TH-Fahkwang-Italic.png,204,ฬ,0.8971,204,ฬ,1,204,0.8971,204(ฬ):0.897 | 203(ห):0.009 | 190(พ):0.004,1
PrintAksorn_dataset/test/lo_ling_ChulaNarak-Bold-Italic.png,197,ล,0.882,197,ล,1,197,0.882,197(ล):0.882 | 241(๑):0.002 | 182(ถ):0.002,1
PrintAksorn_dataset/test/lo_ling_DC-Palamongkol-Bold.png,197,ล,0.8428,197,ล,1,197,0.8428,197(ล):0.843 | 168(จ):0.004 | 225(แ):0.003,1
PrintAksorn_dataset/test/lo_ling_FonLeb-Regular.png,197,ล,0.9115,197,ล,1,197,0.9115,197(ล):0.911 | 193(ม):0.002 | 168(จ):0.002,1
PrintAksorn_dataset/test/lo_ling_JS-Arisa.png,197,ล,0.9051,197,ล,1,197,0.9051,197(ล):0.905 | 168(จ):0.002 | 170(ช):0.002,1
PrintAksorn_dataset/test/lo_ling_JS-Wanida-Italic.png,197,ล,0.8595,197,ล,1,197,0.8595,197(ล):0.859 | 202(ส):0.008 | 233(้):0.003,1
PrintAksorn_dataset/test/lo_ling_Kanit-Black.png,197,ล,0.3064,197,ล,1,197,0.3064,197(ล):0.306 | 182(ถ):0.136 | 206(ฮ):0.065,1
PrintAksorn_dataset/test/lo_ling_Kanit-ExtraBoldItalic.png,197,ล,0.7114,197,ล,1,197,0.7114,197(ล):0.711 | 182(ถ):0.030 | 246(๖):0.028,1
PrintAksorn_dataset/test/lo_ling_Kanit-Light.png,197,ล,0.5541,197,ล,1,197,0.5541,197(ล):0.554 | 241(๑):0.068 | 182(ถ):0.028,1
PrintAksorn_dataset/test/lo_ling_Kanit-Thin.png,197,ล,0.2868,197,ล,1,197,0.2868,197(ล):0.287 | 241(๑):0.071 | 182(ถ):0.053,1
PrintAksorn_dataset/test/lo_ling_Mitr-Medium.png,197,ล,0.7961,197,ล,1,197,0.7961,197(ล):0.796 | 246(๖):0.026 | 182(ถ):0.013,1
PrintAksorn_dataset/test/lo_ling_NotoSerifThai-Thin.png,197,ล,0.9015,197,ล,1,197,0.9015,197(ล):0.902 | 168(จ):0.002 | 167(ง):0.002,1
PrintAksorn_dataset/test/lo_ling_TlwgMono-BoldOblique.png,197,ล,0.8784,197,ล,1,197,0.8784,197(ล):0.878 | 247(๗):0.003 | 202(ส):0.003,1
PrintAksorn_dataset/test/lo_ling_Trirong-Medium.png,197,ล,0.9126,197,ล,1,197,0.9126,197(ล):0.913 | 247(๗):0.002 | 168(จ):0.002,1
PrintAksorn_dataset/test/lparen_ChulaNarak-Regular.png,244,๔,0.237,,,,244,0.237,244(๔):0.237 | 236(์):0.130 | 232(่):0.063,1
PrintAksorn_dataset/test/lparen_CmPrasanmit-Bold-Italic.png,232,่,0.6345,,,,232,0.6345,232(่):0.634 | 236(์):0.061 | 244(๔):0.015,1
PrintAksorn_dataset/test/lparen_FonLeb-Regular.png,244,๔,0.248,,,,244,0.248,244(๔):0.248 | 232(่):0.248 | 236(์):0.042,1
PrintAksorn_dataset/test/lparen_JS-Prajuk-Italic.png,232,่,0.3864,,,,232,0.3864,232(่):0.386 | 236(์):0.187 | 226(โ):0.039,1
PrintAksorn_dataset/test/lparen_JS-Wanida-Italic.png,232,่,0.3887,,,,232,0.3887,232(่):0.389 | 236(์):0.193 | 226(โ):0.034,1
PrintAksorn_dataset/test/lparen_Kanit-ExtraLight.png,232,่,0.2747,,,,232,0.2747,232(่):0.275 | 236(์):0.140 | 224(เ):0.118,1
PrintAksorn_dataset/test/lparen_Loma-BoldOblique.png,232,่,0.3324,,,,232,0.3324,232(่):0.332 | 244(๔):0.140 | 236(์):0.072,1
PrintAksorn_dataset/test/lparen_Maitree-Light.png,232,่,0.5815,,,,232,0.5815,232(่):0.582 | 236(์):0.052 | 227(ใ):0.032,1
PrintAksorn_dataset/test/lparen_NotoSansThai-CondensedExtraLight.png,186,บ,0.1669,,,,186,0.1669,186(บ):0.167 | 187(ป):0.118 | 174(ฎ):0.036,1
PrintAksorn_dataset/test/lparen_Purisa-Oblique.png,236,์,0.2503,,,,236,0.2503,236(์):0.250 | 244(๔):0.123 | 232(่):0.119,1
PrintAksorn_dataset/test/lparen_Sarabun-ExtraLightItalic.png,232,่,0.2368,,,,232,0.2368,232(่):0.237 | 236(์):0.180 | 226(โ):0.067,1
PrintAksorn_dataset/test/lparen_TH-Baijam-Bold.png,232,่,0.5074,,,,232,0.5074,232(่):0.507 | 236(์):0.089 | 227(ใ):0.033,1
PrintAksorn_dataset/test/lparen_Trirong-LightItalic.png,232,่,0.3906,,,,232,0.3906,232(่):0.391 | 236(์):0.162 | 244(๔):0.060,1
PrintAksorn_dataset/test/mai_chattawa_CmPrasanmit-Italic.png,235,๋,0.921,235,๋,1,235,0.921,235(๋):0.921 | 224(เ):0.002 | 244(๔):0.002,1
PrintAksorn_dataset/test/mai_chattawa_JS-Sadayu-Bold.png,235,๋,0.875,235,๋,1,235,0.875,235(๋):0.875 | 224(เ):0.006 | 245(๕):0.005,1
PrintAksorn_dataset/test/mai_chattawa_NotoSansThai-CondensedExtraLight.png,235,๋,0.9297,235,๋,1,235,0.9297,235(๋):0.930 | 224(เ):0.002 | 232(่):0.002,1
PrintAksorn_dataset/test/mai_chattawa_NotoSansThai-Thin.png,235,๋,0.9112,235,๋,1,235,0.9112,235(๋):0.911 | 215(ื):0.002 | 232(่):0.002,1
PrintAksorn_dataset/test/mai_chattawa_NotoSerifThai-Black.png,235,๋,0.3387,235,๋,1,235,0.3387,235(๋):0.339 | 245(๕):0.052 | 201(ษ):0.039,1
PrintAksorn_dataset/test/mai_chattawa_NotoSerifThai-Condensed.png,235,๋,0.915,235,๋,1,235,0.915,235(๋):0.915 | 245(๕):0.003 | 171(ซ):0.003,1
PrintAksorn_dataset/test/mai_chattawa_Prompt-ExtraBold.png,232,่,0.3433,235,๋,0,232,0.3433,232(่):0.343 | 194(ย):0.046 | 208(ะ):0.042,1
PrintAksorn_dataset/test/mai_chattawa_SR-FahMai-Bold.png,235,๋,0.9466,235,๋,1,235,0.9466,235(๋):0.947 | 245(๕):0.002 | 224(เ):0.002,1
PrintAksorn_dataset/test/mai_chattawa_TH-K2D-July8-Italic.png,235,๋,0.9236,235,๋,1,235,0.9236,235(๋):0.924 | 232(่):0.002 | 208(ะ):0.002,1
PrintAksorn_dataset/test/mai_chattawa_TH-Sarabun-New-Italic.png,235,๋,0.93,235,๋,1,235,0.93,235(๋):0.930 | 208(ะ):0.001 | 224(เ):0.001,1
PrintAksorn_dataset/test/mai_chattawa_Taviraj-ExtraLight.png,235,๋,0.9094,235,๋,1,235,0.9094,235(๋):0.909 | 232(่):0.003 | 215(ื):0.003,1
PrintAksorn_dataset/test/mai_chattawa_TlwgMono.png,235,๋,0.9003,235,๋,1,235,0.9003,235(๋):0.900 | 245(๕):0.007 | 224(เ):0.005,1
PrintAksorn_dataset/test/mai_chattawa_TlwgTypist-BoldOblique.png,208,ะ,0.1536,235,๋,0,208,0.1536,208(ะ):0.154 | 224(เ):0.096 | 235(๋):0.073,1
PrintAksorn_dataset/test/mai_chattawa_Umpush-BoldOblique.png,235,๋,0.6385,235,๋,1,235,0.6385,235(๋):0.639 | 245(๕):0.045 | 224(เ):0.019,1
PrintAksorn_dataset/test/mai_ek_JS-Jindara-Italic.png,232,่,0.9225,232,่,1,232,0.9225,232(่):0.923 | 210(า):0.003 | 217(ู):0.003,1
PrintAksorn_dataset/test/mai_ek_JS-Saksit-Italic.png,232,่,0.9132,232,่,1,232,0.9132,232(่):0.913 | 194(ย):0.002 | 215(ื):0.002,1
PrintAksorn_dataset/test/mai_ek_Kanit-LightItalic.png,232,่,0.8878,232,่,1,232,0.8878,232(่):0.888 | 224(เ):0.004 | 194(ย):0.003,1
PrintAksorn_dataset/test/mai_ek_Laksaman-Bold.png,232,่,0.8852,232,่,1,232,0.8852,232(่):0.885 | 224(เ):0.006 | 161(ก):0.003,1
PrintAksorn_dataset/test/mai_ek_Maitree-Medium.png,232,่,0.8969,232,่,1,232,0.8969,232(่):0.897 | 216(ุ):0.004 | 227(ใ):0.003,1
PrintAksorn_dataset/test/mai_ek_Norasi-Bold.png,232,่,0.9246,232,่,1,232,0.9246,232(่):0.925 | 194(ย):0.003 | 217(ู):0.002,1
PrintAksorn_dataset/test/mai_ek_NotoSansThai-CondensedBlack.png,232,่,0.657,232,่,1,232,0.657,232(่):0.657 | 224(เ):0.036 | 236(์):0.011,1
PrintAksorn_dataset/test/mai_ek_NotoSansThai-CondensedBold.png,232,่,0.8377,232,่,1,232,0.8377,232(่):0.838 | 224(เ):0.014 | 194(ย):0.004,1
PrintAksorn_dataset/test/mai_ek_NotoSansThaiLooped-SemiBold.png,232,่,0.8541,232,่,1,232,0.8541,232(่):0.854 | 224(เ):0.012 | 194(ย):0.004,1
PrintAksorn_dataset/test/mai_ek_Prompt-SemiBoldItalic.png,232,่,0.5693,232,่,1,232,0.5693,232(่):0.569 | 163(ฃ):0.019 | 224(เ):0.018,1
PrintAksorn_dataset/test/mai_ek_Silom.png,232,่,0.9347,232,่,1,232,0.9347,232(่):0.935 | 217(ู):0.002 | 210(า):0.002,1
PrintAksorn_dataset/test/mai_ek_TH-Baijam-Bold-Italic.png,232,่,0.9076,232,่,1,232,0.9076,232(่):0.908 | 224(เ):0.003 | 161(ก):0.002,1
PrintAksorn_dataset/test/mai_ek_TH-Baijam-Bold.png,232,่,0.915,232,่,1,232,0.915,232(่):0.915 | 224(เ):0.003 | 161(ก):0.002,1
PrintAksorn_dataset/test/mai_ek_TH-Chakra-Petch-Regular.png,232,่,0.8981,232,่,1,232,0.8981,232(่):0.898 | 210(า):0.006 | 217(ู):0.003,1
PrintAksorn_dataset/test/mai_ek_TH-Charm-of-AU-Regular.png,232,่,0.9226,232,่,1,232,0.9226,232(่):0.923 | 210(า):0.004 | 217(ู):0.002,1
PrintAksorn_dataset/test/mai_ek_TH-Fahkwang-Italic.png,232,่,0.9204,232,่,1,232,0.9204,232(่):0.920 | 224(เ):0.003 | 161(ก):0.002,1
PrintAksorn_dataset/test/mai_ek_Trirong-SemiBold.png,232,่,0.8541,232,่,1,232,0.8541,232(่):0.854 | 224(เ):0.012 | 194(ย):0.004,1
PrintAksorn_dataset/test/mai_ek_Umpush-Oblique.png,232,่,0.8708,232,่,1,232,0.8708,232(่):0.871 | 224(เ):0.006 | 194(ย):0.004,1
PrintAksorn_dataset/test/mai_tho_JS-Prajuk-Italic.png,233,้,0.9178,233,้,1,233,0.9178,233(้):0.918 | 209(ั):0.003 | 206(ฮ):0.002,1
PrintAksorn_dataset/test/mai_tho_Kanit-Light.png,235,๋,0.2885,233,้,0,235,0.2885,235(๋):0.289 | 187(ป):0.120 | 186(บ):0.120,1
PrintAksorn_dataset/test/mai_tho_TH-Baijam-Regular.png,233,้,0.9124,233,้,1,233,0.9124,233(้):0.912 | 217(ู):0.004 | 209(ั):0.003,1
PrintAksorn_dataset/test/mai_tho_TH-Srisakdi-Regular.png,209,ั,0.6902,233,้,0,209,0.6902,209(ั):0.690 | 244(๔):0.044 | 233(้):0.032,1
PrintAksorn_dataset/test/mai_tho_Trirong-ExtraLight.png,233,้,0.8463,233,้,1,233,0.8463,233(้):0.846 | 186(บ):0.008 | 193(ม):0.006,1
PrintAksorn_dataset/test/mai_tho_Trirong-SemiBoldItalic.png,233,้,0.8995,233,้,1,233,0.8995,233(้):0.899 | 193(ม):0.003 | 186(บ):0.003,1
PrintAksorn_dataset/test/mai_tri_JS-Jukaphan.png,234,๊,0.9054,234,๊,1,234,0.9054,234(๊):0.905 | 247(๗):0.029 | 209(ั):0.003,1
PrintAksorn_dataset/test/mai_tri_NotoSerifThai-Condensed.png,247,๗,0.8599,234,๊,0,247,0.8599,247(๗):0.860 | 178(ฒ):0.026 | 234(๊):0.018,1
PrintAksorn_dataset/test/mai_tri_NotoSerifThai-ExtraCondensedBlack.png,247,๗,0.9002,234,๊,0,247,0.9002,247(๗):0.900 | 234(๊):0.014 | 178(ฒ):0.005,1
PrintAksorn_dataset/test/mai_tri_TH-Srisakdi-Bold.png,247,๗,0.8639,234,๊,0,247,0.8639,247(๗):0.864 | 234(๊):0.020 | 242(๒):0.005,1
PrintAksorn_dataset/test/maihan-akat_JS-Prasoplarp-Normal.png,209,ั,0.9054,209,ั,1,209,0.9054,209(ั):0.905 | 207(ฯ):0.002 | 213(ี):0.002,1
PrintAksorn_dataset/test/maihan-akat_Kanit-Thin.png,213,ี,0.2624,209,ั,0,213,0.2624,213(ี):0.262 | 186(บ):0.222 | 235(๋):0.074,1
PrintAksorn_dataset/test/maihan-akat_NotoSansThai-SemiCondensedBlack.png,209,ั,0.4948,209,ั,1,209,0.4948,209(ั):0.495 | 244(๔):0.076 | 242(๒):0.023,1
PrintAksorn_dataset/test/maihan-akat_NotoSerifThai-SemiCondensedThin.png,209,ั,0.8317,209,ั,1,209,0.8317,209(ั):0.832 | 244(๔):0.009 | 207(ฯ):0.008,1
PrintAksorn_dataset/test/maihan-akat_TH-KoHo-Italic.png,209,ั,0.9301,209,ั,1,209,0.9301,209(ั):0.930 | 213(ี):0.002 | 169(ฉ):0.001,1
PrintAksorn_dataset/test/maitaikhu_JS-Jukaphan.png,248,๘,0.7506,231,็,0,248,0.7506,248(๘):0.751 | 231(็):0.154 | 179(ณ):0.003,1
PrintAksorn_dataset/test/maitaikhu_JS-Obsaward-Italic.png,231,็,0.7367,231,็,1,231,0.7367,231(็):0.737 | 248(๘):0.142 | 202(ส):0.004,1
PrintAksorn_dataset/test/maitaikhu_Kanit-LightItalic.png,248,๘,0.3621,231,็,0,248,0.3621,248(๘):0.362 | 244(๔):0.293 | 231(็):0.031,1
PrintAksorn_dataset/test/maitaikhu_NotoSerifThai-SemiCondensedSemiBold.png,248,๘,0.8772,231,็,0,248,0.8772,248(๘):0.877 | 231(็):0.016 | 247(๗):0.004,1
PrintAksorn_dataset/test/maitaikhu_TH-Charmonman-Bold.png,249,๙,0.5121,231,็,0,249,0.5121,249(๙):0.512 | 248(๘):0.217 | 247(๗):0.022,1
PrintAksorn_dataset/test/maitaikhu_Umpush-LightOblique.png,248,๘,0.8345,231,็,0,248,0.8345,248(๘):0.835 | 231(็):0.045 | 169(ฉ):0.003,1
PrintAksorn_dataset/test/maiyamok_Garuda-BoldOblique.png,230,ๆ,0.8416,230,ๆ,1,230,0.8416,230(ๆ):0.842 | 242(๒):0.006 | 187(ป):0.006,1
PrintAksorn_dataset/test/maiyamok_JS-Junkaew.png,230,ๆ,0.9277,230,ๆ,1,230,0.9277,230(ๆ):0.928 | 211(ำ):0.004 | 163(ฃ):0.003,1
PrintAksorn_dataset/test/maiyamok_JS-Pisit-Italic.png,230,ๆ,0.9625,230,ๆ,1,230,0.9625,230(ๆ):0.963 | 207(ฯ):0.002 | 166(ฆ):0.001,1
PrintAksorn_dataset/test/maiyamok_Kanit-Italic.png,243,๓,0.5716,230,ๆ,0,243,0.5716,243(๓):0.572 | 230(ๆ):0.139 | 181(ต):0.015,1
PrintAksorn_dataset/test/maiyamok_NotoSansThai-CondensedExtraBold.png,230,ๆ,0.7255,230,ๆ,1,230,0.7255,230(ๆ):0.726 | 163(ฃ):0.063 | 228(ไ):0.041,1
PrintAksorn_dataset/test/maiyamok_NotoSansThai-ExtraCondensedBlack.png,230,ๆ,0.826,230,ๆ,1,230,0.826,230(ๆ):0.826 | 163(ฃ):0.059 | 228(ไ):0.005,1
PrintAksorn_dataset/test/maiyamok_NotoSansThai-SemiCondensedThin.png,230,ๆ,0.8733,230,ๆ,1,230,0.8733,230(ๆ):0.873 | 243(๓):0.016 | 242(๒):0.009,1
PrintAksorn_dataset/test/maiyamok_NotoSansThaiLooped-Bold.png,230,ๆ,0.8034,230,ๆ,1,230,0.8034,230(ๆ):0.803 | 163(ฃ):0.021 | 171(ซ):0.008,1
PrintAksorn_dataset/test/maiyamok_NotoSerifThai-CondensedLight.png,230,ๆ,0.8607,230,ๆ,1,230,0.8607,230(ๆ):0.861 | 196(ฤ):0.008 | 242(๒):0.006,1
PrintAksorn_dataset/test/maiyamok_NotoSerifThai-SemiCondensedExtraBold.png,230,ๆ,0.7833,230,ๆ,1,230,0.7833,230(ๆ):0.783 | 163(ฃ):0.017 | 162(ข):0.010,1
PrintAksorn_dataset/test/maiyamok_TlwgMono-Bold.png,230,ๆ,0.7943,230,ๆ,1,230,0.7943,230(ๆ):0.794 | 163(ฃ):0.035 | 171(ซ):0.009,1
PrintAksorn_dataset/test/maiyamok_Waree-Bold.png,230,ๆ,0.9352,230,ๆ,1,230,0.9352,230(ๆ):0.935 | 163(ฃ):0.007 | 243(๓):0.002,1
PrintAksorn_dataset/test/mdash_JS-Chodok-Bold.png,213,ี,0.2921,,,,213,0.2921,213(ี):0.292 | 248(๘):0.223 | 186(บ):0.066,1
PrintAksorn_dataset/test/mdash_Kinnari-Italic.png,213,ี,0.1649,,,,213,0.1649,213(ี):0.165 | 226(โ):0.135 | 235(๋):0.059,1
PrintAksorn_dataset/test/mdash_Laksaman-Italic.png,213,ี,0.2046,,,,213,0.2046,213(ี):0.205 | 226(โ):0.097 | 248(๘):0.071,1
PrintAksorn_dataset/test/mdash_NotoSansThai-ExtraCondensedThin.png,186,บ,0.181,,,,186,0.181,186(บ):0.181 | 187(ป):0.113 | 174(ฎ):0.037,1
PrintAksorn_dataset/test/mdash_NotoSansThai-SemiCondensed.png,186,บ,0.1562,,,,186,0.1562,186(บ):0.156 | 187(ป):0.119 | 174(ฎ):0.037,1
PrintAksorn_dataset/test/mdash_NotoSerifThai-ExtraCondensedExtraBold.png,186,บ,0.18,,,,186,0.18,186(บ):0.180 | 187(ป):0.113 | 174(ฎ):0.037,1
PrintAksorn_dataset/test/mdash_NotoSerifThai-ExtraCondensedLight.png,186,บ,0.181,,,,186,0.181,186(บ):0.181 | 187(ป):0.113 | 174(ฎ):0.037,1
PrintAksorn_dataset/test/mdash_NotoSerifThai-SemiCondensedExtraLight.png,186,บ,0.1562,,,,186,0.1562,186(บ):0.156 | 187(ป):0.119 | 174(ฎ):0.037,1
PrintAksorn_dataset/test/mdash_NotoSerifThai-SemiCondensedSemiBold.png,186,บ,0.1562,,,,186,0.1562,186(บ):0.156 | 187(ป):0.119 | 174(ฎ):0.037,1
PrintAksorn_dataset/test/mdash_Purisa-BoldOblique.png,213,ี,0.2284,,,,213,0.2284,213(ี):0.228 | 248(๘):0.117 | 235(๋):0.112,1
PrintAksorn_dataset/test/mdash_TH-Sarabun-New-Bold.png,213,ี,0.2795,,,,213,0.2795,213(ี):0.280 | 235(๋):0.104 | 186(บ):0.078,1
PrintAksorn_dataset/test/mdash_Taviraj-Light.png,213,ี,0.2227,,,,213,0.2227,213(ี):0.223 | 235(๋):0.105 | 226(โ):0.089,1
PrintAksorn_dataset/test/mo_ma_JS-Pitsamai-Italic.png,193,ม,0.9091,193,ม,1,193,0.9091,193(ม):0.909 | 166(ฆ):0.002 | 171(ซ):0.002,1
PrintAksorn_dataset/test/mo_ma_KaniGa-Regular.png,193,ม,0.8159,193,ม,1,193,0.8159,193(ม):0.816 | 186(บ):0.009 | 187(ป):0.004,1
PrintAksorn_dataset/test/mo_ma_Mitr-ExtraLight.png,186,บ,0.5853,193,ม,0,186,0.5853,186(บ):0.585 | 187(ป):0.092 | 203(ห):0.046,1
PrintAksorn_dataset/test/mo_ma_NotoSansThai-Thin.png,186,บ,0.4572,193,ม,0,186,0.4572,186(บ):0.457 | 187(ป):0.266 | 203(ห):0.030,1
PrintAksorn_dataset/test/mo_ma_NotoSerifThai-Light.png,193,ม,0.9152,193,ม,1,193,0.9152,193(ม):0.915 | 199(ว):0.001 | 168(จ):0.001,1
PrintAksorn_dataset/test/mo_ma_Purisa-Bold.png,193,ม,0.9139,193,ม,1,193,0.9139,193(ม):0.914 | 190(พ):0.003 | 188(ผ):0.003,1
PrintAksorn_dataset/test/mo_ma_TH-Baijam-Italic.png,193,ม,0.8952,193,ม,1,193,0.8952,193(ม):0.895 | 186(บ):0.002 | 197(ล):0.002,1
PrintAksorn_dataset/test/mo_ma_TH-Baijam-Regular.png,193,ม,0.9028,193,ม,1,193,0.9028,193(ม):0.903 | 197(ล):0.002 | 210(า):0.002,1
PrintAksorn_dataset/test/mo_ma_TlwgTypo-BoldOblique.png,193,ม,0.8883,193,ม,1,193,0.8883,193(ม):0.888 | 174(ฎ):0.002 | 210(า):0.002,1
PrintAksorn_dataset/test/mo_ma_Trirong-Medium.png,193,ม,0.8778,193,ม,1,193,0.8778,193(ม):0.878 | 185(น):0.002 | 183(ท):0.002,1
PrintAksorn_dataset/test/ndash_JS-Charnchai-Normal.png,213,ี,0.562,,,,213,0.562,213(ี):0.562 | 248(๘):0.110 | 212(ิ):0.052,1
PrintAksorn_dataset/test/ndash_Kanit-ExtraBold.png,213,ี,0.5681,,,,213,0.5681,213(ี):0.568 | 212(ิ):0.136 | 232(่):0.024,1
PrintAksorn_dataset/test/ndash_NotoSansThai-CondensedExtraLight.png,186,บ,0.1669,,,,186,0.1669,186(บ):0.167 | 187(ป):0.118 | 174(ฎ):0.036,1
PrintAksorn_dataset/test/ndash_Sawasdee.png,213,ี,0.5621,,,,213,0.5621,213(ี):0.562 | 212(ิ):0.113 | 248(๘):0.036,1
PrintAksorn_dataset/test/ndash_Taviraj-ExtraBold.png,213,ี,0.4738,,,,213,0.4738,213(ี):0.474 | 248(๘):0.167 | 186(บ):0.047,1
PrintAksorn_dataset/test/ngo_ngu_FonLeb-Italic.png,167,ง,0.892,167,ง,1,167,0.892,167(ง):0.892 | 212(ิ):0.002 | 233(้):0.002,1
PrintAksorn_dataset/test/ngo_ngu_JS-Jindara-Bold.png,167,ง,0.9077,167,ง,1,167,0.9077,167(ง):0.908 | 194(ย):0.002 | 185(น):0.002,1
PrintAksorn_dataset/test/ngo_ngu_JS-Pranee-Italic.png,167,ง,0.4721,167,ง,1,167,0.4721,167(ง):0.472 | 240(๐):0.130 | 168(จ):0.066,1
PrintAksorn_dataset/test/ngo_ngu_Kanit-Bold.png,167,ง,0.1472,167,ง,1,167,0.1472,167(ง):0.147 | 246(๖):0.130 | 240(๐):0.068,1
PrintAksorn_dataset/test/ngo_ngu_NotoSansThai-CondensedBold.png,162,ข,0.2327,167,ง,0,162,0.2327,162(ข):0.233 | 240(๐):0.126 | 167(ง):0.089,1
PrintAksorn_dataset/test/ngo_ngu_NotoSerifThai-ExtraCondensedExtraBold.png,167,ง,0.422,167,ง,1,167,0.422,167(ง):0.422 | 168(จ):0.084 | 187(ป):0.082,1
PrintAksorn_dataset/test/ngo_ngu_Pridi-Bold.png,167,ง,0.2493,167,ง,1,167,0.2493,167(ง):0.249 | 162(ข):0.055 | 203(ห):0.047,1
PrintAksorn_dataset/test/ngo_ngu_Prompt-LightItalic.png,240,๐,0.4325,167,ง,0,240,0.4325,240(๐):0.433 | 186(บ):0.055 | 233(้):0.030,1
PrintAksorn_dataset/test/ngo_ngu_Prompt-Regular.png,240,๐,0.3696,167,ง,0,240,0.3696,240(๐):0.370 | 186(บ):0.053 | 233(้):0.037,1
PrintAksorn_dataset/test/no_nen_FonLeb-Bold-Italic.png,179,ณ,0.9008,179,ณ,1,179,0.9008,179(ณ):0.901 | 173(ญ):0.007 | 172(ฌ):0.002,1
PrintAksorn_dataset/test/no_nen_Kanit-ExtraLight.png,173,ญ,0.8724,179,ณ,0,173,0.8724,173(ญ):0.872 | 179(ณ):0.043 | 247(๗):0.005,1
PrintAksorn_dataset/test/no_nen_Maitree-Regular.png,179,ณ,0.9031,179,ณ,1,179,0.9031,179(ณ):0.903 | 173(ญ):0.004 | 209(ั):0.002,1
PrintAksorn_dataset/test/no_nen_Nakaracha-Regular.png,179,ณ,0.9009,179,ณ,1,179,0.9009,179(ณ):0.901 | 169(ฉ):0.002 | 209(ั):0.002,1
PrintAksorn_dataset/test/no_nen_NotoSansThai-ExtraCondensedBlack.png,179,ณ,0.4907,179,ณ,1,179,0.4907,179(ณ):0.491 | 173(ญ):0.297 | 172(ฌ):0.041,1
PrintAksorn_dataset/test/no_nen_NotoSansThaiLooped-Bold.png,179,ณ,0.9055,179,ณ,1,179,0.9055,179(ณ):0.906 | 173(ญ):0.002 | 187(ป):0.002,1
PrintAksorn_dataset/test/no_nen_NotoSerifThai-CondensedLight.png,179,ณ,0.8966,179,ณ,1,179,0.8966,179(ณ):0.897 | 185(น):0.002 | 173(ญ):0.002,1
PrintAksorn_dataset/test/no_nen_Pattaya-Regular.png,179,ณ,0.8679,179,ณ,1,179,0.8679,179(ณ):0.868 | 190(พ):0.006 | 215(ื):0.005,1
PrintAksorn_dataset/test/no_nen_Prompt-SemiBold.png,173,ญ,0.4639,179,ณ,0,173,0.4639,173(ญ):0.464 | 179(ณ):0.291 | 172(ฌ):0.066,1
PrintAksorn_dataset/test/no_nen_Sarabun-Thin.png,179,ณ,0.9088,179,ณ,1,179,0.9088,179(ณ):0.909 | 173(ญ):0.003 | 209(ั):0.002,1
PrintAksorn_dataset/test/no_nen_Sawasdee-BoldOblique.png,179,ณ,0.4256,179,ณ,1,179,0.4256,179(ณ):0.426 | 173(ญ):0.310 | 172(ฌ):0.053,1
PrintAksorn_dataset/test/no_nen_TH-Sarabun-New-Bold.png,179,ณ,0.9101,179,ณ,1,179,0.9101,179(ณ):0.910 | 209(ั):0.002 | 173(ญ):0.002,1
PrintAksorn_dataset/test/no_nen_Waree-Oblique.png,179,ณ,0.9165,179,ณ,1,179,0.9165,179(ณ):0.916 | 173(ญ):0.003 | 184(ธ):0.002,1
PrintAksorn_dataset/test/no_nu_Ayuthaya.png,185,น,0.902,185,น,1,185,0.902,185(น):0.902 | 186(บ):0.002 | 203(ห):0.002,1
PrintAksorn_dataset/test/no_nu_DC-Palamongkol-Bold.png,185,น,0.8767,185,น,1,185,0.8767,185(น):0.877 | 203(ห):0.004 | 224(เ):0.002,1
PrintAksorn_dataset/test/no_nu_JS-Chulee.png,185,น,0.8655,185,น,1,185,0.8655,185(น):0.866 | 201(ษ):0.003 | 242(๒):0.003,1
PrintAksorn_dataset/test/no_nu_JS-Jukaphan.png,185,น,0.9005,185,น,1,185,0.9005,185(น):0.901 | 186(บ):0.002 | 203(ห):0.002,1
PrintAksorn_dataset/test/no_nu_JS-Mookravee-Normal.png,185,น,0.8676,185,น,1,185,0.8676,185(น):0.868 | 186(บ):0.004 | 227(ใ):0.002,1
PrintAksorn_dataset/test/no_nu_JS-Pisit-Italic.png,185,น,0.9009,185,น,1,185,0.9009,185(น):0.901 | 186(บ):0.002 | 203(ห):0.002,1
PrintAksorn_dataset/test/no_nu_JS-Prapakorn-Normal.png,203,ห,0.6693,185,น,0,203,0.6693,203(ห):0.669 | 185(น):0.044 | 186(บ):0.014,1
PrintAksorn_dataset/test/no_nu_JS-Wansika-Italic.png,185,น,0.8364,185,น,1,185,0.8364,185(น):0.836 | 203(ห):0.012 | 170(ช):0.007,1
PrintAksorn_dataset/test/no_nu_Mitr-Regular.png,203,ห,0.6919,185,น,0,203,0.6919,203(ห):0.692 | 186(บ):0.092 | 187(ป):0.016,1
PrintAksorn_dataset/test/no_nu_Nakaracha-Regular.png,185,น,0.8844,185,น,1,185,0.8844,185(น):0.884 | 203(ห):0.002 | 162(ข):0.002,1
PrintAksorn_dataset/test/no_nu_NotoSansThai-SemiCondensed.png,203,ห,0.3709,185,น,0,203,0.3709,203(ห):0.371 | 186(บ):0.266 | 187(ป):0.054,1
PrintAksorn_dataset/test/no_nu_PSK-SmartBI.png,185,น,0.9207,185,น,1,185,0.9207,185(น):0.921 | 186(บ):0.002 | 187(ป):0.002,1
PrintAksorn_dataset/test/no_nu_Prompt-ThinItalic.png,187,ป,0.385,185,น,0,187,0.385,187(ป):0.385 | 186(บ):0.350 | 203(ห):0.064,1
PrintAksorn_dataset/test/no_nu_TH-Kodchasal-Bold.png,185,น,0.69,185,น,1,185,0.69,185(น):0.690 | 203(ห):0.049 | 186(บ):0.009,1
PrintAksorn_dataset/test/no_nu_TlwgMono.png,185,น,0.896,185,น,1,185,0.896,185(น):0.896 | 186(บ):0.002 | 203(ห):0.002,1
PrintAksorn_dataset/test/o_ang_CmPrasanmit-Italic.png,205,อ,0.9255,205,อ,1,205,0.9255,205(อ):0.926 | 174(ฎ):0.002 | 241(๑):0.001,1
PrintAksorn_dataset/test/o_ang_JS-Jukaphan.png,205,อ,0.9237,205,อ,1,205,0.9237,205(อ):0.924 | 185(น):0.001 | 190(พ):0.001,1
PrintAksorn_dataset/test/o_ang_JS-Padachamai-Normal.png,205,อ,0.9284,205,อ,1,205,0.9284,205(อ):0.928 | 197(ล):0.004 | 246(๖):0.002,1
PrintAksorn_dataset/test/o_ang_JS-Saksit-Bold-Italic.png,205,อ,0.9219,205,อ,1,205,0.9219,205(อ):0.922 | 241(๑):0.002 | 240(๐):0.002,1
PrintAksorn_dataset/test/o_ang_JS-Thanaporn-Normal.png,240,๐,0.3577,205,อ,0,240,0.3577,240(๐):0.358 | 205(อ):0.234 | 246(๖):0.029,1
PrintAksorn_dataset/test/o_ang_Kanit-BlackItalic.png,205,อ,0.3618,205,อ,1,205,0.3618,205(อ):0.362 | 246(๖):0.192 | 240(๐):0.103,1
PrintAksorn_dataset/test/o_ang_Kanit-ExtraLightItalic.png,205,อ,0.4399,205,อ,1,205,0.4399,205(อ):0.440 | 240(๐):0.243 | 246(๖):0.057,1
PrintAksorn_dataset/test/o_ang_NotoSansThai-CondensedLight.png,205,อ,0.5824,205,อ,1,205,0.5824,205(อ):0.582 | 240(๐):0.127 | 199(ว):0.014,1
PrintAksorn_dataset/test/o_ang_NotoSansThaiLooped-Thin.png,205,อ,0.9229,205,อ,1,205,0.9229,205(อ):0.923 | 206(ฮ):0.003 | 168(จ):0.002,1
PrintAksorn_dataset/test/o_ang_NotoSerifThai-CondensedExtraLight.png,205,อ,0.8919,205,อ,1,205,0.8919,205(อ):0.892 | 206(ฮ):0.004 | 241(๑):0.003,1
PrintAksorn_dataset/test/o_ang_NotoSerifThai-ExtraCondensedMedium.png,205,อ,0.8934,205,อ,1,205,0.8934,205(อ):0.893 | 206(ฮ):0.003 | 241(๑):0.002,1
PrintAksorn_dataset/test/o_ang_Prompt-ThinItalic.png,205,อ,0.4208,205,อ,1,205,0.4208,205(อ):0.421 | 240(๐):0.195 | 246(๖):0.077,1
PrintAksorn_dataset/test/o_ang_Sarabun-ExtraBoldItalic.png,205,อ,0.8171,205,อ,1,205,0.8171,205(อ):0.817 | 241(๑):0.007 | 197(ล):0.006,1
PrintAksorn_dataset/test/o_ang_Sawasdee-Bold.png,240,๐,0.9317,205,อ,0,240,0.9317,240(๐):0.932 | 205(อ):0.004 | 241(๑):0.002,1
PrintAksorn_dataset/test/o_ang_TH-Krub-Regular.png,205,อ,0.8692,205,อ,1,205,0.8692,205(อ):0.869 | 241(๑):0.007 | 246(๖):0.005,1
PrintAksorn_dataset/test/o_ang_TH-Srisakdi-Bold.png,205,อ,0.9002,205,อ,1,205,0.9002,205(อ):0.900 | 206(ฮ):0.003 | 195(ร):0.002,1
PrintAksorn_dataset/test/o_ang_TH-Srisakdi-Regular.png,205,อ,0.9054,205,อ,1,205,0.9054,205(อ):0.905 | 206(ฮ):0.003 | 170(ช):0.002,1
PrintAksorn_dataset/test/o_ang_Trirong-ThinItalic.png,205,อ,0.9427,205,อ,1,205,0.9427,205(อ):0.943 | 206(ฮ):0.002 | 241(๑):0.001,1
PrintAksorn_dataset/test/o_ang_Umpush-LightOblique.png,205,อ,0.9229,205,อ,1,205,0.9229,205(อ):0.923 | 180(ด):0.001 | 185(น):0.001,1
PrintAksorn_dataset/test/paiyannoi_CmPrasanmit-Italic.png,207,ฯ,0.895,207,ฯ,1,207,0.895,207(ฯ):0.895 | 209(ั):0.005 | 241(๑):0.004,1
PrintAksorn_dataset/test/paiyannoi_Prompt-BoldItalic.png,207,ฯ,0.9097,207,ฯ,1,207,0.9097,207(ฯ):0.910 | 194(ย):0.018 | 216(ุ):0.004,1
PrintAksorn_dataset/test/paiyannoi_TH-Fahkwang-Bold-Italic.png,207,ฯ,0.9005,207,ฯ,1,207,0.9005,207(ฯ):0.901 | 203(ห):0.005 | 211(ำ):0.003,1
PrintAksorn_dataset/test/paiyannoi_Waree-Bold.png,207,ฯ,0.9318,207,ฯ,1,207,0.9318,207(ฯ):0.932 | 203(ห):0.003 | 194(ย):0.002,1
PrintAksorn_dataset/test/pho_phan_ChulaNarak-Italic.png,190,พ,0.837,190,พ,1,190,0.837,190(พ):0.837 | 191(ฟ):0.024 | 204(ฬ):0.003,1
PrintAksorn_dataset/test/pho_phan_Kinnari.png,190,พ,0.8685,190,พ,1,190,0.8685,190(พ):0.869 | 162(ข):0.004 | 191(ฟ):0.003,1
PrintAksorn_dataset/test/pho_phan_NotoSansThai-ExtraCondensedBlack.png,190,พ,0.6176,190,พ,1,190,0.6176,190(พ):0.618 | 225(แ):0.052 | 191(ฟ):0.037,1
PrintAksorn_dataset/test/pho_phan_NotoSerifThai-CondensedMedium.png,190,พ,0.8692,190,พ,1,190,0.8692,190(พ):0.869 | 191(ฟ):0.003 | 188(ผ):0.003,1
PrintAksorn_dataset/test/pho_phan_Sriracha-Regular.png,188,ผ,0.3293,190,พ,0,188,0.3293,188(ผ):0.329 | 190(พ):0.123 | 225(แ):0.058,1
PrintAksorn_dataset/test/pho_phan_Waree-Bold.png,190,พ,0.8884,190,พ,1,190,0.8884,190(พ):0.888 | 191(ฟ):0.007 | 196(ฤ):0.002,1
PrintAksorn_dataset/test/pho_phueng_Itim-Regular.png,188,ผ,0.9253,188,ผ,1,188,0.9253,188(ผ):0.925 | 248(๘):0.002 | 189(ฝ):0.002,1
PrintAksorn_dataset/test/pho_phueng_JS-Jindara-Bold-Italic.png,188,ผ,0.9129,188,ผ,1,188,0.9129,188(ผ):0.913 | 189(ฝ):0.005 | 173(ญ):0.002,1
PrintAksorn_dataset/test/pho_phueng_NotoSerifThai-SemiCondensed.png,188,ผ,0.9232,188,ผ,1,188,0.9232,188(ผ):0.923 | 190(พ):0.002 | 189(ฝ):0.002,1
PrintAksorn_dataset/test/pho_samphao_JS-Giat-Bold.png,192,ภ,0.9555,192,ภ,1,192,0.9555,192(ภ):0.955 | 198(ฦ):0.003 | 183(ท):0.002,1
PrintAksorn_dataset/test/pho_samphao_JS-Rapee-Normal.png,192,ภ,0.9132,192,ภ,1,192,0.9132,192(ภ):0.913 | 198(ฦ):0.003 | 183(ท):0.002,1
PrintAksorn_dataset/test/pho_samphao_Kanit-BoldItalic.png,161,ก,0.4423,192,ภ,0,161,0.4423,161(ก):0.442 | 192(ภ):0.282 | 182(ถ):0.029,1
PrintAksorn_dataset/test/pho_samphao_Kanit-LightItalic.png,161,ก,0.7961,192,ภ,0,161,0.7961,161(ก):0.796 | 192(ภ):0.036 | 182(ถ):0.008,1
PrintAksorn_dataset/test/pho_samphao_Sarabun-ThinItalic.png,192,ภ,0.9145,192,ภ,1,192,0.9145,192(ภ):0.914 | 198(ฦ):0.006 | 183(ท):0.003,1
PrintAksorn_dataset/test/pho_samphao_TH-Mali-Grade6-Regular.png,192,ภ,0.9195,192,ภ,1,192,0.9195,192(ภ):0.920 | 198(ฦ):0.006 | 183(ท):0.003,1
PrintAksorn_dataset/test/pho_samphao_Taviraj-Thin.png,192,ภ,0.9134,192,ภ,1,192,0.9134,192(ภ):0.913 | 198(ฦ):0.004 | 183(ท):0.003,1
PrintAksorn_dataset/test/po_pla_Aksaramatee-Bold.png,187,ป,0.8688,187,ป,1,187,0.8688,187(ป):0.869 | 199(ว):0.004 | 217(ู):0.003,1
PrintAksorn_dataset/test/po_pla_Itim-Regular.png,187,ป,0.918,187,ป,1,187,0.918,187(ป):0.918 | 186(บ):0.002 | 217(ู):0.002,1
PrintAksorn_dataset/test/po_pla_JS-Arisa.png,187,ป,0.8969,187,ป,1,187,0.8969,187(ป):0.897 | 209(ั):0.002 | 205(อ):0.002,1
PrintAksorn_dataset/test/po_pla_JS-Obsaward-Italic.png,187,ป,0.7815,187,ป,1,187,0.7815,187(ป):0.781 | 191(ฟ):0.048 | 189(ฝ):0.008,1
PrintAksorn_dataset/test/po_pla_JS-Prapakorn-Normal.png,187,ป,0.9221,187,ป,1,187,0.9221,187(ป):0.922 | 186(บ):0.004 | 217(ู):0.003,1
PrintAksorn_dataset/test/po_pla_JS-Puriphop-Normal.png,187,ป,0.9101,187,ป,1,187,0.9101,187(ป):0.910 | 205(อ):0.002 | 209(ั):0.002,1
PrintAksorn_dataset/test/po_pla_JS-Saksit-Bold-Italic.png,187,ป,0.922,187,ป,1,187,0.922,187(ป):0.922 | 205(อ):0.002 | 165(ฅ):0.001,1
PrintAksorn_dataset/test/po_pla_KaniGa-Regular.png,187,ป,0.9024,187,ป,1,187,0.9024,187(ป):0.902 | 189(ฝ):0.002 | 179(ณ):0.002,1
PrintAksorn_dataset/test/po_pla_NotoSansThaiLooped-ExtraBold.png,187,ป,0.9151,187,ป,1,187,0.9151,187(ป):0.915 | 201(ษ):0.002 | 217(ู):0.002,1
PrintAksorn_dataset/test/po_pla_Sarabun-Italic.png,187,ป,0.9118,187,ป,1,187,0.9118,187(ป):0.912 | 217(ู):0.002 | 209(ั):0.002,1
PrintAksorn_dataset/test/po_pla_TH-Sarabun-New-Regular.png,187,ป,0.885,187,ป,1,187,0.885,187(ป):0.885 | 227(ใ):0.002 | 209(ั):0.002,1
PrintAksorn_dataset/test/po_pla_TlwgTypo.png,187,ป,0.9088,187,ป,1,187,0.9088,187(ป):0.909 | 209(ั):0.002 | 189(ฝ):0.002,1
PrintAksorn_dataset/test/question_Himmaparnt-Bold-Italic.png,227,ใ,0.324,,,,227,0.324,227(ใ):0.324 | 210(า):0.136 | 226(โ):0.051,1
PrintAksorn_dataset/test/question_Kanit-Black.png,245,๕,0.6756,,,,245,0.6756,245(๕):0.676 | 195(ร):0.026 | 227(ใ):0.018,1
PrintAksorn_dataset/test/question_Norasi-Italic.png,227,ใ,0.2024,,,,227,0.2024,227(ใ):0.202 | 176(ฐ):0.082 | 241(๑):0.059,1
PrintAksorn_dataset/test/question_NotoSerifThai-SemiCondensedBlack.png,186,บ,0.18,,,,186,0.18,186(บ):0.180 | 187(ป):0.113 | 174(ฎ):0.037,1
PrintAksorn_dataset/test/question_SR-FahMai-Italic.png,176,ฐ,0.0873,,,,176,0.0873,176(ฐ):0.087 | 227(ใ):0.086 | 199(ว):0.074,1
PrintAksorn_dataset/test/question_TH-Baijam-Italic.png,226,โ,0.2159,,,,226,0.2159,226(โ):0.216 | 176(ฐ):0.072 | 197(ล):0.045,1
PrintAksorn_dataset/test/question_Umpush-Bold.png,227,ใ,0.155,,,,227,0.155,227(ใ):0.155 | 199(ว):0.083 | 210(า):0.073,1
PrintAksorn_dataset/test/quote_CmPrasanmit-Italic.png,225,แ,0.6056,,,,225,0.6056,225(แ):0.606 | 186(บ):0.068 | 161(ก):0.046,1
PrintAksorn_dataset/test/quote_JS-Junkaew-Italic.png,225,แ,0.5578,,,,225,0.5578,225(แ):0.558 | 186(บ):0.040 | 187(ป):0.031,1
PrintAksorn_dataset/test/quote_JS-Sadayu-Allcaps.png,225,แ,0.5009,,,,225,0.5009,225(แ):0.501 | 186(บ):0.073 | 161(ก):0.047,1
PrintAksorn_dataset/test/quote_KaniGa-Italic.png,225,แ,0.4142,,,,225,0.4142,225(แ):0.414 | 161(ก):0.081 | 186(บ):0.030,1
PrintAksorn_dataset/test/quote_Laksaman-Italic.png,225,แ,0.5523,,,,225,0.5523,225(แ):0.552 | 186(บ):0.088 | 187(ป):0.041,1
PrintAksorn_dataset/test/quote_Maitree-Regular.png,225,แ,0.3782,,,,225,0.3782,225(แ):0.378 | 186(บ):0.183 | 187(ป):0.057,1
PrintAksorn_dataset/test/quote_NotoSansThai-SemiCondensedMedium.png,186,บ,0.1562,,,,186,0.1562,186(บ):0.156 | 187(ป):0.119 | 174(ฎ):0.037,1
PrintAksorn_dataset/test/quote_NotoSansThaiLooped-Regular.png,225,แ,0.2213,,,,225,0.2213,225(แ):0.221 | 186(บ):0.139 | 161(ก):0.072,1
PrintAksorn_dataset/test/quote_NotoSerifThai-ExtraCondensed.png,186,บ,0.18,,,,186,0.18,186(บ):0.180 | 187(ป):0.113 | 174(ฎ):0.037,1
PrintAksorn_dataset/test/quote_PSK-Smart-Regular.png,225,แ,0.2776,,,,225,0.2776,225(แ):0.278 | 232(่):0.104 | 186(บ):0.049,1
PrintAksorn_dataset/test/quote_Pridi-ExtraLight.png,225,แ,0.4045,,,,225,0.4045,225(แ):0.404 | 161(ก):0.062 | 186(บ):0.051,1
PrintAksorn_dataset/test/quote_TH-Krub-Bold.png,225,แ,0.2353,,,,225,0.2353,225(แ):0.235 | 186(บ):0.186 | 232(่):0.067,1
PrintAksorn_dataset/test/quote_TlwgTypo-Bold.png,225,แ,0.2616,,,,225,0.2616,225(แ):0.262 | 161(ก):0.056 | 190(พ):0.044,1
PrintAksorn_dataset/test/quote_Umpush-Bold.png,225,แ,0.6906,,,,225,0.6906,225(แ):0.691 | 161(ก):0.032 | 232(่):0.024,1
PrintAksorn_dataset/test/rbrace_Athiti-Light.png,226,โ,0.3836,,,,226,0.3836,226(โ):0.384 | 210(า):0.070 | 176(ฐ):0.064,1
PrintAksorn_dataset/test/rbrace_FonLeb-Bold-Italic.png,176,ฐ,0.1917,,,,176,0.1917,176(ฐ):0.192 | 210(า):0.062 | 226(โ):0.049,1
PrintAksorn_dataset/test/rbrace_Himmaparnt-Bold-Italic.png,210,า,0.2674,,,,210,0.2674,210(า):0.267 | 226(โ):0.120 | 227(ใ):0.105,1
PrintAksorn_dataset/test/rbrace_Himmaparnt-Italic.png,226,โ,0.2103,,,,226,0.2103,226(โ):0.210 | 227(ใ):0.092 | 210(า):0.082,1
PrintAksorn_dataset/test/rbrace_Prompt-LightItalic.png,226,โ,0.2209,,,,226,0.2209,226(โ):0.221 | 228(ไ):0.181 | 224(เ):0.067,1
PrintAksorn_dataset/test/rbrace_Sarabun-Light.png,210,า,0.5686,,,,210,0.5686,210(า):0.569 | 226(โ):0.065 | 227(ใ):0.043,1
PrintAksorn_dataset/test/rbrace_Silom.png,210,า,0.3876,,,,210,0.3876,210(า):0.388 | 226(โ):0.105 | 227(ใ):0.086,1
PrintAksorn_dataset/test/rbrace_Taviraj-Thin.png,226,โ,0.3441,,,,226,0.3441,226(โ):0.344 | 195(ร):0.058 | 176(ฐ):0.056,1
PrintAksorn_dataset/test/rbrace_Taviraj-ThinItalic.png,226,โ,0.3843,,,,226,0.3843,226(โ):0.384 | 228(ไ):0.053 | 176(ฐ):0.045,1
PrintAksorn_dataset/test/rbrace_TlwgMono-Oblique.png,226,โ,0.4131,,,,226,0.4131,226(โ):0.413 | 228(ไ):0.071 | 227(ใ):0.049,1
PrintAksorn_dataset/test/rbracket_ChulaNarak-Italic.png,210,า,0.5474,,,,210,0.5474,210(า):0.547 | 229(ๅ):0.129 | 199(ว):0.087,1
PrintAksorn_dataset/test/rbracket_JS-75-Pumpuang.png,229,ๅ,0.4469,,,,229,0.4469,229(ๅ):0.447 | 167(ง):0.091 | 187(ป):0.028,1
PrintAksorn_dataset/test/rbracket_JS-Pisit-Normal.png,229,ๅ,0.2742,,,,229,0.2742,229(ๅ):0.274 | 167(ง):0.181 | 187(ป):0.069,1
PrintAksorn_dataset/test/rbracket_NotoSansThai-SemiCondensedMedium.png,186,บ,0.1562,,,,186,0.1562,186(บ):0.156 | 187(ป):0.119 | 174(ฎ):0.037,1
PrintAksorn_dataset/test/rbracket_PSK-SmartItaic.png,229,ๅ,0.2522,,,,229,0.2522,229(ๅ):0.252 | 210(า):0.116 | 187(ป):0.076,1
PrintAksorn_dataset/test/rbracket_TH-K2D-July8-Bold-Italic.png,229,ๅ,0.1889,,,,229,0.1889,229(ๅ):0.189 | 187(ป):0.129 | 167(ง):0.057,1
PrintAksorn_dataset/test/rbracket_Taviraj-Light.png,229,ๅ,0.5087,,,,229,0.5087,229(ๅ):0.509 | 167(ง):0.072 | 187(ป):0.031,1
PrintAksorn_dataset/test/rbracket_Taviraj-Medium.png,229,ๅ,0.3383,,,,229,0.3383,229(ๅ):0.338 | 167(ง):0.104 | 187(ป):0.074,1
PrintAksorn_dataset/test/rbracket_TlwgTypo-Oblique.png,229,ๅ,0.2101,,,,229,0.2101,229(ๅ):0.210 | 187(ป):0.103 | 167(ง):0.069,1
PrintAksorn_dataset/test/rbracket_Trirong-LightItalic.png,229,ๅ,0.303,,,,229,0.303,229(ๅ):0.303 | 187(ป):0.079 | 167(ง):0.040,1
PrintAksorn_dataset/test/rbracket_Umpush-Light.png,229,ๅ,0.2672,,,,229,0.2672,229(ๅ):0.267 | 167(ง):0.145 | 187(ป):0.047,1
PrintAksorn_dataset/test/ro_ruea_JS-Chodok-Bold.png,195,ร,0.8528,195,ร,1,195,0.8528,195(ร):0.853 | 246(๖):0.007 | 249(๙):0.005,1
PrintAksorn_dataset/test/ro_ruea_JS-Korakhot-Normal.png,195,ร,0.8931,195,ร,1,195,0.8931,195(ร):0.893 | 246(๖):0.005 | 199(ว):0.003,1
PrintAksorn_dataset/test/ro_ruea_JS-Rapee-Italic.png,195,ร,0.8942,195,ร,1,195,0.8942,195(ร):0.894 | 199(ว):0.003 | 193(ม):0.002,1
PrintAksorn_dataset/test/ro_ruea_JS-Saowapark-Italic.png,195,ร,0.918,195,ร,1,195,0.918,195(ร):0.918 | 246(๖):0.002 | 226(โ):0.002,1
PrintAksorn_dataset/test/ro_ruea_Kanit-Black.png,245,๕,0.2435,195,ร,0,245,0.2435,245(๕):0.243 | 176(ฐ):0.199 | 195(ร):0.128,1
PrintAksorn_dataset/test/ro_ruea_Mitr-Regular.png,195,ร,0.1513,195,ร,1,195,0.1513,195(ร):0.151 | 246(๖):0.091 | 176(ฐ):0.086,1
PrintAksorn_dataset/test/ro_ruea_NotoSerifThai-CondensedMedium.png,195,ร,0.9184,195,ร,1,195,0.9184,195(ร):0.918 | 246(๖):0.003 | 249(๙):0.002,1
PrintAksorn_dataset/test/ro_ruea_NotoSerifThai-ExtraLight.png,195,ร,0.9024,195,ร,1,195,0.9024,195(ร):0.902 | 246(๖):0.004 | 199(ว):0.002,1
PrintAksorn_dataset/test/ro_ruea_Prompt-ExtraLight.png,248,๘,0.1315,195,ร,0,248,0.1315,248(๘):0.132 | 184(ธ):0.106 | 249(๙):0.094,1
PrintAksorn_dataset/test/ro_ruea_Sarabun-Bold.png,195,ร,0.9159,195,ร,1,195,0.9159,195(ร):0.916 | 249(๙):0.003 | 246(๖):0.002,1
PrintAksorn_dataset/test/ro_ruea_TH-Mali-Grade6-Regular.png,195,ร,0.9029,195,ร,1,195,0.9029,195(ร):0.903 | 246(๖):0.003 | 193(ม):0.003,1
PrintAksorn_dataset/test/ro_ruea_Taviraj-LightItalic.png,195,ร,0.9269,195,ร,1,195,0.9269,195(ร):0.927 | 246(๖):0.003 | 199(ว):0.001,1
PrintAksorn_dataset/test/ro_ruea_TlwgTypo-Oblique.png,195,ร,0.9225,195,ร,1,195,0.9225,195(ร):0.922 | 249(๙):0.002 | 246(๖):0.002,1
PrintAksorn_dataset/test/ro_ruea_Umpush-BoldOblique.png,195,ร,0.9138,195,ร,1,195,0.9138,195(ร):0.914 | 249(๙):0.003 | 246(๖):0.002,1
PrintAksorn_dataset/test/rparen_CmPrasanmit-Italic.png,232,่,0.5009,,,,232,0.5009,232(่):0.501 | 210(า):0.066 | 187(ป):0.043,1
PrintAksorn_dataset/test/rparen_JS-Jindara-Normal.png,210,า,0.2952,,,,210,0.2952,210(า):0.295 | 229(ๅ):0.095 | 232(่):0.057,1
PrintAksorn_dataset/test/rparen_Kanit-ExtraBoldItalic.png,233,้,0.1105,,,,233,0.1105,233(้):0.110 | 232(่):0.072 | 236(์):0.051,1
PrintAksorn_dataset/test/rparen_Kinnari-Bold.png,210,า,0.1991,,,,210,0.1991,210(า):0.199 | 229(ๅ):0.095 | 240(๐):0.094,1
PrintAksorn_dataset/test/rparen_Nakaracha-Regular.png,210,า,0.3998,,,,210,0.3998,210(า):0.400 | 229(ๅ):0.158 | 232(่):0.082,1
PrintAksorn_dataset/test/rparen_NotoSansThai-ExtraBold.png,186,บ,0.1599,,,,186,0.1599,186(บ):0.160 | 187(ป):0.119 | 174(ฎ):0.036,1
PrintAksorn_dataset/test/rparen_NotoSerifThai-CondensedExtraBold.png,186,บ,0.1737,,,,186,0.1737,186(บ):0.174 | 187(ป):0.118 | 174(ฎ):0.038,1
PrintAksorn_dataset/test/rparen_NotoSerifThai-SemiCondensedThin.png,186,บ,0.1562,,,,186,0.1562,186(บ):0.156 | 187(ป):0.119 | 174(ฎ):0.037,1
PrintAksorn_dataset/test/rparen_NotoSerifThai-Thin.png,186,บ,0.1885,,,,186,0.1885,186(บ):0.189 | 187(ป):0.113 | 174(ฎ):0.037,1
PrintAksorn_dataset/test/rparen_Prompt-BoldItalic.png,240,๐,0.1422,,,,240,0.1422,240(๐):0.142 | 232(่):0.080 | 199(ว):0.078,1
PrintAksorn_dataset/test/rparen_Prompt-SemiBold.png,240,๐,0.1325,,,,240,0.1325,240(๐):0.132 | 199(ว):0.081 | 229(ๅ):0.080,1
PrintAksorn_dataset/test/rparen_Sarabun-ExtraLight.png,210,า,0.2171,,,,210,0.2171,210(า):0.217 | 229(ๅ):0.103 | 199(ว):0.081,1
PrintAksorn_dataset/test/rparen_Sarabun-Thin.png,210,า,0.2355,,,,210,0.2355,210(า):0.236 | 199(ว):0.073 | 229(ๅ):0.064,1
PrintAksorn_dataset/test/rparen_TH-Kodchasal-Bold-Italic.png,232,่,0.556,,,,232,0.556,232(่):0.556 | 229(ๅ):0.062 | 187(ป):0.058,1
PrintAksorn_dataset/test/rparen_TH-Krub-Bold.png,229,ๅ,0.1957,,,,229,0.1957,229(ๅ):0.196 | 210(า):0.157 | 199(ว):0.082,1
PrintAksorn_dataset/test/rparen_Taviraj-ExtraBoldItalic.png,240,๐,0.1962,,,,240,0.1962,240(๐):0.196 | 232(่):0.130 | 199(ว):0.075,1
PrintAksorn_dataset/test/sara_a_ChulaNarak-Bold-Italic.png,208,ะ,0.9205,208,ะ,1,208,0.9205,208(ะ):0.920 | 245(๕):0.004 | 247(๗):0.003,1
PrintAksorn_dataset/test/sara_a_JS-Pisit-Normal.png,208,ะ,0.9176,208,ะ,1,208,0.9176,208(ะ):0.918 | 245(๕):0.004 | 247(๗):0.003,1
PrintAksorn_dataset/test/sara_a_JS-Sadayu-Bold-Italic.png,208,ะ,0.8909,208,ะ,1,208,0.8909,208(ะ):0.891 | 245(๕):0.007 | 225(แ):0.004,1
PrintAksorn_dataset/test/sara_a_Kanit-Light.png,208,ะ,0.7212,208,ะ,1,208,0.7212,208(ะ):0.721 | 176(ฐ):0.026 | 167(ง):0.022,1
PrintAksorn_dataset/test/sara_a_NotoSansThai-SemiCondensed.png,208,ะ,0.8728,208,ะ,1,208,0.8728,208(ะ):0.873 | 225(แ):0.004 | 176(ฐ):0.004,1
PrintAksorn_dataset/test/sara_a_NotoSerifThai-CondensedExtraBold.png,208,ะ,0.8555,208,ะ,1,208,0.8555,208(ะ):0.855 | 245(๕):0.013 | 176(ฐ):0.008,1
PrintAksorn_dataset/test/sara_a_NotoSerifThai-ExtraBold.png,208,ะ,0.8533,208,ะ,1,208,0.8533,208(ะ):0.853 | 245(๕):0.011 | 176(ฐ):0.008,1
PrintAksorn_dataset/test/sara_a_NotoSerifThai-Regular.png,208,ะ,0.9131,208,ะ,1,208,0.9131,208(ะ):0.913 | 245(๕):0.004 | 247(๗):0.003,1
PrintAksorn_dataset/test/sara_a_Pridi-SemiBold.png,208,ะ,0.7364,208,ะ,1,208,0.7364,208(ะ):0.736 | 245(๕):0.079 | 176(ฐ):0.008,1
PrintAksorn_dataset/test/sara_a_Prompt-Black.png,208,ะ,0.8579,208,ะ,1,208,0.8579,208(ะ):0.858 | 176(ฐ):0.013 | 245(๕):0.006,1
PrintAksorn_dataset/test/sara_a_TH-Baijam-Bold-Italic.png,208,ะ,0.9186,208,ะ,1,208,0.9186,208(ะ):0.919 | 245(๕):0.003 | 225(แ):0.003,1
PrintAksorn_dataset/test/sara_a_TH-Sarabun-New-Bold.png,208,ะ,0.9277,208,ะ,1,208,0.9277,208(ะ):0.928 | 245(๕):0.003 | 247(๗):0.002,1
PrintAksorn_dataset/test/sara_a_TH-Srisakdi-Regular.png,208,ะ,0.8745,208,ะ,1,208,0.8745,208(ะ):0.875 | 225(แ):0.004 | 193(ม):0.003,1
PrintAksorn_dataset/test/sara_a_Taviraj-ThinItalic.png,208,ะ,0.8983,208,ะ,1,208,0.8983,208(ะ):0.898 | 225(แ):0.004 | 245(๕):0.004,1
PrintAksorn_dataset/test/sara_a_TlwgTypist-BoldOblique.png,208,ะ,0.7585,208,ะ,1,208,0.7585,208(ะ):0.759 | 245(๕):0.035 | 176(ฐ):0.014,1
PrintAksorn_dataset/test/sara_a_Trirong-SemiBold.png,208,ะ,0.9253,208,ะ,1,208,0.9253,208(ะ):0.925 | 245(๕):0.004 | 247(๗):0.002,1
PrintAksorn_dataset/test/sara_a_Umpush-BoldOblique.png,208,ะ,0.8744,208,ะ,1,208,0.8744,208(ะ):0.874 | 245(๕):0.012 | 225(แ):0.004,1
PrintAksorn_dataset/test/sara_a_Waree-Oblique.png,208,ะ,0.9008,208,ะ,1,208,0.9008,208(ะ):0.901 | 245(๕):0.004 | 225(แ):0.003,1
PrintAksorn_dataset/test/sara_aa_KaniGa-Italic.png,210,า,0.8718,210,า,1,210,0.8718,210(า):0.872 | 229(ๅ):0.010 | 199(ว):0.003,1
PrintAksorn_dataset/test/sara_aa_NotoSansThai-SemiCondensedLight.png,229,ๅ,0.8395,210,า,0,229,0.8395,229(ๅ):0.840 | 196(ฤ):0.004 | 210(า):0.004,1
PrintAksorn_dataset/test/sara_aa_NotoSansThaiUI-Regular.png,229,ๅ,0.853,210,า,0,229,0.853,229(ๅ):0.853 | 210(า):0.006 | 196(ฤ):0.004,1
PrintAksorn_dataset/test/sara_aa_Prompt-BlackItalic.png,210,า,0.2856,210,า,1,210,0.2856,210(า):0.286 | 227(ใ):0.064 | 216(ุ):0.061,1
PrintAksorn_dataset/test/sara_aa_Prompt-ExtraBoldItalic.png,210,า,0.4108,210,า,1,210,0.4108,210(า):0.411 | 229(ๅ):0.066 | 216(ุ):0.041,1
PrintAksorn_dataset/test/sara_aa_Prompt-Italic.png,229,ๅ,0.8307,210,า,0,229,0.8307,229(ๅ):0.831 | 210(า):0.012 | 184(ธ):0.003,1
PrintAksorn_dataset/test/sara_aa_TH-Charmonman-Regular.png,210,า,0.9145,210,า,1,210,0.9145,210(า):0.915 | 229(ๅ):0.008 | 199(ว):0.003,1
PrintAksorn_dataset/test/sara_aa_TH-Kodchasal-Bold.png,210,า,0.9015,210,า,1,210,0.9015,210(า):0.901 | 199(ว):0.003 | 212(ิ):0.002,1
PrintAksorn_dataset/test/sara_aa_Taviraj-ExtraBoldItalic.png,210,า,0.76,210,า,1,210,0.76,210(า):0.760 | 229(ๅ):0.049 | 199(ว):0.019,1
PrintAksorn_dataset/test/sara_ae_CmPrasanmit-Regular.png,225,แ,0.8379,225,แ,1,225,0.8379,225(แ):0.838 | 224(เ):0.012 | 208(ะ):0.004,1
PrintAksorn_dataset/test/sara_ae_JS-Junkaew-Italic.png,225,แ,0.8712,225,แ,1,225,0.8712,225(แ):0.871 | 224(เ):0.004 | 208(ะ):0.003,1
PrintAksorn_dataset/test/sara_ae_JS-Mookravee-Normal.png,225,แ,0.8442,225,แ,1,225,0.8442,225(แ):0.844 | 224(เ):0.008 | 208(ะ):0.004,1
PrintAksorn_dataset/test/sara_ae_JS-Obsaward-Italic.png,225,แ,0.9058,225,แ,1,225,0.9058,225(แ):0.906 | 191(ฟ):0.003 | 208(ะ):0.002,1
PrintAksorn_dataset/test/sara_ae_JS-Puchong-Normal.png,225,แ,0.4992,225,แ,1,225,0.4992,225(แ):0.499 | 161(ก):0.244 | 183(ท):0.033,1
PrintAksorn_dataset/test/sara_ae_JS-Rapee-Bold-Italic.png,225,แ,0.7869,225,แ,1,225,0.7869,225(แ):0.787 | 193(ม):0.006 | 208(ะ):0.006,1
PrintAksorn_dataset/test/sara_ae_JS-Rapee-Italic.png,225,แ,0.8271,225,แ,1,225,0.8271,225(แ):0.827 | 224(เ):0.006 | 193(ม):0.006,1
PrintAksorn_dataset/test/sara_ae_Kinnari-Italic.png,225,แ,0.8688,225,แ,1,225,0.8688,225(แ):0.869 | 224(เ):0.004 | 161(ก):0.003,1
PrintAksorn_dataset/test/sara_ae_Kinnari.png,225,แ,0.7938,225,แ,1,225,0.7938,225(แ):0.794 | 224(เ):0.014 | 208(ะ):0.006,1
PrintAksorn_dataset/test/sara_ae_Mitr-Bold.png,225,แ,0.4058,225,แ,1,225,0.4058,225(แ):0.406 | 232(่):0.060 | 186(บ):0.038,1
PrintAksorn_dataset/test/sara_ae_Pridi-ExtraLight.png,225,แ,0.8306,225,แ,1,225,0.8306,225(แ):0.831 | 224(เ):0.011 | 208(ะ):0.004,1
PrintAksorn_dataset/test/sara_ae_Pridi-Medium.png,225,แ,0.8081,225,แ,1,225,0.8081,225(แ):0.808 | 224(เ):0.011 | 208(ะ):0.005,1
PrintAksorn_dataset/test/sara_ae_Sarabun-Bold.png,225,แ,0.8227,225,แ,1,225,0.8227,225(แ):0.823 | 224(เ):0.011 | 208(ะ):0.004,1
PrintAksorn_dataset/test/sara_ai_maimalai_JS-Chulee.png,228,ไ,0.8683,228,ไ,1,228,0.8683,228(ไ):0.868 | 227(ใ):0.003 | 195(ร):0.003,1
PrintAksorn_dataset/test/sara_ai_maimalai_JS-Jukaphan-Italic.png,228,ไ,0.9014,228,ไ,1,228,0.9014,228(ไ):0.901 | 247(๗):0.002 | 203(ห):0.002,1
PrintAksorn_dataset/test/sara_ai_maimalai_Pridi-Medium.png,226,โ,0.7723,228,ไ,0,226,0.7723,226(โ):0.772 | 228(ไ):0.014 | 227(ใ):0.009,1
PrintAksorn_dataset/test/sara_ai_maimalai_Pridi-Regular.png,226,โ,0.7855,228,ไ,0,226,0.7855,226(โ):0.786 | 228(ไ):0.012 | 236(์):0.007,1
PrintAksorn_dataset/test/sara_ai_maimalai_Sarabun-ExtraLight.png,228,ไ,0.9001,228,ไ,1,228,0.9001,228(ไ):0.900 | 227(ใ):0.003 | 167(ง):0.002,1
PrintAksorn_dataset/test/sara_ai_maimalai_TH-Srisakdi-Bold.png,228,ไ,0.9141,228,ไ,1,228,0.9141,228(ไ):0.914 | 246(๖):0.006 | 242(๒):0.002,1
PrintAksorn_dataset/test/sara_ai_maimalai_TlwgTypist-BoldOblique.png,228,ไ,0.8601,228,ไ,1,228,0.8601,228(ไ):0.860 | 246(๖):0.004 | 177(ฑ):0.003,1
PrintAksorn_dataset/test/sara_ai_maimuan_Himmaparnt-Italic.png,227,ใ,0.9145,227,ใ,1,227,0.9145,227(ใ):0.914 | 226(โ):0.005 | 170(ช):0.002,1
PrintAksorn_dataset/test/sara_ai_maimuan_JS-Giat-Bold.png,227,ใ,0.9249,227,ใ,1,227,0.9249,227(ใ):0.925 | 210(า):0.002 | 201(ษ):0.002,1
PrintAksorn_dataset/test/sara_ai_maimuan_JS-Prapakorn-Italic.png,210,า,0.5812,227,ใ,0,210,0.5812,210(า):0.581 | 227(ใ):0.146 | 226(โ):0.017,1
PrintAksorn_dataset/test/sara_ai_maimuan_Maitree-ExtraLight.png,227,ใ,0.9015,227,ใ,1,227,0.9015,227(ใ):0.901 | 226(โ):0.008 | 211(ำ):0.003,1
PrintAksorn_dataset/test/sara_ai_maimuan_NotoSerifThai-ExtraCondensedThin.png,227,ใ,0.927,227,ใ,1,227,0.927,227(ใ):0.927 | 226(โ):0.002 | 228(ไ):0.002,1
PrintAksorn_dataset/test/sara_ai_maimuan_Sarabun-Regular.png,227,ใ,0.9276,227,ใ,1,227,0.9276,227(ใ):0.928 | 226(โ):0.002 | 201(ษ):0.001,1
PrintAksorn_dataset/test/sara_ai_maimuan_TH-KoHo-Bold.png,227,ใ,0.8943,227,ใ,1,227,0.8943,227(ใ):0.894 | 226(โ):0.014 | 228(ไ):0.003,1
PrintAksorn_dataset/test/sara_ai_maimuan_Trirong-Regular.png,227,ใ,0.9034,227,ใ,1,227,0.9034,227(ใ):0.903 | 226(โ):0.004 | 206(ฮ):0.002,1
PrintAksorn_dataset/test/sara_am_Chonburi-Regular.png,211,ำ,0.7122,211,ำ,1,211,0.7122,211(ำ):0.712 | 210(า):0.013 | 246(๖):0.010,1
PrintAksorn_dataset/test/sara_am_Garuda-BoldOblique.png,211,ำ,0.8638,211,ำ,1,211,0.8638,211(ำ):0.864 | 229(ๅ):0.004 | 210(า):0.003,1
PrintAksorn_dataset/test/sara_am_JS-Rapee-Bold.png,211,ำ,0.8325,211,ำ,1,211,0.8325,211(ำ):0.833 | 210(า):0.006 | 229(ๅ):0.006,1
PrintAksorn_dataset/test/sara_am_Maitree-Medium.png,211,ำ,0.8619,211,ำ,1,211,0.8619,211(ำ):0.862 | 210(า):0.005 | 229(ๅ):0.004,1
PrintAksorn_dataset/test/sara_am_Maitree-Regular.png,211,ำ,0.8078,211,ำ,1,211,0.8078,211(ำ):0.808 | 210(า):0.008 | 229(ๅ):0.007,1
PrintAksorn_dataset/test/sara_am_NotoSansThai-SemiBold.png,211,ำ,0.7287,211,ำ,1,211,0.7287,211(ำ):0.729 | 210(า):0.012 | 229(ๅ):0.011,1
PrintAksorn_dataset/test/sara_am_Prompt-BoldItalic.png,211,ำ,0.7516,211,ำ,1,211,0.7516,211(ำ):0.752 | 194(ย):0.007 | 174(ฎ):0.006,1
PrintAksorn_dataset/test/sara_am_Prompt-ExtraBold.png,211,ำ,0.6982,211,ำ,1,211,0.6982,211(ำ):0.698 | 210(า):0.008 | 194(ย):0.007,1
PrintAksorn_dataset/test/sara_am_Silom.png,211,ำ,0.8432,211,ำ,1,211,0.8432,211(ำ):0.843 | 210(า):0.006 | 229(ๅ):0.005,1
PrintAksorn_dataset/test/sara_am_TlwgMono.png,211,ำ,0.8848,211,ำ,1,211,0.8848,211(ำ):0.885 | 246(๖):0.004 | 207(ฯ):0.004,1
PrintAksorn_dataset/test/sara_am_Umpush-Bold.png,211,ำ,0.8782,211,ำ,1,211,0.8782,211(ำ):0.878 | 210(า):0.003 | 205(อ):0.003,1
PrintAksorn_dataset/test/sara_e_Athiti-Regular.png,232,่,0.2831,224,เ,0,232,0.2831,232(่):0.283 | 224(เ):0.257 | 187(ป):0.054,1
PrintAksorn_dataset/test/sara_e_JS-Arisa.png,224,เ,0.8653,224,เ,1,224,0.8653,224(เ):0.865 | 236(์):0.004 | 213(ี):0.003,1
PrintAksorn_dataset/test/sara_e_JS-Pisit-Normal.png,224,เ,0.8833,224,เ,1,224,0.8833,224(เ):0.883 | 242(๒):0.003 | 236(์):0.003,1
PrintAksorn_dataset/test/sara_e_JS-Pudgrong-Normal.png,224,เ,0.8935,224,เ,1,224,0.8935,224(เ):0.894 | 242(๒):0.003 | 236(์):0.003,1
PrintAksorn_dataset/test/sara_e_KaniGa-Bold.png,224,เ,0.8959,224,เ,1,224,0.8959,224(เ):0.896 | 236(์):0.003 | 244(๔):0.002,1
PrintAksorn_dataset/test/sara_e_NotoSansThai-ExtraCondensedBlack.png,232,่,0.7229,224,เ,0,232,0.7229,232(่):0.723 | 224(เ):0.098 | 227(ใ):0.011,1
PrintAksorn_dataset/test/sara_e_TH-Chakra-Petch-Bold-Italic.png,224,เ,0.9155,224,เ,1,224,0.9155,224(เ):0.915 | 236(์):0.007 | 242(๒):0.002,1
PrintAksorn_dataset/test/sara_e_TH-K2D-July8-Bold.png,224,เ,0.8963,224,เ,1,224,0.8963,224(เ):0.896 | 236(์):0.002 | 213(ี):0.002,1
PrintAksorn_dataset/test/sara_e_Taviraj-BlackItalic.png,224,เ,0.6855,224,เ,1,224,0.6855,224(เ):0.686 | 232(่):0.056 | 244(๔):0.015,1
PrintAksorn_dataset/test/sara_e_Trirong-ExtraLightItalic.png,224,เ,0.9129,224,เ,1,224,0.9129,224(เ):0.913 | 236(์):0.005 | 227(ใ):0.002,1
PrintAksorn_dataset/test/sara_e_Trirong-MediumItalic.png,224,เ,0.9289,224,เ,1,224,0.9289,224(เ):0.929 | 236(์):0.003 | 227(ใ):0.002,1
PrintAksorn_dataset/test/sara_e_Trirong-SemiBoldItalic.png,224,เ,0.9218,224,เ,1,224,0.9218,224(เ):0.922 | 236(์):0.004 | 232(่):0.003,1
PrintAksorn_dataset/test/sara_i_Aksaramatee-Regular.png,212,ิ,0.897,212,ิ,1,212,0.897,212(ิ):0.897 | 213(ี):0.004 | 240(๐):0.003,1
PrintAksorn_dataset/test/sara_i_JS-Prajuk-Italic.png,212,ิ,0.922,212,ิ,1,212,0.922,212(ิ):0.922 | 213(ี):0.009 | 240(๐):0.006,1
PrintAksorn_dataset/test/sara_i_Kanit-Thin.png,213,ี,0.2709,212,ิ,0,213,0.2709,213(ี):0.271 | 235(๋):0.100 | 248(๘):0.076,1
PrintAksorn_dataset/test/sara_i_NotoSansThai-SemiCondensedThin.png,235,๋,0.3774,212,ิ,0,235,0.3774,235(๋):0.377 | 213(ี):0.198 | 226(โ):0.060,1
PrintAksorn_dataset/test/sara_i_NotoSerifThai-ExtraCondensedLight.png,212,ิ,0.8823,212,ิ,1,212,0.8823,212(ิ):0.882 | 240(๐):0.006 | 216(ุ):0.003,1
PrintAksorn_dataset/test/sara_i_TH-Baijam-Regular.png,212,ิ,0.8949,212,ิ,1,212,0.8949,212(ิ):0.895 | 240(๐):0.003 | 213(ี):0.002,1
PrintAksorn_dataset/test/sara_i_TH-Charmonman-Regular.png,212,ิ,0.7134,212,ิ,1,212,0.7134,212(ิ):0.713 | 168(จ):0.102 | 213(ี):0.011,1
PrintAksorn_dataset/test/sara_i_TH-KoHo-Bold-Italic.png,212,ิ,0.9298,212,ิ,1,212,0.9298,212(ิ):0.930 | 248(๘):0.003 | 213(ี):0.002,1
PrintAksorn_dataset/test/sara_i_Taviraj-SemiBoldItalic.png,212,ิ,0.9197,212,ิ,1,212,0.9197,212(ิ):0.920 | 240(๐):0.003 | 248(๘):0.002,1
PrintAksorn_dataset/test/sara_i_Waree.png,212,ิ,0.9183,212,ิ,1,212,0.9183,212(ิ):0.918 | 240(๐):0.003 | 248(๘):0.003,1
PrintAksorn_dataset/test/sara_ii_Himmaparnt-Regular.png,213,ี,0.8696,213,ี,1,213,0.8696,213(ี):0.870 | 212(ิ):0.004 | 207(ฯ):0.003,1
PrintAksorn_dataset/test/sara_ii_JS-Arisa-Italic.png,213,ี,0.8496,213,ี,1,213,0.8496,213(ี):0.850 | 212(ิ):0.004 | 233(้):0.004,1
PrintAksorn_dataset/test/sara_ii_JS-Pumpuang-Normal.png,214,ึ,0.3583,213,ี,0,214,0.3583,214(ึ):0.358 | 248(๘):0.187 | 242(๒):0.096,1
PrintAksorn_dataset/test/sara_ii_JS-Synjai-Normal.png,213,ี,0.8878,213,ี,1,213,0.8878,213(ี):0.888 | 189(ฝ):0.003 | 233(้):0.003,1
PrintAksorn_dataset/test/sara_ii_Kanit-Regular.png,213,ี,0.8987,213,ี,1,213,0.8987,213(ี):0.899 | 186(บ):0.005 | 199(ว):0.005,1
PrintAksorn_dataset/test/sara_ii_NotoSansThai-SemiCondensedBold.png,213,ี,0.9341,213,ี,1,213,0.9341,213(ี):0.934 | 199(ว):0.013 | 215(ื):0.005,1
PrintAksorn_dataset/test/sara_ii_NotoSansThai-SemiCondensedSemiBold.png,213,ี,0.9024,213,ี,1,213,0.9024,213(ี):0.902 | 215(ื):0.019 | 199(ว):0.013,1
PrintAksorn_dataset/test/sara_ii_NotoSansThaiLooped-SemiBold.png,213,ี,0.9328,213,ี,1,213,0.9328,213(ี):0.933 | 212(ิ):0.002 | 215(ื):0.002,1
PrintAksorn_dataset/test/sara_ii_PSK-SmartItaic.png,213,ี,0.9139,213,ี,1,213,0.9139,213(ี):0.914 | 212(ิ):0.003 | 233(้):0.002,1
PrintAksorn_dataset/test/sara_ii_TH-Kodchasal-Regular.png,213,ี,0.884,213,ี,1,213,0.884,213(ี):0.884 | 212(ิ):0.005 | 215(ื):0.004,1
PrintAksorn_dataset/test/sara_ii_Umpush-Oblique.png,213,ี,0.9036,213,ี,1,213,0.9036,213(ี):0.904 | 189(ฝ):0.003 | 207(ฯ):0.002,1
PrintAksorn_dataset/test/sara_o_Himmaparnt-Regular.png,226,โ,0.9388,226,โ,1,226,0.9388,226(โ):0.939 | 207(ฯ):0.002 | 249(๙):0.001,1
PrintAksorn_dataset/test/sara_o_Itim-Regular.png,226,โ,0.9085,226,โ,1,226,0.9085,226(โ):0.908 | 249(๙):0.003 | 207(ฯ):0.003,1
PrintAksorn_dataset/test/sara_o_JS-Pitsamai-Italic.png,226,โ,0.8956,226,โ,1,226,0.8956,226(โ):0.896 | 249(๙):0.003 | 207(ฯ):0.003,1
PrintAksorn_dataset/test/sara_o_Maitree-Medium.png,226,โ,0.9238,226,โ,1,226,0.9238,226(โ):0.924 | 207(ฯ):0.002 | 249(๙):0.002,1
PrintAksorn_dataset/test/sara_o_NotoSansThai-ExtraCondensedExtraBold.png,226,โ,0.7448,226,โ,1,226,0.7448,226(โ):0.745 | 210(า):0.043 | 232(่):0.017,1
PrintAksorn_dataset/test/sara_o_Pattaya-Regular.png,226,โ,0.8704,226,โ,1,226,0.8704,226(โ):0.870 | 184(ธ):0.018 | 161(ก):0.004,1
PrintAksorn_dataset/test/sara_o_Trirong-LightItalic.png,226,โ,0.931,226,โ,1,226,0.931,226(โ):0.931 | 248(๘):0.001 | 207(ฯ):0.001,1
PrintAksorn_dataset/test/sara_u_Garuda-Bold.png,216,ุ,0.7701,216,ุ,1,216,0.7701,216(ุ):0.770 | 162(ข):0.024 | 217(ู):0.023,1
PrintAksorn_dataset/test/sara_u_NotoSansThai-ExtraCondensed.png,216,ุ,0.2699,216,ุ,1,216,0.2699,216(ุ):0.270 | 232(่):0.262 | 210(า):0.130,1
PrintAksorn_dataset/test/sara_u_NotoSansThai-Light.png,210,า,0.478,216,ุ,0,210,0.478,210(า):0.478 | 229(ๅ):0.242 | 232(่):0.043,1
PrintAksorn_dataset/test/sara_u_Prompt-Medium.png,216,ุ,0.52,216,ุ,1,216,0.52,216(ุ):0.520 | 210(า):0.116 | 217(ู):0.041,1
PrintAksorn_dataset/test/sara_u_TH-Baijam-Italic.png,216,ุ,0.9214,216,ุ,1,216,0.9214,216(ุ):0.921 | 217(ู):0.009 | 162(ข):0.004,1
PrintAksorn_dataset/test/sara_u_TH-K2D-July8-Bold.png,216,ุ,0.8025,216,ุ,1,216,0.8025,216(ุ):0.803 | 217(ู):0.055 | 233(้):0.014,1
PrintAksorn_dataset/test/sara_u_TlwgTypist-Bold.png,216,ุ,0.6948,216,ุ,1,216,0.6948,216(ุ):0.695 | 241(๑):0.056 | 237(ํ):0.023,1
PrintAksorn_dataset/test/sara_u_TlwgTypist-Oblique.png,216,ุ,0.5285,216,ุ,1,216,0.5285,216(ุ):0.529 | 217(ู):0.181 | 241(๑):0.027,1
PrintAksorn_dataset/test/sara_ue_JS-Chulee.png,214,ึ,0.8628,214,ึ,1,214,0.8628,214(ึ):0.863 | 244(๔):0.006 | 215(ื):0.005,1
PrintAksorn_dataset/test/sara_ue_JS-Rapee-Bold-Italic.png,214,ึ,0.8483,214,ึ,1,214,0.8483,214(ึ):0.848 | 215(ื):0.010 | 244(๔):0.005,1
PrintAksorn_dataset/test/sara_ue_JS-Sadayu-Allcaps.png,214,ึ,0.9644,214,ึ,1,214,0.9644,214(ึ):0.964 | 215(ื):0.003 | 213(ี):0.002,1
PrintAksorn_dataset/test/sara_ue_Kanit-ThinItalic.png,214,ึ,0.412,214,ึ,1,214,0.412,214(ึ):0.412 | 242(๒):0.031 | 246(๖):0.031,1
PrintAksorn_dataset/test/sara_ue_Loma-Bold.png,214,ึ,0.9417,214,ึ,1,214,0.9417,214(ึ):0.942 | 244(๔):0.002 | 215(ื):0.001,1
PrintAksorn_dataset/test/sara_ue_NotoSansThai-CondensedExtraLight.png,214,ึ,0.4134,214,ึ,1,214,0.4134,214(ึ):0.413 | 246(๖):0.044 | 242(๒):0.041,1
PrintAksorn_dataset/test/sara_ue_NotoSansThai-ExtraCondensedSemiBold.png,214,ึ,0.9387,214,ึ,1,214,0.9387,214(ึ):0.939 | 246(๖):0.004 | 235(๋):0.002,1
PrintAksorn_dataset/test/sara_ue_NotoSansThaiLooped-Light.png,214,ึ,0.9088,214,ึ,1,214,0.9088,214(ึ):0.909 | 248(๘):0.002 | 215(ื):0.002,1
PrintAksorn_dataset/test/sara_ue_PSK-Smart-Regular.png,214,ึ,0.8567,214,ึ,1,214,0.8567,214(ึ):0.857 | 215(ื):0.004 | 244(๔):0.003,1
PrintAksorn_dataset/test/sara_ue_SR-FahMai-Normal.png,214,ึ,0.8722,214,ึ,1,214,0.8722,214(ึ):0.872 | 244(๔):0.005 | 215(ื):0.004,1
PrintAksorn_dataset/test/sara_ue_TlwgTypist-Oblique.png,214,ึ,0.9299,214,ึ,1,214,0.9299,214(ึ):0.930 | 167(ง):0.002 | 244(๔):0.002,1
PrintAksorn_dataset/test/sara_uee_Athiti-SemiBold.png,215,ื,0.3791,215,ื,1,215,0.3791,215(ื):0.379 | 201(ษ):0.292 | 242(๒):0.020,1
PrintAksorn_dataset/test/sara_uee_ChulaNarak-Bold-Italic.png,232,่,0.097,215,ื,0,232,0.097,232(่):0.097 | 162(ข):0.083 | 161(ก):0.052,1
PrintAksorn_dataset/test/sara_uee_Himmaparnt-Italic.png,215,ื,0.8716,215,ื,1,215,0.8716,215(ื):0.872 | 214(ึ):0.003 | 233(้):0.003,1
PrintAksorn_dataset/test/sara_uee_JS-Arisa-Italic.png,215,ื,0.9032,215,ื,1,215,0.9032,215(ื):0.903 | 233(้):0.003 | 214(ึ):0.002,1
PrintAksorn_dataset/test/sara_uee_JS-Saksit-Normal.png,215,ื,0.8708,215,ื,1,215,0.8708,215(ื):0.871 | 233(้):0.004 | 242(๒):0.004,1
PrintAksorn_dataset/test/sara_uee_JS-Saowapark-Normal.png,215,ื,0.882,215,ื,1,215,0.882,215(ื):0.882 | 214(ึ):0.003 | 204(ฬ):0.003,1
PrintAksorn_dataset/test/sara_uee_NotoSerifThai-Medium.png,215,ื,0.9113,215,ื,1,215,0.9113,215(ื):0.911 | 247(๗):0.003 | 214(ึ):0.002,1
PrintAksorn_dataset/test/sara_uee_NotoSerifThai-SemiCondensed.png,215,ื,0.9023,215,ื,1,215,0.9023,215(ื):0.902 | 247(๗):0.003 | 214(ึ):0.002,1
PrintAksorn_dataset/test/sara_uee_Pridi-Light.png,215,ื,0.8477,215,ื,1,215,0.8477,215(ื):0.848 | 242(๒):0.004 | 214(ึ):0.004,1
PrintAksorn_dataset/test/sara_uee_Prompt-Thin.png,215,ื,0.7112,215,ื,1,215,0.7112,215(ื):0.711 | 235(๋):0.063 | 186(บ):0.045,1
PrintAksorn_dataset/test/sara_uee_Purisa-Oblique.png,215,ื,0.9162,215,ื,1,215,0.9162,215(ื):0.916 | 247(๗):0.003 | 190(พ):0.002,1
PrintAksorn_dataset/test/sara_uee_Sarabun-Thin.png,215,ื,0.8587,215,ื,1,215,0.8587,215(ื):0.859 | 213(ี):0.006 | 233(้):0.004,1
PrintAksorn_dataset/test/sara_uee_TH-Baijam-Regular.png,215,ื,0.8388,215,ื,1,215,0.8388,215(ื):0.839 | 213(ี):0.006 | 233(้):0.004,1
PrintAksorn_dataset/test/sara_uu_FonLeb-Bold-Italic.png,217,ู,0.7256,217,ู,1,217,0.7256,217(ู):0.726 | 186(บ):0.177 | 162(ข):0.013,1
PrintAksorn_dataset/test/sara_uu_JS-Pisit-Normal.png,217,ู,0.7213,217,ู,1,217,0.7213,217(ู):0.721 | 186(บ):0.121 | 162(ข):0.039,1
PrintAksorn_dataset/test/sara_uu_NotoSerifThai-SemiCondensedLight.png,186,บ,0.7071,217,ู,0,186,0.7071,186(บ):0.707 | 217(ู):0.177 | 162(ข):0.017,1
PrintAksorn_dataset/test/sara_uu_Pridi-Regular.png,217,ู,0.8729,217,ู,1,217,0.8729,217(ู):0.873 | 186(บ):0.072 | 162(ข):0.014,1
PrintAksorn_dataset/test/sara_uu_Silom.png,217,ู,0.8763,217,ู,1,217,0.8763,217(ู):0.876 | 186(บ):0.064 | 162(ข):0.010,1
PrintAksorn_dataset/test/sara_uu_TH-Chakra-Petch-Bold.png,217,ู,0.9251,217,ู,1,217,0.9251,217(ู):0.925 | 162(ข):0.017 | 186(บ):0.007,1
PrintAksorn_dataset/test/sara_uu_TH-K2D-July8-Italic.png,217,ู,0.8351,217,ู,1,217,0.8351,217(ู):0.835 | 162(ข):0.052 | 186(บ):0.035,1
PrintAksorn_dataset/test/sara_uu_TH-KoHo-Bold.png,217,ู,0.8295,217,ู,1,217,0.8295,217(ู):0.829 | 186(บ):0.090 | 162(ข):0.009,1
PrintAksorn_dataset/test/sara_uu_Taviraj-SemiBoldItalic.png,186,บ,0.6178,217,ู,0,186,0.6178,186(บ):0.618 | 217(ู):0.096 | 193(ม):0.016,1
PrintAksorn_dataset/test/sara_uu_Trirong-Regular.png,186,บ,0.6335,217,ู,0,186,0.6335,186(บ):0.634 | 217(ู):0.081 | 162(ข):0.043,1
PrintAksorn_dataset/test/sara_uu_Trirong-SemiBoldItalic.png,186,บ,0.6847,217,ู,0,186,0.6847,186(บ):0.685 | 217(ู):0.088 | 162(ข):0.012,1
PrintAksorn_dataset/test/sara_uu_Umpush-Bold.png,217,ู,0.5477,217,ู,1,217,0.5477,217(ู):0.548 | 186(บ):0.275 | 162(ข):0.074,1
PrintAksorn_dataset/test/semicolon_Aksaramatee-Regular.png,211,ำ,0.3688,,,,211,0.3688,211(ำ):0.369 | 208(ะ):0.159 | 227(ใ):0.036,1
PrintAksorn_dataset/test/semicolon_JS-Thanaporn-Normal.png,211,ำ,0.2405,,,,211,0.2405,211(ำ):0.240 | 208(ะ):0.198 | 188(ผ):0.038,1
PrintAksorn_dataset/test/semicolon_Kanit-SemiBold.png,208,ะ,0.7919,,,,208,0.7919,208(ะ):0.792 | 176(ฐ):0.016 | 228(ไ):0.013,1
PrintAksorn_dataset/test/semicolon_NotoSansThai-Bold.png,186,บ,0.1885,,,,186,0.1885,186(บ):0.189 | 187(ป):0.113 | 174(ฎ):0.037,1
PrintAksorn_dataset/test/semicolon_NotoSansThai-CondensedThin.png,186,บ,0.1669,,,,186,0.1669,186(บ):0.167 | 187(ป):0.118 | 174(ฎ):0.036,1
PrintAksorn_dataset/test/semicolon_NotoSansThai-SemiCondensedExtraBold.png,186,บ,0.1665,,,,186,0.1665,186(บ):0.167 | 187(ป):0.118 | 174(ฎ):0.036,1
PrintAksorn_dataset/test/semicolon_NotoSerifThai-CondensedLight.png,186,บ,0.1669,,,,186,0.1669,186(บ):0.167 | 187(ป):0.118 | 174(ฎ):0.036,1
PrintAksorn_dataset/test/semicolon_NotoSerifThai-ExtraLight.png,186,บ,0.1885,,,,186,0.1885,186(บ):0.189 | 187(ป):0.113 | 174(ฎ):0.037,1
PrintAksorn_dataset/test/semicolon_Sawasdee-Oblique.png,208,ะ,0.1707,,,,208,0.1707,208(ะ):0.171 | 199(ว):0.081 | 211(ำ):0.076,1
PrintAksorn_dataset/test/semicolon_Taviraj-ExtraLight.png,211,ำ,0.332,,,,211,0.332,211(ำ):0.332 | 208(ะ):0.160 | 176(ฐ):0.058,1
PrintAksorn_dataset/test/slash_ChulaNarak-Regular.png,232,่,0.5686,,,,232,0.5686,232(่):0.569 | 187(ป):0.101 | 191(ฟ):0.044,1
PrintAksorn_dataset/test/slash_FonLeb-Bold-Italic.png,232,่,0.6382,,,,232,0.6382,232(่):0.638 | 187(ป):0.072 | 210(า):0.041,1
PrintAksorn_dataset/test/slash_JS-75-Pumpuang.png,232,่,0.4453,,,,232,0.4453,232(่):0.445 | 187(ป):0.147 | 210(า):0.034,1
PrintAksorn_dataset/test/slash_JS-Pranee-Italic.png,232,่,0.476,,,,232,0.476,232(่):0.476 | 236(์):0.058 | 187(ป):0.050,1
PrintAksorn_dataset/test/slash_JS-Pumpuang-Normal.png,232,่,0.5297,,,,232,0.5297,232(่):0.530 | 187(ป):0.122 | 229(ๅ):0.036,1
PrintAksorn_dataset/test/slash_Kanit-MediumItalic.png,232,่,0.5685,,,,232,0.5685,232(่):0.569 | 187(ป):0.114 | 229(ๅ):0.019,1
PrintAksorn_dataset/test/slash_NotoSansThai-CondensedExtraLight.png,186,บ,0.1669,,,,186,0.1669,186(บ):0.167 | 187(ป):0.118 | 174(ฎ):0.036,1
PrintAksorn_dataset/test/slash_NotoSerifThai-Black.png,186,บ,0.18,,,,186,0.18,186(บ):0.180 | 187(ป):0.113 | 174(ฎ):0.037,1
PrintAksorn_dataset/test/slash_Pridi-Regular.png,232,่,0.4748,,,,232,0.4748,232(่):0.475 | 187(ป):0.134 | 191(ฟ):0.043,1
PrintAksorn_dataset/test/slash_Prompt-ExtraLightItalic.png,232,่,0.6148,,,,232,0.6148,232(่):0.615 | 187(ป):0.084 | 210(า):0.035,1
PrintAksorn_dataset/test/slash_Prompt-Italic.png,232,่,0.4905,,,,232,0.4905,232(่):0.491 | 187(ป):0.157 | 229(ๅ):0.033,1
PrintAksorn_dataset/test/slash_Sarabun-Light.png,232,่,0.4888,,,,232,0.4888,232(่):0.489 | 187(ป):0.138 | 191(ฟ):0.038,1
PrintAksorn_dataset/test/slash_TH-Baijam-Bold-Italic.png,232,่,0.3807,,,,232,0.3807,232(่):0.381 | 187(ป):0.099 | 236(์):0.046,1
PrintAksorn_dataset/test/slash_TH-Baijam-Regular.png,232,่,0.5324,,,,232,0.5324,232(่):0.532 | 187(ป):0.119 | 210(า):0.033,1
PrintAksorn_dataset/test/slash_TH-Niramit-AS-Italic.png,232,่,0.6,,,,232,0.6,232(่):0.600 | 187(ป):0.091 | 210(า):0.040,1
PrintAksorn_dataset/test/so_ruesi_Aksaramatee-Bold.png,201,ษ,0.9427,201,ษ,1,201,0.9427,201(ษ):0.943 | 194(ย):0.003 | 203(ห):0.002,1
PrintAksorn_dataset/test/so_ruesi_Athiti-Light.png,201,ษ,0.8537,201,ษ,1,201,0.8537,201(ษ):0.854 | 242(๒):0.012 | 187(ป):0.006,1
PrintAksorn_dataset/test/so_ruesi_Garuda-BoldOblique.png,201,ษ,0.8464,201,ษ,1,201,0.8464,201(ษ):0.846 | 206(ฮ):0.004 | 194(ย):0.004,1
PrintAksorn_dataset/test/so_ruesi_JS-Pumpuang-Normal.png,201,ษ,0.6047,201,ษ,1,201,0.6047,201(ษ):0.605 | 242(๒):0.061 | 194(ย):0.017,1
PrintAksorn_dataset/test/so_ruesi_JS-Sadayu-Bold.png,201,ษ,0.8777,201,ษ,1,201,0.8777,201(ษ):0.878 | 194(ย):0.004 | 197(ล):0.003,1
PrintAksorn_dataset/test/so_ruesi_NotoSansThaiLooped-Bold.png,201,ษ,0.8754,201,ษ,1,201,0.8754,201(ษ):0.875 | 194(ย):0.004 | 206(ฮ):0.004,1
PrintAksorn_dataset/test/so_ruesi_NotoSerifThai-SemiCondensed.png,201,ษ,0.8995,201,ษ,1,201,0.8995,201(ษ):0.899 | 194(ย):0.003 | 197(ล):0.002,1
PrintAksorn_dataset/test/so_ruesi_Sriracha-Regular.png,201,ษ,0.9454,201,ษ,1,201,0.9454,201(ษ):0.945 | 242(๒):0.003 | 228(ไ):0.001,1
PrintAksorn_dataset/test/so_ruesi_TH-KoHo-Bold-Italic.png,201,ษ,0.9327,201,ษ,1,201,0.9327,201(ษ):0.933 | 203(ห):0.002 | 248(๘):0.002,1
PrintAksorn_dataset/test/so_ruesi_Taviraj-ExtraLightItalic.png,201,ษ,0.9414,201,ษ,1,201,0.9414,201(ษ):0.941 | 186(บ):0.001 | 245(๕):0.001,1
PrintAksorn_dataset/test/so_ruesi_Taviraj-Italic.png,201,ษ,0.9169,201,ษ,1,201,0.9169,201(ษ):0.917 | 194(ย):0.002 | 173(ญ):0.002,1
PrintAksorn_dataset/test/so_ruesi_Umpush-Light.png,201,ษ,0.94,201,ษ,1,201,0.94,201(ษ):0.940 | 242(๒):0.002 | 186(บ):0.002,1
PrintAksorn_dataset/test/so_ruesi_Waree-BoldOblique.png,201,ษ,0.8826,201,ษ,1,201,0.8826,201(ษ):0.883 | 194(ย):0.003 | 227(ใ):0.002,1
PrintAksorn_dataset/test/so_sala_JS-Saksit-Normal.png,200,ศ,0.8857,200,ศ,1,200,0.8857,200(ศ):0.886 | 164(ค):0.005 | 170(ช):0.004,1
PrintAksorn_dataset/test/so_sala_Kanit-BlackItalic.png,200,ศ,0.64,200,ศ,1,200,0.64,200(ศ):0.640 | 164(ค):0.189 | 180(ด):0.049,1
PrintAksorn_dataset/test/so_sala_Kinnari-Italic.png,200,ศ,0.9198,200,ศ,1,200,0.9198,200(ศ):0.920 | 247(๗):0.002 | 209(ั):0.002,1
PrintAksorn_dataset/test/so_sala_Laksaman.png,200,ศ,0.9385,200,ศ,1,200,0.9385,200(ศ):0.939 | 165(ฅ):0.002 | 248(๘):0.001,1
PrintAksorn_dataset/test/so_sala_NotoSansThai-SemiCondensedSemiBold.png,200,ศ,0.948,200,ศ,1,200,0.948,200(ศ):0.948 | 161(ก):0.003 | 164(ค):0.002,1
PrintAksorn_dataset/test/so_sala_NotoSansThaiLooped-SemiBold.png,200,ศ,0.9406,200,ศ,1,200,0.9406,200(ศ):0.941 | 164(ค):0.005 | 248(๘):0.003,1
PrintAksorn_dataset/test/so_sala_NotoSerifThai-ExtraCondensedLight.png,200,ศ,0.9649,200,ศ,1,200,0.9649,200(ศ):0.965 | 248(๘):0.002 | 164(ค):0.001,1
PrintAksorn_dataset/test/so_sala_TH-Kodchasal-Regular.png,200,ศ,0.9406,200,ศ,1,200,0.9406,200(ศ):0.941 | 244(๔):0.002 | 164(ค):0.002,1
PrintAksorn_dataset/test/so_sala_Taviraj-ExtraBold.png,200,ศ,0.905,200,ศ,1,200,0.905,200(ศ):0.905 | 247(๗):0.004 | 165(ฅ):0.003,1
PrintAksorn_dataset/test/so_sala_Taviraj-LightItalic.png,200,ศ,0.9465,200,ศ,1,200,0.9465,200(ศ):0.947 | 170(ช):0.002 | 189(ฝ):0.002,1
PrintAksorn_dataset/test/so_sala_TlwgTypewriter.png,200,ศ,0.9621,200,ศ,1,200,0.9621,200(ศ):0.962 | 164(ค):0.002 | 180(ด):0.001,1
PrintAksorn_dataset/test/so_sala_Trirong-Medium.png,200,ศ,0.9296,200,ศ,1,200,0.9296,200(ศ):0.930 | 202(ส):0.002 | 189(ฝ):0.002,1
PrintAksorn_dataset/test/so_so_JS-Wansika-Italic.png,171,ซ,0.7485,171,ซ,1,171,0.7485,171(ซ):0.748 | 170(ช):0.019 | 249(๙):0.015,1
PrintAksorn_dataset/test/so_so_Kinnari.png,171,ซ,0.9046,171,ซ,1,171,0.9046,171(ซ):0.905 | 247(๗):0.002 | 170(ช):0.002,1
PrintAksorn_dataset/test/so_so_Maitree-Bold.png,170,ช,0.2162,171,ซ,0,170,0.2162,170(ช):0.216 | 201(ษ):0.214 | 171(ซ):0.106,1
PrintAksorn_dataset/test/so_so_NotoSerifThai-SemiCondensedSemiBold.png,171,ซ,0.8693,171,ซ,1,171,0.8693,171(ซ):0.869 | 163(ฃ):0.016 | 170(ช):0.005,1
PrintAksorn_dataset/test/so_so_PSK-SmartBI.png,171,ซ,0.901,171,ซ,1,171,0.901,171(ซ):0.901 | 170(ช):0.009 | 163(ฃ):0.006,1
PrintAksorn_dataset/test/so_so_TH-Niramit-AS-Bold-Italic.png,171,ซ,0.8788,171,ซ,1,171,0.8788,171(ซ):0.879 | 170(ช):0.008 | 163(ฃ):0.004,1
PrintAksorn_dataset/test/so_so_TH-Niramit-AS-Italic.png,171,ซ,0.8992,171,ซ,1,171,0.8992,171(ซ):0.899 | 170(ช):0.004 | 201(ษ):0.002,1
PrintAksorn_dataset/test/so_so_TlwgTypo.png,171,ซ,0.8809,171,ซ,1,171,0.8809,171(ซ):0.881 | 170(ช):0.009 | 163(ฃ):0.006,1
PrintAksorn_dataset/test/so_suea_JS-Jindara-Bold-Italic.png,202,ส,0.9129,202,ส,1,202,0.9129,202(ส):0.913 | 249(๙):0.002 | 205(อ):0.002,1
PrintAksorn_dataset/test/so_suea_JS-Padachamai-Normal.png,202,ส,0.9248,202,ส,1,202,0.9248,202(ส):0.925 | 249(๙):0.002 | 176(ฐ):0.002,1
PrintAksorn_dataset/test/so_suea_JS-Pranee-Italic.png,202,ส,0.863,202,ส,1,202,0.863,202(ส):0.863 | 249(๙):0.019 | 247(๗):0.005,1
PrintAksorn_dataset/test/so_suea_JS-Pudgrong-Normal.png,202,ส,0.9103,202,ส,1,202,0.9103,202(ส):0.910 | 249(๙):0.002 | 248(๘):0.002,1
PrintAksorn_dataset/test/so_suea_JS-Saksit-Bold.png,202,ส,0.9075,202,ส,1,202,0.9075,202(ส):0.908 | 247(๗):0.002 | 228(ไ):0.002,1
PrintAksorn_dataset/test/so_suea_Kanit-Black.png,202,ส,0.8408,202,ส,1,202,0.8408,202(ส):0.841 | 206(ฮ):0.020 | 176(ฐ):0.011,1
PrintAksorn_dataset/test/so_suea_Kinnari-BoldOblique.png,202,ส,0.9104,202,ส,1,202,0.9104,202(ส):0.910 | 176(ฐ):0.002 | 198(ฦ):0.002,1
PrintAksorn_dataset/test/so_suea_Maitree-Medium.png,202,ส,0.8921,202,ส,1,202,0.8921,202(ส):0.892 | 197(ล):0.003 | 249(๙):0.003,1
PrintAksorn_dataset/test/so_suea_NotoSansThai-SemiCondensed.png,202,ส,0.9411,202,ส,1,202,0.9411,202(ส):0.941 | 197(ล):0.003 | 249(๙):0.003,1
PrintAksorn_dataset/test/so_suea_NotoSerifThai-ExtraCondensedExtraBold.png,202,ส,0.8756,202,ส,1,202,0.8756,202(ส):0.876 | 176(ฐ):0.004 | 197(ล):0.004,1
PrintAksorn_dataset/test/so_suea_Prompt-ExtraLightItalic.png,202,ส,0.9518,202,ส,1,202,0.9518,202(ส):0.952 | 249(๙):0.003 | 204(ฬ):0.002,1
PrintAksorn_dataset/test/so_suea_Sarabun-ExtraLight.png,202,ส,0.8933,202,ส,1,202,0.8933,202(ส):0.893 | 203(ห):0.002 | 185(น):0.002,1
PrintAksorn_dataset/test/so_suea_TH-Baijam-Bold-Italic.png,202,ส,0.9412,202,ส,1,202,0.9412,202(ส):0.941 | 193(ม):0.001 | 192(ภ):0.001,1
PrintAksorn_dataset/test/so_suea_TH-Fahkwang-Regular.png,202,ส,0.9051,202,ส,1,202,0.9051,202(ส):0.905 | 249(๙):0.002 | 203(ห):0.002,1
PrintAksorn_dataset/test/so_suea_Taviraj-SemiBoldItalic.png,202,ส,0.9118,202,ส,1,202,0.9118,202(ส):0.912 | 249(๙):0.002 | 247(๗):0.002,1
PrintAksorn_dataset/test/so_suea_Taviraj-Thin.png,202,ส,0.8796,202,ส,1,202,0.8796,202(ส):0.880 | 197(ล):0.005 | 249(๙):0.004,1
PrintAksorn_dataset/test/thanthakhat_DC-Palamongkol-Bold.png,236,์,0.7098,236,์,1,236,0.7098,236(์):0.710 | 249(๙):0.075 | 248(๘):0.013,1
PrintAksorn_dataset/test/thanthakhat_Garuda-Bold.png,236,์,0.477,236,์,1,236,0.477,236(์):0.477 | 249(๙):0.202 | 170(ช):0.019,1
PrintAksorn_dataset/test/thanthakhat_JS-Mookravee-Normal.png,236,์,0.9385,236,์,1,236,0.9385,236(์):0.938 | 224(เ):0.002 | 162(ข):0.001,1
PrintAksorn_dataset/test/thanthakhat_JS-Rapee-Italic.png,236,์,0.925,236,์,1,236,0.925,236(์):0.925 | 224(เ):0.002 | 193(ม):0.002,1
PrintAksorn_dataset/test/thanthakhat_Kinnari-Italic.png,236,์,0.8647,236,์,1,236,0.8647,236(์):0.865 | 249(๙):0.011 | 248(๘):0.006,1
PrintAksorn_dataset/test/thanthakhat_NotoSansThai-SemiCondensedBlack.png,212,ิ,0.2085,236,์,0,212,0.2085,212(ิ):0.209 | 164(ค):0.140 | 244(๔):0.134,1
PrintAksorn_dataset/test/thanthakhat_NotoSansThaiLooped-Light.png,236,์,0.7188,236,์,1,236,0.7188,236(์):0.719 | 249(๙):0.047 | 170(ช):0.020,1
PrintAksorn_dataset/test/thanthakhat_Pattaya-Regular.png,244,๔,0.6647,236,์,0,244,0.6647,244(๔):0.665 | 236(์):0.056 | 232(่):0.034,1
PrintAksorn_dataset/test/thanthakhat_Prompt-SemiBoldItalic.png,244,๔,0.3836,236,์,0,244,0.3836,244(๔):0.384 | 164(ค):0.179 | 212(ิ):0.066,1
PrintAksorn_dataset/test/thanthakhat_TH-Baijam-Bold-Italic.png,236,์,0.8427,236,์,1,236,0.8427,236(์):0.843 | 209(ั):0.029 | 231(็):0.005,1
PrintAksorn_dataset/test/thanthakhat_TH-Srisakdi-Bold.png,236,์,0.5303,236,์,1,236,0.5303,236(์):0.530 | 209(ั):0.078 | 248(๘):0.044,1
PrintAksorn_dataset/test/thanthakhat_TlwgMono-BoldOblique.png,244,๔,0.6133,236,์,0,244,0.6133,244(๔):0.613 | 245(๕):0.112 | 236(์):0.034,1
PrintAksorn_dataset/test/thanthakhat_Umpush-Oblique.png,236,์,0.5783,236,์,1,236,0.5783,236(์):0.578 | 244(๔):0.106 | 231(็):0.047,1
PrintAksorn_dataset/test/thanthakhat_Umpush.png,236,์,0.37,236,์,1,236,0.37,236(์):0.370 | 244(๔):0.300 | 248(๘):0.047,1
PrintAksorn_dataset/test/tho_montho_Chonburi-Regular.png,183,ท,0.1849,177,ฑ,0,183,0.1849,183(ท):0.185 | 177(ฑ):0.130 | 246(๖):0.059,1
PrintAksorn_dataset/test/tho_montho_JS-Chulee.png,177,ฑ,0.9118,177,ฑ,1,177,0.9118,177(ฑ):0.912 | 203(ห):0.004 | 183(ท):0.003,1
PrintAksorn_dataset/test/tho_montho_JS-Junkaew-Italic.png,177,ฑ,0.9038,177,ฑ,1,177,0.9038,177(ฑ):0.904 | 183(ท):0.005 | 203(ห):0.003,1
PrintAksorn_dataset/test/tho_montho_JS-Puriphop-Normal.png,177,ฑ,0.3984,177,ฑ,1,177,0.3984,177(ฑ):0.398 | 203(ห):0.064 | 183(ท):0.060,1
PrintAksorn_dataset/test/tho_montho_JS-Synjai-Italic.png,177,ฑ,0.8455,177,ฑ,1,177,0.8455,177(ฑ):0.845 | 203(ห):0.006 | 163(ฃ):0.004,1
PrintAksorn_dataset/test/tho_montho_NotoSansThai-SemiBold.png,177,ฑ,0.8333,177,ฑ,1,177,0.8333,177(ฑ):0.833 | 183(ท):0.014 | 161(ก):0.005,1
PrintAksorn_dataset/test/tho_montho_NotoSerifThai-ExtraCondensed.png,177,ฑ,0.7874,177,ฑ,1,177,0.7874,177(ฑ):0.787 | 183(ท):0.012 | 181(ต):0.010,1
PrintAksorn_dataset/test/tho_montho_NotoSerifThai-SemiCondensedBlack.png,177,ฑ,0.3057,177,ฑ,1,177,0.3057,177(ฑ):0.306 | 183(ท):0.150 | 181(ต):0.068,1
PrintAksorn_dataset/test/tho_montho_NotoSerifThai-SemiCondensedExtraBold.png,177,ฑ,0.3953,177,ฑ,1,177,0.3953,177(ฑ):0.395 | 183(ท):0.086 | 181(ต):0.053,1
PrintAksorn_dataset/test/tho_montho_Sriracha-Regular.png,177,ฑ,0.8543,177,ฑ,1,177,0.8543,177(ฑ):0.854 | 183(ท):0.041 | 249(๙):0.003,1
PrintAksorn_dataset/test/tho_montho_TH-Fahkwang-Regular.png,177,ฑ,0.4893,177,ฑ,1,177,0.4893,177(ฑ):0.489 | 183(ท):0.063 | 203(ห):0.048,1
PrintAksorn_dataset/test/tho_montho_TlwgMono-Bold.png,177,ฑ,0.8302,177,ฑ,1,177,0.8302,177(ฑ):0.830 | 203(ห):0.016 | 183(ท):0.012,1
PrintAksorn_dataset/test/tho_montho_TlwgTypo-BoldOblique.png,177,ฑ,0.3879,177,ฑ,1,177,0.3879,177(ฑ):0.388 | 183(ท):0.271 | 203(ห):0.043,1
PrintAksorn_dataset/test/tho_montho_Trirong-Medium.png,177,ฑ,0.8374,177,ฑ,1,177,0.8374,177(ฑ):0.837 | 183(ท):0.014 | 166(ฆ):0.008,1
PrintAksorn_dataset/test/tho_phuthao_JS-Thanaporn-Normal.png,178,ฒ,0.3393,178,ฒ,1,178,0.3393,178(ฒ):0.339 | 247(๗):0.193 | 179(ณ):0.047,1
PrintAksorn_dataset/test/tho_phuthao_Kinnari-BoldOblique.png,178,ฒ,0.919,178,ฒ,1,178,0.919,178(ฒ):0.919 | 247(๗):0.002 | 208(ะ):0.002,1
PrintAksorn_dataset/test/tho_phuthao_Laksaman-Italic.png,178,ฒ,0.9192,178,ฒ,1,178,0.9192,178(ฒ):0.919 | 208(ะ):0.002 | 242(๒):0.002,1
PrintAksorn_dataset/test/tho_phuthao_NotoSansThai-CondensedThin.png,247,๗,0.342,178,ฒ,0,247,0.342,247(๗):0.342 | 178(ฒ):0.172 | 163(ฃ):0.044,1
PrintAksorn_dataset/test/tho_phuthao_NotoSerifThai-SemiCondensed.png,178,ฒ,0.9258,178,ฒ,1,178,0.9258,178(ฒ):0.926 | 166(ฆ):0.001 | 227(ใ):0.001,1
PrintAksorn_dataset/test/tho_phuthao_NotoSerifThai-SemiCondensedBlack.png,178,ฒ,0.9203,178,ฒ,1,178,0.9203,178(ฒ):0.920 | 247(๗):0.002 | 181(ต):0.002,1
PrintAksorn_dataset/test/tho_phuthao_Sarabun-Regular.png,178,ฒ,0.9113,178,ฒ,1,178,0.9113,178(ฒ):0.911 | 242(๒):0.002 | 188(ผ):0.002,1
PrintAksorn_dataset/test/tho_phuthao_Umpush-Oblique.png,178,ฒ,0.9209,178,ฒ,1,178,0.9209,178(ฒ):0.921 | 242(๒):0.002 | 188(ผ):0.002,1
PrintAksorn_dataset/test/tho_phuthao_Waree-Bold.png,178,ฒ,0.9089,178,ฒ,1,178,0.9089,178(ฒ):0.909 | 172(ฌ):0.003 | 195(ร):0.002,1
PrintAksorn_dataset/test/tho_thahan_DC-Palamongkol-Regular.png,183,ท,0.5635,183,ท,1,183,0.5635,183(ท):0.563 | 162(ข):0.027 | 203(ห):0.015,1
PrintAksorn_dataset/test/tho_thahan_JS-Saowapark-Italic.png,183,ท,0.9063,183,ท,1,183,0.9063,183(ท):0.906 | 188(ผ):0.003 | 206(ฮ):0.002,1
PrintAksorn_dataset/test/tho_thahan_NotoSansThaiLooped-Bold.png,183,ท,0.935,183,ท,1,183,0.935,183(ท):0.935 | 188(ผ):0.002 | 182(ถ):0.001,1
PrintAksorn_dataset/test/tho_thahan_NotoSerifThai-SemiCondensed.png,183,ท,0.8332,183,ท,1,183,0.8332,183(ท):0.833 | 177(ฑ):0.007 | 203(ห):0.007,1
PrintAksorn_dataset/test/tho_thahan_Sarabun-ThinItalic.png,183,ท,0.8218,183,ท,1,183,0.8218,183(ท):0.822 | 177(ฑ):0.008 | 162(ข):0.006,1
PrintAksorn_dataset/test/tho_thahan_Taviraj-ExtraLightItalic.png,183,ท,0.8173,183,ท,1,183,0.8173,183(ท):0.817 | 203(ห):0.015 | 177(ฑ):0.007,1
PrintAksorn_dataset/test/tho_thahan_Trirong-BoldItalic.png,183,ท,0.858,183,ท,1,183,0.858,183(ท):0.858 | 203(ห):0.009 | 179(ณ):0.004,1
PrintAksorn_dataset/test/tho_than_Aksaramatee-Italic.png,176,ฐ,0.8461,176,ฐ,1,176,0.8461,176(ฐ):0.846 | 226(โ):0.003 | 207(ฯ):0.003,1
PrintAksorn_dataset/test/tho_than_ChulaNarak-Regular.png,176,ฐ,0.8872,176,ฐ,1,176,0.8872,176(ฐ):0.887 | 248(๘):0.004 | 241(๑):0.003,1
PrintAksorn_dataset/test/tho_than_DC-Palamongkol-Regular.png,176,ฐ,0.8398,176,ฐ,1,176,0.8398,176(ฐ):0.840 | 248(๘):0.007 | 245(๕):0.006,1
PrintAksorn_dataset/test/tho_than_JS-Saksit-Normal.png,176,ฐ,0.8971,176,ฐ,1,176,0.8971,176(ฐ):0.897 | 248(๘):0.003 | 169(ฉ):0.002,1
PrintAksorn_dataset/test/tho_than_Kinnari-Bold.png,176,ฐ,0.8933,176,ฐ,1,176,0.8933,176(ฐ):0.893 | 245(๕):0.008 | 195(ร):0.003,1
PrintAksorn_dataset/test/tho_than_Mitr-Regular.png,176,ฐ,0.8589,176,ฐ,1,176,0.8589,176(ฐ):0.859 | 175(ฏ):0.007 | 245(๕):0.005,1
PrintAksorn_dataset/test/tho_than_Norasi-BoldItalic.png,176,ฐ,0.8777,176,ฐ,1,176,0.8777,176(ฐ):0.878 | 245(๕):0.004 | 248(๘):0.003,1
PrintAksorn_dataset/test/tho_than_NotoSansThai-CondensedBold.png,176,ฐ,0.8799,176,ฐ,1,176,0.8799,176(ฐ):0.880 | 175(ฏ):0.005 | 245(๕):0.004,1
PrintAksorn_dataset/test/tho_than_NotoSerifThai-ExtraCondensedExtraLight.png,176,ฐ,0.822,176,ฐ,1,176,0.822,176(ฐ):0.822 | 175(ฏ):0.021 | 248(๘):0.004,1
PrintAksorn_dataset/test/tho_than_Sriracha-Regular.png,176,ฐ,0.9017,176,ฐ,1,176,0.9017,176(ฐ):0.902 | 248(๘):0.003 | 230(ๆ):0.002,1
PrintAksorn_dataset/test/tho_thong_Loma.png,184,ธ,0.9405,184,ธ,1,184,0.9405,184(ธ):0.941 | 240(๐):0.002 | 248(๘):0.001,1
PrintAksorn_dataset/test/tho_thong_NotoSansThai-Bold.png,184,ธ,0.4189,184,ธ,1,184,0.4189,184(ธ):0.419 | 195(ร):0.069 | 249(๙):0.054,1
PrintAksorn_dataset/test/tho_thong_NotoSansThaiLooped-Thin.png,184,ธ,0.9134,184,ธ,1,184,0.9134,184(ธ):0.913 | 248(๘):0.004 | 246(๖):0.003,1
PrintAksorn_dataset/test/tho_thong_Prompt-ExtraLight.png,184,ธ,0.1832,184,ธ,1,184,0.1832,184(ธ):0.183 | 249(๙):0.127 | 248(๘):0.091,1
PrintAksorn_dataset/test/tho_thong_Sarabun-ExtraBold.png,184,ธ,0.5577,184,ธ,1,184,0.5577,184(ธ):0.558 | 249(๙):0.076 | 195(ร):0.075,1
PrintAksorn_dataset/test/tho_thong_TH-Charmonman-Regular.png,184,ธ,0.8936,184,ธ,1,184,0.8936,184(ธ):0.894 | 249(๙):0.005 | 248(๘):0.004,1
PrintAksorn_dataset/test/tho_thong_Taviraj-MediumItalic.png,184,ธ,0.8992,184,ธ,1,184,0.8992,184(ธ):0.899 | 206(ฮ):0.006 | 246(๖):0.005,1
PrintAksorn_dataset/test/tho_thung_ChulaNarak-Bold-Italic.png,182,ถ,0.925,182,ถ,1,182,0.925,182(ถ):0.925 | 241(๑):0.004 | 206(ฮ):0.002,1
PrintAksorn_dataset/test/tho_thung_FonLeb-Italic.png,182,ถ,0.8965,182,ถ,1,182,0.8965,182(ถ):0.896 | 196(ฤ):0.003 | 173(ญ):0.002,1
PrintAksorn_dataset/test/tho_thung_Himmaparnt-Bold.png,182,ถ,0.9051,182,ถ,1,182,0.9051,182(ถ):0.905 | 173(ญ):0.003 | 241(๑):0.002,1
PrintAksorn_dataset/test/tho_thung_JS-75-Pumpuang.png,161,ก,0.8221,182,ถ,0,161,0.8221,161(ก):0.822 | 210(า):0.013 | 196(ฤ):0.007,1
PrintAksorn_dataset/test/tho_thung_JS-Angsumalin.png,182,ถ,0.871,182,ถ,1,182,0.871,182(ถ):0.871 | 197(ล):0.009 | 241(๑):0.005,1
PrintAksorn_dataset/test/tho_thung_Prompt-BoldItalic.png,161,ก,0.7984,182,ถ,0,161,0.7984,161(ก):0.798 | 182(ถ):0.059 | 192(ภ):0.011,1
PrintAksorn_dataset/test/tho_thung_TH-Fahkwang-Italic.png,182,ถ,0.9265,182,ถ,1,182,0.9265,182(ถ):0.926 | 241(๑):0.004 | 192(ภ):0.003,1
PrintAksorn_dataset/test/tho_thung_Taviraj-LightItalic.png,182,ถ,0.9329,182,ถ,1,182,0.9329,182(ถ):0.933 | 197(ล):0.002 | 192(ภ):0.002,1
PrintAksorn_dataset/test/to_patak_JS-Saksit-Normal.png,175,ฏ,0.9261,175,ฏ,1,175,0.9261,175(ฏ):0.926 | 174(ฎ):0.023 | 167(ง):0.001,1
PrintAksorn_dataset/test/to_patak_Laksaman.png,175,ฏ,0.9395,175,ฏ,1,175,0.9395,175(ฏ):0.939 | 174(ฎ):0.005 | 192(ภ):0.002,1
PrintAksorn_dataset/test/to_patak_NotoSerifThai-CondensedBlack.png,175,ฏ,0.8841,175,ฏ,1,175,0.8841,175(ฏ):0.884 | 174(ฎ):0.030 | 197(ล):0.003,1
PrintAksorn_dataset/test/to_patak_NotoSerifThai-CondensedSemiBold.png,175,ฏ,0.9231,175,ฏ,1,175,0.9231,175(ฏ):0.923 | 174(ฎ):0.013 | 182(ถ):0.002,1
PrintAksorn_dataset/test/to_patak_NotoSerifThai-SemiCondensedLight.png,175,ฏ,0.9353,175,ฏ,1,175,0.9353,175(ฏ):0.935 | 174(ฎ):0.006 | 182(ถ):0.001,1
PrintAksorn_dataset/test/to_patak_SR-FahMai-Bold.png,175,ฏ,0.9069,175,ฏ,1,175,0.9069,175(ฏ):0.907 | 174(ฎ):0.014 | 167(ง):0.002,1
PrintAksorn_dataset/test/to_patak_SukhumvitSet.png,175,ฏ,0.4431,175,ฏ,1,175,0.4431,175(ฏ):0.443 | 174(ฎ):0.350 | 197(ล):0.012,1
PrintAksorn_dataset/test/to_patak_TlwgMono-Oblique.png,175,ฏ,0.9006,175,ฏ,1,175,0.9006,175(ฏ):0.901 | 174(ฎ):0.004 | 192(ภ):0.002,1
PrintAksorn_dataset/test/to_patak_Trirong-Thin.png,175,ฏ,0.8928,175,ฏ,1,175,0.8928,175(ฏ):0.893 | 174(ฎ):0.007 | 192(ภ):0.003,1
PrintAksorn_dataset/test/to_tao_JS-Charnchai-Normal.png,181,ต,0.91,181,ต,1,181,0.91,181(ต):0.910 | 178(ฒ):0.002 | 247(๗):0.002,1
PrintAksorn_dataset/test/to_tao_JS-Junkaew-Italic.png,181,ต,0.8948,181,ต,1,181,0.8948,181(ต):0.895 | 178(ฒ):0.002 | 247(๗):0.002,1
PrintAksorn_dataset/test/to_tao_JS-Saowapark-Italic.png,181,ต,0.899,181,ต,1,181,0.899,181(ต):0.899 | 165(ฅ):0.004 | 242(๒):0.002,1
PrintAksorn_dataset/test/to_tao_Kanit-MediumItalic.png,243,๓,0.7942,181,ต,0,243,0.7942,243(๓):0.794 | 240(๐):0.013 | 161(ก):0.008,1
PrintAksorn_dataset/test/to_tao_NotoSansThai-ExtraCondensedMedium.png,243,๓,0.6303,181,ต,0,243,0.6303,243(๓):0.630 | 240(๐):0.033 | 181(ต):0.021,1
PrintAksorn_dataset/test/to_tao_NotoSansThai-Light.png,243,๓,0.626,181,ต,0,243,0.626,243(๓):0.626 | 240(๐):0.070 | 242(๒):0.026,1
PrintAksorn_dataset/test/to_tao_NotoSansThai-SemiCondensedExtraLight.png,243,๓,0.6902,181,ต,0,243,0.6902,243(๓):0.690 | 240(๐):0.037 | 242(๒):0.019,1
PrintAksorn_dataset/test/to_tao_NotoSerifThai-CondensedLight.png,181,ต,0.9056,181,ต,1,181,0.9056,181(ต):0.906 | 178(ฒ):0.003 | 243(๓):0.003,1
PrintAksorn_dataset/test/to_tao_Prompt-Medium.png,243,๓,0.5964,181,ต,0,243,0.5964,243(๓):0.596 | 240(๐):0.069 | 242(๒):0.015,1
PrintAksorn_dataset/test/to_tao_Prompt-SemiBoldItalic.png,243,๓,0.7949,181,ต,0,243,0.7949,243(๓):0.795 | 240(๐):0.010 | 181(ต):0.008,1
PrintAksorn_dataset/test/to_tao_Sarabun-Italic.png,181,ต,0.8892,181,ต,1,181,0.8892,181(ต):0.889 | 165(ฅ):0.011 | 242(๒):0.004,1
PrintAksorn_dataset/test/to_tao_Trirong-ThinItalic.png,181,ต,0.8823,181,ต,1,181,0.8823,181(ต):0.882 | 178(ฒ):0.003 | 242(๒):0.003,1
PrintAksorn_dataset/test/wo_waen_DC-Palamongkol-Regular.png,199,ว,0.9036,199,ว,1,199,0.9036,199(ว):0.904 | 205(อ):0.002 | 171(ซ):0.002,1
PrintAksorn_dataset/test/wo_waen_FonLeb-Bold.png,199,ว,0.9012,199,ว,1,199,0.9012,199(ว):0.901 | 192(ภ):0.002 | 195(ร):0.002,1
PrintAksorn_dataset/test/wo_waen_JS-Prajuk-Italic.png,199,ว,0.8957,199,ว,1,199,0.8957,199(ว):0.896 | 195(ร):0.005 | 246(๖):0.004,1
PrintAksorn_dataset/test/wo_waen_JS-Pumpuang-Normal.png,240,๐,0.6124,199,ว,0,240,0.6124,240(๐):0.612 | 241(๑):0.083 | 199(ว):0.024,1
PrintAksorn_dataset/test/wo_waen_KaniGa-Bold.png,199,ว,0.9266,199,ว,1,199,0.9266,199(ว):0.927 | 195(ร):0.002 | 167(ง):0.001,1
PrintAksorn_dataset/test/wo_waen_Loma-Bold.png,199,ว,0.8849,199,ว,1,199,0.8849,199(ว):0.885 | 195(ร):0.008 | 192(ภ):0.002,1
PrintAksorn_dataset/test/wo_waen_Mitr-Medium.png,199,ว,0.3587,199,ว,1,199,0.3587,199(ว):0.359 | 241(๑):0.140 | 240(๐):0.049,1
PrintAksorn_dataset/test/wo_waen_PSK-Smart-Bold.png,199,ว,0.9184,199,ว,1,199,0.9184,199(ว):0.918 | 195(ร):0.004 | 193(ม):0.002,1
PrintAksorn_dataset/test/wo_waen_Pattaya-Regular.png,241,๑,0.3783,199,ว,0,241,0.3783,241(๑):0.378 | 199(ว):0.213 | 240(๐):0.054,1
PrintAksorn_dataset/test/wo_waen_Pridi-Bold.png,199,ว,0.5527,199,ว,1,199,0.5527,199(ว):0.553 | 195(ร):0.172 | 162(ข):0.012,1
PrintAksorn_dataset/test/wo_waen_Pridi-SemiBold.png,199,ว,0.809,199,ว,1,199,0.809,199(ว):0.809 | 195(ร):0.046 | 192(ภ):0.004,1
PrintAksorn_dataset/test/wo_waen_TH-Mali-Grade6-Regular.png,199,ว,0.9132,199,ว,1,199,0.9132,199(ว):0.913 | 171(ซ):0.002 | 205(อ):0.002,1
PrintAksorn_dataset/test/yo_yak_JS-Rapee-Bold.png,194,ย,0.8884,194,ย,1,194,0.8884,194(ย):0.888 | 205(อ):0.002 | 210(า):0.002,1
PrintAksorn_dataset/test/yo_yak_Kinnari-BoldItalic.png,194,ย,0.9175,194,ย,1,194,0.9175,194(ย):0.918 | 206(ฮ):0.002 | 245(๕):0.002,1
PrintAksorn_dataset/test/yo_yak_NotoSansThai-CondensedExtraBold.png,194,ย,0.931,194,ย,1,194,0.931,194(ย):0.931 | 162(ข):0.008 | 173(ญ):0.003,1
PrintAksorn_dataset/test/yo_yak_NotoSerifThai-SemiCondensedMedium.png,194,ย,0.8916,194,ย,1,194,0.8916,194(ย):0.892 | 200(ศ):0.002 | 229(ๅ):0.002,1
PrintAksorn_dataset/test/yo_yak_Taviraj-Light.png,194,ย,0.9072,194,ย,1,194,0.9072,194(ย):0.907 | 187(ป):0.003 | 180(ด):0.002,1
PrintAksorn_dataset/test/yo_ying_CmPrasanmit-Bold.png,173,ญ,0.9073,173,ญ,1,173,0.9073,173(ญ):0.907 | 175(ฏ):0.002 | 199(ว):0.002,1
PrintAksorn_dataset/test/yo_ying_FonLeb-Italic.png,173,ญ,0.9308,173,ญ,1,173,0.9308,173(ญ):0.931 | 199(ว):0.002 | 195(ร):0.001,1
PrintAksorn_dataset/test/yo_ying_Himmaparnt-Bold.png,173,ญ,0.9186,173,ญ,1,173,0.9186,173(ญ):0.919 | 195(ร):0.002 | 175(ฏ):0.002,1
PrintAksorn_dataset/test/yo_ying_NotoSansThai-CondensedThin.png,173,ญ,0.8885,173,ญ,1,173,0.8885,173(ญ):0.889 | 163(ฃ):0.003 | 247(๗):0.003,1
PrintAksorn_dataset/test/yo_ying_NotoSansThai-SemiCondensedBlack.png,173,ญ,0.9222,173,ญ,1,173,0.9222,173(ญ):0.922 | 201(ษ):0.002 | 241(๑):0.002,1
PrintAksorn_dataset/test/yo_ying_NotoSansThaiLooped-Medium.png,173,ญ,0.9193,173,ญ,1,173,0.9193,173(ญ):0.919 | 241(๑):0.002 | 197(ล):0.002,1
PrintAksorn_dataset/test/yo_ying_NotoSerifThai-Black.png,173,ญ,0.9162,173,ญ,1,173,0.9162,173(ญ):0.916 | 175(ฏ):0.002 | 166(ฆ):0.002,1
PrintAksorn_dataset/test/yo_ying_NotoSerifThai-ExtraCondensedLight.png,173,ญ,0.8708,173,ญ,1,173,0.8708,173(ญ):0.871 | 195(ร):0.003 | 183(ท):0.003,1
PrintAksorn_dataset/test/yo_ying_Prompt-BoldItalic.png,173,ญ,0.9448,173,ญ,1,173,0.9448,173(ญ):0.945 | 179(ณ):0.009 | 247(๗):0.002,1
PrintAksorn_dataset/test/yo_ying_Purisa-Oblique.png,173,ญ,0.9004,173,ญ,1,173,0.9004,173(ญ):0.900 | 184(ธ):0.002 | 192(ภ):0.002,1
PrintAksorn_dataset/test/yo_ying_Sriracha-Regular.png,173,ญ,0.9112,173,ญ,1,173,0.9112,173(ญ):0.911 | 184(ธ):0.002 | 175(ฏ):0.002,1
PrintAksorn_dataset/test/yo_ying_Taviraj-Medium.png,173,ญ,0.8771,173,ญ,1,173,0.8771,173(ญ):0.877 | 195(ร):0.003 | 185(น):0.003,1
