path,predicted_class,predicted_char,confidence,true_class,true_char,correct,D1_pred,D1_conf,D2_pred,D2_conf,D3_pred,D3_conf,top_3,agree
PrintAksorn_dataset/test/bo_baimai_JS-Pudgrong-Normal.png,186,บ,1.0,186,บ,1,186,0.8781,186,0.8832,186,0.8712,186(บ):1.000 | 161(ก):0.000 | 224(เ):0.000,1
PrintAksorn_dataset/test/bo_baimai_JS-Saksit-Bold-Italic.png,186,บ,1.0,186,บ,1,186,0.9183,186,0.7913,186,0.5253,186(บ):1.000 | 161(ก):0.000 | 224(เ):0.000,1
PrintAksorn_dataset/test/bo_baimai_JS-Wansika-Italic.png,186,บ,1.0,186,บ,1,186,0.7914,186,0.6475,186,0.6106,186(บ):1.000 | 161(ก):0.000 | 224(เ):0.000,1
PrintAksorn_dataset/test/bo_baimai_JS-Yodthida.png,186,บ,1.0,186,บ,1,186,0.8257,186,0.8687,186,0.7816,186(บ):1.000 | 161(ก):0.000 | 224(เ):0.000,1
PrintAksorn_dataset/test/bo_baimai_Kanit-BoldItalic.png,186,บ,1.0,186,บ,1,186,0.1793,186,0.2243,188,0.1551,186(บ):1.000 | 161(ก):0.000 | 224(เ):0.000,0
PrintAksorn_dataset/test/bo_baimai_NotoSerifThai-CondensedThin.png,186,บ,1.0,186,บ,1,186,0.8995,186,0.8917,186,0.9495,186(บ):1.000 | 161(ก):0.000 | 224(เ):0.000,1
PrintAksorn_dataset/test/bo_baimai_NotoSerifThai-Light.png,186,บ,1.0,186,บ,1,186,0.9181,186,0.8576,186,0.854,186(บ):1.000 | 161(ก):0.000 | 224(เ):0.000,1
PrintAksorn_dataset/test/bo_baimai_Prompt-Bold.png,186,บ,1.0,186,บ,1,194,0.1421,186,0.5503,188,0.1243,186(บ):1.000 | 161(ก):0.000 | 224(เ):0.000,0
PrintAksorn_dataset/test/bo_baimai_Prompt-ExtraLightItalic.png,186,บ,1.0,186,บ,1,186,0.1993,186,0.922,224,0.0677,186(บ):1.000 | 161(ก):0.000 | 224(เ):0.000,0
PrintAksorn_dataset/test/bo_baimai_Prompt-Light.png,186,บ,1.0,186,บ,1,186,0.2,186,0.9246,224,0.0635,186(บ):1.000 | 161(ก):0.000 | 224(เ):0.000,0
PrintAksorn_dataset/test/bo_baimai_Sawasdee-Oblique.png,186,บ,1.0,186,บ,1,186,0.1623,186,0.8921,224,0.0688,186(บ):1.000 | 161(ก):0.000 | 224(เ):0.000,0
PrintAksorn_dataset/test/bo_baimai_TH-Fahkwang-Italic.png,186,บ,1.0,186,บ,1,186,0.8892,186,0.8314,186,0.7938,186(บ):1.000 | 161(ก):0.000 | 224(เ):0.000,1
PrintAksorn_dataset/test/bo_baimai_TlwgTypist-Bold.png,186,บ,1.0,186,บ,1,186,0.8787,186,0.7232,186,0.7614,186(บ):1.000 | 161(ก):0.000 | 224(เ):0.000,1
PrintAksorn_dataset/test/cho_chan_FonLeb-Regular.png,168,จ,1.0,168,จ,1,168,0.9096,168,0.8974,168,0.6531,168(จ):1.000 | 161(ก):0.000 | 225(แ):0.000,1
PrintAksorn_dataset/test/cho_chan_JS-Giat-Bold.png,169,ฉ,1.0,168,จ,0,168,0.2987,169,0.5313,205,0.1924,169(ฉ):1.000 | 161(ก):0.000 | 225(แ):0.000,0
PrintAksorn_dataset/test/cho_chan_JS-Sunsanee-Normal.png,205,อ,1.0,168,จ,0,168,0.4311,205,0.2104,205,0.2708,205(อ):1.000 | 161(ก):0.000 | 224(เ):0.000,0
PrintAksorn_dataset/test/cho_chan_NotoSerifThai-ExtraCondensedExtraBold.png,205,อ,1.0,168,จ,0,168,0.7526,205,0.5982,205,0.0734,205(อ):1.000 | 161(ก):0.000 | 224(เ):0.000,0
PrintAksorn_dataset/test/cho_chan_Prompt-BoldItalic.png,205,อ,1.0,168,จ,0,205,0.2485,205,0.6642,241,0.4614,205(อ):1.000 | 161(ก):0.000 | 224(เ):0.000,0
PrintAksorn_dataset/test/cho_chan_Prompt-MediumItalic.png,205,อ,1.0,168,จ,0,240,0.5089,205,0.6515,241,0.1594,205(อ):1.000 | 161(ก):0.000 | 224(เ):0.000,0
PrintAksorn_dataset/test/cho_chan_Taviraj-Black.png,168,จ,1.0,168,จ,1,168,0.9074,168,0.6804,168,0.0803,168(จ):1.000 | 161(ก):0.000 | 225(แ):0.000,1
PrintAksorn_dataset/test/cho_chan_Taviraj-Bold.png,168,จ,1.0,168,จ,1,168,0.9169,168,0.8798,168,0.135,168(จ):1.000 | 161(ก):0.000 | 225(แ):0.000,1
PrintAksorn_dataset/test/cho_chan_Trirong-SemiBoldItalic.png,168,จ,1.0,168,จ,1,168,0.8988,168,0.898,168,0.7951,168(จ):1.000 | 161(ก):0.000 | 225(แ):0.000,1
PrintAksorn_dataset/test/cho_chang_CmPrasanmit-Bold-Italic.png,170,ช,1.0,170,ช,1,170,0.9045,170,0.8473,170,0.6138,170(ช):1.000 | 225(แ):0.000 | 224(เ):0.000,1
PrintAksorn_dataset/test/cho_chang_JS-Pisit-Italic.png,170,ช,1.0,170,ช,1,170,0.8691,170,0.8452,170,0.395,170(ช):1.000 | 225(แ):0.000 | 224(เ):0.000,1
PrintAksorn_dataset/test/cho_chang_JS-Rapee-Bold-Italic.png,170,ช,1.0,170,ช,1,170,0.9284,170,0.8573,170,0.261,170(ช):1.000 | 225(แ):0.000 | 224(เ):0.000,1
PrintAksorn_dataset/test/cho_chang_KaniGa-Bold.png,170,ช,1.0,170,ช,1,170,0.8993,170,0.6287,170,0.5632,170(ช):1.000 | 225(แ):0.000 | 224(เ):0.000,1
PrintAksorn_dataset/test/cho_chang_Maitree-Light.png,170,ช,1.0,170,ช,1,201,0.0842,170,0.8019,170,0.1915,170(ช):1.000 | 225(แ):0.000 | 224(เ):0.000,0
PrintAksorn_dataset/test/cho_chang_Norasi-Bold.png,170,ช,1.0,170,ช,1,170,0.897,170,0.79,170,0.6181,170(ช):1.000 | 225(แ):0.000 | 224(เ):0.000,1
PrintAksorn_dataset/test/cho_chang_NotoSansThaiLooped-ExtraBold.png,201,ษ,1.0,170,ช,0,194,0.4017,201,0.744,201,0.1416,201(ษ):1.000 | 224(เ):0.000 | 217(ู):0.000,0
PrintAksorn_dataset/test/cho_chang_NotoSerifThai-CondensedBold.png,170,ช,1.0,170,ช,1,170,0.8474,170,0.549,201,0.2137,170(ช):1.000 | 225(แ):0.000 | 224(เ):0.000,0
PrintAksorn_dataset/test/cho_chang_NotoSerifThai-SemiCondensed.png,170,ช,1.0,170,ช,1,170,0.8351,170,0.7767,162,0.3012,170(ช):1.000 | 225(แ):0.000 | 224(เ):0.000,0
PrintAksorn_dataset/test/cho_chang_Prompt-Regular.png,246,๖,1.0,170,ช,0,246,0.1486,170,0.4149,246,0.4205,246(๖):1.000 | 161(ก):0.000 | 224(เ):0.000,0
PrintAksorn_dataset/test/cho_chang_TH-Chakra-Petch-Bold.png,170,ช,1.0,170,ช,1,170,0.5591,170,0.4602,170,0.2854,170(ช):1.000 | 225(แ):0.000 | 224(เ):0.000,1
PrintAksorn_dataset/test/cho_chang_TH-Fahkwang-Regular.png,162,ข,1.0,170,ช,0,170,0.6836,162,0.3371,162,0.141,162(ข):1.000 | 161(ก):0.000 | 225(แ):0.000,0
PrintAksorn_dataset/test/cho_ching_DC-Palamongkol-Italic.png,169,ฉ,1.0,169,ฉ,1,169,0.9356,169,0.8571,205,0.206,169(ฉ):1.000 | 161(ก):0.000 | 225(แ):0.000,0
PrintAksorn_dataset/test/cho_ching_Himmaparnt-Italic.png,169,ฉ,1.0,169,ฉ,1,169,0.9131,169,0.9604,169,0.8462,169(ฉ):1.000 | 161(ก):0.000 | 225(แ):0.000,1
PrintAksorn_dataset/test/cho_ching_JS-Chusri-Normal.png,169,ฉ,1.0,169,ฉ,1,182,0.1029,169,0.7969,169,0.1952,169(ฉ):1.000 | 161(ก):0.000 | 225(แ):0.000,0
PrintAksorn_dataset/test/cho_ching_JS-Sunsanee-Italic.png,169,ฉ,1.0,169,ฉ,1,169,0.9222,169,0.9134,169,0.7817,169(ฉ):1.000 | 161(ก):0.000 | 225(แ):0.000,1
PrintAksorn_dataset/test/cho_ching_Kanit-ExtraBoldItalic.png,205,อ,1.0,169,ฉ,0,205,0.7339,205,0.5583,205,0.1556,205(อ):1.000 | 161(ก):0.000 | 224(เ):0.000,1
PrintAksorn_dataset/test/cho_ching_Kanit-LightItalic.png,205,อ,1.0,169,ฉ,0,205,0.1643,205,0.7798,182,0.2526,205(อ):1.000 | 161(ก):0.000 | 224(เ):0.000,0
PrintAksorn_dataset/test/cho_ching_Kinnari-BoldOblique.png,169,ฉ,1.0,169,ฉ,1,169,0.9177,169,0.917,169,0.8538,169(ฉ):1.000 | 161(ก):0.000 | 225(แ):0.000,1
PrintAksorn_dataset/test/cho_ching_Kinnari.png,169,ฉ,1.0,169,ฉ,1,169,0.7731,169,0.9434,169,0.8879,169(ฉ):1.000 | 161(ก):0.000 | 225(แ):0.000,1
PrintAksorn_dataset/test/cho_ching_PSK-Smart-Bold.png,169,ฉ,1.0,169,ฉ,1,169,0.9134,169,0.9071,169,0.8083,169(ฉ):1.000 | 161(ก):0.000 | 225(แ):0.000,1
PrintAksorn_dataset/test/cho_ching_Prompt-Medium.png,240,๐,1.0,169,ฉ,0,240,0.5411,205,0.5335,241,0.1775,240(๐):1.000 | 161(ก):0.000 | 224(เ):0.000,0
PrintAksorn_dataset/test/cho_ching_TH-Sarabun-New-Bold.png,169,ฉ,1.0,169,ฉ,1,169,0.9486,169,0.9236,169,0.5986,169(ฉ):1.000 | 161(ก):0.000 | 225(แ):0.000,1
PrintAksorn_dataset/test/cho_ching_Taviraj-SemiBold.png,169,ฉ,1.0,169,ฉ,1,169,0.919,169,0.8952,169,0.5723,169(ฉ):1.000 | 161(ก):0.000 | 225(แ):0.000,1
PrintAksorn_dataset/test/cho_choe_Athiti-Medium.png,173,ญ,1.0,172,ฌ,0,173,0.837,172,0.6211,179,0.2445,173(ญ):1.000 | 161(ก):0.000 | 225(แ):0.000,0
PrintAksorn_dataset/test/cho_choe_FonLeb-Bold.png,172,ฌ,1.0,172,ฌ,1,179,0.5685,172,0.911,172,0.9355,172(ฌ):1.000 | 161(ก):0.000 | 225(แ):0.000,0
PrintAksorn_dataset/test/cho_choe_JS-Giat-Bold.png,172,ฌ,1.0,172,ฌ,1,179,0.5171,172,0.9506,172,0.7713,172(ฌ):1.000 | 161(ก):0.000 | 225(แ):0.000,0
PrintAksorn_dataset/test/cho_choe_JS-Sadayu-Allcaps.png,172,ฌ,1.0,172,ฌ,1,179,0.8225,172,0.8853,172,0.8957,172(ฌ):1.000 | 161(ก):0.000 | 225(แ):0.000,0
PrintAksorn_dataset/test/cho_choe_JS-Saksit-Italic.png,172,ฌ,1.0,172,ฌ,1,179,0.5435,172,0.8854,172,0.9181,172(ฌ):1.000 | 161(ก):0.000 | 225(แ):0.000,0
PrintAksorn_dataset/test/cho_choe_Kanit-ExtraBold.png,172,ฌ,1.0,172,ฌ,1,179,0.4516,172,0.7197,172,0.3213,172(ฌ):1.000 | 161(ก):0.000 | 225(แ):0.000,0
PrintAksorn_dataset/test/cho_choe_Maitree-Regular.png,172,ฌ,1.0,172,ฌ,1,173,0.3643,172,0.8911,172,0.9154,172(ฌ):1.000 | 161(ก):0.000 | 225(แ):0.000,0
PrintAksorn_dataset/test/cho_choe_NotoSansThai-Black.png,172,ฌ,1.0,172,ฌ,1,179,0.5674,172,0.7892,172,0.3629,172(ฌ):1.000 | 161(ก):0.000 | 225(แ):0.000,0
PrintAksorn_dataset/test/cho_choe_NotoSansThai-ExtraBold.png,172,ฌ,1.0,172,ฌ,1,173,0.7377,172,0.8627,172,0.3435,172(ฌ):1.000 | 161(ก):0.000 | 225(แ):0.000,0
PrintAksorn_dataset/test/cho_choe_NotoSerifThai-Light.png,172,ฌ,1.0,172,ฌ,1,179,0.2291,172,0.9169,172,0.9199,172(ฌ):1.000 | 161(ก):0.000 | 225(แ):0.000,0
PrintAksorn_dataset/test/cho_choe_PSK-SmartItaic.png,172,ฌ,1.0,172,ฌ,1,179,0.5289,172,0.9042,172,0.912,172(ฌ):1.000 | 161(ก):0.000 | 225(แ):0.000,0
PrintAksorn_dataset/test/cho_choe_Pattaya-Regular.png,172,ฌ,1.0,172,ฌ,1,179,0.3025,172,0.596,178,0.1062,172(ฌ):1.000 | 161(ก):0.000 | 225(แ):0.000,0
PrintAksorn_dataset/test/cho_choe_Prompt-Bold.png,172,ฌ,1.0,172,ฌ,1,179,0.4655,172,0.8398,172,0.1693,172(ฌ):1.000 | 161(ก):0.000 | 225(แ):0.000,0
PrintAksorn_dataset/test/cho_choe_Prompt-BoldItalic.png,179,ณ,1.0,172,ฌ,0,179,0.3429,172,0.756,179,0.125,179(ณ):1.000 | 161(ก):0.000 | 226(โ):0.000,0
PrintAksorn_dataset/test/cho_choe_Sarabun-Italic.png,172,ฌ,1.0,172,ฌ,1,179,0.6354,172,0.9161,172,0.9058,172(ฌ):1.000 | 161(ก):0.000 | 225(แ):0.000,0
PrintAksorn_dataset/test/cho_choe_Taviraj-Light.png,172,ฌ,1.0,172,ฌ,1,173,0.364,172,0.9033,172,0.9217,172(ฌ):1.000 | 161(ก):0.000 | 225(แ):0.000,0
PrintAksorn_dataset/test/cho_choe_TlwgTypewriter-Bold.png,172,ฌ,1.0,172,ฌ,1,179,0.3153,172,0.841,172,0.9366,172(ฌ):1.000 | 161(ก):0.000 | 225(แ):0.000,0
PrintAksorn_dataset/test/cho_choe_Waree-Oblique.png,172,ฌ,1.0,172,ฌ,1,179,0.6305,172,0.907,172,0.9259,172(ฌ):1.000 | 161(ก):0.000 | 225(แ):0.000,0
PrintAksorn_dataset/test/colon_NotoSansThai-Light.png,205,อ,1.0,,,,187,0.1329,186,0.1265,205,0.1771,205(อ):1.000 | 161(ก):0.000 | 224(เ):0.000,0
PrintAksorn_dataset/test/colon_NotoSerifThai-CondensedExtraBold.png,205,อ,1.0,,,,187,0.1458,186,0.1209,205,0.1687,205(อ):1.000 | 161(ก):0.000 | 224(เ):0.000,0
PrintAksorn_dataset/test/colon_Prompt-Medium.png,208,ะ,1.0,,,,236,0.0471,208,0.3859,208,0.6049,208(ะ):1.000 | 161(ก):0.000 | 224(เ):0.000,0
PrintAksorn_dataset/test/colon_Taviraj-ExtraLight.png,208,ะ,1.0,,,,210,0.1097,199,0.0715,208,0.3411,208(ะ):1.000 | 161(ก):0.000 | 224(เ):0.000,0
PrintAksorn_dataset/test/colon_TlwgTypo-BoldOblique.png,208,ะ,1.0,,,,195,0.1299,208,0.5715,208,0.6413,208(ะ):1.000 | 161(ก):0.000 | 224(เ):0.000,0
PrintAksorn_dataset/test/colon_Trirong-SemiBoldItalic.png,208,ะ,1.0,,,,195,0.0782,208,0.5897,208,0.6561,208(ะ):1.000 | 161(ก):0.000 | 224(เ):0.000,0
PrintAksorn_dataset/test/comma_JS-Jukaphan-Italic.png,241,๑,1.0,,,,216,0.4945,233,0.3637,241,0.7631,241(๑):1.000 | 161(ก):0.000 | 224(เ):0.000,0
PrintAksorn_dataset/test/comma_JS-Prasoplarp-Italic.png,230,ๆ,1.0,,,,232,0.1531,199,0.2228,230,0.2466,230(ๆ):1.000 | 161(ก):0.000 | 224(เ):0.000,0
PrintAksorn_dataset/test/comma_JS-Saksit-Italic.png,241,๑,1.0,,,,216,0.1535,167,0.4658,241,0.9018,241(๑):1.000 | 161(ก):0.000 | 224(เ):0.000,0
PrintAksorn_dataset/test/comma_Kanit-ExtraLight.png,232,่,1.0,,,,232,0.9032,232,0.8423,232,0.9091,232(่):1.000 | 161(ก):0.000 | 224(เ):0.000,1
PrintAksorn_dataset/test/comma_Kinnari-BoldOblique.png,241,๑,1.0,,,,216,0.3892,167,0.3661,241,0.8076,241(๑):1.000 | 161(ก):0.000 | 224(เ):0.000,0
PrintAksorn_dataset/test/comma_NotoSansThai-CondensedBold.png,205,อ,1.0,,,,187,0.1387,205,0.1124,205,0.1755,205(อ):1.000 | 161(ก):0.000 | 224(เ):0.000,0
PrintAksorn_dataset/test/comma_NotoSansThai-ExtraCondensed.png,205,อ,1.0,,,,187,0.1355,186,0.1252,205,0.1806,205(อ):1.000 | 161(ก):0.000 | 224(เ):0.000,0
PrintAksorn_dataset/test/comma_NotoSansThai-SemiCondensedLight.png,205,อ,1.0,,,,187,0.1222,205,0.1075,205,0.1774,205(อ):1.000 | 161(ก):0.000 | 224(เ):0.000,0
PrintAksorn_dataset/test/comma_NotoSansThaiLooped-Regular.png,232,่,1.0,,,,232,0.8986,232,0.3602,232,0.8138,232(่):1.000 | 161(ก):0.000 | 224(เ):0.000,1
PrintAksorn_dataset/test/comma_NotoSerifThai-CondensedBlack.png,205,อ,1.0,,,,187,0.1355,186,0.1252,205,0.1806,205(อ):1.000 | 161(ก):0.000 | 224(เ):0.000,0
PrintAksorn_dataset/test/comma_TH-Fahkwang-Italic.png,216,ุ,1.0,,,,216,0.4271,216,0.6575,241,0.7987,216(ุ):1.000 | 161(ก):0.000 | 224(เ):0.000,0
PrintAksorn_dataset/test/comma_TlwgTypist-Oblique.png,232,่,1.0,,,,232,0.8708,233,0.3188,167,0.4718,232(่):1.000 | 161(ก):0.000 | 224(เ):0.000,0
PrintAksorn_dataset/test/digit_0_JS-Prasoplarp-Normal.png,240,๐,1.0,240,๐,1,240,0.9051,205,0.4964,240,0.8929,240(๐):1.000 | 161(ก):0.000 | 224(เ):0.000,0
PrintAksorn_dataset/test/digit_0_JS-Rapee-Bold-Italic.png,240,๐,1.0,240,๐,1,240,0.9053,205,0.7856,240,0.9047,240(๐):1.000 | 161(ก):0.000 | 224(เ):0.000,0
PrintAksorn_dataset/test/digit_0_JS-Saowapark-Italic.png,240,๐,1.0,240,๐,1,240,0.8997,205,0.84,240,0.8952,240(๐):1.000 | 161(ก):0.000 | 224(เ):0.000,0
PrintAksorn_dataset/test/digit_0_NotoSansThai-ExtraCondensedExtraBold.png,240,๐,1.0,240,๐,1,240,0.8808,205,0.8687,240,0.8876,240(๐):1.000 | 161(ก):0.000 | 224(เ):0.000,0
PrintAksorn_dataset/test/digit_0_NotoSansThai-Light.png,240,๐,1.0,240,๐,1,240,0.8745,205,0.7368,240,0.878,240(๐):1.000 | 161(ก):0.000 | 224(เ):0.000,0
PrintAksorn_dataset/test/digit_0_NotoSansThai-SemiCondensedExtraBold.png,240,๐,1.0,240,๐,1,240,0.8797,205,0.8846,240,0.7864,240(๐):1.000 | 161(ก):0.000 | 224(เ):0.000,0
PrintAksorn_dataset/test/digit_0_NotoSerifThai-CondensedMedium.png,240,๐,1.0,240,๐,1,240,0.9194,205,0.7701,240,0.8882,240(๐):1.000 | 161(ก):0.000 | 224(เ):0.000,0
PrintAksorn_dataset/test/digit_0_TH-Niramit-AS-Italic.png,240,๐,1.0,240,๐,1,240,0.8859,205,0.5529,240,0.8934,240(๐):1.000 | 161(ก):0.000 | 224(เ):0.000,0
PrintAksorn_dataset/test/digit_0_Trirong-BlackItalic.png,240,๐,1.0,240,๐,1,240,0.937,205,0.8077,240,0.8513,240(๐):1.000 | 161(ก):0.000 | 224(เ):0.000,0
PrintAksorn_dataset/test/digit_0_Trirong-ExtraBold.png,240,๐,1.0,240,๐,1,240,0.9405,205,0.8174,240,0.8252,240(๐):1.000 | 161(ก):0.000 | 224(เ):0.000,0
PrintAksorn_dataset/test/digit_0_Umpush-Oblique.png,240,๐,1.0,240,๐,1,240,0.897,205,0.7623,240,0.88,240(๐):1.000 | 161(ก):0.000 | 224(เ):0.000,0
PrintAksorn_dataset/test/digit_1_Aksaramatee-Regular.png,241,๑,1.0,241,๑,1,241,0.7159,180,0.4784,241,0.9122,241(๑):1.000 | 161(ก):0.000 | 224(เ):0.000,0
PrintAksorn_dataset/test/digit_1_CmPrasanmit-Italic.png,241,๑,1.0,241,๑,1,241,0.7034,180,0.4664,241,0.9026,241(๑):1.000 | 161(ก):0.000 | 224(เ):0.000,0
PrintAksorn_dataset/test/digit_1_JS-Rapee-Normal.png,241,๑,1.0,241,๑,1,241,0.8866,180,0.7577,241,0.9072,241(๑):1.000 | 161(ก):0.000 | 224(เ):0.000,0
PrintAksorn_dataset/test/digit_1_JS-Sadayu-Allcaps.png,241,๑,1.0,241,๑,1,241,0.818,205,0.624,241,0.914,241(๑):1.000 | 161(ก):0.000 | 224(เ):0.000,0
PrintAksorn_dataset/test/digit_1_JS-Saowapark-Normal.png,241,๑,1.0,241,๑,1,241,0.6379,205,0.4856,241,0.8921,241(๑):1.000 | 161(ก):0.000 | 224(เ):0.000,0
PrintAksorn_dataset/test/digit_1_Prompt-BoldItalic.png,241,๑,1.0,241,๑,1,241,0.1452,205,0.879,241,0.9051,241(๑):1.000 | 161(ก):0.000 | 224(เ):0.000,0
PrintAksorn_dataset/test/digit_1_Prompt-Italic.png,241,๑,1.0,241,๑,1,240,0.446,205,0.7349,241,0.8077,241(๑):1.000 | 161(ก):0.000 | 224(เ):0.000,0
PrintAksorn_dataset/test/digit_1_Sawasdee.png,240,๐,1.0,241,๑,0,240,0.4982,205,0.6755,240,0.4219,240(๐):1.000 | 161(ก):0.000 | 224(เ):0.000,0
PrintAksorn_dataset/test/digit_1_TH-Srisakdi-Bold.png,241,๑,1.0,241,๑,1,241,0.7258,205,0.7944,241,0.9275,241(๑):1.000 | 161(ก):0.000 | 224(เ):0.000,0
PrintAksorn_dataset/test/digit_2_Athiti-Bold.png,242,๒,1.0,242,๒,1,194,0.459,201,0.5217,242,0.8908,242(๒):1.000 | 161(ก):0.000 | 224(เ):0.000,0
PrintAksorn_dataset/test/digit_2_JS-Jindara-Italic.png,242,๒,1.0,242,๒,1,242,0.7269,178,0.1542,242,0.929,242(๒):1.000 | 161(ก):0.000 | 224(เ):0.000,0
PrintAksorn_dataset/test/digit_2_JS-Pitsamai-Italic.png,242,๒,1.0,242,๒,1,242,0.3252,201,0.4003,242,0.908,242(๒):1.000 | 161(ก):0.000 | 224(เ):0.000,0
PrintAksorn_dataset/test/digit_2_JS-Sadayu-Allcaps.png,242,๒,1.0,242,๒,1,242,0.7211,201,0.1266,242,0.9509,242(๒):1.000 | 161(ก):0.000 | 224(เ):0.000,0
PrintAksorn_dataset/test/digit_2_JS-Wansika-Italic.png,242,๒,1.0,242,๒,1,242,0.765,172,0.1695,242,0.8733,242(๒):1.000 | 161(ก):0.000 | 224(เ):0.000,0
PrintAksorn_dataset/test/digit_2_KaniGa-Bold-Italic.png,242,๒,1.0,242,๒,1,242,0.3201,178,0.1011,242,0.907,242(๒):1.000 | 161(ก):0.000 | 224(เ):0.000,0
PrintAksorn_dataset/test/digit_2_NotoSerifThai-SemiCondensed.png,242,๒,1.0,242,๒,1,242,0.4122,201,0.2669,242,0.9464,242(๒):1.000 | 161(ก):0.000 | 224(เ):0.000,0
PrintAksorn_dataset/test/digit_2_Sarabun-ExtraBold.png,242,๒,1.0,242,๒,1,242,0.6572,178,0.1611,242,0.8943,242(๒):1.000 | 161(ก):0.000 | 224(เ):0.000,0
PrintAksorn_dataset/test/digit_2_Sarabun-ExtraLight.png,242,๒,1.0,242,๒,1,242,0.5705,201,0.2258,242,0.9139,242(๒):1.000 | 161(ก):0.000 | 224(เ):0.000,0
PrintAksorn_dataset/test/digit_2_TH-Chakra-Petch-Italic.png,242,๒,1.0,242,๒,1,242,0.359,201,0.1247,242,0.9368,242(๒):1.000 | 161(ก):0.000 | 224(เ):0.000,0
PrintAksorn_dataset/test/digit_2_TH-Sarabun-New-Regular.png,242,๒,1.0,242,๒,1,242,0.7581,201,0.3315,242,0.9246,242(๒):1.000 | 161(ก):0.000 | 224(เ):0.000,0
PrintAksorn_dataset/test/digit_2_TH-Srisakdi-Bold.png,242,๒,1.0,242,๒,1,213,0.1029,224,0.2838,242,0.822,242(๒):1.000 | 161(ก):0.000 | 224(เ):0.000,0
PrintAksorn_dataset/test/digit_3_Aksaramatee-Bold.png,243,๓,1.0,243,๓,1,243,0.3906,181,0.5982,243,0.857,243(๓):1.000 | 161(ก):0.000 | 224(เ):0.000,0
PrintAksorn_dataset/test/digit_3_Athiti-Medium.png,243,๓,1.0,243,๓,1,243,0.0902,165,0.9244,243,0.5485,243(๓):1.000 | 161(ก):0.000 | 224(เ):0.000,0
PrintAksorn_dataset/test/digit_3_JS-Pumpuang-Normal.png,243,๓,1.0,243,๓,1,243,0.2796,178,0.2225,243,0.8024,243(๓):1.000 | 161(ก):0.000 | 224(เ):0.000,0
PrintAksorn_dataset/test/digit_3_Krungthep.png,243,๓,1.0,243,๓,1,183,0.1778,165,0.5432,243,0.8256,243(๓):1.000 | 161(ก):0.000 | 224(เ):0.000,0
PrintAksorn_dataset/test/digit_3_Maitree-Medium.png,243,๓,1.0,243,๓,1,183,0.3366,165,0.3666,243,0.7149,243(๓):1.000 | 161(ก):0.000 | 224(เ):0.000,0
PrintAksorn_dataset/test/digit_3_Sarabun-SemiBoldItalic.png,243,๓,1.0,243,๓,1,243,0.4424,181,0.136,243,0.8353,243(๓):1.000 | 161(ก):0.000 | 224(เ):0.000,0
PrintAksorn_dataset/test/digit_3_TH-K2D-July8-Bold.png,243,๓,1.0,243,๓,1,243,0.233,181,0.323,243,0.8904,243(๓):1.000 | 161(ก):0.000 | 224(เ):0.000,0
PrintAksorn_dataset/test/digit_3_TH-KoHo-Bold-Italic.png,243,๓,1.0,243,๓,1,243,0.1374,181,0.831,243,0.9395,243(๓):1.000 | 161(ก):0.000 | 224(เ):0.000,0
PrintAksorn_dataset/test/digit_3_TH-Sarabun-New-Italic.png,243,๓,1.0,243,๓,1,243,0.3938,181,0.218,243,0.8461,243(๓):1.000 | 161(ก):0.000 | 224(เ):0.000,0
PrintAksorn_dataset/test/digit_3_Taviraj-BoldItalic.png,243,๓,1.0,243,๓,1,243,0.4016,179,0.1256,243,0.4198,243(๓):1.000 | 161(ก):0.000 | 224(เ):0.000,0
PrintAksorn_dataset/test/digit_3_Taviraj-Thin.png,243,๓,1.0,243,๓,1,183,0.2839,181,0.2807,243,0.8053,243(๓):1.000 | 161(ก):0.000 | 224(เ):0.000,0
PrintAksorn_dataset/test/digit_3_Trirong-ExtraBold.png,243,๓,1.0,243,๓,1,243,0.2539,179,0.2325,243,0.4272,243(๓):1.000 | 161(ก):0.000 | 224(เ):0.000,0
PrintAksorn_dataset/test/digit_4_Athiti-ExtraLight.png,231,็,1.0,244,๔,0,249,0.0741,231,0.9165,244,0.8692,231(็):1.000 | 161(ก):0.000 | 224(เ):0.000,0
PrintAksorn_dataset/test/digit_4_Garuda-BoldOblique.png,244,๔,1.0,244,๔,1,244,0.4802,231,0.9223,244,0.9027,244(๔):1.000 | 161(ก):0.000 | 224(เ):0.000,0
PrintAksorn_dataset/test/digit_4_Garuda.png,244,๔,1.0,244,๔,1,244,0.6887,231,0.9408,244,0.8911,244(๔):1.000 | 161(ก):0.000 | 224(เ):0.000,0
PrintAksorn_dataset/test/digit_4_JS-Giat-Bold.png,231,็,1.0,244,๔,0,231,0.2142,231,0.7617,244,0.6753,231(็):1.000 | 161(ก):0.000 | 224(เ):0.000,0
PrintAksorn_dataset/test/digit_4_JS-Sunsanee-Italic.png,248,๘,1.0,244,๔,0,170,0.1072,184,0.1784,248,0.3943,248(๘):1.000 | 224(เ):0.000 | 217(ู):0.000,0
PrintAksorn_dataset/test/digit_4_Kanit-SemiBold.png,231,็,1.0,244,๔,0,231,0.338,231,0.8506,244,0.8664,231(็):1.000 | 161(ก):0.000 | 224(เ):0.000,0
PrintAksorn_dataset/test/digit_4_NotoSansThai-Bold.png,244,๔,1.0,244,๔,1,244,0.398,231,0.5859,244,0.7898,244(๔):1.000 | 161(ก):0.000 | 224(เ):0.000,0
PrintAksorn_dataset/test/digit_4_NotoSerifThai-Bold.png,244,๔,1.0,244,๔,1,244,0.3504,231,0.8346,244,0.6333,244(๔):1.000 | 161(ก):0.000 | 224(เ):0.000,0
PrintAksorn_dataset/test/digit_4_NotoSerifThai-Condensed.png,244,๔,1.0,244,๔,1,244,0.1974,231,0.8468,244,0.873,244(๔):1.000 | 161(ก):0.000 | 224(เ):0.000,0
PrintAksorn_dataset/test/digit_4_NotoSerifThai-CondensedBold.png,244,๔,1.0,244,๔,1,244,0.298,231,0.7903,244,0.7847,244(๔):1.000 | 161(ก):0.000 | 224(เ):0.000,0
PrintAksorn_dataset/test/digit_4_TH-Niramit-AS-Regular.png,244,๔,1.0,244,๔,1,244,0.566,231,0.9488,244,0.8926,244(๔):1.000 | 161(ก):0.000 | 224(เ):0.000,0
PrintAksorn_dataset/test/digit_4_TlwgMono-Bold.png,244,๔,1.0,244,๔,1,244,0.364,231,0.9486,244,0.7947,244(๔):1.000 | 161(ก):0.000 | 224(เ):0.000,0
PrintAksorn_dataset/test/digit_4_TlwgTypo-BoldOblique.png,244,๔,1.0,244,๔,1,244,0.5423,231,0.9325,244,0.8758,244(๔):1.000 | 161(ก):0.000 | 224(เ):0.000,0
PrintAksorn_dataset/test/digit_4_Trirong-BlackItalic.png,244,๔,1.0,244,๔,1,244,0.3448,231,0.9344,244,0.7885,244(๔):1.000 | 161(ก):0.000 | 224(เ):0.000,0
PrintAksorn_dataset/test/digit_5_JS-Jindara-Italic.png,245,๕,1.0,245,๕,1,249,0.1851,206,0.2574,245,0.9086,245(๕):1.000 | 161(ก):0.000 | 224(เ):0.000,0
PrintAksorn_dataset/test/digit_5_JS-Oobboon-Normal.png,245,๕,1.0,245,๕,1,245,0.2274,231,0.2079,245,0.8013,245(๕):1.000 | 161(ก):0.000 | 224(เ):0.000,0
PrintAksorn_dataset/test/digit_5_JS-Pisit-Normal.png,245,๕,1.0,245,๕,1,245,0.3516,231,0.1551,245,0.7606,245(๕):1.000 | 161(ก):0.000 | 224(เ):0.000,0
PrintAksorn_dataset/test/digit_5_JS-Rapee-Bold.png,245,๕,1.0,245,๕,1,245,0.8096,231,0.2986,245,0.7219,245(๕):1.000 | 161(ก):0.000 | 224(เ):0.000,0
PrintAksorn_dataset/test/digit_5_Laksaman-BoldItalic.png,245,๕,1.0,245,๕,1,245,0.5651,231,0.3315,245,0.8149,245(๕):1.000 | 161(ก):0.000 | 224(เ):0.000,0
PrintAksorn_dataset/test/digit_5_Maitree-Bold.png,245,๕,1.0,245,๕,1,245,0.3606,231,0.4841,245,0.8102,245(๕):1.000 | 161(ก):0.000 | 224(เ):0.000,0
PrintAksorn_dataset/test/digit_5_Norasi-BoldOblique.png,245,๕,1.0,245,๕,1,245,0.5352,231,0.675,245,0.7902,245(๕):1.000 | 161(ก):0.000 | 224(เ):0.000,0
PrintAksorn_dataset/test/digit_5_NotoSansThai-SemiBold.png,245,๕,1.0,245,๕,1,245,0.4637,205,0.112,245,0.9191,245(๕):1.000 | 161(ก):0.000 | 224(เ):0.000,0
PrintAksorn_dataset/test/digit_5_NotoSerifThai-ExtraCondensedBold.png,245,๕,1.0,245,๕,1,245,0.2624,231,0.1389,245,0.9141,245(๕):1.000 | 161(ก):0.000 | 224(เ):0.000,0
PrintAksorn_dataset/test/digit_5_Sarabun-Thin.png,245,๕,1.0,245,๕,1,245,0.3681,231,0.4139,245,0.8571,245(๕):1.000 | 161(ก):0.000 | 224(เ):0.000,0
PrintAksorn_dataset/test/digit_5_TH-Niramit-AS-Italic.png,245,๕,1.0,245,๕,1,244,0.2307,231,0.5641,245,0.9208,245(๕):1.000 | 161(ก):0.000 | 224(เ):0.000,0
PrintAksorn_dataset/test/digit_5_Trirong-MediumItalic.png,245,๕,1.0,245,๕,1,245,0.4783,231,0.4049,245,0.8565,245(๕):1.000 | 161(ก):0.000 | 224(เ):0.000,0
PrintAksorn_dataset/test/digit_5_Waree-Oblique.png,245,๕,1.0,245,๕,1,245,0.2531,231,0.4955,245,0.8647,245(๕):1.000 | 161(ก):0.000 | 224(เ):0.000,0
PrintAksorn_dataset/test/digit_6_JS-Jukaphan-Italic.png,246,๖,1.0,246,๖,1,246,0.2838,173,0.209,246,0.8861,246(๖):1.000 | 161(ก):0.000 | 224(เ):0.000,0
PrintAksorn_dataset/test/digit_6_JS-Synjai-Italic.png,246,๖,1.0,246,๖,1,246,0.1596,173,0.2136,246,0.8596,246(๖):1.000 | 161(ก):0.000 | 224(เ):0.000,0
PrintAksorn_dataset/test/digit_6_Kanit-Medium.png,246,๖,1.0,246,๖,1,240,0.1682,214,0.232,246,0.7659,246(๖):1.000 | 161(ก):0.000 | 224(เ):0.000,0
PrintAksorn_dataset/test/digit_6_NotoSansThai-ExtraCondensedSemiBold.png,246,๖,1.0,246,๖,1,199,0.2172,167,0.1354,246,0.8364,246(๖):1.000 | 161(ก):0.000 | 224(เ):0.000,0
PrintAksorn_dataset/test/digit_6_NotoSansThaiLooped-ExtraLight.png,246,๖,1.0,246,๖,1,246,0.0784,173,0.1461,246,0.8735,246(๖):1.000 | 161(ก):0.000 | 224(เ):0.000,0
PrintAksorn_dataset/test/digit_6_NotoSerifThai-ExtraCondensedMedium.png,246,๖,1.0,246,๖,1,246,0.6445,174,0.0951,246,0.8446,246(๖):1.000 | 161(ก):0.000 | 224(เ):0.000,0
PrintAksorn_dataset/test/digit_6_Pattaya-Regular.png,246,๖,1.0,246,๖,1,246,0.1085,208,0.1085,246,0.6573,246(๖):1.000 | 161(ก):0.000 | 224(เ):0.000,0
PrintAksorn_dataset/test/digit_6_TH-Baijam-Bold.png,246,๖,1.0,246,๖,1,246,0.7989,173,0.1375,246,0.8789,246(๖):1.000 | 161(ก):0.000 | 224(เ):0.000,0
PrintAksorn_dataset/test/digit_7_Ayuthaya.png,247,๗,1.0,247,๗,1,247,0.3781,234,0.8908,247,0.8267,247(๗):1.000 | 161(ก):0.000 | 224(เ):0.000,0
PrintAksorn_dataset/test/digit_7_JS-Synjai-Italic.png,247,๗,1.0,247,๗,1,247,0.2221,234,0.8537,247,0.9004,247(๗):1.000 | 161(ก):0.000 | 224(เ):0.000,0
PrintAksorn_dataset/test/digit_7_Laksaman-BoldItalic.png,247,๗,1.0,247,๗,1,247,0.2026,234,0.9418,247,0.9056,247(๗):1.000 | 161(ก):0.000 | 224(เ):0.000,0
PrintAksorn_dataset/test/digit_7_Nakaracha-Bold.png,247,๗,1.0,247,๗,1,173,0.1237,234,0.7588,247,0.9067,247(๗):1.000 | 161(ก):0.000 | 224(เ):0.000,0
PrintAksorn_dataset/test/digit_7_Pridi-Regular.png,173,ญ,1.0,247,๗,0,173,0.812,234,0.4361,247,0.7766,173(ญ):1.000 | 161(ก):0.000 | 225(แ):0.000,0
PrintAksorn_dataset/test/digit_7_Prompt-LightItalic.png,247,๗,1.0,247,๗,1,173,0.476,234,0.6859,247,0.8042,247(๗):1.000 | 161(ก):0.000 | 224(เ):0.000,0
PrintAksorn_dataset/test/digit_7_Sarabun-Regular.png,247,๗,1.0,247,๗,1,173,0.2171,234,0.9187,247,0.8925,247(๗):1.000 | 161(ก):0.000 | 224(เ):0.000,0
PrintAksorn_dataset/test/digit_7_Sarabun-SemiBoldItalic.png,247,๗,1.0,247,๗,1,247,0.1258,234,0.9486,247,0.9176,247(๗):1.000 | 161(ก):0.000 | 224(เ):0.000,0
PrintAksorn_dataset/test/digit_7_Sawasdee-Bold.png,247,๗,1.0,247,๗,1,173,0.2299,234,0.7926,247,0.835,247(๗):1.000 | 161(ก):0.000 | 224(เ):0.000,0
PrintAksorn_dataset/test/digit_7_Taviraj-Regular.png,234,๊,1.0,247,๗,0,173,0.2081,234,0.9353,247,0.9166,234(๊):1.000 | 161(ก):0.000 | 224(เ):0.000,0
PrintAksorn_dataset/test/digit_7_TlwgTypo-Bold.png,247,๗,1.0,247,๗,1,242,0.0734,234,0.8048,247,0.884,247(๗):1.000 | 161(ก):0.000 | 224(เ):0.000,0
PrintAksorn_dataset/test/digit_7_Trirong-Light.png,234,๊,1.0,247,๗,0,173,0.2534,234,0.9406,247,0.907,234(๊):1.000 | 161(ก):0.000 | 224(เ):0.000,0
PrintAksorn_dataset/test/digit_7_Trirong-LightItalic.png,234,๊,1.0,247,๗,0,173,0.1497,234,0.916,247,0.9087,234(๊):1.000 | 161(ก):0.000 | 224(เ):0.000,0
PrintAksorn_dataset/test/digit_7_Umpush-BoldOblique.png,234,๊,1.0,247,๗,0,173,0.0948,234,0.8698,247,0.8789,234(๊):1.000 | 161(ก):0.000 | 224(เ):0.000,0
PrintAksorn_dataset/test/digit_8_ChulaNarak-Bold.png,231,็,1.0,248,๘,0,231,0.6657,231,0.8426,248,0.8117,231(็):1.000 | 161(ก):0.000 | 224(เ):0.000,0
PrintAksorn_dataset/test/digit_8_JS-75-Pumpuang.png,231,็,1.0,248,๘,0,231,0.1266,231,0.9575,248,0.9328,231(็):1.000 | 161(ก):0.000 | 224(เ):0.000,0
PrintAksorn_dataset/test/digit_8_Kanit-MediumItalic.png,231,็,1.0,248,๘,0,231,0.4744,231,0.8711,248,0.8493,231(็):1.000 | 161(ก):0.000 | 224(เ):0.000,0
PrintAksorn_dataset/test/digit_8_Kinnari-BoldOblique.png,231,็,1.0,248,๘,0,231,0.1579,231,0.7865,248,0.8552,231(็):1.000 | 161(ก):0.000 | 224(เ):0.000,0
PrintAksorn_dataset/test/digit_8_NotoSansThai-SemiCondensedExtraLight.png,231,็,1.0,248,๘,0,247,0.1969,231,0.9294,248,0.9027,231(็):1.000 | 161(ก):0.000 | 224(เ):0.000,0
PrintAksorn_dataset/test/digit_8_NotoSansThai-SemiCondensedLight.png,231,็,1.0,248,๘,0,247,0.1581,231,0.8886,248,0.9048,231(็):1.000 | 161(ก):0.000 | 224(เ):0.000,0
PrintAksorn_dataset/test/digit_8_NotoSerifThai-SemiCondensedBlack.png,231,็,1.0,248,๘,0,247,0.1467,231,0.8209,248,0.8094,231(็):1.000 | 161(ก):0.000 | 224(เ):0.000,0
PrintAksorn_dataset/test/digit_8_PSK-SmartBI.png,231,็,1.0,248,๘,0,231,0.5132,231,0.8196,248,0.856,231(็):1.000 | 161(ก):0.000 | 224(เ):0.000,0
PrintAksorn_dataset/test/digit_8_Sathu.png,231,็,1.0,248,๘,0,231,0.1136,231,0.7286,248,0.8412,231(็):1.000 | 161(ก):0.000 | 224(เ):0.000,0
PrintAksorn_dataset/test/digit_8_Silom.png,231,็,1.0,248,๘,0,231,0.4937,231,0.9326,248,0.8241,231(็):1.000 | 161(ก):0.000 | 224(เ):0.000,0
PrintAksorn_dataset/test/digit_8_TH-KoHo-Bold-Italic.png,231,็,1.0,248,๘,0,231,0.2952,231,0.8926,248,0.8863,231(็):1.000 | 161(ก):0.000 | 224(เ):0.000,0
PrintAksorn_dataset/test/digit_9_JS-Obsaward-Normal.png,249,๙,1.0,249,๙,1,170,0.1206,200,0.7986,249,0.8687,249(๙):1.000 | 224(เ):0.000 | 217(ู):0.000,0
PrintAksorn_dataset/test/digit_9_JS-Prapakorn-Normal.png,249,๙,1.0,249,๙,1,236,0.081,231,0.6405,249,0.9061,249(๙):1.000 | 224(เ):0.000 | 217(ู):0.000,0
PrintAksorn_dataset/test/digit_9_JS-Saksit-Bold-Italic.png,249,๙,1.0,249,๙,1,249,0.8814,184,0.3059,245,0.3214,249(๙):1.000 | 224(เ):0.000 | 217(ู):0.000,0
PrintAksorn_dataset/test/digit_9_JS-Saksit-Normal.png,249,๙,1.0,249,๙,1,249,0.8988,184,0.2513,245,0.3614,249(๙):1.000 | 224(เ):0.000 | 217(ู):0.000,0
PrintAksorn_dataset/test/digit_9_Kanit-ExtraLightItalic.png,249,๙,1.0,249,๙,1,171,0.1185,201,0.1499,249,0.9104,249(๙):1.000 | 224(เ):0.000 | 217(ู):0.000,0
PrintAksorn_dataset/test/digit_9_Kanit-Light.png,249,๙,1.0,249,๙,1,243,0.118,231,0.1705,249,0.8889,249(๙):1.000 | 224(เ):0.000 | 217(ู):0.000,0
PrintAksorn_dataset/test/digit_9_Kinnari-Italic.png,202,ส,1.0,249,๙,0,202,0.1591,202,0.6103,249,0.858,202(ส):1.000 | 225(แ):0.000 | 224(เ):0.000,0
PrintAksorn_dataset/test/digit_9_Mitr-ExtraLight.png,248,๘,1.0,249,๙,0,173,0.1184,231,0.2122,248,0.3286,248(๘):1.000 | 224(เ):0.000 | 217(ู):0.000,0
PrintAksorn_dataset/test/digit_9_NotoSansThai-ExtraCondensed.png,249,๙,1.0,249,๙,1,202,0.4259,200,0.646,249,0.9339,249(๙):1.000 | 224(เ):0.000 | 217(ู):0.000,0
PrintAksorn_dataset/test/digit_9_NotoSansThai-SemiCondensedMedium.png,249,๙,1.0,249,๙,1,202,0.272,200,0.4412,249,0.9376,249(๙):1.000 | 224(เ):0.000 | 217(ู):0.000,0
PrintAksorn_dataset/test/digit_9_PSK-SmartBI.png,231,็,1.0,249,๙,0,231,0.0847,231,0.3018,249,0.92,231(็):1.000 | 161(ก):0.000 | 224(เ):0.000,0
PrintAksorn_dataset/test/digit_9_TH-Kodchasal-Bold.png,249,๙,1.0,249,๙,1,231,0.1047,202,0.2126,249,0.8831,249(๙):1.000 | 224(เ):0.000 | 217(ู):0.000,0
PrintAksorn_dataset/test/digit_9_TlwgTypewriter-BoldOblique.png,234,๊,1.0,249,๙,0,234,0.1091,234,0.7264,249,0.886,234(๊):1.000 | 161(ก):0.000 | 224(เ):0.000,0
PrintAksorn_dataset/test/digit_9_TlwgTypo-Oblique.png,249,๙,1.0,249,๙,1,236,0.0721,231,0.2104,249,0.9133,249(๙):1.000 | 224(เ):0.000 | 217(ู):0.000,0
PrintAksorn_dataset/test/digit_9_Trirong-ExtraBold.png,249,๙,1.0,249,๙,1,236,0.0672,231,0.2217,249,0.9381,249(๙):1.000 | 224(เ):0.000 | 217(ู):0.000,0
PrintAksorn_dataset/test/digit_9_Waree-BoldOblique.png,249,๙,1.0,249,๙,1,236,0.116,231,0.2927,249,0.8884,249(๙):1.000 | 224(เ):0.000 | 217(ู):0.000,0
PrintAksorn_dataset/test/do_chada_CmPrasanmit-Bold.png,174,ฎ,1.0,174,ฎ,1,175,0.8163,174,0.9011,174,0.8125,174(ฎ):1.000 | 161(ก):0.000 | 225(แ):0.000,0
PrintAksorn_dataset/test/do_chada_DC-Palamongkol-Bold-Italic.png,174,ฎ,1.0,174,ฎ,1,175,0.8207,174,0.8502,174,0.6983,174(ฎ):1.000 | 161(ก):0.000 | 225(แ):0.000,0
PrintAksorn_dataset/test/do_chada_JS-Jindara-Italic.png,174,ฎ,1.0,174,ฎ,1,175,0.8145,174,0.9693,174,0.9414,174(ฎ):1.000 | 161(ก):0.000 | 225(แ):0.000,0
PrintAksorn_dataset/test/do_chada_Kinnari-BoldItalic.png,174,ฎ,1.0,174,ฎ,1,175,0.9064,174,0.8165,174,0.8765,174(ฎ):1.000 | 161(ก):0.000 | 225(แ):0.000,0
PrintAksorn_dataset/test/do_chada_Mitr-Bold.png,174,ฎ,1.0,174,ฎ,1,175,0.3867,174,0.5671,174,0.1447,174(ฎ):1.000 | 161(ก):0.000 | 225(แ):0.000,0
PrintAksorn_dataset/test/do_chada_NotoSansThai-SemiBold.png,174,ฎ,1.0,174,ฎ,1,175,0.1699,174,0.8751,174,0.81,174(ฎ):1.000 | 161(ก):0.000 | 225(แ):0.000,0
PrintAksorn_dataset/test/do_chada_NotoSansThaiLooped-ExtraLight.png,174,ฎ,1.0,174,ฎ,1,175,0.8537,174,0.9457,174,0.8857,174(ฎ):1.000 | 161(ก):0.000 | 225(แ):0.000,0
PrintAksorn_dataset/test/do_chada_NotoSerifThai-SemiCondensedSemiBold.png,174,ฎ,1.0,174,ฎ,1,175,0.9549,174,0.7531,174,0.8303,174(ฎ):1.000 | 161(ก):0.000 | 225(แ):0.000,0
PrintAksorn_dataset/test/do_chada_Sarabun-Medium.png,174,ฎ,1.0,174,ฎ,1,175,0.9401,174,0.9377,174,0.8961,174(ฎ):1.000 | 161(ก):0.000 | 225(แ):0.000,0
PrintAksorn_dataset/test/do_chada_Sathu.png,174,ฎ,1.0,174,ฎ,1,175,0.8683,174,0.7738,174,0.5294,174(ฎ):1.000 | 161(ก):0.000 | 225(แ):0.000,0
PrintAksorn_dataset/test/do_dek_Chonburi-Regular.png,164,ค,1.0,180,ด,0,240,0.138,164,0.3184,241,0.1115,164(ค):1.000 | 161(ก):0.000 | 225(แ):0.000,0
PrintAksorn_dataset/test/do_dek_Himmaparnt-Bold-Italic.png,180,ด,1.0,180,ด,1,180,0.9091,180,0.892,180,0.9089,180(ด):1.000 | 225(แ):0.000 | 224(เ):0.000,1
PrintAksorn_dataset/test/do_dek_JS-Jukaphan.png,180,ด,1.0,180,ด,1,180,0.9028,180,0.8846,180,0.8758,180(ด):1.000 | 225(แ):0.000 | 224(เ):0.000,1
PrintAksorn_dataset/test/do_dek_JS-Junkaew-Italic.png,180,ด,1.0,180,ด,1,180,0.9029,180,0.9443,180,0.9355,180(ด):1.000 | 225(แ):0.000 | 224(เ):0.000,1
PrintAksorn_dataset/test/do_dek_JS-Pisit-Italic.png,180,ด,1.0,180,ด,1,180,0.9209,180,0.9515,180,0.9083,180(ด):1.000 | 225(แ):0.000 | 224(เ):0.000,1
PrintAksorn_dataset/test/do_dek_Kanit-SemiBoldItalic.png,241,๑,1.0,180,ด,0,240,0.1858,164,0.4698,241,0.5733,241(๑):1.000 | 161(ก):0.000 | 224(เ):0.000,0
PrintAksorn_dataset/test/do_dek_NotoSansThai-Condensed.png,240,๐,1.0,180,ด,0,240,0.1428,161,0.2604,240,0.4943,240(๐):1.000 | 161(ก):0.000 | 224(เ):0.000,0
PrintAksorn_dataset/test/do_dek_Taviraj-Bold.png,180,ด,1.0,180,ด,1,180,0.859,180,0.7089,180,0.4539,180(ด):1.000 | 225(แ):0.000 | 224(เ):0.000,1
PrintAksorn_dataset/test/dot_JS-Charnchai-Normal.png,237,ํ,1.0,,,,232,0.4175,205,0.1898,237,0.801,237(ํ):1.000 | 224(เ):0.000 | 217(ู):0.000,0
PrintAksorn_dataset/test/dot_JS-Rapee-Bold.png,237,ํ,1.0,,,,240,0.3759,205,0.3671,237,0.8507,237(ํ):1.000 | 224(เ):0.000 | 217(ู):0.000,0
PrintAksorn_dataset/test/dot_Kanit-BlackItalic.png,232,่,1.0,,,,232,0.8428,184,0.1688,237,0.1478,232(่):1.000 | 161(ก):0.000 | 224(เ):0.000,0
PrintAksorn_dataset/test/dot_Kinnari-Oblique.png,237,ํ,1.0,,,,240,0.4776,205,0.4712,237,0.8481,237(ํ):1.000 | 224(เ):0.000 | 217(ู):0.000,0
PrintAksorn_dataset/test/dot_Maitree-Bold.png,237,ํ,1.0,,,,240,0.5231,205,0.5682,237,0.7432,237(ํ):1.000 | 224(เ):0.000 | 217(ู):0.000,0
PrintAksorn_dataset/test/dot_Mitr-Regular.png,237,ํ,1.0,,,,232,0.334,205,0.2549,237,0.8623,237(ํ):1.000 | 224(เ):0.000 | 217(ู):0.000,0
PrintAksorn_dataset/test/dot_Norasi.png,237,ํ,1.0,,,,240,0.4105,205,0.2193,237,0.8317,237(ํ):1.000 | 224(เ):0.000 | 217(ู):0.000,0
PrintAksorn_dataset/test/dot_NotoSansThai-CondensedBlack.png,205,อ,1.0,,,,187,0.1355,186,0.1252,205,0.1806,205(อ):1.000 | 161(ก):0.000 | 224(เ):0.000,0
PrintAksorn_dataset/test/dot_NotoSerifThai-ExtraCondensed.png,205,อ,1.0,,,,187,0.1355,186,0.1252,205,0.1806,205(อ):1.000 | 161(ก):0.000 | 224(เ):0.000,0
PrintAksorn_dataset/test/dot_Prompt-ExtraBoldItalic.png,237,ํ,1.0,,,,240,0.4715,205,0.4645,237,0.8454,237(ํ):1.000 | 224(เ):0.000 | 217(ู):0.000,0
PrintAksorn_dataset/test/dot_Sarabun-BoldItalic.png,240,๐,1.0,,,,240,0.5368,205,0.5835,237,0.6212,240(๐):1.000 | 161(ก):0.000 | 224(เ):0.000,0
PrintAksorn_dataset/test/dot_TH-Fahkwang-Regular.png,232,่,1.0,,,,232,0.7812,236,0.1404,237,0.735,232(่):1.000 | 161(ก):0.000 | 224(เ):0.000,0
PrintAksorn_dataset/test/dot_TH-KoHo-Bold-Italic.png,232,่,1.0,,,,232,0.7793,205,0.1779,237,0.7611,232(่):1.000 | 161(ก):0.000 | 224(เ):0.000,0
PrintAksorn_dataset/test/dot_TH-Niramit-AS-Bold-Italic.png,237,ํ,1.0,,,,232,0.368,205,0.239,237,0.8125,237(ํ):1.000 | 224(เ):0.000 | 217(ู):0.000,0
PrintAksorn_dataset/test/dot_TlwgTypewriter.png,237,ํ,1.0,,,,240,0.6656,205,0.4712,237,0.8635,237(ํ):1.000 | 224(เ):0.000 | 217(ู):0.000,0
PrintAksorn_dataset/test/dot_TlwgTypo-Bold.png,237,ํ,1.0,,,,240,0.6635,205,0.4849,237,0.8664,237(ํ):1.000 | 224(เ):0.000 | 217(ู):0.000,0
PrintAksorn_dataset/test/exclamation_JS-Prasoplarp-Normal.png,232,่,1.0,,,,210,0.2189,232,0.3878,232,0.8025,232(่):1.000 | 161(ก):0.000 | 224(เ):0.000,0
PrintAksorn_dataset/test/exclamation_JS-Synjai-Italic.png,232,่,1.0,,,,224,0.1982,232,0.1291,232,0.5629,232(่):1.000 | 161(ก):0.000 | 224(เ):0.000,0
PrintAksorn_dataset/test/exclamation_Norasi-Bold.png,227,ใ,1.0,,,,227,0.5538,199,0.2037,232,0.093,227(ใ):1.000 | 224(เ):0.000 | 217(ู):0.000,0
PrintAksorn_dataset/test/exclamation_NotoSerifThai-CondensedBlack.png,205,อ,1.0,,,,187,0.1355,186,0.1252,205,0.1806,205(อ):1.000 | 161(ก):0.000 | 224(เ):0.000,0
PrintAksorn_dataset/test/exclamation_NotoSerifThai-ExtraCondensedBlack.png,205,อ,1.0,,,,187,0.1355,186,0.1252,205,0.1806,205(อ):1.000 | 161(ก):0.000 | 224(เ):0.000,0
PrintAksorn_dataset/test/exclamation_Taviraj-BoldItalic.png,232,่,1.0,,,,224,0.2474,236,0.2719,232,0.4453,232(่):1.000 | 161(ก):0.000 | 224(เ):0.000,0
PrintAksorn_dataset/test/exclamation_Taviraj-ExtraLight.png,232,่,1.0,,,,210,0.2596,232,0.418,232,0.8947,232(่):1.000 | 161(ก):0.000 | 224(เ):0.000,0
PrintAksorn_dataset/test/exclamation_Taviraj-LightItalic.png,232,่,1.0,,,,210,0.2234,232,0.403,232,0.8648,232(่):1.000 | 161(ก):0.000 | 224(เ):0.000,0
PrintAksorn_dataset/test/fo_fa_Garuda-Oblique.png,189,ฝ,1.0,189,ฝ,1,189,0.9443,189,0.9164,189,0.8168,189(ฝ):1.000 | 161(ก):0.000 | 224(เ):0.000,1
PrintAksorn_dataset/test/fo_fa_JS-Wanida-Italic.png,189,ฝ,1.0,189,ฝ,1,189,0.9013,189,0.9334,189,0.9766,189(ฝ):1.000 | 161(ก):0.000 | 224(เ):0.000,1
PrintAksorn_dataset/test/fo_fa_NotoSansThai-SemiCondensedThin.png,189,ฝ,1.0,189,ฝ,1,189,0.783,189,0.6023,189,0.9157,189(ฝ):1.000 | 161(ก):0.000 | 224(เ):0.000,1
PrintAksorn_dataset/test/fo_fa_Pridi-Bold.png,189,ฝ,1.0,189,ฝ,1,189,0.8765,189,0.4296,191,0.1595,189(ฝ):1.000 | 161(ก):0.000 | 224(เ):0.000,0
PrintAksorn_dataset/test/fo_fa_Prompt-ExtraLight.png,189,ฝ,1.0,189,ฝ,1,189,0.8671,188,0.5274,189,0.6774,189(ฝ):1.000 | 161(ก):0.000 | 224(เ):0.000,0
PrintAksorn_dataset/test/fo_fa_Purisa-Bold.png,189,ฝ,1.0,189,ฝ,1,189,0.8672,189,0.8661,189,0.9054,189(ฝ):1.000 | 161(ก):0.000 | 224(เ):0.000,1
PrintAksorn_dataset/test/fo_fa_TH-Krub-Bold-Italic.png,189,ฝ,1.0,189,ฝ,1,189,0.9317,188,0.5777,189,0.7671,189(ฝ):1.000 | 161(ก):0.000 | 224(เ):0.000,0
PrintAksorn_dataset/test/fo_fa_TH-Krub-Italic.png,189,ฝ,1.0,189,ฝ,1,189,0.9358,189,0.4822,189,0.8537,189(ฝ):1.000 | 161(ก):0.000 | 224(เ):0.000,1
PrintAksorn_dataset/test/fo_fa_Taviraj-ExtraBold.png,189,ฝ,1.0,189,ฝ,1,189,0.7931,188,0.4523,189,0.0929,189(ฝ):1.000 | 161(ก):0.000 | 224(เ):0.000,0
PrintAksorn_dataset/test/fo_fa_TlwgTypist-BoldOblique.png,189,ฝ,1.0,189,ฝ,1,189,0.9484,189,0.6386,189,0.8465,189(ฝ):1.000 | 161(ก):0.000 | 224(เ):0.000,1
PrintAksorn_dataset/test/fo_fan_JS-Hariphan.png,189,ฝ,1.0,191,ฟ,0,191,0.5953,189,0.3616,189,0.6365,189(ฝ):1.000 | 161(ก):0.000 | 224(เ):0.000,0
PrintAksorn_dataset/test/fo_fan_Kanit-BlackItalic.png,234,๊,1.0,191,ฟ,0,191,0.3254,234,0.6697,247,0.5091,234(๊):1.000 | 161(ก):0.000 | 224(เ):0.000,0
PrintAksorn_dataset/test/fo_fan_Kinnari-Italic.png,191,ฟ,1.0,191,ฟ,1,191,0.8969,191,0.8787,191,0.8722,191(ฟ):1.000 | 161(ก):0.000 | 224(เ):0.000,1
PrintAksorn_dataset/test/fo_fan_Loma-Oblique.png,190,พ,1.0,191,ฟ,0,191,0.9045,190,0.7974,190,0.5601,190(พ):1.000 | 224(เ):0.000 | 217(ู):0.000,0
PrintAksorn_dataset/test/fo_fan_NotoSerifThai-ExtraCondensedBlack.png,191,ฟ,1.0,191,ฟ,1,191,0.8835,190,0.6014,191,0.4586,191(ฟ):1.000 | 161(ก):0.000 | 224(เ):0.000,0
PrintAksorn_dataset/test/fo_fan_NotoSerifThai-Medium.png,190,พ,1.0,191,ฟ,0,191,0.8992,190,0.7953,190,0.5128,190(พ):1.000 | 224(เ):0.000 | 217(ู):0.000,0
PrintAksorn_dataset/test/fo_fan_PSK-Smart-Bold.png,191,ฟ,1.0,191,ฟ,1,191,0.9369,190,0.6613,191,0.4444,191(ฟ):1.000 | 161(ก):0.000 | 224(เ):0.000,0
PrintAksorn_dataset/test/fo_fan_PSK-Smart-Regular.png,191,ฟ,1.0,191,ฟ,1,191,0.87,190,0.6114,191,0.8509,191(ฟ):1.000 | 161(ก):0.000 | 224(เ):0.000,0
PrintAksorn_dataset/test/fo_fan_Sarabun-ExtraBold.png,191,ฟ,1.0,191,ฟ,1,191,0.9249,191,0.681,191,0.7061,191(ฟ):1.000 | 161(ก):0.000 | 224(เ):0.000,1
PrintAksorn_dataset/test/fo_fan_TH-Chakra-Petch-Bold-Italic.png,191,ฟ,1.0,191,ฟ,1,191,0.7972,191,0.4886,191,0.8205,191(ฟ):1.000 | 161(ก):0.000 | 224(เ):0.000,1
PrintAksorn_dataset/test/fo_fan_TH-Niramit-AS-Italic.png,191,ฟ,1.0,191,ฟ,1,191,0.8879,190,0.6639,191,0.5474,191(ฟ):1.000 | 161(ก):0.000 | 224(เ):0.000,0
PrintAksorn_dataset/test/fo_fan_Trirong-Regular.png,191,ฟ,1.0,191,ฟ,1,191,0.9076,190,0.6247,191,0.7751,191(ฟ):1.000 | 161(ก):0.000 | 224(เ):0.000,0
PrintAksorn_dataset/test/ho_hip_Aksaramatee-Regular.png,203,ห,1.0,203,ห,1,203,0.9172,203,0.8368,203,0.8964,203(ห):1.000 | 161(ก):0.000 | 224(เ):0.000,1
PrintAksorn_dataset/test/ho_hip_NotoSansThai-ExtraLight.png,203,ห,1.0,203,ห,1,203,0.6882,203,0.1309,215,0.0752,203(ห):1.000 | 161(ก):0.000 | 224(เ):0.000,0
PrintAksorn_dataset/test/ho_hip_NotoSansThaiLooped-ExtraLight.png,203,ห,1.0,203,ห,1,203,0.8848,203,0.872,203,0.7,203(ห):1.000 | 161(ก):0.000 | 224(เ):0.000,1
PrintAksorn_dataset/test/ho_hip_NotoSerifThai-ExtraBold.png,203,ห,1.0,203,ห,1,203,0.9232,203,0.7397,203,0.5279,203(ห):1.000 | 161(ก):0.000 | 224(เ):0.000,1
PrintAksorn_dataset/test/ho_hip_NotoSerifThai-ExtraLight.png,203,ห,1.0,203,ห,1,203,0.9,203,0.8648,203,0.6199,203(ห):1.000 | 161(ก):0.000 | 224(เ):0.000,1
PrintAksorn_dataset/test/ho_hip_Purisa.png,203,ห,1.0,203,ห,1,203,0.4689,203,0.9295,203,0.7133,203(ห):1.000 | 161(ก):0.000 | 224(เ):0.000,1
PrintAksorn_dataset/test/ho_hip_SR-FahMai-Bold-Italic.png,203,ห,1.0,203,ห,1,203,0.9047,203,0.8457,203,0.7039,203(ห):1.000 | 161(ก):0.000 | 224(เ):0.000,1
PrintAksorn_dataset/test/ho_hip_Sawasdee-BoldOblique.png,183,ท,1.0,203,ห,0,183,0.4454,183,0.4235,183,0.1622,183(ท):1.000 | 161(ก):0.000 | 224(เ):0.000,1
PrintAksorn_dataset/test/ho_hip_TH-Fahkwang-Bold.png,203,ห,1.0,203,ห,1,203,0.8438,203,0.7753,183,0.2957,203(ห):1.000 | 161(ก):0.000 | 224(เ):0.000,0
PrintAksorn_dataset/test/ho_hip_Taviraj-ExtraBoldItalic.png,203,ห,1.0,203,ห,1,203,0.7842,203,0.4854,203,0.2037,203(ห):1.000 | 161(ก):0.000 | 224(เ):0.000,1
PrintAksorn_dataset/test/ho_hip_Taviraj-SemiBold.png,203,ห,1.0,203,ห,1,203,0.8986,203,0.83,203,0.3713,203(ห):1.000 | 161(ก):0.000 | 224(เ):0.000,1
PrintAksorn_dataset/test/ho_hip_TlwgMono-Oblique.png,203,ห,1.0,203,ห,1,203,0.9129,203,0.9104,203,0.8279,203(ห):1.000 | 161(ก):0.000 | 224(เ):0.000,1
PrintAksorn_dataset/test/ho_hip_TlwgTypo-Bold.png,203,ห,1.0,203,ห,1,203,0.9101,203,0.8888,203,0.5718,203(ห):1.000 | 161(ก):0.000 | 224(เ):0.000,1
PrintAksorn_dataset/test/ho_hip_Waree-Oblique.png,203,ห,1.0,203,ห,1,203,0.9051,203,0.8488,203,0.5395,203(ห):1.000 | 161(ก):0.000 | 224(เ):0.000,1
PrintAksorn_dataset/test/ho_nokhuk_JS-Oobboon-Normal.png,205,อ,1.0,206,ฮ,0,205,0.505,205,0.7052,242,0.1296,205(อ):1.000 | 161(ก):0.000 | 224(เ):0.000,0
PrintAksorn_dataset/test/ho_nokhuk_JS-Pisit-Normal.png,206,ฮ,1.0,206,ฮ,1,206,0.5828,206,0.8325,206,0.6695,206(ฮ):1.000 | 161(ก):0.000 | 224(เ):0.000,1
PrintAksorn_dataset/test/ho_nokhuk_JS-Prajuk-Italic.png,206,ฮ,1.0,206,ฮ,1,170,0.4206,206,0.8722,206,0.3292,206(ฮ):1.000 | 161(ก):0.000 | 224(เ):0.000,0
PrintAksorn_dataset/test/ho_nokhuk_Kanit-Italic.png,205,อ,1.0,206,ฮ,0,205,0.3346,206,0.3453,248,0.3384,205(อ):1.000 | 161(ก):0.000 | 224(เ):0.000,0
PrintAksorn_dataset/test/ho_nokhuk_Laksaman-BoldItalic.png,206,ฮ,1.0,206,ฮ,1,206,0.7711,206,0.8932,206,0.9049,206(ฮ):1.000 | 161(ก):0.000 | 224(เ):0.000,1
PrintAksorn_dataset/test/ho_nokhuk_NotoSansThai-ExtraCondensed.png,206,ฮ,1.0,206,ฮ,1,206,0.1217,206,0.7848,246,0.2036,206(ฮ):1.000 | 161(ก):0.000 | 224(เ):0.000,0
PrintAksorn_dataset/test/ho_nokhuk_PSK-Smart-Bold.png,206,ฮ,1.0,206,ฮ,1,206,0.586,206,0.8035,206,0.4456,206(ฮ):1.000 | 161(ก):0.000 | 224(เ):0.000,1
PrintAksorn_dataset/test/ho_nokhuk_PSK-SmartBI.png,206,ฮ,1.0,206,ฮ,1,206,0.489,206,0.7528,206,0.5425,206(ฮ):1.000 | 161(ก):0.000 | 224(เ):0.000,1
PrintAksorn_dataset/test/ho_nokhuk_Prompt-MediumItalic.png,206,ฮ,1.0,206,ฮ,1,206,0.1507,206,0.7276,246,0.2033,206(ฮ):1.000 | 161(ก):0.000 | 224(เ):0.000,0
PrintAksorn_dataset/test/ho_nokhuk_Prompt-SemiBoldItalic.png,206,ฮ,1.0,206,ฮ,1,206,0.2366,206,0.7408,246,0.2119,206(ฮ):1.000 | 161(ก):0.000 | 224(เ):0.000,0
PrintAksorn_dataset/test/ho_nokhuk_TH-Sarabun-New-BoldItalic.png,206,ฮ,1.0,206,ฮ,1,206,0.7758,206,0.8852,206,0.949,206(ฮ):1.000 | 161(ก):0.000 | 224(เ):0.000,1
PrintAksorn_dataset/test/ho_nokhuk_Taviraj-Light.png,206,ฮ,1.0,206,ฮ,1,206,0.6257,206,0.9478,206,0.6608,206(ฮ):1.000 | 161(ก):0.000 | 224(เ):0.000,1
PrintAksorn_dataset/test/ho_nokhuk_Taviraj-SemiBoldItalic.png,206,ฮ,1.0,206,ฮ,1,206,0.4332,206,0.8708,206,0.3015,206(ฮ):1.000 | 161(ก):0.000 | 224(เ):0.000,1
PrintAksorn_dataset/test/kho_khai_Aksaramatee-Bold-Italic.png,162,ข,1.0,162,ข,1,162,0.8377,162,0.5433,162,0.8712,162(ข):1.000 | 161(ก):0.000 | 225(แ):0.000,1
PrintAksorn_dataset/test/kho_khai_DC-Palamongkol-Regular.png,162,ข,1.0,162,ข,1,162,0.4081,162,0.3788,162,0.6416,162(ข):1.000 | 161(ก):0.000 | 225(แ):0.000,1
PrintAksorn_dataset/test/kho_khai_JS-Obsaward-Italic.png,162,ข,1.0,162,ข,1,162,0.3059,162,0.8136,162,0.6345,162(ข):1.000 | 161(ก):0.000 | 225(แ):0.000,1
PrintAksorn_dataset/test/kho_khai_Mitr-ExtraLight.png,194,ย,1.0,162,ข,0,194,0.428,186,0.436,194,0.2256,194(ย):1.000 | 161(ก):0.000 | 224(เ):0.000,0
PrintAksorn_dataset/test/kho_khai_NotoSansThai-ExtraLight.png,194,ย,1.0,162,ข,0,194,0.31,186,0.2647,162,0.2707,194(ย):1.000 | 161(ก):0.000 | 224(เ):0.000,0
PrintAksorn_dataset/test/kho_khai_NotoSansThaiLooped-Medium.png,162,ข,1.0,162,ข,1,194,0.5859,186,0.3655,162,0.6774,162(ข):1.000 | 161(ก):0.000 | 225(แ):0.000,0
PrintAksorn_dataset/test/kho_khai_NotoSerifThai-ExtraCondensed.png,162,ข,1.0,162,ข,1,162,0.8698,162,0.8095,162,0.8782,162(ข):1.000 | 161(ก):0.000 | 225(แ):0.000,1
PrintAksorn_dataset/test/kho_khai_Prompt-Black.png,194,ย,1.0,162,ข,0,194,0.8991,205,0.258,163,0.1315,194(ย):1.000 | 161(ก):0.000 | 224(เ):0.000,0
PrintAksorn_dataset/test/kho_khon_CmPrasanmit-Italic.png,165,ฅ,1.0,165,ฅ,1,181,0.5117,165,0.9078,165,0.9229,165(ฅ):1.000 | 161(ก):0.000 | 225(แ):0.000,0
PrintAksorn_dataset/test/kho_khon_JS-Pitsamai-Italic.png,165,ฅ,1.0,165,ฅ,1,181,0.5929,165,0.8546,165,0.5996,165(ฅ):1.000 | 161(ก):0.000 | 225(แ):0.000,0
PrintAksorn_dataset/test/kho_khon_Laksaman-Italic.png,165,ฅ,1.0,165,ฅ,1,181,0.3731,165,0.8891,165,0.9434,165(ฅ):1.000 | 161(ก):0.000 | 225(แ):0.000,0
PrintAksorn_dataset/test/kho_khon_Loma-Oblique.png,165,ฅ,1.0,165,ฅ,1,181,0.506,165,0.8775,165,0.8404,165(ฅ):1.000 | 161(ก):0.000 | 225(แ):0.000,0
PrintAksorn_dataset/test/kho_khon_Maitree-ExtraLight.png,165,ฅ,1.0,165,ฅ,1,181,0.3762,165,0.8993,165,0.8426,165(ฅ):1.000 | 161(ก):0.000 | 225(แ):0.000,0
PrintAksorn_dataset/test/kho_khon_Norasi-BoldItalic.png,165,ฅ,1.0,165,ฅ,1,181,0.3957,165,0.8947,165,0.8413,165(ฅ):1.000 | 161(ก):0.000 | 225(แ):0.000,0
PrintAksorn_dataset/test/kho_khon_Prompt-Thin.png,165,ฅ,1.0,165,ฅ,1,164,0.1214,165,0.8651,165,0.7103,165(ฅ):1.000 | 161(ก):0.000 | 225(แ):0.000,0
PrintAksorn_dataset/test/kho_khon_Sarabun-ExtraBoldItalic.png,165,ฅ,1.0,165,ฅ,1,181,0.6107,165,0.9002,165,0.7426,165(ฅ):1.000 | 161(ก):0.000 | 225(แ):0.000,0
PrintAksorn_dataset/test/kho_khon_Sawasdee-Bold.png,165,ฅ,1.0,165,ฅ,1,183,0.1457,165,0.937,165,0.3016,165(ฅ):1.000 | 161(ก):0.000 | 225(แ):0.000,0
PrintAksorn_dataset/test/kho_khon_TH-Fahkwang-Bold.png,165,ฅ,1.0,165,ฅ,1,181,0.7946,165,0.8801,165,0.6512,165(ฅ):1.000 | 161(ก):0.000 | 225(แ):0.000,0
PrintAksorn_dataset/test/kho_khon_TH-Kodchasal-Bold.png,165,ฅ,1.0,165,ฅ,1,181,0.3736,165,0.8676,165,0.5059,165(ฅ):1.000 | 161(ก):0.000 | 225(แ):0.000,0
PrintAksorn_dataset/test/kho_khon_TH-Sarabun-New-Bold.png,165,ฅ,1.0,165,ฅ,1,181,0.4606,165,0.9138,165,0.8912,165(ฅ):1.000 | 161(ก):0.000 | 225(แ):0.000,0
PrintAksorn_dataset/test/kho_khon_Taviraj-Light.png,165,ฅ,1.0,165,ฅ,1,181,0.6748,165,0.9172,165,0.836,165(ฅ):1.000 | 161(ก):0.000 | 225(แ):0.000,0
PrintAksorn_dataset/test/kho_khon_Trirong-ExtraBold.png,165,ฅ,1.0,165,ฅ,1,183,0.1686,165,0.9118,165,0.5193,165(ฅ):1.000 | 161(ก):0.000 | 225(แ):0.000,0
PrintAksorn_dataset/test/kho_khuat_JS-Giat-Bold.png,194,ย,1.0,163,ฃ,0,194,0.6529,186,0.1853,162,0.136,194(ย):1.000 | 161(ก):0.000 | 224(เ):0.000,0
PrintAksorn_dataset/test/kho_khuat_JS-Saksit-Normal.png,163,ฃ,1.0,163,ฃ,1,162,0.4574,163,0.8895,163,0.6274,163(ฃ):1.000 | 161(ก):0.000 | 225(แ):0.000,0
PrintAksorn_dataset/test/kho_khuat_KaniGa-Bold.png,162,ข,1.0,163,ฃ,0,162,0.8606,163,0.7822,162,0.6589,162(ข):1.000 | 161(ก):0.000 | 225(แ):0.000,0
PrintAksorn_dataset/test/kho_khuat_NotoSansThai-SemiCondensedBold.png,163,ฃ,1.0,163,ฃ,1,194,0.7761,163,0.2327,163,0.4088,163(ฃ):1.000 | 161(ก):0.000 | 225(แ):0.000,0
PrintAksorn_dataset/test/kho_khuat_Sawasdee-Bold.png,194,ย,1.0,163,ฃ,0,194,0.7901,194,0.1979,194,0.3458,194(ย):1.000 | 161(ก):0.000 | 224(เ):0.000,1
PrintAksorn_dataset/test/kho_khuat_Taviraj-Thin.png,194,ย,1.0,163,ฃ,0,194,0.1551,163,0.2668,194,0.23,194(ย):1.000 | 161(ก):0.000 | 224(เ):0.000,0
PrintAksorn_dataset/test/kho_khwai_Athiti-Bold.png,164,ค,1.0,164,ค,1,164,0.798,164,0.884,180,0.1292,164(ค):1.000 | 161(ก):0.000 | 225(แ):0.000,0
PrintAksorn_dataset/test/kho_khwai_FonLeb-Italic.png,164,ค,1.0,164,ค,1,164,0.8547,164,0.9488,180,0.7993,164(ค):1.000 | 161(ก):0.000 | 225(แ):0.000,0
PrintAksorn_dataset/test/kho_khwai_Kanit-ExtraBoldItalic.png,164,ค,1.0,164,ค,1,164,0.8678,164,0.8912,241,0.216,164(ค):1.000 | 161(ก):0.000 | 225(แ):0.000,0
PrintAksorn_dataset/test/kho_khwai_Maitree-Bold.png,164,ค,1.0,164,ค,1,164,0.8668,164,0.9321,180,0.2538,164(ค):1.000 | 161(ก):0.000 | 225(แ):0.000,0
PrintAksorn_dataset/test/kho_khwai_NotoSansThai-Regular.png,164,ค,1.0,164,ค,1,164,0.7387,164,0.9143,161,0.3799,164(ค):1.000 | 161(ก):0.000 | 225(แ):0.000,0
PrintAksorn_dataset/test/kho_khwai_Sawasdee-Bold.png,164,ค,1.0,164,ค,1,164,0.7386,164,0.777,161,0.6391,164(ค):1.000 | 161(ก):0.000 | 225(แ):0.000,0
PrintAksorn_dataset/test/kho_khwai_Taviraj-MediumItalic.png,164,ค,1.0,164,ค,1,164,0.8691,164,0.9398,180,0.5124,164(ค):1.000 | 161(ก):0.000 | 225(แ):0.000,0
PrintAksorn_dataset/test/kho_khwai_Trirong-ExtraBoldItalic.png,164,ค,1.0,164,ค,1,164,0.8413,164,0.9369,180,0.1224,164(ค):1.000 | 161(ก):0.000 | 225(แ):0.000,0
PrintAksorn_dataset/test/kho_rakhang_Athiti-Bold.png,194,ย,1.0,166,ฆ,0,194,0.573,194,0.6323,166,0.1967,194(ย):1.000 | 161(ก):0.000 | 224(เ):0.000,0
PrintAksorn_dataset/test/kho_rakhang_Ayuthaya.png,166,ฆ,1.0,166,ฆ,1,193,0.5303,166,0.6806,166,0.6764,166(ฆ):1.000 | 161(ก):0.000 | 225(แ):0.000,0
PrintAksorn_dataset/test/kho_rakhang_JS-Jindara-Bold.png,166,ฆ,1.0,166,ฆ,1,193,0.3857,166,0.896,166,0.7172,166(ฆ):1.000 | 161(ก):0.000 | 225(แ):0.000,0
PrintAksorn_dataset/test/kho_rakhang_JS-Yodthida-Italic.png,166,ฆ,1.0,166,ฆ,1,193,0.3103,166,0.4546,166,0.8302,166(ฆ):1.000 | 161(ก):0.000 | 225(แ):0.000,0
PrintAksorn_dataset/test/kho_rakhang_Mitr-SemiBold.png,194,ย,1.0,166,ฆ,0,194,0.6151,163,0.1264,242,0.0836,194(ย):1.000 | 161(ก):0.000 | 224(เ):0.000,0
PrintAksorn_dataset/test/kho_rakhang_Taviraj-Black.png,166,ฆ,1.0,166,ฆ,1,193,0.407,166,0.2937,166,0.3344,166(ฆ):1.000 | 161(ก):0.000 | 225(แ):0.000,0
PrintAksorn_dataset/test/kho_rakhang_Taviraj-SemiBoldItalic.png,193,ม,1.0,166,ฆ,0,193,0.5314,193,0.4613,193,0.2545,193(ม):1.000 | 161(ก):0.000 | 224(เ):0.000,1
PrintAksorn_dataset/test/kho_rakhang_Umpush.png,166,ฆ,1.0,166,ฆ,1,193,0.4712,166,0.8362,166,0.5971,166(ฆ):1.000 | 161(ก):0.000 | 225(แ):0.000,0
PrintAksorn_dataset/test/ko_kai_Himmaparnt-Regular.png,161,ก,1.0,161,ก,1,161,0.8866,161,0.8047,161,0.8952,161(ก):1.000 | 224(เ):0.000 | 217(ู):0.000,1
PrintAksorn_dataset/test/ko_kai_JS-Pitsanu.png,161,ก,1.0,161,ก,1,161,0.8295,161,0.6579,161,0.9122,161(ก):1.000 | 224(เ):0.000 | 217(ู):0.000,1
PrintAksorn_dataset/test/ko_kai_JS-Synjai-Normal.png,161,ก,1.0,161,ก,1,161,0.9002,161,0.8621,161,0.8654,161(ก):1.000 | 224(เ):0.000 | 217(ู):0.000,1
PrintAksorn_dataset/test/ko_kai_Kanit-Medium.png,161,ก,1.0,161,ก,1,161,0.7181,161,0.4092,161,0.561,161(ก):1.000 | 224(เ):0.000 | 217(ู):0.000,1
PrintAksorn_dataset/test/ko_kai_NotoSansThai-CondensedBlack.png,161,ก,1.0,161,ก,1,164,0.4966,161,0.2006,161,0.2048,161(ก):1.000 | 224(เ):0.000 | 217(ู):0.000,0
PrintAksorn_dataset/test/ko_kai_NotoSansThai-ExtraCondensedBold.png,161,ก,1.0,161,ก,1,161,0.5385,161,0.7934,161,0.8084,161(ก):1.000 | 224(เ):0.000 | 217(ู):0.000,1
PrintAksorn_dataset/test/ko_kai_NotoSansThai-SemiCondensedMedium.png,161,ก,1.0,161,ก,1,161,0.5753,161,0.8378,161,0.9021,161(ก):1.000 | 224(เ):0.000 | 217(ู):0.000,1
PrintAksorn_dataset/test/ko_kai_NotoSansThaiLooped-Light.png,161,ก,1.0,161,ก,1,161,0.3745,161,0.9645,161,0.9288,161(ก):1.000 | 224(เ):0.000 | 217(ู):0.000,1
PrintAksorn_dataset/test/ko_kai_NotoSansThaiLooped-Medium.png,161,ก,1.0,161,ก,1,161,0.6163,161,0.856,161,0.8748,161(ก):1.000 | 224(เ):0.000 | 217(ู):0.000,1
PrintAksorn_dataset/test/ko_kai_Taviraj-ExtraBold.png,161,ก,1.0,161,ก,1,161,0.2843,161,0.2176,182,0.1563,161(ก):1.000 | 224(เ):0.000 | 217(ู):0.000,0
PrintAksorn_dataset/test/ko_kai_Waree-Oblique.png,161,ก,1.0,161,ก,1,161,0.8954,161,0.9323,161,0.947,161(ก):1.000 | 224(เ):0.000 | 217(ู):0.000,1
PrintAksorn_dataset/test/lakkhangyao_Chonburi-Regular.png,210,า,1.0,229,ๅ,0,210,0.9226,210,0.2481,184,0.3233,210(า):1.000 | 161(ก):0.000 | 224(เ):0.000,0
PrintAksorn_dataset/test/lakkhangyao_JS-Prasoplarp-Normal.png,210,า,1.0,229,ๅ,0,229,0.7409,210,0.8885,210,0.8574,210(า):1.000 | 161(ก):0.000 | 224(เ):0.000,0
PrintAksorn_dataset/test/lakkhangyao_JS-Saksit-Bold-Italic.png,210,า,1.0,229,ๅ,0,229,0.9054,210,0.7814,210,0.6607,210(า):1.000 | 161(ก):0.000 | 224(เ):0.000,0
PrintAksorn_dataset/test/lakkhangyao_Kanit-ExtraLightItalic.png,210,า,1.0,229,ๅ,0,229,0.9065,210,0.8923,210,0.8607,210(า):1.000 | 161(ก):0.000 | 224(เ):0.000,0
PrintAksorn_dataset/test/lakkhangyao_NotoSansThai-ExtraLight.png,210,า,1.0,229,ๅ,0,229,0.8803,210,0.8849,210,0.8793,210(า):1.000 | 161(ก):0.000 | 224(เ):0.000,0
PrintAksorn_dataset/test/lakkhangyao_NotoSansThaiLooped-ExtraBold.png,210,า,1.0,229,ๅ,0,229,0.9186,210,0.8208,210,0.6208,210(า):1.000 | 161(ก):0.000 | 224(เ):0.000,0
PrintAksorn_dataset/test/lakkhangyao_Purisa.png,210,า,1.0,229,ๅ,0,229,0.8861,210,0.8744,210,0.8925,210(า):1.000 | 161(ก):0.000 | 224(เ):0.000,0
PrintAksorn_dataset/test/lakkhangyao_TlwgTypo.png,210,า,1.0,229,ๅ,0,229,0.7414,210,0.8523,210,0.8164,210(า):1.000 | 161(ก):0.000 | 224(เ):0.000,0
PrintAksorn_dataset/test/lakkhangyao_Trirong-MediumItalic.png,210,า,1.0,229,ๅ,0,229,0.8997,210,0.8506,210,0.794,210(า):1.000 | 161(ก):0.000 | 224(เ):0.000,0
PrintAksorn_dataset/test/lbrace_Ayuthaya.png,226,โ,1.0,,,,226,0.3841,176,0.6714,226,0.2473,226(โ):1.000 | 224(เ):0.000 | 217(ู):0.000,0
PrintAksorn_dataset/test/lbrace_JS-Wanida-Italic.png,226,โ,1.0,,,,226,0.531,226,0.8947,226,0.2203,226(โ):1.000 | 224(เ):0.000 | 217(ู):0.000,1
PrintAksorn_dataset/test/lbrace_Kanit-Medium.png,235,๋,1.0,,,,227,0.2637,235,0.4587,226,0.2123,235(๋):1.000 | 161(ก):0.000 | 224(เ):0.000,0
PrintAksorn_dataset/test/lbrace_Mitr-ExtraLight.png,226,โ,1.0,,,,227,0.2162,226,0.4676,226,0.1559,226(โ):1.000 | 224(เ):0.000 | 217(ู):0.000,0
PrintAksorn_dataset/test/lbrace_NotoSansThai-ExtraCondensedLight.png,205,อ,1.0,,,,187,0.1362,186,0.1254,205,0.1814,205(อ):1.000 | 161(ก):0.000 | 224(เ):0.000,0
PrintAksorn_dataset/test/lbrace_NotoSansThai-Regular.png,205,อ,1.0,,,,187,0.1324,186,0.1261,205,0.1765,205(อ):1.000 | 161(ก):0.000 | 224(เ):0.000,0
PrintAksorn_dataset/test/lbrace_NotoSerifThai-ExtraCondensedLight.png,205,อ,1.0,,,,187,0.1362,186,0.1254,205,0.1814,205(อ):1.000 | 161(ก):0.000 | 224(เ):0.000,0
PrintAksorn_dataset/test/lbrace_Prompt-Italic.png,226,โ,1.0,,,,210,0.2669,226,0.653,235,0.1864,226(โ):1.000 | 224(เ):0.000 | 217(ู):0.000,0
PrintAksorn_dataset/test/lbrace_Prompt-Light.png,226,โ,1.0,,,,227,0.2353,226,0.3228,232,0.2385,226(โ):1.000 | 224(เ):0.000 | 217(ู):0.000,0
PrintAksorn_dataset/test/lbrace_TH-Baijam-Bold-Italic.png,226,โ,1.0,,,,226,0.199,226,0.4169,226,0.3203,226(โ):1.000 | 224(เ):0.000 | 217(ู):0.000,1
PrintAksorn_dataset/test/lbracket_Himmaparnt-Regular.png,232,่,1.0,,,,224,0.2895,232,0.3095,232,0.4092,232(่):1.000 | 161(ก):0.000 | 224(เ):0.000,0
PrintAksorn_dataset/test/lbracket_Kanit-ThinItalic.png,224,เ,1.0,,,,224,0.1965,226,0.8539,224,0.2261,224(เ):1.000 | 161(ก):0.000 | 217(ู):0.000,0
PrintAksorn_dataset/test/lbracket_Kinnari-Oblique.png,226,โ,1.0,,,,224,0.4637,226,0.4449,232,0.1942,226(โ):1.000 | 224(เ):0.000 | 217(ู):0.000,0
PrintAksorn_dataset/test/lbracket_Laksaman-BoldItalic.png,226,โ,1.0,,,,210,0.2106,226,0.8014,226,0.4478,226(โ):1.000 | 224(เ):0.000 | 217(ู):0.000,0
PrintAksorn_dataset/test/lbracket_NotoSerifThai-SemiCondensedExtraLight.png,205,อ,1.0,,,,187,0.1216,205,0.1077,205,0.1765,205(อ):1.000 | 161(ก):0.000 | 224(เ):0.000,0
PrintAksorn_dataset/test/lbracket_NotoSerifThai-SemiCondensedThin.png,205,อ,1.0,,,,187,0.1216,205,0.1077,205,0.1765,205(อ):1.000 | 161(ก):0.000 | 224(เ):0.000,0
PrintAksorn_dataset/test/lbracket_Pridi-Regular.png,224,เ,1.0,,,,224,0.5833,226,0.1833,232,0.31,224(เ):1.000 | 161(ก):0.000 | 217(ู):0.000,0
PrintAksorn_dataset/test/lbracket_Prompt-Italic.png,226,โ,1.0,,,,210,0.3834,226,0.6761,226,0.3489,226(โ):1.000 | 224(เ):0.000 | 217(ู):0.000,0
PrintAksorn_dataset/test/lo_chula_Himmaparnt-Bold.png,204,ฬ,1.0,204,ฬ,1,204,0.3916,204,0.8231,204,0.5869,204(ฬ):1.000 | 161(ก):0.000 | 224(เ):0.000,1
PrintAksorn_dataset/test/lo_chula_JS-Thanaporn-Normal.png,188,ผ,1.0,204,ฬ,0,173,0.1213,172,0.1425,188,0.2529,188(ผ):1.000 | 161(ก):0.000 | 224(เ):0.000,0
PrintAksorn_dataset/test/lo_chula_Kinnari-Oblique.png,204,ฬ,1.0,204,ฬ,1,203,0.405,204,0.8613,204,0.5108,204(ฬ):1.000 | 161(ก):0.000 | 224(เ):0.000,0
PrintAksorn_dataset/test/lo_chula_TH-Fahkwang-Italic.png,204,ฬ,1.0,204,ฬ,1,203,0.5882,204,0.8571,204,0.2246,204(ฬ):1.000 | 161(ก):0.000 | 224(เ):0.000,0
PrintAksorn_dataset/test/lo_ling_ChulaNarak-Bold-Italic.png,197,ล,1.0,197,ล,1,197,0.8908,197,0.9313,197,0.8529,197(ล):1.000 | 161(ก):0.000 | 224(เ):0.000,1
PrintAksorn_dataset/test/lo_ling_DC-Palamongkol-Bold.png,197,ล,1.0,197,ล,1,197,0.8544,197,0.8283,197,0.8096,197(ล):1.000 | 161(ก):0.000 | 224(เ):0.000,1
PrintAksorn_dataset/test/lo_ling_FonLeb-Regular.png,197,ล,1.0,197,ล,1,197,0.9122,197,0.9006,197,0.8702,197(ล):1.000 | 161(ก):0.000 | 224(เ):0.000,1
PrintAksorn_dataset/test/lo_ling_JS-Arisa.png,197,ล,1.0,197,ล,1,197,0.9216,197,0.8991,197,0.832,197(ล):1.000 | 161(ก):0.000 | 224(เ):0.000,1
PrintAksorn_dataset/test/lo_ling_JS-Wanida-Italic.png,197,ล,1.0,197,ล,1,197,0.8644,197,0.9528,197,0.8426,197(ล):1.000 | 161(ก):0.000 | 224(เ):0.000,1
PrintAksorn_dataset/test/lo_ling_Kanit-Black.png,205,อ,1.0,197,ล,0,205,0.2725,205,0.6849,197,0.38,205(อ):1.000 | 161(ก):0.000 | 224(เ):0.000,0
PrintAksorn_dataset/test/lo_ling_Kanit-ExtraBoldItalic.png,197,ล,1.0,197,ล,1,197,0.5576,205,0.6499,197,0.5611,197(ล):1.000 | 161(ก):0.000 | 224(เ):0.000,0
PrintAksorn_dataset/test/lo_ling_Kanit-Light.png,197,ล,1.0,197,ล,1,197,0.7285,197,0.6191,197,0.2002,197(ล):1.000 | 161(ก):0.000 | 224(เ):0.000,1
PrintAksorn_dataset/test/lo_ling_Kanit-Thin.png,197,ล,1.0,197,ล,1,197,0.2683,197,0.7904,248,0.1309,197(ล):1.000 | 161(ก):0.000 | 224(เ):0.000,0
PrintAksorn_dataset/test/lo_ling_Mitr-Medium.png,197,ล,1.0,197,ล,1,197,0.822,205,0.2522,197,0.3176,197(ล):1.000 | 161(ก):0.000 | 224(เ):0.000,0
PrintAksorn_dataset/test/lo_ling_NotoSerifThai-Thin.png,197,ล,1.0,197,ล,1,197,0.8681,197,0.9206,197,0.9145,197(ล):1.000 | 161(ก):0.000 | 224(เ):0.000,1
PrintAksorn_dataset/test/lo_ling_TlwgMono-BoldOblique.png,197,ล,1.0,197,ล,1,197,0.8877,197,0.8982,197,0.8984,197(ล):1.000 | 161(ก):0.000 | 224(เ):0.000,1
PrintAksorn_dataset/test/lo_ling_Trirong-Medium.png,197,ล,1.0,197,ล,1,197,0.9113,197,0.9192,197,0.8995,197(ล):1.000 | 161(ก):0.000 | 224(เ):0.000,1
PrintAksorn_dataset/test/lparen_ChulaNarak-Regular.png,236,์,1.0,,,,199,0.2018,236,0.6439,244,0.4749,236(์):1.000 | 161(ก):0.000 | 224(เ):0.000,0
PrintAksorn_dataset/test/lparen_CmPrasanmit-Bold-Italic.png,232,่,1.0,,,,210,0.4622,232,0.2834,232,0.1588,232(่):1.000 | 161(ก):0.000 | 224(เ):0.000,0
PrintAksorn_dataset/test/lparen_FonLeb-Regular.png,232,่,1.0,,,,224,0.1788,232,0.2896,244,0.2431,232(่):1.000 | 161(ก):0.000 | 224(เ):0.000,0
PrintAksorn_dataset/test/lparen_JS-Prajuk-Italic.png,210,า,1.0,,,,210,0.6984,236,0.2735,210,0.1634,210(า):1.000 | 161(ก):0.000 | 224(เ):0.000,0
PrintAksorn_dataset/test/lparen_JS-Wanida-Italic.png,210,า,1.0,,,,210,0.6997,236,0.2827,210,0.1661,210(า):1.000 | 161(ก):0.000 | 224(เ):0.000,0
PrintAksorn_dataset/test/lparen_Kanit-ExtraLight.png,224,เ,1.0,,,,224,0.3176,236,0.1713,244,0.1306,224(เ):1.000 | 161(ก):0.000 | 217(ู):0.000,0
PrintAksorn_dataset/test/lparen_Loma-BoldOblique.png,210,า,1.0,,,,210,0.3253,236,0.3304,244,0.3116,210(า):1.000 | 161(ก):0.000 | 224(เ):0.000,0
PrintAksorn_dataset/test/lparen_Maitree-Light.png,232,่,1.0,,,,210,0.4095,232,0.6332,232,0.1464,232(่):1.000 | 161(ก):0.000 | 224(เ):0.000,0
PrintAksorn_dataset/test/lparen_NotoSansThai-CondensedExtraLight.png,205,อ,1.0,,,,187,0.1395,205,0.1123,205,0.1762,205(อ):1.000 | 161(ก):0.000 | 224(เ):0.000,0
PrintAksorn_dataset/test/lparen_Purisa-Oblique.png,224,เ,1.0,,,,224,0.3399,236,0.3628,244,0.3854,224(เ):1.000 | 161(ก):0.000 | 217(ู):0.000,0
PrintAksorn_dataset/test/lparen_Sarabun-ExtraLightItalic.png,210,า,1.0,,,,210,0.2533,236,0.2282,244,0.2531,210(า):1.000 | 161(ก):0.000 | 224(เ):0.000,0
PrintAksorn_dataset/test/lparen_TH-Baijam-Bold.png,232,่,1.0,,,,210,0.3037,232,0.5955,240,0.0734,232(่):1.000 | 161(ก):0.000 | 224(เ):0.000,0
PrintAksorn_dataset/test/lparen_Trirong-LightItalic.png,232,่,1.0,,,,210,0.1846,232,0.3538,244,0.1709,232(่):1.000 | 161(ก):0.000 | 224(เ):0.000,0
PrintAksorn_dataset/test/mai_chattawa_CmPrasanmit-Italic.png,235,๋,1.0,235,๋,1,231,0.076,235,0.943,235,0.9082,235(๋):1.000 | 161(ก):0.000 | 224(เ):0.000,0
PrintAksorn_dataset/test/mai_chattawa_JS-Sadayu-Bold.png,235,๋,1.0,235,๋,1,216,0.0933,235,0.4469,179,0.3177,235(๋):1.000 | 161(ก):0.000 | 224(เ):0.000,0
PrintAksorn_dataset/test/mai_chattawa_NotoSansThai-CondensedExtraLight.png,235,๋,1.0,235,๋,1,187,0.0826,235,0.9158,235,0.8617,235(๋):1.000 | 161(ก):0.000 | 224(เ):0.000,0
PrintAksorn_dataset/test/mai_chattawa_NotoSansThai-Thin.png,235,๋,1.0,235,๋,1,187,0.0807,235,0.9184,235,0.8805,235(๋):1.000 | 161(ก):0.000 | 224(เ):0.000,0
PrintAksorn_dataset/test/mai_chattawa_NotoSerifThai-Black.png,201,ษ,1.0,235,๋,0,195,0.0733,201,0.7367,235,0.2129,201(ษ):1.000 | 224(เ):0.000 | 217(ู):0.000,0
PrintAksorn_dataset/test/mai_chattawa_NotoSerifThai-Condensed.png,235,๋,1.0,235,๋,1,170,0.1524,235,0.8562,235,0.7906,235(๋):1.000 | 161(ก):0.000 | 224(เ):0.000,0
PrintAksorn_dataset/test/mai_chattawa_Prompt-ExtraBold.png,232,่,1.0,235,๋,0,232,0.3451,169,0.3151,237,0.1372,232(่):1.000 | 161(ก):0.000 | 224(เ):0.000,0
PrintAksorn_dataset/test/mai_chattawa_SR-FahMai-Bold.png,235,๋,1.0,235,๋,1,231,0.1519,235,0.9079,235,0.8987,235(๋):1.000 | 161(ก):0.000 | 224(เ):0.000,0
PrintAksorn_dataset/test/mai_chattawa_TH-K2D-July8-Italic.png,235,๋,1.0,235,๋,1,231,0.1725,235,0.9116,235,0.8963,235(๋):1.000 | 161(ก):0.000 | 224(เ):0.000,0
PrintAksorn_dataset/test/mai_chattawa_TH-Sarabun-New-Italic.png,235,๋,1.0,235,๋,1,231,0.229,235,0.9192,235,0.8959,235(๋):1.000 | 161(ก):0.000 | 224(เ):0.000,0
PrintAksorn_dataset/test/mai_chattawa_Taviraj-ExtraLight.png,235,๋,1.0,235,๋,1,231,0.078,235,0.8838,235,0.8984,235(๋):1.000 | 161(ก):0.000 | 224(เ):0.000,0
PrintAksorn_dataset/test/mai_chattawa_TlwgMono.png,235,๋,1.0,235,๋,1,195,0.0705,235,0.7175,235,0.7768,235(๋):1.000 | 161(ก):0.000 | 224(เ):0.000,0
PrintAksorn_dataset/test/mai_chattawa_TlwgTypist-BoldOblique.png,232,่,1.0,235,๋,0,232,0.4712,172,0.1896,179,0.106,232(่):1.000 | 161(ก):0.000 | 224(เ):0.000,0
PrintAksorn_dataset/test/mai_chattawa_Umpush-BoldOblique.png,235,๋,1.0,235,๋,1,245,0.0527,235,0.7536,235,0.3976,235(๋):1.000 | 161(ก):0.000 | 224(เ):0.000,0
PrintAksorn_dataset/test/mai_ek_JS-Jindara-Italic.png,232,่,1.0,232,่,1,232,0.894,232,0.8812,232,0.8651,232(่):1.000 | 161(ก):0.000 | 224(เ):0.000,1
PrintAksorn_dataset/test/mai_ek_JS-Saksit-Italic.png,232,่,1.0,232,่,1,232,0.9007,232,0.3407,232,0.7642,232(่):1.000 | 161(ก):0.000 | 224(เ):0.000,1
PrintAksorn_dataset/test/mai_ek_Kanit-LightItalic.png,232,่,1.0,232,่,1,232,0.9109,232,0.133,232,0.2285,232(่):1.000 | 161(ก):0.000 | 224(เ):0.000,1
PrintAksorn_dataset/test/mai_ek_Laksaman-Bold.png,232,่,1.0,232,่,1,232,0.8883,184,0.0965,237,0.1228,232(่):1.000 | 161(ก):0.000 | 224(เ):0.000,0
PrintAksorn_dataset/test/mai_ek_Maitree-Medium.png,232,่,1.0,232,่,1,232,0.9013,232,0.7395,232,0.5512,232(่):1.000 | 161(ก):0.000 | 224(เ):0.000,1
PrintAksorn_dataset/test/mai_ek_Norasi-Bold.png,232,่,1.0,232,่,1,232,0.8972,232,0.5001,232,0.5532,232(่):1.000 | 161(ก):0.000 | 224(เ):0.000,1
PrintAksorn_dataset/test/mai_ek_NotoSansThai-CondensedBlack.png,232,่,1.0,232,่,1,232,0.709,205,0.158,242,0.1366,232(่):1.000 | 161(ก):0.000 | 224(เ):0.000,0
PrintAksorn_dataset/test/mai_ek_NotoSansThai-CondensedBold.png,232,่,1.0,232,่,1,232,0.8806,217,0.0989,237,0.1371,232(่):1.000 | 161(ก):0.000 | 224(เ):0.000,0
PrintAksorn_dataset/test/mai_ek_NotoSansThaiLooped-SemiBold.png,232,่,1.0,232,่,1,232,0.7822,184,0.0825,242,0.1772,232(่):1.000 | 161(ก):0.000 | 224(เ):0.000,0
PrintAksorn_dataset/test/mai_ek_Prompt-SemiBoldItalic.png,232,่,1.0,232,่,1,232,0.8016,205,0.1492,237,0.2242,232(่):1.000 | 161(ก):0.000 | 224(เ):0.000,0
PrintAksorn_dataset/test/mai_ek_Silom.png,232,่,1.0,232,่,1,232,0.9195,232,0.9196,232,0.8565,232(่):1.000 | 161(ก):0.000 | 224(เ):0.000,1
PrintAksorn_dataset/test/mai_ek_TH-Baijam-Bold-Italic.png,232,่,1.0,232,่,1,232,0.9183,232,0.477,232,0.6853,232(่):1.000 | 161(ก):0.000 | 224(เ):0.000,1
PrintAksorn_dataset/test/mai_ek_TH-Baijam-Bold.png,232,่,1.0,232,่,1,232,0.9329,232,0.4159,232,0.6897,232(่):1.000 | 161(ก):0.000 | 224(เ):0.000,1
PrintAksorn_dataset/test/mai_ek_TH-Chakra-Petch-Regular.png,232,่,1.0,232,่,1,232,0.8876,232,0.9179,232,0.8351,232(่):1.000 | 161(ก):0.000 | 224(เ):0.000,1
PrintAksorn_dataset/test/mai_ek_TH-Charm-of-AU-Regular.png,232,่,1.0,232,่,1,232,0.4825,232,0.9143,232,0.8631,232(่):1.000 | 161(ก):0.000 | 224(เ):0.000,1
PrintAksorn_dataset/test/mai_ek_TH-Fahkwang-Italic.png,232,่,1.0,232,่,1,232,0.911,232,0.4273,232,0.8043,232(่):1.000 | 161(ก):0.000 | 224(เ):0.000,1
PrintAksorn_dataset/test/mai_ek_Trirong-SemiBold.png,232,่,1.0,232,่,1,232,0.7822,184,0.0825,242,0.1772,232(่):1.000 | 161(ก):0.000 | 224(เ):0.000,0
PrintAksorn_dataset/test/mai_ek_Umpush-Oblique.png,232,่,1.0,232,่,1,232,0.8832,232,0.0925,237,0.1898,232(่):1.000 | 161(ก):0.000 | 224(เ):0.000,0
PrintAksorn_dataset/test/mai_tho_JS-Prajuk-Italic.png,233,้,1.0,233,้,1,233,0.8003,233,0.9229,233,0.8752,233(้):1.000 | 161(ก):0.000 | 224(เ):0.000,1
PrintAksorn_dataset/test/mai_tho_Kanit-Light.png,235,๋,1.0,233,้,0,213,0.3368,235,0.6353,186,0.304,235(๋):1.000 | 161(ก):0.000 | 224(เ):0.000,0
PrintAksorn_dataset/test/mai_tho_TH-Baijam-Regular.png,233,้,1.0,233,้,1,233,0.8795,233,0.9312,233,0.6704,233(้):1.000 | 161(ก):0.000 | 224(เ):0.000,1
PrintAksorn_dataset/test/mai_tho_TH-Srisakdi-Regular.png,209,ั,1.0,233,้,0,209,0.4052,209,0.8982,209,0.359,209(ั):1.000 | 161(ก):0.000 | 224(เ):0.000,1
PrintAksorn_dataset/test/mai_tho_Trirong-ExtraLight.png,233,้,1.0,233,้,1,233,0.7673,233,0.8825,233,0.4343,233(้):1.000 | 161(ก):0.000 | 224(เ):0.000,1
PrintAksorn_dataset/test/mai_tho_Trirong-SemiBoldItalic.png,233,้,1.0,233,้,1,233,0.8664,233,0.6891,233,0.3978,233(้):1.000 | 161(ก):0.000 | 224(เ):0.000,1
PrintAksorn_dataset/test/mai_tri_JS-Jukaphan.png,234,๊,1.0,234,๊,1,234,0.6669,234,0.8818,234,0.4054,234(๊):1.000 | 161(ก):0.000 | 224(เ):0.000,1
PrintAksorn_dataset/test/mai_tri_NotoSerifThai-Condensed.png,247,๗,1.0,234,๊,0,234,0.2165,178,0.6251,247,0.8579,247(๗):1.000 | 161(ก):0.000 | 224(เ):0.000,0
PrintAksorn_dataset/test/mai_tri_NotoSerifThai-ExtraCondensedBlack.png,178,ฒ,1.0,234,๊,0,234,0.2918,178,0.7638,247,0.7746,178(ฒ):1.000 | 161(ก):0.000 | 225(แ):0.000,0
PrintAksorn_dataset/test/mai_tri_TH-Srisakdi-Bold.png,247,๗,1.0,234,๊,0,213,0.0719,234,0.4856,247,0.9038,247(๗):1.000 | 161(ก):0.000 | 224(เ):0.000,0
PrintAksorn_dataset/test/maihan-akat_JS-Prasoplarp-Normal.png,209,ั,1.0,209,ั,1,209,0.8902,209,0.9172,209,0.8954,209(ั):1.000 | 161(ก):0.000 | 224(เ):0.000,1
PrintAksorn_dataset/test/maihan-akat_Kanit-Thin.png,213,ี,1.0,209,ั,0,213,0.68,235,0.5627,209,0.1786,213(ี):1.000 | 161(ก):0.000 | 224(เ):0.000,0
PrintAksorn_dataset/test/maihan-akat_NotoSansThai-SemiCondensedBlack.png,209,ั,1.0,209,ั,1,209,0.3026,209,0.3126,209,0.3515,209(ั):1.000 | 161(ก):0.000 | 224(เ):0.000,1
PrintAksorn_dataset/test/maihan-akat_NotoSerifThai-SemiCondensedThin.png,209,ั,1.0,209,ั,1,209,0.88,209,0.9273,209,0.9292,209(ั):1.000 | 161(ก):0.000 | 224(เ):0.000,1
PrintAksorn_dataset/test/maihan-akat_TH-KoHo-Italic.png,209,ั,1.0,209,ั,1,209,0.878,209,0.8364,209,0.8911,209(ั):1.000 | 161(ก):0.000 | 224(เ):0.000,1
PrintAksorn_dataset/test/maitaikhu_JS-Jukaphan.png,231,็,1.0,231,็,1,231,0.7716,231,0.9181,248,0.8664,231(็):1.000 | 161(ก):0.000 | 224(เ):0.000,0
PrintAksorn_dataset/test/maitaikhu_JS-Obsaward-Italic.png,231,็,1.0,231,็,1,231,0.2617,231,0.9657,248,0.7781,231(็):1.000 | 161(ก):0.000 | 224(เ):0.000,0
PrintAksorn_dataset/test/maitaikhu_Kanit-LightItalic.png,231,็,1.0,231,็,1,231,0.8115,231,0.6612,248,0.5007,231(็):1.000 | 161(ก):0.000 | 224(เ):0.000,0
PrintAksorn_dataset/test/maitaikhu_NotoSerifThai-SemiCondensedSemiBold.png,231,็,1.0,231,็,1,231,0.7716,231,0.8627,248,0.8877,231(็):1.000 | 161(ก):0.000 | 224(เ):0.000,0
PrintAksorn_dataset/test/maitaikhu_TH-Charmonman-Bold.png,202,ส,1.0,231,็,0,226,0.1409,202,0.7306,249,0.4895,202(ส):1.000 | 225(แ):0.000 | 224(เ):0.000,0
PrintAksorn_dataset/test/maitaikhu_Umpush-LightOblique.png,231,็,1.0,231,็,1,231,0.7329,231,0.8763,248,0.8671,231(็):1.000 | 161(ก):0.000 | 224(เ):0.000,0
PrintAksorn_dataset/test/maiyamok_Garuda-BoldOblique.png,230,ๆ,1.0,230,ๆ,1,230,0.7161,163,0.5478,230,0.8236,230(ๆ):1.000 | 161(ก):0.000 | 224(เ):0.000,0
PrintAksorn_dataset/test/maiyamok_JS-Junkaew.png,230,ๆ,1.0,230,ๆ,1,230,0.7733,211,0.2401,230,0.7547,230(ๆ):1.000 | 161(ก):0.000 | 224(เ):0.000,0
PrintAksorn_dataset/test/maiyamok_JS-Pisit-Italic.png,230,ๆ,1.0,230,ๆ,1,230,0.8226,198,0.2647,230,0.8488,230(ๆ):1.000 | 161(ก):0.000 | 224(เ):0.000,0
PrintAksorn_dataset/test/maiyamok_Kanit-Italic.png,243,๓,1.0,230,ๆ,0,230,0.1983,181,0.4364,243,0.743,243(๓):1.000 | 161(ก):0.000 | 224(เ):0.000,0
PrintAksorn_dataset/test/maiyamok_NotoSansThai-CondensedExtraBold.png,230,ๆ,1.0,230,ๆ,1,230,0.8888,177,0.3938,230,0.4445,230(ๆ):1.000 | 161(ก):0.000 | 224(เ):0.000,0
PrintAksorn_dataset/test/maiyamok_NotoSansThai-ExtraCondensedBlack.png,230,ๆ,1.0,230,ๆ,1,230,0.4556,163,0.512,230,0.3616,230(ๆ):1.000 | 161(ก):0.000 | 224(เ):0.000,0
PrintAksorn_dataset/test/maiyamok_NotoSansThai-SemiCondensedThin.png,230,ๆ,1.0,230,ๆ,1,230,0.6661,181,0.2665,230,0.7339,230(ๆ):1.000 | 161(ก):0.000 | 224(เ):0.000,0
PrintAksorn_dataset/test/maiyamok_NotoSansThaiLooped-Bold.png,230,ๆ,1.0,230,ๆ,1,230,0.4474,163,0.7407,230,0.5886,230(ๆ):1.000 | 161(ก):0.000 | 224(เ):0.000,0
PrintAksorn_dataset/test/maiyamok_NotoSerifThai-CondensedLight.png,196,ฤ,1.0,230,ๆ,0,230,0.8423,196,0.3603,196,0.6125,196(ฤ):1.000 | 161(ก):0.000 | 224(เ):0.000,0
PrintAksorn_dataset/test/maiyamok_NotoSerifThai-SemiCondensedExtraBold.png,230,ๆ,1.0,230,ๆ,1,230,0.6103,163,0.192,162,0.2355,230(ๆ):1.000 | 161(ก):0.000 | 224(เ):0.000,0
PrintAksorn_dataset/test/maiyamok_TlwgMono-Bold.png,230,ๆ,1.0,230,ๆ,1,230,0.255,163,0.6935,230,0.6896,230(ๆ):1.000 | 161(ก):0.000 | 224(เ):0.000,0
PrintAksorn_dataset/test/maiyamok_Waree-Bold.png,230,ๆ,1.0,230,ๆ,1,230,0.9132,181,0.2106,198,0.2595,230(ๆ):1.000 | 161(ก):0.000 | 224(เ):0.000,0
PrintAksorn_dataset/test/mdash_JS-Chodok-Bold.png,213,ี,1.0,,,,213,0.5951,235,0.406,212,0.1254,213(ี):1.000 | 161(ก):0.000 | 224(เ):0.000,0
PrintAksorn_dataset/test/mdash_Kinnari-Italic.png,213,ี,1.0,,,,213,0.2661,235,0.1694,209,0.1219,213(ี):1.000 | 161(ก):0.000 | 224(เ):0.000,0
PrintAksorn_dataset/test/mdash_Laksaman-Italic.png,213,ี,1.0,,,,213,0.378,235,0.2883,209,0.172,213(ี):1.000 | 161(ก):0.000 | 224(เ):0.000,0
PrintAksorn_dataset/test/mdash_NotoSansThai-ExtraCondensedThin.png,205,อ,1.0,,,,187,0.1362,186,0.1254,205,0.1814,205(อ):1.000 | 161(ก):0.000 | 224(เ):0.000,0
PrintAksorn_dataset/test/mdash_NotoSansThai-SemiCondensed.png,205,อ,1.0,,,,187,0.1216,205,0.1077,205,0.1765,205(อ):1.000 | 161(ก):0.000 | 224(เ):0.000,0
PrintAksorn_dataset/test/mdash_NotoSerifThai-ExtraCondensedExtraBold.png,205,อ,1.0,,,,187,0.1355,186,0.1252,205,0.1806,205(อ):1.000 | 161(ก):0.000 | 224(เ):0.000,0
PrintAksorn_dataset/test/mdash_NotoSerifThai-ExtraCondensedLight.png,205,อ,1.0,,,,187,0.1362,186,0.1254,205,0.1814,205(อ):1.000 | 161(ก):0.000 | 224(เ):0.000,0
PrintAksorn_dataset/test/mdash_NotoSerifThai-SemiCondensedExtraLight.png,205,อ,1.0,,,,187,0.1216,205,0.1077,205,0.1765,205(อ):1.000 | 161(ก):0.000 | 224(เ):0.000,0
PrintAksorn_dataset/test/mdash_NotoSerifThai-SemiCondensedSemiBold.png,205,อ,1.0,,,,187,0.1216,205,0.1077,205,0.1765,205(อ):1.000 | 161(ก):0.000 | 224(เ):0.000,0
PrintAksorn_dataset/test/mdash_Purisa-BoldOblique.png,213,ี,1.0,,,,213,0.7389,235,0.5298,248,0.1149,213(ี):1.000 | 161(ก):0.000 | 224(เ):0.000,0
PrintAksorn_dataset/test/mdash_TH-Sarabun-New-Bold.png,213,ี,1.0,,,,213,0.5962,235,0.2609,212,0.1689,213(ี):1.000 | 161(ก):0.000 | 224(เ):0.000,0
PrintAksorn_dataset/test/mdash_Taviraj-Light.png,213,ี,1.0,,,,213,0.4651,235,0.1069,212,0.1429,213(ี):1.000 | 161(ก):0.000 | 224(เ):0.000,0
PrintAksorn_dataset/test/mo_ma_JS-Pitsamai-Italic.png,193,ม,1.0,193,ม,1,193,0.8843,193,0.5521,193,0.9597,193(ม):1.000 | 161(ก):0.000 | 224(เ):0.000,1
PrintAksorn_dataset/test/mo_ma_KaniGa-Regular.png,193,ม,1.0,193,ม,1,193,0.8502,193,0.4398,193,0.6144,193(ม):1.000 | 161(ก):0.000 | 224(เ):0.000,1
PrintAksorn_dataset/test/mo_ma_Mitr-ExtraLight.png,186,บ,1.0,193,ม,0,186,0.2498,186,0.9118,186,0.0997,186(บ):1.000 | 161(ก):0.000 | 224(เ):0.000,1
PrintAksorn_dataset/test/mo_ma_NotoSansThai-Thin.png,186,บ,1.0,193,ม,0,186,0.1141,186,0.7524,224,0.1576,186(บ):1.000 | 161(ก):0.000 | 224(เ):0.000,0
PrintAksorn_dataset/test/mo_ma_NotoSerifThai-Light.png,193,ม,1.0,193,ม,1,193,0.8936,193,0.9226,193,0.8681,193(ม):1.000 | 161(ก):0.000 | 224(เ):0.000,1
PrintAksorn_dataset/test/mo_ma_Purisa-Bold.png,193,ม,1.0,193,ม,1,193,0.3387,193,0.9544,193,0.8477,193(ม):1.000 | 161(ก):0.000 | 224(เ):0.000,1
PrintAksorn_dataset/test/mo_ma_TH-Baijam-Italic.png,193,ม,1.0,193,ม,1,193,0.8872,193,0.9263,193,0.8754,193(ม):1.000 | 161(ก):0.000 | 224(เ):0.000,1
PrintAksorn_dataset/test/mo_ma_TH-Baijam-Regular.png,193,ม,1.0,193,ม,1,193,0.8917,193,0.9254,193,0.8783,193(ม):1.000 | 161(ก):0.000 | 224(เ):0.000,1
PrintAksorn_dataset/test/mo_ma_TlwgTypo-BoldOblique.png,193,ม,1.0,193,ม,1,193,0.9035,193,0.9363,193,0.9504,193(ม):1.000 | 161(ก):0.000 | 224(เ):0.000,1
PrintAksorn_dataset/test/mo_ma_Trirong-Medium.png,193,ม,1.0,193,ม,1,193,0.8898,193,0.901,193,0.8835,193(ม):1.000 | 161(ก):0.000 | 224(เ):0.000,1
PrintAksorn_dataset/test/ndash_JS-Charnchai-Normal.png,213,ี,1.0,,,,213,0.7265,235,0.6703,212,0.1751,213(ี):1.000 | 161(ก):0.000 | 224(เ):0.000,0
PrintAksorn_dataset/test/ndash_Kanit-ExtraBold.png,213,ี,1.0,,,,213,0.7617,186,0.2926,212,0.2401,213(ี):1.000 | 161(ก):0.000 | 224(เ):0.000,0
PrintAksorn_dataset/test/ndash_NotoSansThai-CondensedExtraLight.png,205,อ,1.0,,,,187,0.1395,205,0.1123,205,0.1762,205(อ):1.000 | 161(ก):0.000 | 224(เ):0.000,0
PrintAksorn_dataset/test/ndash_Sawasdee.png,213,ี,1.0,,,,213,0.8305,235,0.5056,212,0.236,213(ี):1.000 | 161(ก):0.000 | 224(เ):0.000,0
PrintAksorn_dataset/test/ndash_Taviraj-ExtraBold.png,213,ี,1.0,,,,213,0.7174,235,0.585,212,0.1303,213(ี):1.000 | 161(ก):0.000 | 224(เ):0.000,0
PrintAksorn_dataset/test/ngo_ngu_FonLeb-Italic.png,167,ง,1.0,167,ง,1,167,0.912,167,0.9301,167,0.8375,167(ง):1.000 | 161(ก):0.000 | 225(แ):0.000,1
PrintAksorn_dataset/test/ngo_ngu_JS-Jindara-Bold.png,167,ง,1.0,167,ง,1,167,0.9137,167,0.9696,167,0.9425,167(ง):1.000 | 161(ก):0.000 | 225(แ):0.000,1
PrintAksorn_dataset/test/ngo_ngu_JS-Pranee-Italic.png,167,ง,1.0,167,ง,1,167,0.5543,168,0.4954,167,0.646,167(ง):1.000 | 161(ก):0.000 | 225(แ):0.000,0
PrintAksorn_dataset/test/ngo_ngu_Kanit-Bold.png,205,อ,1.0,167,ง,0,205,0.2094,205,0.4913,246,0.3156,205(อ):1.000 | 161(ก):0.000 | 224(เ):0.000,0
PrintAksorn_dataset/test/ngo_ngu_NotoSansThai-CondensedBold.png,194,ย,1.0,167,ง,0,194,0.3167,203,0.2674,242,0.2982,194(ย):1.000 | 161(ก):0.000 | 224(เ):0.000,0
PrintAksorn_dataset/test/ngo_ngu_NotoSerifThai-ExtraCondensedExtraBold.png,167,ง,1.0,167,ง,1,167,0.2304,167,0.2015,167,0.232,167(ง):1.000 | 161(ก):0.000 | 225(แ):0.000,1
PrintAksorn_dataset/test/ngo_ngu_Pridi-Bold.png,186,บ,1.0,167,ง,0,186,0.3965,205,0.2324,242,0.1654,186(บ):1.000 | 161(ก):0.000 | 224(เ):0.000,0
PrintAksorn_dataset/test/ngo_ngu_Prompt-LightItalic.png,240,๐,1.0,167,ง,0,240,0.2379,186,0.4063,240,0.217,240(๐):1.000 | 161(ก):0.000 | 224(เ):0.000,0
PrintAksorn_dataset/test/ngo_ngu_Prompt-Regular.png,240,๐,1.0,167,ง,0,240,0.4722,186,0.3227,240,0.1689,240(๐):1.000 | 161(ก):0.000 | 224(เ):0.000,0
PrintAksorn_dataset/test/no_nen_FonLeb-Bold-Italic.png,179,ณ,1.0,179,ณ,1,179,0.9058,179,0.6418,179,0.6523,179(ณ):1.000 | 161(ก):0.000 | 226(โ):0.000,1
PrintAksorn_dataset/test/no_nen_Kanit-ExtraLight.png,173,ญ,1.0,179,ณ,0,173,0.9264,172,0.5358,179,0.2934,173(ญ):1.000 | 161(ก):0.000 | 225(แ):0.000,0
PrintAksorn_dataset/test/no_nen_Maitree-Regular.png,179,ณ,1.0,179,ณ,1,179,0.877,179,0.673,179,0.5179,179(ณ):1.000 | 161(ก):0.000 | 226(โ):0.000,1
PrintAksorn_dataset/test/no_nen_Nakaracha-Regular.png,179,ณ,1.0,179,ณ,1,179,0.9281,179,0.8975,179,0.8566,179(ณ):1.000 | 161(ก):0.000 | 226(โ):0.000,1
PrintAksorn_dataset/test/no_nen_NotoSansThai-ExtraCondensedBlack.png,172,ฌ,1.0,179,ณ,0,179,0.7219,172,0.6432,172,0.4572,172(ฌ):1.000 | 161(ก):0.000 | 225(แ):0.000,0
PrintAksorn_dataset/test/no_nen_NotoSansThaiLooped-Bold.png,179,ณ,1.0,179,ณ,1,179,0.8034,179,0.7855,179,0.7612,179(ณ):1.000 | 161(ก):0.000 | 226(โ):0.000,1
PrintAksorn_dataset/test/no_nen_NotoSerifThai-CondensedLight.png,179,ณ,1.0,179,ณ,1,179,0.8566,179,0.8773,179,0.8376,179(ณ):1.000 | 161(ก):0.000 | 226(โ):0.000,1
PrintAksorn_dataset/test/no_nen_Pattaya-Regular.png,179,ณ,1.0,179,ณ,1,179,0.743,179,0.634,179,0.1602,179(ณ):1.000 | 161(ก):0.000 | 226(โ):0.000,1
PrintAksorn_dataset/test/no_nen_Prompt-SemiBold.png,179,ณ,1.0,179,ณ,1,173,0.3609,172,0.5668,179,0.2418,179(ณ):1.000 | 161(ก):0.000 | 226(โ):0.000,0
PrintAksorn_dataset/test/no_nen_Sarabun-Thin.png,179,ณ,1.0,179,ณ,1,179,0.8533,179,0.7734,179,0.5957,179(ณ):1.000 | 161(ก):0.000 | 226(โ):0.000,1
PrintAksorn_dataset/test/no_nen_Sawasdee-BoldOblique.png,179,ณ,1.0,179,ณ,1,173,0.3836,179,0.5125,179,0.4128,179(ณ):1.000 | 161(ก):0.000 | 226(โ):0.000,0
PrintAksorn_dataset/test/no_nen_TH-Sarabun-New-Bold.png,179,ณ,1.0,179,ณ,1,179,0.9097,179,0.637,179,0.7059,179(ณ):1.000 | 161(ก):0.000 | 226(โ):0.000,1
PrintAksorn_dataset/test/no_nen_Waree-Oblique.png,179,ณ,1.0,179,ณ,1,179,0.9134,179,0.7303,179,0.8193,179(ณ):1.000 | 161(ก):0.000 | 226(โ):0.000,1
PrintAksorn_dataset/test/no_nu_Ayuthaya.png,185,น,1.0,185,น,1,185,0.9111,185,0.9117,185,0.6511,185(น):1.000 | 161(ก):0.000 | 224(เ):0.000,1
PrintAksorn_dataset/test/no_nu_DC-Palamongkol-Bold.png,185,น,1.0,185,น,1,185,0.8631,185,0.4469,185,0.4456,185(น):1.000 | 161(ก):0.000 | 224(เ):0.000,1
PrintAksorn_dataset/test/no_nu_JS-Chulee.png,185,น,1.0,185,น,1,185,0.9076,185,0.6031,185,0.6549,185(น):1.000 | 161(ก):0.000 | 224(เ):0.000,1
PrintAksorn_dataset/test/no_nu_JS-Jukaphan.png,185,น,1.0,185,น,1,185,0.9035,185,0.9503,185,0.6339,185(น):1.000 | 161(ก):0.000 | 224(เ):0.000,1
PrintAksorn_dataset/test/no_nu_JS-Mookravee-Normal.png,185,น,1.0,185,น,1,185,0.909,185,0.9064,185,0.6634,185(น):1.000 | 161(ก):0.000 | 224(เ):0.000,1
PrintAksorn_dataset/test/no_nu_JS-Pisit-Italic.png,185,น,1.0,185,น,1,185,0.9121,185,0.8807,185,0.5797,185(น):1.000 | 161(ก):0.000 | 224(เ):0.000,1
PrintAksorn_dataset/test/no_nu_JS-Prapakorn-Normal.png,203,ห,1.0,185,น,0,186,0.5802,203,0.4973,203,0.1198,203(ห):1.000 | 161(ก):0.000 | 224(เ):0.000,0
PrintAksorn_dataset/test/no_nu_JS-Wansika-Italic.png,185,น,1.0,185,น,1,185,0.6424,185,0.6625,179,0.1157,185(น):1.000 | 161(ก):0.000 | 224(เ):0.000,0
PrintAksorn_dataset/test/no_nu_Mitr-Regular.png,186,บ,1.0,185,น,0,186,0.4267,186,0.3062,188,0.2683,186(บ):1.000 | 161(ก):0.000 | 224(เ):0.000,0
PrintAksorn_dataset/test/no_nu_Nakaracha-Regular.png,185,น,1.0,185,น,1,185,0.8914,185,0.9049,185,0.8635,185(น):1.000 | 161(ก):0.000 | 224(เ):0.000,1
PrintAksorn_dataset/test/no_nu_NotoSansThai-SemiCondensed.png,186,บ,1.0,185,น,0,186,0.2763,203,0.3629,186,0.1494,186(บ):1.000 | 161(ก):0.000 | 224(เ):0.000,0
PrintAksorn_dataset/test/no_nu_PSK-SmartBI.png,185,น,1.0,185,น,1,185,0.915,185,0.7963,185,0.5609,185(น):1.000 | 161(ก):0.000 | 224(เ):0.000,1
PrintAksorn_dataset/test/no_nu_Prompt-ThinItalic.png,186,บ,1.0,185,น,0,186,0.1161,203,0.4165,224,0.0688,186(บ):1.000 | 161(ก):0.000 | 224(เ):0.000,0
PrintAksorn_dataset/test/no_nu_TH-Kodchasal-Bold.png,185,น,1.0,185,น,1,185,0.1508,185,0.5572,185,0.3662,185(น):1.000 | 161(ก):0.000 | 224(เ):0.000,1
PrintAksorn_dataset/test/no_nu_TlwgMono.png,185,น,1.0,185,น,1,185,0.9064,185,0.9187,185,0.8285,185(น):1.000 | 161(ก):0.000 | 224(เ):0.000,1
PrintAksorn_dataset/test/o_ang_CmPrasanmit-Italic.png,205,อ,1.0,205,อ,1,205,0.9047,205,0.9623,205,0.9476,205(อ):1.000 | 161(ก):0.000 | 224(เ):0.000,1
PrintAksorn_dataset/test/o_ang_JS-Jukaphan.png,205,อ,1.0,205,อ,1,205,0.9034,205,0.9217,205,0.9043,205(อ):1.000 | 161(ก):0.000 | 224(เ):0.000,1
PrintAksorn_dataset/test/o_ang_JS-Padachamai-Normal.png,205,อ,1.0,205,อ,1,205,0.9214,205,0.9502,205,0.7927,205(อ):1.000 | 161(ก):0.000 | 224(เ):0.000,1
PrintAksorn_dataset/test/o_ang_JS-Saksit-Bold-Italic.png,205,อ,1.0,205,อ,1,205,0.8975,205,0.921,205,0.8987,205(อ):1.000 | 161(ก):0.000 | 224(เ):0.000,1
PrintAksorn_dataset/test/o_ang_JS-Thanaporn-Normal.png,205,อ,1.0,205,อ,1,205,0.2578,205,0.8366,205,0.4209,205(อ):1.000 | 161(ก):0.000 | 224(เ):0.000,1
PrintAksorn_dataset/test/o_ang_Kanit-BlackItalic.png,205,อ,1.0,205,อ,1,205,0.859,205,0.9266,241,0.5889,205(อ):1.000 | 161(ก):0.000 | 224(เ):0.000,0
PrintAksorn_dataset/test/o_ang_Kanit-ExtraLightItalic.png,205,อ,1.0,205,อ,1,205,0.5927,205,0.8814,205,0.3628,205(อ):1.000 | 161(ก):0.000 | 224(เ):0.000,1
PrintAksorn_dataset/test/o_ang_NotoSansThai-CondensedLight.png,205,อ,1.0,205,อ,1,205,0.5679,205,0.9115,205,0.6479,205(อ):1.000 | 161(ก):0.000 | 224(เ):0.000,1
PrintAksorn_dataset/test/o_ang_NotoSansThaiLooped-Thin.png,205,อ,1.0,205,อ,1,205,0.7601,205,0.9053,205,0.9479,205(อ):1.000 | 161(ก):0.000 | 224(เ):0.000,1
PrintAksorn_dataset/test/o_ang_NotoSerifThai-CondensedExtraLight.png,205,อ,1.0,205,อ,1,205,0.8571,205,0.8435,205,0.8022,205(อ):1.000 | 161(ก):0.000 | 224(เ):0.000,1
PrintAksorn_dataset/test/o_ang_NotoSerifThai-ExtraCondensedMedium.png,205,อ,1.0,205,อ,1,205,0.8918,205,0.9099,205,0.7439,205(อ):1.000 | 161(ก):0.000 | 224(เ):0.000,1
PrintAksorn_dataset/test/o_ang_Prompt-ThinItalic.png,205,อ,1.0,205,อ,1,240,0.2354,205,0.8268,205,0.2492,205(อ):1.000 | 161(ก):0.000 | 224(เ):0.000,0
PrintAksorn_dataset/test/o_ang_Sarabun-ExtraBoldItalic.png,205,อ,1.0,205,อ,1,205,0.9233,205,0.9387,205,0.6564,205(อ):1.000 | 161(ก):0.000 | 224(เ):0.000,1
PrintAksorn_dataset/test/o_ang_Sawasdee-Bold.png,240,๐,1.0,205,อ,0,240,0.4554,205,0.9008,240,0.7632,240(๐):1.000 | 161(ก):0.000 | 224(เ):0.000,0
PrintAksorn_dataset/test/o_ang_TH-Krub-Regular.png,205,อ,1.0,205,อ,1,205,0.8732,205,0.8952,205,0.8125,205(อ):1.000 | 161(ก):0.000 | 224(เ):0.000,1
PrintAksorn_dataset/test/o_ang_TH-Srisakdi-Bold.png,205,อ,1.0,205,อ,1,205,0.8915,205,0.9581,205,0.7228,205(อ):1.000 | 161(ก):0.000 | 224(เ):0.000,1
PrintAksorn_dataset/test/o_ang_TH-Srisakdi-Regular.png,205,อ,1.0,205,อ,1,205,0.9133,205,0.9387,205,0.7913,205(อ):1.000 | 161(ก):0.000 | 224(เ):0.000,1
PrintAksorn_dataset/test/o_ang_Trirong-ThinItalic.png,205,อ,1.0,205,อ,1,205,0.8709,205,0.9364,205,0.9422,205(อ):1.000 | 161(ก):0.000 | 224(เ):0.000,1
PrintAksorn_dataset/test/o_ang_Umpush-LightOblique.png,205,อ,1.0,205,อ,1,205,0.8915,205,0.9376,205,0.876,205(อ):1.000 | 161(ก):0.000 | 224(เ):0.000,1
PrintAksorn_dataset/test/paiyannoi_CmPrasanmit-Italic.png,207,ฯ,1.0,207,ฯ,1,207,0.6709,207,0.9119,207,0.8246,207(ฯ):1.000 | 161(ก):0.000 | 224(เ):0.000,1
PrintAksorn_dataset/test/paiyannoi_Prompt-BoldItalic.png,207,ฯ,1.0,207,ฯ,1,207,0.3808,207,0.7539,207,0.4028,207(ฯ):1.000 | 161(ก):0.000 | 224(เ):0.000,1
PrintAksorn_dataset/test/paiyannoi_TH-Fahkwang-Bold-Italic.png,207,ฯ,1.0,207,ฯ,1,207,0.6094,207,0.8871,207,0.7933,207(ฯ):1.000 | 161(ก):0.000 | 224(เ):0.000,1
PrintAksorn_dataset/test/paiyannoi_Waree-Bold.png,207,ฯ,1.0,207,ฯ,1,207,0.7851,207,0.9669,207,0.8397,207(ฯ):1.000 | 161(ก):0.000 | 224(เ):0.000,1
PrintAksorn_dataset/test/pho_phan_ChulaNarak-Italic.png,190,พ,1.0,190,พ,1,190,0.8824,190,0.8347,190,0.9131,190(พ):1.000 | 224(เ):0.000 | 217(ู):0.000,1
PrintAksorn_dataset/test/pho_phan_Kinnari.png,190,พ,1.0,190,พ,1,190,0.9034,190,0.886,190,0.7842,190(พ):1.000 | 224(เ):0.000 | 217(ู):0.000,1
PrintAksorn_dataset/test/pho_phan_NotoSansThai-ExtraCondensedBlack.png,190,พ,1.0,190,พ,1,190,0.8834,190,0.3033,190,0.1398,190(พ):1.000 | 224(เ):0.000 | 217(ู):0.000,1
PrintAksorn_dataset/test/pho_phan_NotoSerifThai-CondensedMedium.png,190,พ,1.0,190,พ,1,190,0.8993,190,0.8549,190,0.885,190(พ):1.000 | 224(เ):0.000 | 217(ู):0.000,1
PrintAksorn_dataset/test/pho_phan_Sriracha-Regular.png,190,พ,1.0,190,พ,1,190,0.1573,188,0.2015,190,0.2198,190(พ):1.000 | 224(เ):0.000 | 217(ู):0.000,0
PrintAksorn_dataset/test/pho_phan_Waree-Bold.png,190,พ,1.0,190,พ,1,190,0.9031,190,0.7936,190,0.8424,190(พ):1.000 | 224(เ):0.000 | 217(ู):0.000,1
PrintAksorn_dataset/test/pho_phueng_Itim-Regular.png,188,ผ,1.0,188,ผ,1,188,0.7893,188,0.828,188,0.8524,188(ผ):1.000 | 161(ก):0.000 | 224(เ):0.000,1
PrintAksorn_dataset/test/pho_phueng_JS-Jindara-Bold-Italic.png,188,ผ,1.0,188,ผ,1,188,0.9319,188,0.804,188,0.8506,188(ผ):1.000 | 161(ก):0.000 | 224(เ):0.000,1
PrintAksorn_dataset/test/pho_phueng_NotoSerifThai-SemiCondensed.png,188,ผ,1.0,188,ผ,1,188,0.8987,188,0.8392,188,0.8988,188(ผ):1.000 | 161(ก):0.000 | 224(เ):0.000,1
PrintAksorn_dataset/test/pho_samphao_JS-Giat-Bold.png,192,ภ,1.0,192,ภ,1,192,0.8826,192,0.8367,192,0.7368,192(ภ):1.000 | 161(ก):0.000 | 224(เ):0.000,1
PrintAksorn_dataset/test/pho_samphao_JS-Rapee-Normal.png,192,ภ,1.0,192,ภ,1,192,0.8036,192,0.6424,192,0.8893,192(ภ):1.000 | 161(ก):0.000 | 224(เ):0.000,1
PrintAksorn_dataset/test/pho_samphao_Kanit-BoldItalic.png,192,ภ,1.0,192,ภ,1,192,0.8705,192,0.2506,192,0.4835,192(ภ):1.000 | 161(ก):0.000 | 224(เ):0.000,1
PrintAksorn_dataset/test/pho_samphao_Kanit-LightItalic.png,161,ก,1.0,192,ภ,0,161,0.5883,161,0.8451,161,0.9508,161(ก):1.000 | 224(เ):0.000 | 217(ู):0.000,1
PrintAksorn_dataset/test/pho_samphao_Sarabun-ThinItalic.png,192,ภ,1.0,192,ภ,1,192,0.7252,192,0.6239,192,0.8681,192(ภ):1.000 | 161(ก):0.000 | 224(เ):0.000,1
PrintAksorn_dataset/test/pho_samphao_TH-Mali-Grade6-Regular.png,192,ภ,1.0,192,ภ,1,192,0.6804,192,0.8017,192,0.8858,192(ภ):1.000 | 161(ก):0.000 | 224(เ):0.000,1
PrintAksorn_dataset/test/pho_samphao_Taviraj-Thin.png,192,ภ,1.0,192,ภ,1,192,0.6437,192,0.6892,192,0.7784,192(ภ):1.000 | 161(ก):0.000 | 224(เ):0.000,1
PrintAksorn_dataset/test/po_pla_Aksaramatee-Bold.png,187,ป,1.0,187,ป,1,187,0.8612,187,0.785,187,0.7204,187(ป):1.000 | 161(ก):0.000 | 224(เ):0.000,1
PrintAksorn_dataset/test/po_pla_Itim-Regular.png,187,ป,1.0,187,ป,1,187,0.8608,186,0.5793,187,0.5004,187(ป):1.000 | 161(ก):0.000 | 224(เ):0.000,0
PrintAksorn_dataset/test/po_pla_JS-Arisa.png,187,ป,1.0,187,ป,1,187,0.8775,187,0.645,187,0.8417,187(ป):1.000 | 161(ก):0.000 | 224(เ):0.000,1
PrintAksorn_dataset/test/po_pla_JS-Obsaward-Italic.png,187,ป,1.0,187,ป,1,187,0.8232,187,0.8147,187,0.8134,187(ป):1.000 | 161(ก):0.000 | 224(เ):0.000,1
PrintAksorn_dataset/test/po_pla_JS-Prapakorn-Normal.png,187,ป,1.0,187,ป,1,187,0.5543,186,0.8087,187,0.2196,187(ป):1.000 | 161(ก):0.000 | 224(เ):0.000,0
PrintAksorn_dataset/test/po_pla_JS-Puriphop-Normal.png,187,ป,1.0,187,ป,1,187,0.88,187,0.4427,187,0.8555,187(ป):1.000 | 161(ก):0.000 | 224(เ):0.000,1
PrintAksorn_dataset/test/po_pla_JS-Saksit-Bold-Italic.png,187,ป,1.0,187,ป,1,187,0.8793,187,0.8714,187,0.8532,187(ป):1.000 | 161(ก):0.000 | 224(เ):0.000,1
PrintAksorn_dataset/test/po_pla_KaniGa-Regular.png,187,ป,1.0,187,ป,1,187,0.8713,187,0.7142,187,0.8261,187(ป):1.000 | 161(ก):0.000 | 224(เ):0.000,1
PrintAksorn_dataset/test/po_pla_NotoSansThaiLooped-ExtraBold.png,187,ป,1.0,187,ป,1,187,0.8675,186,0.3982,187,0.4761,187(ป):1.000 | 161(ก):0.000 | 224(เ):0.000,0
PrintAksorn_dataset/test/po_pla_Sarabun-Italic.png,187,ป,1.0,187,ป,1,187,0.8866,187,0.474,187,0.746,187(ป):1.000 | 161(ก):0.000 | 224(เ):0.000,1
PrintAksorn_dataset/test/po_pla_TH-Sarabun-New-Regular.png,187,ป,1.0,187,ป,1,187,0.8541,187,0.404,187,0.7782,187(ป):1.000 | 161(ก):0.000 | 224(เ):0.000,1
PrintAksorn_dataset/test/po_pla_TlwgTypo.png,187,ป,1.0,187,ป,1,187,0.8936,186,0.3993,187,0.733,187(ป):1.000 | 161(ก):0.000 | 224(เ):0.000,0
PrintAksorn_dataset/test/question_Himmaparnt-Bold-Italic.png,227,ใ,1.0,,,,210,0.2281,227,0.171,227,0.2419,227(ใ):1.000 | 224(เ):0.000 | 217(ู):0.000,0
PrintAksorn_dataset/test/question_Kanit-Black.png,195,ร,1.0,,,,195,0.502,199,0.2405,245,0.1696,195(ร):1.000 | 161(ก):0.000 | 224(เ):0.000,0
PrintAksorn_dataset/test/question_Norasi-Italic.png,227,ใ,1.0,,,,227,0.5947,227,0.3774,227,0.2029,227(ใ):1.000 | 224(เ):0.000 | 217(ู):0.000,1
PrintAksorn_dataset/test/question_NotoSerifThai-SemiCondensedBlack.png,205,อ,1.0,,,,187,0.1355,186,0.1252,205,0.1806,205(อ):1.000 | 161(ก):0.000 | 224(เ):0.000,0
PrintAksorn_dataset/test/question_SR-FahMai-Italic.png,227,ใ,1.0,,,,168,0.2145,227,0.1107,227,0.2195,227(ใ):1.000 | 224(เ):0.000 | 217(ู):0.000,0
PrintAksorn_dataset/test/question_TH-Baijam-Italic.png,226,โ,1.0,,,,210,0.1658,226,0.2809,226,0.1486,226(โ):1.000 | 224(เ):0.000 | 217(ู):0.000,0
PrintAksorn_dataset/test/question_Umpush-Bold.png,199,ว,1.0,,,,199,0.243,199,0.2856,199,0.1654,199(ว):1.000 | 225(แ):0.000 | 224(เ):0.000,1
PrintAksorn_dataset/test/quote_CmPrasanmit-Italic.png,225,แ,1.0,,,,186,0.4423,225,0.919,232,0.2808,225(แ):1.000 | 161(ก):0.000 | 224(เ):0.000,0
PrintAksorn_dataset/test/quote_JS-Junkaew-Italic.png,225,แ,1.0,,,,186,0.369,225,0.8864,232,0.29,225(แ):1.000 | 161(ก):0.000 | 224(เ):0.000,0
PrintAksorn_dataset/test/quote_JS-Sadayu-Allcaps.png,225,แ,1.0,,,,186,0.3694,225,0.6308,217,0.1181,225(แ):1.000 | 161(ก):0.000 | 224(เ):0.000,0
PrintAksorn_dataset/test/quote_KaniGa-Italic.png,225,แ,1.0,,,,186,0.1465,225,0.8865,161,0.1956,225(แ):1.000 | 161(ก):0.000 | 224(เ):0.000,0
PrintAksorn_dataset/test/quote_Laksaman-Italic.png,225,แ,1.0,,,,186,0.4493,225,0.7969,232,0.1895,225(แ):1.000 | 161(ก):0.000 | 224(เ):0.000,0
PrintAksorn_dataset/test/quote_Maitree-Regular.png,225,แ,1.0,,,,186,0.6148,225,0.7531,161,0.1088,225(แ):1.000 | 161(ก):0.000 | 224(เ):0.000,0
PrintAksorn_dataset/test/quote_NotoSansThai-SemiCondensedMedium.png,205,อ,1.0,,,,187,0.1216,205,0.1077,205,0.1765,205(อ):1.000 | 161(ก):0.000 | 224(เ):0.000,0
PrintAksorn_dataset/test/quote_NotoSansThaiLooped-Regular.png,225,แ,1.0,,,,186,0.368,225,0.6314,217,0.0668,225(แ):1.000 | 161(ก):0.000 | 224(เ):0.000,0
PrintAksorn_dataset/test/quote_NotoSerifThai-ExtraCondensed.png,205,อ,1.0,,,,187,0.1355,186,0.1252,205,0.1806,205(อ):1.000 | 161(ก):0.000 | 224(เ):0.000,0
PrintAksorn_dataset/test/quote_PSK-Smart-Regular.png,232,่,1.0,,,,232,0.1076,225,0.8215,232,0.1543,232(่):1.000 | 161(ก):0.000 | 224(เ):0.000,0
PrintAksorn_dataset/test/quote_Pridi-ExtraLight.png,225,แ,1.0,,,,186,0.5108,225,0.7456,232,0.1178,225(แ):1.000 | 161(ก):0.000 | 224(เ):0.000,0
PrintAksorn_dataset/test/quote_TH-Krub-Bold.png,186,บ,1.0,,,,186,0.3008,225,0.3665,217,0.1632,186(บ):1.000 | 161(ก):0.000 | 224(เ):0.000,0
PrintAksorn_dataset/test/quote_TlwgTypo-Bold.png,225,แ,1.0,,,,190,0.2926,225,0.729,188,0.1063,225(แ):1.000 | 161(ก):0.000 | 224(เ):0.000,0
PrintAksorn_dataset/test/quote_Umpush-Bold.png,225,แ,1.0,,,,190,0.324,225,0.5472,181,0.1503,225(แ):1.000 | 161(ก):0.000 | 224(เ):0.000,0
PrintAksorn_dataset/test/rbrace_Athiti-Light.png,226,โ,1.0,,,,226,0.6785,226,0.3701,228,0.4784,226(โ):1.000 | 224(เ):0.000 | 217(ู):0.000,0
PrintAksorn_dataset/test/rbrace_FonLeb-Bold-Italic.png,210,า,1.0,,,,210,0.4574,176,0.3081,228,0.1462,210(า):1.000 | 161(ก):0.000 | 224(เ):0.000,0
PrintAksorn_dataset/test/rbrace_Himmaparnt-Bold-Italic.png,226,โ,1.0,,,,210,0.2908,226,0.3237,232,0.2606,226(โ):1.000 | 224(เ):0.000 | 217(ู):0.000,0
PrintAksorn_dataset/test/rbrace_Himmaparnt-Italic.png,210,า,1.0,,,,210,0.5856,226,0.3132,228,0.2787,210(า):1.000 | 161(ก):0.000 | 224(เ):0.000,0
PrintAksorn_dataset/test/rbrace_Prompt-LightItalic.png,226,โ,1.0,,,,226,0.2639,226,0.3681,228,0.2985,226(โ):1.000 | 224(เ):0.000 | 217(ู):0.000,0
PrintAksorn_dataset/test/rbrace_Sarabun-Light.png,226,โ,1.0,,,,210,0.4767,226,0.4663,232,0.2271,226(โ):1.000 | 224(เ):0.000 | 217(ู):0.000,0
PrintAksorn_dataset/test/rbrace_Silom.png,210,า,1.0,,,,210,0.7684,226,0.3744,232,0.2363,210(า):1.000 | 161(ก):0.000 | 224(เ):0.000,0
PrintAksorn_dataset/test/rbrace_Taviraj-Thin.png,226,โ,1.0,,,,226,0.6681,176,0.4202,228,0.4308,226(โ):1.000 | 224(เ):0.000 | 217(ู):0.000,0
PrintAksorn_dataset/test/rbrace_Taviraj-ThinItalic.png,226,โ,1.0,,,,226,0.6284,226,0.5818,228,0.363,226(โ):1.000 | 224(เ):0.000 | 217(ู):0.000,0
PrintAksorn_dataset/test/rbrace_TlwgMono-Oblique.png,226,โ,1.0,,,,226,0.503,226,0.538,228,0.2377,226(โ):1.000 | 224(เ):0.000 | 217(ู):0.000,0
PrintAksorn_dataset/test/rbracket_ChulaNarak-Italic.png,210,า,1.0,,,,210,0.8325,210,0.3832,232,0.6367,210(า):1.000 | 161(ก):0.000 | 224(เ):0.000,0
PrintAksorn_dataset/test/rbracket_JS-75-Pumpuang.png,232,่,1.0,,,,229,0.7296,210,0.2037,232,0.7691,232(่):1.000 | 161(ก):0.000 | 224(เ):0.000,0
PrintAksorn_dataset/test/rbracket_JS-Pisit-Normal.png,187,ป,1.0,,,,187,0.3198,167,0.1904,232,0.2991,187(ป):1.000 | 161(ก):0.000 | 224(เ):0.000,0
PrintAksorn_dataset/test/rbracket_NotoSansThai-SemiCondensedMedium.png,205,อ,1.0,,,,187,0.1216,205,0.1077,205,0.1765,205(อ):1.000 | 161(ก):0.000 | 224(เ):0.000,0
PrintAksorn_dataset/test/rbracket_PSK-SmartItaic.png,210,า,1.0,,,,210,0.6556,210,0.5039,232,0.469,210(า):1.000 | 161(ก):0.000 | 224(เ):0.000,0
PrintAksorn_dataset/test/rbracket_TH-K2D-July8-Bold-Italic.png,187,ป,1.0,,,,187,0.3524,167,0.3342,232,0.1543,187(ป):1.000 | 161(ก):0.000 | 224(เ):0.000,0
PrintAksorn_dataset/test/rbracket_Taviraj-Light.png,229,ๅ,1.0,,,,229,0.65,210,0.1716,232,0.4804,229(ๅ):1.000 | 161(ก):0.000 | 224(เ):0.000,0
PrintAksorn_dataset/test/rbracket_Taviraj-Medium.png,187,ป,1.0,,,,187,0.2845,167,0.2228,210,0.1426,187(ป):1.000 | 161(ก):0.000 | 224(เ):0.000,0
PrintAksorn_dataset/test/rbracket_TlwgTypo-Oblique.png,210,า,1.0,,,,229,0.3821,210,0.229,210,0.1321,210(า):1.000 | 161(ก):0.000 | 224(เ):0.000,0
PrintAksorn_dataset/test/rbracket_Trirong-LightItalic.png,229,ๅ,1.0,,,,229,0.5648,210,0.3345,232,0.4374,229(ๅ):1.000 | 161(ก):0.000 | 224(เ):0.000,0
PrintAksorn_dataset/test/rbracket_Umpush-Light.png,229,ๅ,1.0,,,,229,0.6129,210,0.1953,232,0.1917,229(ๅ):1.000 | 161(ก):0.000 | 224(เ):0.000,0
PrintAksorn_dataset/test/ro_ruea_JS-Chodok-Bold.png,195,ร,1.0,195,ร,1,195,0.8941,195,0.9301,195,0.9077,195(ร):1.000 | 161(ก):0.000 | 224(เ):0.000,1
PrintAksorn_dataset/test/ro_ruea_JS-Korakhot-Normal.png,195,ร,1.0,195,ร,1,195,0.9114,195,0.9381,195,0.7976,195(ร):1.000 | 161(ก):0.000 | 224(เ):0.000,1
PrintAksorn_dataset/test/ro_ruea_JS-Rapee-Italic.png,195,ร,1.0,195,ร,1,195,0.8807,195,0.8921,195,0.9272,195(ร):1.000 | 161(ก):0.000 | 224(เ):0.000,1
PrintAksorn_dataset/test/ro_ruea_JS-Saowapark-Italic.png,195,ร,1.0,195,ร,1,195,0.902,195,0.9468,195,0.8726,195(ร):1.000 | 161(ก):0.000 | 224(เ):0.000,1
PrintAksorn_dataset/test/ro_ruea_Kanit-Black.png,195,ร,1.0,195,ร,1,195,0.2827,184,0.176,248,0.1569,195(ร):1.000 | 161(ก):0.000 | 224(เ):0.000,0
PrintAksorn_dataset/test/ro_ruea_Mitr-Regular.png,167,ง,1.0,195,ร,0,195,0.1429,167,0.2349,248,0.2567,167(ง):1.000 | 161(ก):0.000 | 225(แ):0.000,0
PrintAksorn_dataset/test/ro_ruea_NotoSerifThai-CondensedMedium.png,195,ร,1.0,195,ร,1,195,0.9049,195,0.9023,195,0.9167,195(ร):1.000 | 161(ก):0.000 | 224(เ):0.000,1
PrintAksorn_dataset/test/ro_ruea_NotoSerifThai-ExtraLight.png,195,ร,1.0,195,ร,1,195,0.8099,195,0.9339,195,0.8608,195(ร):1.000 | 161(ก):0.000 | 224(เ):0.000,1
PrintAksorn_dataset/test/ro_ruea_Prompt-ExtraLight.png,167,ง,1.0,195,ร,0,240,0.1237,167,0.4149,248,0.1825,167(ง):1.000 | 161(ก):0.000 | 225(แ):0.000,0
PrintAksorn_dataset/test/ro_ruea_Sarabun-Bold.png,195,ร,1.0,195,ร,1,195,0.9084,195,0.9287,195,0.9211,195(ร):1.000 | 161(ก):0.000 | 224(เ):0.000,1
PrintAksorn_dataset/test/ro_ruea_TH-Mali-Grade6-Regular.png,195,ร,1.0,195,ร,1,195,0.6877,195,0.9764,195,0.9271,195(ร):1.000 | 161(ก):0.000 | 224(เ):0.000,1
PrintAksorn_dataset/test/ro_ruea_Taviraj-LightItalic.png,195,ร,1.0,195,ร,1,195,0.8929,195,0.9591,195,0.8947,195(ร):1.000 | 161(ก):0.000 | 224(เ):0.000,1
PrintAksorn_dataset/test/ro_ruea_TlwgTypo-Oblique.png,195,ร,1.0,195,ร,1,195,0.8961,195,0.9392,195,0.8852,195(ร):1.000 | 161(ก):0.000 | 224(เ):0.000,1
PrintAksorn_dataset/test/ro_ruea_Umpush-BoldOblique.png,195,ร,1.0,195,ร,1,195,0.893,195,0.9217,195,0.8054,195(ร):1.000 | 161(ก):0.000 | 224(เ):0.000,1
PrintAksorn_dataset/test/rparen_CmPrasanmit-Italic.png,232,่,1.0,,,,210,0.578,232,0.3134,232,0.2901,232(่):1.000 | 161(ก):0.000 | 224(เ):0.000,0
PrintAksorn_dataset/test/rparen_JS-Jindara-Normal.png,210,า,1.0,,,,210,0.6433,232,0.1586,246,0.1511,210(า):1.000 | 161(ก):0.000 | 224(เ):0.000,0
PrintAksorn_dataset/test/rparen_Kanit-ExtraBoldItalic.png,210,า,1.0,,,,210,0.4426,205,0.277,240,0.1064,210(า):1.000 | 161(ก):0.000 | 224(เ):0.000,0
PrintAksorn_dataset/test/rparen_Kinnari-Bold.png,210,า,1.0,,,,210,0.5469,167,0.3325,246,0.2094,210(า):1.000 | 161(ก):0.000 | 224(เ):0.000,0
PrintAksorn_dataset/test/rparen_Nakaracha-Regular.png,210,า,1.0,,,,210,0.7537,199,0.2336,210,0.1286,210(า):1.000 | 161(ก):0.000 | 224(เ):0.000,0
PrintAksorn_dataset/test/rparen_NotoSansThai-ExtraBold.png,205,อ,1.0,,,,187,0.1272,205,0.1075,205,0.1799,205(อ):1.000 | 161(ก):0.000 | 224(เ):0.000,0
PrintAksorn_dataset/test/rparen_NotoSerifThai-CondensedExtraBold.png,205,อ,1.0,,,,187,0.1458,186,0.1209,205,0.1687,205(อ):1.000 | 161(ก):0.000 | 224(เ):0.000,0
PrintAksorn_dataset/test/rparen_NotoSerifThai-SemiCondensedThin.png,205,อ,1.0,,,,187,0.1216,205,0.1077,205,0.1765,205(อ):1.000 | 161(ก):0.000 | 224(เ):0.000,0
PrintAksorn_dataset/test/rparen_NotoSerifThai-Thin.png,205,อ,1.0,,,,187,0.1324,186,0.1261,205,0.1765,205(อ):1.000 | 161(ก):0.000 | 224(เ):0.000,0
PrintAksorn_dataset/test/rparen_Prompt-BoldItalic.png,210,า,1.0,,,,210,0.5834,167,0.1937,240,0.1953,210(า):1.000 | 161(ก):0.000 | 224(เ):0.000,0
PrintAksorn_dataset/test/rparen_Prompt-SemiBold.png,210,า,1.0,,,,210,0.5167,167,0.4115,240,0.1257,210(า):1.000 | 161(ก):0.000 | 224(เ):0.000,0
PrintAksorn_dataset/test/rparen_Sarabun-ExtraLight.png,210,า,1.0,,,,210,0.4571,199,0.2797,246,0.1855,210(า):1.000 | 161(ก):0.000 | 224(เ):0.000,0
PrintAksorn_dataset/test/rparen_Sarabun-Thin.png,210,า,1.0,,,,210,0.5512,199,0.1723,246,0.1994,210(า):1.000 | 161(ก):0.000 | 224(เ):0.000,0
PrintAksorn_dataset/test/rparen_TH-Kodchasal-Bold-Italic.png,232,่,1.0,,,,229,0.5052,232,0.5794,232,0.7856,232(่):1.000 | 161(ก):0.000 | 224(เ):0.000,0
PrintAksorn_dataset/test/rparen_TH-Krub-Bold.png,210,า,1.0,,,,210,0.3942,199,0.391,210,0.2012,210(า):1.000 | 161(ก):0.000 | 224(เ):0.000,0
PrintAksorn_dataset/test/rparen_Taviraj-ExtraBoldItalic.png,210,า,1.0,,,,210,0.7745,167,0.2207,240,0.1724,210(า):1.000 | 161(ก):0.000 | 224(เ):0.000,0
PrintAksorn_dataset/test/sara_a_ChulaNarak-Bold-Italic.png,208,ะ,1.0,208,ะ,1,209,0.1735,208,0.8973,208,0.8928,208(ะ):1.000 | 161(ก):0.000 | 224(เ):0.000,0
PrintAksorn_dataset/test/sara_a_JS-Pisit-Normal.png,208,ะ,1.0,208,ะ,1,209,0.1478,208,0.9132,208,0.9221,208(ะ):1.000 | 161(ก):0.000 | 224(เ):0.000,0
PrintAksorn_dataset/test/sara_a_JS-Sadayu-Bold-Italic.png,208,ะ,1.0,208,ะ,1,236,0.1859,208,0.9079,208,0.933,208(ะ):1.000 | 161(ก):0.000 | 224(เ):0.000,0
PrintAksorn_dataset/test/sara_a_Kanit-Light.png,208,ะ,1.0,208,ะ,1,231,0.2307,208,0.8388,208,0.163,208(ะ):1.000 | 161(ก):0.000 | 224(เ):0.000,0
PrintAksorn_dataset/test/sara_a_NotoSansThai-SemiCondensed.png,208,ะ,1.0,208,ะ,1,231,0.1651,208,0.8961,208,0.9505,208(ะ):1.000 | 161(ก):0.000 | 224(เ):0.000,0
PrintAksorn_dataset/test/sara_a_NotoSerifThai-CondensedExtraBold.png,208,ะ,1.0,208,ะ,1,245,0.1094,208,0.5544,208,0.4801,208(ะ):1.000 | 161(ก):0.000 | 224(เ):0.000,0
PrintAksorn_dataset/test/sara_a_NotoSerifThai-ExtraBold.png,208,ะ,1.0,208,ะ,1,245,0.137,208,0.6429,208,0.3541,208(ะ):1.000 | 161(ก):0.000 | 224(เ):0.000,0
PrintAksorn_dataset/test/sara_a_NotoSerifThai-Regular.png,208,ะ,1.0,208,ะ,1,244,0.1555,208,0.817,208,0.8338,208(ะ):1.000 | 161(ก):0.000 | 224(เ):0.000,0
PrintAksorn_dataset/test/sara_a_Pridi-SemiBold.png,208,ะ,1.0,208,ะ,1,245,0.1433,208,0.8244,208,0.4269,208(ะ):1.000 | 161(ก):0.000 | 224(เ):0.000,0
PrintAksorn_dataset/test/sara_a_Prompt-Black.png,208,ะ,1.0,208,ะ,1,194,0.1313,208,0.789,208,0.5256,208(ะ):1.000 | 161(ก):0.000 | 224(เ):0.000,0
PrintAksorn_dataset/test/sara_a_TH-Baijam-Bold-Italic.png,208,ะ,1.0,208,ะ,1,249,0.0682,208,0.8621,208,0.9116,208(ะ):1.000 | 161(ก):0.000 | 224(เ):0.000,0
PrintAksorn_dataset/test/sara_a_TH-Sarabun-New-Bold.png,208,ะ,1.0,208,ะ,1,170,0.047,208,0.8497,208,0.9033,208(ะ):1.000 | 161(ก):0.000 | 224(เ):0.000,0
PrintAksorn_dataset/test/sara_a_TH-Srisakdi-Regular.png,208,ะ,1.0,208,ะ,1,236,0.247,208,0.9076,208,0.8969,208(ะ):1.000 | 161(ก):0.000 | 224(เ):0.000,0
PrintAksorn_dataset/test/sara_a_Taviraj-ThinItalic.png,208,ะ,1.0,208,ะ,1,249,0.1309,208,0.8771,208,0.846,208(ะ):1.000 | 161(ก):0.000 | 224(เ):0.000,0
PrintAksorn_dataset/test/sara_a_TlwgTypist-BoldOblique.png,208,ะ,1.0,208,ะ,1,245,0.1027,208,0.8087,208,0.649,208(ะ):1.000 | 161(ก):0.000 | 224(เ):0.000,0
PrintAksorn_dataset/test/sara_a_Trirong-SemiBold.png,208,ะ,1.0,208,ะ,1,249,0.075,208,0.7723,208,0.8541,208(ะ):1.000 | 161(ก):0.000 | 224(เ):0.000,0
PrintAksorn_dataset/test/sara_a_Umpush-BoldOblique.png,208,ะ,1.0,208,ะ,1,244,0.1217,208,0.8742,208,0.8884,208(ะ):1.000 | 161(ก):0.000 | 224(เ):0.000,0
PrintAksorn_dataset/test/sara_a_Waree-Oblique.png,208,ะ,1.0,208,ะ,1,244,0.0824,208,0.9077,208,0.9016,208(ะ):1.000 | 161(ก):0.000 | 224(เ):0.000,0
PrintAksorn_dataset/test/sara_aa_KaniGa-Italic.png,210,า,1.0,210,า,1,210,0.8376,210,0.8968,210,0.8228,210(า):1.000 | 161(ก):0.000 | 224(เ):0.000,1
PrintAksorn_dataset/test/sara_aa_NotoSansThai-SemiCondensedLight.png,210,า,1.0,210,า,1,229,0.8887,210,0.9003,210,0.8619,210(า):1.000 | 161(ก):0.000 | 224(เ):0.000,0
PrintAksorn_dataset/test/sara_aa_NotoSansThaiUI-Regular.png,210,า,1.0,210,า,1,229,0.8996,210,0.8031,210,0.8158,210(า):1.000 | 161(ก):0.000 | 224(เ):0.000,0
PrintAksorn_dataset/test/sara_aa_Prompt-BlackItalic.png,210,า,1.0,210,า,1,210,0.622,199,0.1872,184,0.4347,210(า):1.000 | 161(ก):0.000 | 224(เ):0.000,0
PrintAksorn_dataset/test/sara_aa_Prompt-ExtraBoldItalic.png,184,ธ,1.0,210,า,0,210,0.6223,168,0.1666,184,0.6043,184(ธ):1.000 | 161(ก):0.000 | 224(เ):0.000,0
PrintAksorn_dataset/test/sara_aa_Prompt-Italic.png,210,า,1.0,210,า,1,229,0.9094,210,0.8349,210,0.7392,210(า):1.000 | 161(ก):0.000 | 224(เ):0.000,0
PrintAksorn_dataset/test/sara_aa_TH-Charmonman-Regular.png,210,า,1.0,210,า,1,210,0.8592,210,0.9184,210,0.8759,210(า):1.000 | 161(ก):0.000 | 224(เ):0.000,1
PrintAksorn_dataset/test/sara_aa_TH-Kodchasal-Bold.png,210,า,1.0,210,า,1,210,0.896,210,0.6346,210,0.8257,210(า):1.000 | 161(ก):0.000 | 224(เ):0.000,1
PrintAksorn_dataset/test/sara_aa_Taviraj-ExtraBoldItalic.png,210,า,1.0,210,า,1,210,0.8461,210,0.2821,210,0.1932,210(า):1.000 | 161(ก):0.000 | 224(เ):0.000,1
PrintAksorn_dataset/test/sara_ae_CmPrasanmit-Regular.png,225,แ,1.0,225,แ,1,225,0.5589,225,0.9092,179,0.1195,225(แ):1.000 | 161(ก):0.000 | 224(เ):0.000,0
PrintAksorn_dataset/test/sara_ae_JS-Junkaew-Italic.png,225,แ,1.0,225,แ,1,225,0.5023,225,0.9058,179,0.1071,225(แ):1.000 | 161(ก):0.000 | 224(เ):0.000,0
PrintAksorn_dataset/test/sara_ae_JS-Mookravee-Normal.png,225,แ,1.0,225,แ,1,225,0.5354,225,0.8664,224,0.1235,225(แ):1.000 | 161(ก):0.000 | 224(เ):0.000,0
PrintAksorn_dataset/test/sara_ae_JS-Obsaward-Italic.png,225,แ,1.0,225,แ,1,225,0.8159,225,0.8922,243,0.1232,225(แ):1.000 | 161(ก):0.000 | 224(เ):0.000,0
PrintAksorn_dataset/test/sara_ae_JS-Puchong-Normal.png,161,ก,1.0,225,แ,0,183,0.6399,161,0.3456,161,0.1651,161(ก):1.000 | 224(เ):0.000 | 217(ู):0.000,0
PrintAksorn_dataset/test/sara_ae_JS-Rapee-Bold-Italic.png,225,แ,1.0,225,แ,1,225,0.417,225,0.9274,179,0.1002,225(แ):1.000 | 161(ก):0.000 | 224(เ):0.000,0
PrintAksorn_dataset/test/sara_ae_JS-Rapee-Italic.png,225,แ,1.0,225,แ,1,225,0.6193,225,0.8999,192,0.1082,225(แ):1.000 | 161(ก):0.000 | 224(เ):0.000,0
PrintAksorn_dataset/test/sara_ae_Kinnari-Italic.png,225,แ,1.0,225,แ,1,225,0.4964,225,0.8628,179,0.0888,225(แ):1.000 | 161(ก):0.000 | 224(เ):0.000,0
PrintAksorn_dataset/test/sara_ae_Kinnari.png,225,แ,1.0,225,แ,1,225,0.3312,225,0.8911,192,0.0683,225(แ):1.000 | 161(ก):0.000 | 224(เ):0.000,0
PrintAksorn_dataset/test/sara_ae_Mitr-Bold.png,186,บ,1.0,225,แ,0,186,0.3433,172,0.131,217,0.073,186(บ):1.000 | 161(ก):0.000 | 224(เ):0.000,0
PrintAksorn_dataset/test/sara_ae_Pridi-ExtraLight.png,225,แ,1.0,225,แ,1,225,0.5423,225,0.8993,179,0.1342,225(แ):1.000 | 161(ก):0.000 | 224(เ):0.000,0
PrintAksorn_dataset/test/sara_ae_Pridi-Medium.png,225,แ,1.0,225,แ,1,225,0.7689,225,0.8786,179,0.1139,225(แ):1.000 | 161(ก):0.000 | 224(เ):0.000,0
PrintAksorn_dataset/test/sara_ae_Sarabun-Bold.png,225,แ,1.0,225,แ,1,225,0.6995,225,0.8749,179,0.1325,225(แ):1.000 | 161(ก):0.000 | 224(เ):0.000,0
PrintAksorn_dataset/test/sara_ai_maimalai_JS-Chulee.png,228,ไ,1.0,228,ไ,1,228,0.8948,228,0.8404,228,0.8903,228(ไ):1.000 | 161(ก):0.000 | 225(แ):0.000,1
PrintAksorn_dataset/test/sara_ai_maimalai_JS-Jukaphan-Italic.png,228,ไ,1.0,228,ไ,1,228,0.8873,228,0.9338,228,0.8655,228(ไ):1.000 | 161(ก):0.000 | 225(แ):0.000,1
PrintAksorn_dataset/test/sara_ai_maimalai_Pridi-Medium.png,226,โ,1.0,228,ไ,0,226,0.7919,226,0.6335,226,0.8151,226(โ):1.000 | 224(เ):0.000 | 217(ู):0.000,1
PrintAksorn_dataset/test/sara_ai_maimalai_Pridi-Regular.png,226,โ,1.0,228,ไ,0,226,0.8295,226,0.8922,226,0.7587,226(โ):1.000 | 224(เ):0.000 | 217(ู):0.000,1
PrintAksorn_dataset/test/sara_ai_maimalai_Sarabun-ExtraLight.png,228,ไ,1.0,228,ไ,1,228,0.8494,228,0.9057,228,0.8915,228(ไ):1.000 | 161(ก):0.000 | 225(แ):0.000,1
PrintAksorn_dataset/test/sara_ai_maimalai_TH-Srisakdi-Bold.png,228,ไ,1.0,228,ไ,1,228,0.1241,228,0.9855,228,0.5696,228(ไ):1.000 | 161(ก):0.000 | 225(แ):0.000,1
PrintAksorn_dataset/test/sara_ai_maimalai_TlwgTypist-BoldOblique.png,228,ไ,1.0,228,ไ,1,228,0.8635,228,0.7637,228,0.6953,228(ไ):1.000 | 161(ก):0.000 | 225(แ):0.000,1
PrintAksorn_dataset/test/sara_ai_maimuan_Himmaparnt-Italic.png,227,ใ,1.0,227,ใ,1,227,0.9156,227,0.9441,227,0.8917,227(ใ):1.000 | 224(เ):0.000 | 217(ู):0.000,1
PrintAksorn_dataset/test/sara_ai_maimuan_JS-Giat-Bold.png,227,ใ,1.0,227,ใ,1,227,0.8924,227,0.6526,227,0.3865,227(ใ):1.000 | 224(เ):0.000 | 217(ู):0.000,1
PrintAksorn_dataset/test/sara_ai_maimuan_JS-Prapakorn-Italic.png,210,า,1.0,227,ใ,0,210,0.7697,210,0.7969,210,0.483,210(า):1.000 | 161(ก):0.000 | 224(เ):0.000,1
PrintAksorn_dataset/test/sara_ai_maimuan_Maitree-ExtraLight.png,227,ใ,1.0,227,ใ,1,227,0.8566,227,0.9019,227,0.8762,227(ใ):1.000 | 224(เ):0.000 | 217(ู):0.000,1
PrintAksorn_dataset/test/sara_ai_maimuan_NotoSerifThai-ExtraCondensedThin.png,227,ใ,1.0,227,ใ,1,227,0.9166,227,0.9414,227,0.8545,227(ใ):1.000 | 224(เ):0.000 | 217(ู):0.000,1
PrintAksorn_dataset/test/sara_ai_maimuan_Sarabun-Regular.png,227,ใ,1.0,227,ใ,1,227,0.924,227,0.9604,227,0.8285,227(ใ):1.000 | 224(เ):0.000 | 217(ู):0.000,1
PrintAksorn_dataset/test/sara_ai_maimuan_TH-KoHo-Bold.png,227,ใ,1.0,227,ใ,1,227,0.9203,227,0.9389,227,0.716,227(ใ):1.000 | 224(เ):0.000 | 217(ู):0.000,1
PrintAksorn_dataset/test/sara_ai_maimuan_Trirong-Regular.png,227,ใ,1.0,227,ใ,1,227,0.914,227,0.7754,227,0.6959,227(ใ):1.000 | 224(เ):0.000 | 217(ู):0.000,1
PrintAksorn_dataset/test/sara_am_Chonburi-Regular.png,211,ำ,1.0,211,ำ,1,210,0.3596,211,0.8833,198,0.0687,211(ำ):1.000 | 224(เ):0.000 | 217(ู):0.000,0
PrintAksorn_dataset/test/sara_am_Garuda-BoldOblique.png,211,ำ,1.0,211,ำ,1,229,0.3735,211,0.8365,198,0.2734,211(ำ):1.000 | 224(เ):0.000 | 217(ู):0.000,0
PrintAksorn_dataset/test/sara_am_JS-Rapee-Bold.png,211,ำ,1.0,211,ำ,1,229,0.3991,211,0.8451,198,0.2309,211(ำ):1.000 | 224(เ):0.000 | 217(ู):0.000,0
PrintAksorn_dataset/test/sara_am_Maitree-Medium.png,211,ำ,1.0,211,ำ,1,229,0.5537,211,0.883,198,0.1912,211(ำ):1.000 | 224(เ):0.000 | 217(ู):0.000,0
PrintAksorn_dataset/test/sara_am_Maitree-Regular.png,211,ำ,1.0,211,ำ,1,229,0.454,211,0.8561,198,0.1335,211(ำ):1.000 | 224(เ):0.000 | 217(ู):0.000,0
PrintAksorn_dataset/test/sara_am_NotoSansThai-SemiBold.png,211,ำ,1.0,211,ำ,1,229,0.499,211,0.8591,183,0.1416,211(ำ):1.000 | 224(เ):0.000 | 217(ู):0.000,0
PrintAksorn_dataset/test/sara_am_Prompt-BoldItalic.png,211,ำ,1.0,211,ำ,1,210,0.2376,211,0.7554,162,0.1088,211(ำ):1.000 | 224(เ):0.000 | 217(ู):0.000,0
PrintAksorn_dataset/test/sara_am_Prompt-ExtraBold.png,211,ำ,1.0,211,ำ,1,210,0.242,211,0.8803,183,0.1102,211(ำ):1.000 | 224(เ):0.000 | 217(ู):0.000,0
PrintAksorn_dataset/test/sara_am_Silom.png,210,า,1.0,211,ำ,0,210,0.3187,211,0.8779,210,0.108,210(า):1.000 | 161(ก):0.000 | 224(เ):0.000,0
PrintAksorn_dataset/test/sara_am_TlwgMono.png,211,ำ,1.0,211,ำ,1,229,0.1381,211,0.8191,207,0.1169,211(ำ):1.000 | 224(เ):0.000 | 217(ู):0.000,0
PrintAksorn_dataset/test/sara_am_Umpush-Bold.png,211,ำ,1.0,211,ำ,1,210,0.6247,211,0.9018,183,0.1523,211(ำ):1.000 | 224(เ):0.000 | 217(ู):0.000,0
PrintAksorn_dataset/test/sara_e_Athiti-Regular.png,224,เ,1.0,224,เ,1,224,0.7833,232,0.2873,224,0.6274,224(เ):1.000 | 161(ก):0.000 | 217(ู):0.000,0
PrintAksorn_dataset/test/sara_e_JS-Arisa.png,224,เ,1.0,224,เ,1,224,0.8323,224,0.932,224,0.9196,224(เ):1.000 | 161(ก):0.000 | 217(ู):0.000,1
PrintAksorn_dataset/test/sara_e_JS-Pisit-Normal.png,224,เ,1.0,224,เ,1,224,0.7257,224,0.9362,224,0.8763,224(เ):1.000 | 161(ก):0.000 | 217(ู):0.000,1
PrintAksorn_dataset/test/sara_e_JS-Pudgrong-Normal.png,224,เ,1.0,224,เ,1,224,0.8284,224,0.918,224,0.9436,224(เ):1.000 | 161(ก):0.000 | 217(ู):0.000,1
PrintAksorn_dataset/test/sara_e_KaniGa-Bold.png,224,เ,1.0,224,เ,1,224,0.8417,224,0.9302,224,0.9018,224(เ):1.000 | 161(ก):0.000 | 217(ู):0.000,1
PrintAksorn_dataset/test/sara_e_NotoSansThai-ExtraCondensedBlack.png,224,เ,1.0,224,เ,1,224,0.6467,232,0.2195,224,0.1901,224(เ):1.000 | 161(ก):0.000 | 217(ู):0.000,0
PrintAksorn_dataset/test/sara_e_TH-Chakra-Petch-Bold-Italic.png,224,เ,1.0,224,เ,1,224,0.882,224,0.9252,224,0.9247,224(เ):1.000 | 161(ก):0.000 | 217(ู):0.000,1
PrintAksorn_dataset/test/sara_e_TH-K2D-July8-Bold.png,224,เ,1.0,224,เ,1,224,0.8504,224,0.9157,224,0.9272,224(เ):1.000 | 161(ก):0.000 | 217(ู):0.000,1
PrintAksorn_dataset/test/sara_e_Taviraj-BlackItalic.png,224,เ,1.0,224,เ,1,224,0.3295,224,0.4973,224,0.5182,224(เ):1.000 | 161(ก):0.000 | 217(ู):0.000,1
PrintAksorn_dataset/test/sara_e_Trirong-ExtraLightItalic.png,224,เ,1.0,224,เ,1,224,0.8398,224,0.8987,224,0.9348,224(เ):1.000 | 161(ก):0.000 | 217(ู):0.000,1
PrintAksorn_dataset/test/sara_e_Trirong-MediumItalic.png,224,เ,1.0,224,เ,1,224,0.8495,224,0.8432,224,0.8193,224(เ):1.000 | 161(ก):0.000 | 217(ู):0.000,1
PrintAksorn_dataset/test/sara_e_Trirong-SemiBoldItalic.png,224,เ,1.0,224,เ,1,224,0.8108,224,0.7917,224,0.7569,224(เ):1.000 | 161(ก):0.000 | 217(ู):0.000,1
PrintAksorn_dataset/test/sara_i_Aksaramatee-Regular.png,212,ิ,1.0,212,ิ,1,212,0.8965,212,0.8863,212,0.8971,212(ิ):1.000 | 161(ก):0.000 | 224(เ):0.000,1
PrintAksorn_dataset/test/sara_i_JS-Prajuk-Italic.png,212,ิ,1.0,212,ิ,1,213,0.5688,212,0.9417,212,0.7441,212(ิ):1.000 | 161(ก):0.000 | 224(เ):0.000,0
PrintAksorn_dataset/test/sara_i_Kanit-Thin.png,213,ี,1.0,212,ิ,0,213,0.5275,235,0.4944,212,0.1684,213(ี):1.000 | 161(ก):0.000 | 224(เ):0.000,0
PrintAksorn_dataset/test/sara_i_NotoSansThai-SemiCondensedThin.png,213,ี,1.0,212,ิ,0,213,0.7139,235,0.6749,212,0.2484,213(ี):1.000 | 161(ก):0.000 | 224(เ):0.000,0
PrintAksorn_dataset/test/sara_i_NotoSerifThai-ExtraCondensedLight.png,212,ิ,1.0,212,ิ,1,212,0.33,212,0.9015,212,0.8446,212(ิ):1.000 | 161(ก):0.000 | 224(เ):0.000,1
PrintAksorn_dataset/test/sara_i_TH-Baijam-Regular.png,212,ิ,1.0,212,ิ,1,212,0.8639,212,0.8918,212,0.8879,212(ิ):1.000 | 161(ก):0.000 | 224(เ):0.000,1
PrintAksorn_dataset/test/sara_i_TH-Charmonman-Regular.png,212,ิ,1.0,212,ิ,1,167,0.2455,212,0.8514,168,0.3806,212(ิ):1.000 | 161(ก):0.000 | 224(เ):0.000,0
PrintAksorn_dataset/test/sara_i_TH-KoHo-Bold-Italic.png,212,ิ,1.0,212,ิ,1,212,0.8444,212,0.8883,212,0.8634,212(ิ):1.000 | 161(ก):0.000 | 224(เ):0.000,1
PrintAksorn_dataset/test/sara_i_Taviraj-SemiBoldItalic.png,212,ิ,1.0,212,ิ,1,212,0.7867,212,0.895,212,0.931,212(ิ):1.000 | 161(ก):0.000 | 224(เ):0.000,1
PrintAksorn_dataset/test/sara_i_Waree.png,212,ิ,1.0,212,ิ,1,212,0.8747,212,0.8721,212,0.8757,212(ิ):1.000 | 161(ก):0.000 | 224(เ):0.000,1
PrintAksorn_dataset/test/sara_ii_Himmaparnt-Regular.png,213,ี,1.0,213,ี,1,213,0.8137,213,0.8068,213,0.8551,213(ี):1.000 | 161(ก):0.000 | 224(เ):0.000,1
PrintAksorn_dataset/test/sara_ii_JS-Arisa-Italic.png,213,ี,1.0,213,ี,1,213,0.9046,213,0.914,213,0.8882,213(ี):1.000 | 161(ก):0.000 | 224(เ):0.000,1
PrintAksorn_dataset/test/sara_ii_JS-Pumpuang-Normal.png,214,ึ,1.0,213,ี,0,213,0.2144,214,0.842,214,0.2484,214(ึ):1.000 | 161(ก):0.000 | 224(เ):0.000,0
PrintAksorn_dataset/test/sara_ii_JS-Synjai-Normal.png,213,ี,1.0,213,ี,1,213,0.8779,213,0.619,213,0.8938,213(ี):1.000 | 161(ก):0.000 | 224(เ):0.000,1
PrintAksorn_dataset/test/sara_ii_Kanit-Regular.png,213,ี,1.0,213,ี,1,213,0.8146,186,0.2769,213,0.2295,213(ี):1.000 | 161(ก):0.000 | 224(เ):0.000,0
PrintAksorn_dataset/test/sara_ii_NotoSansThai-SemiCondensedBold.png,215,ื,1.0,213,ี,0,213,0.9451,215,0.4414,215,0.445,215(ื):1.000 | 161(ก):0.000 | 224(เ):0.000,0
PrintAksorn_dataset/test/sara_ii_NotoSansThai-SemiCondensedSemiBold.png,215,ื,1.0,213,ี,0,213,0.9226,215,0.4195,215,0.6621,215(ื):1.000 | 161(ก):0.000 | 224(เ):0.000,0
PrintAksorn_dataset/test/sara_ii_NotoSansThaiLooped-SemiBold.png,213,ี,1.0,213,ี,1,213,0.7915,213,0.8761,213,0.6696,213(ี):1.000 | 161(ก):0.000 | 224(เ):0.000,1
PrintAksorn_dataset/test/sara_ii_PSK-SmartItaic.png,213,ี,1.0,213,ี,1,213,0.8988,213,0.8263,213,0.902,213(ี):1.000 | 161(ก):0.000 | 224(เ):0.000,1
PrintAksorn_dataset/test/sara_ii_TH-Kodchasal-Regular.png,213,ี,1.0,213,ี,1,213,0.9524,213,0.8734,213,0.8565,213(ี):1.000 | 161(ก):0.000 | 224(เ):0.000,1
PrintAksorn_dataset/test/sara_ii_Umpush-Oblique.png,213,ี,1.0,213,ี,1,213,0.9172,213,0.7933,213,0.9225,213(ี):1.000 | 161(ก):0.000 | 224(เ):0.000,1
PrintAksorn_dataset/test/sara_o_Himmaparnt-Regular.png,226,โ,1.0,226,โ,1,226,0.8916,226,0.9329,226,0.89,226(โ):1.000 | 224(เ):0.000 | 217(ู):0.000,1
PrintAksorn_dataset/test/sara_o_Itim-Regular.png,226,โ,1.0,226,โ,1,226,0.8457,226,0.8579,226,0.8335,226(โ):1.000 | 224(เ):0.000 | 217(ู):0.000,1
PrintAksorn_dataset/test/sara_o_JS-Pitsamai-Italic.png,226,โ,1.0,226,โ,1,226,0.8381,226,0.8833,226,0.7185,226(โ):1.000 | 224(เ):0.000 | 217(ู):0.000,1
PrintAksorn_dataset/test/sara_o_Maitree-Medium.png,226,โ,1.0,226,โ,1,226,0.8792,226,0.9284,226,0.8452,226(โ):1.000 | 224(เ):0.000 | 217(ู):0.000,1
PrintAksorn_dataset/test/sara_o_NotoSansThai-ExtraCondensedExtraBold.png,226,โ,1.0,226,โ,1,226,0.5915,184,0.1689,226,0.7921,226(โ):1.000 | 224(เ):0.000 | 217(ู):0.000,0
PrintAksorn_dataset/test/sara_o_Pattaya-Regular.png,226,โ,1.0,226,โ,1,226,0.8062,226,0.7249,226,0.8416,226(โ):1.000 | 224(เ):0.000 | 217(ู):0.000,1
PrintAksorn_dataset/test/sara_o_Trirong-LightItalic.png,226,โ,1.0,226,โ,1,226,0.8712,226,0.9127,226,0.888,226(โ):1.000 | 224(เ):0.000 | 217(ู):0.000,1
PrintAksorn_dataset/test/sara_u_Garuda-Bold.png,216,ุ,1.0,216,ุ,1,216,0.9458,216,0.4968,216,0.2406,216(ุ):1.000 | 161(ก):0.000 | 224(เ):0.000,1
PrintAksorn_dataset/test/sara_u_NotoSansThai-ExtraCondensed.png,232,่,1.0,216,ุ,0,232,0.3745,232,0.1627,217,0.4002,232(่):1.000 | 161(ก):0.000 | 224(เ):0.000,0
PrintAksorn_dataset/test/sara_u_NotoSansThai-Light.png,210,า,1.0,216,ุ,0,210,0.4911,210,0.6747,216,0.2217,210(า):1.000 | 161(ก):0.000 | 224(เ):0.000,0
PrintAksorn_dataset/test/sara_u_Prompt-Medium.png,210,า,1.0,216,ุ,0,210,0.492,169,0.3008,184,0.1321,210(า):1.000 | 161(ก):0.000 | 224(เ):0.000,0
PrintAksorn_dataset/test/sara_u_TH-Baijam-Italic.png,216,ุ,1.0,216,ุ,1,216,0.5228,216,0.8846,216,0.6962,216(ุ):1.000 | 161(ก):0.000 | 224(เ):0.000,1
PrintAksorn_dataset/test/sara_u_TH-K2D-July8-Bold.png,216,ุ,1.0,216,ุ,1,216,0.8341,216,0.5011,216,0.5571,216(ุ):1.000 | 161(ก):0.000 | 224(เ):0.000,1
PrintAksorn_dataset/test/sara_u_TlwgTypist-Bold.png,216,ุ,1.0,216,ุ,1,216,0.6674,216,0.2562,237,0.1668,216(ุ):1.000 | 161(ก):0.000 | 224(เ):0.000,0
PrintAksorn_dataset/test/sara_u_TlwgTypist-Oblique.png,216,ุ,1.0,216,ุ,1,216,0.4707,216,0.5755,241,0.2746,216(ุ):1.000 | 161(ก):0.000 | 224(เ):0.000,0
PrintAksorn_dataset/test/sara_ue_JS-Chulee.png,214,ึ,1.0,214,ึ,1,214,0.3722,214,0.8785,214,0.8328,214(ึ):1.000 | 161(ก):0.000 | 224(เ):0.000,1
PrintAksorn_dataset/test/sara_ue_JS-Rapee-Bold-Italic.png,214,ึ,1.0,214,ึ,1,214,0.4227,214,0.8313,214,0.3245,214(ึ):1.000 | 161(ก):0.000 | 224(เ):0.000,1
PrintAksorn_dataset/test/sara_ue_JS-Sadayu-Allcaps.png,214,ึ,1.0,214,ึ,1,213,0.2749,214,0.8859,214,0.9094,214(ึ):1.000 | 161(ก):0.000 | 224(เ):0.000,0
PrintAksorn_dataset/test/sara_ue_Kanit-ThinItalic.png,214,ึ,1.0,214,ึ,1,231,0.1405,214,0.714,214,0.2176,214(ึ):1.000 | 161(ก):0.000 | 224(เ):0.000,0
PrintAksorn_dataset/test/sara_ue_Loma-Bold.png,214,ึ,1.0,214,ึ,1,213,0.1384,214,0.9065,214,0.8922,214(ึ):1.000 | 161(ก):0.000 | 224(เ):0.000,0
PrintAksorn_dataset/test/sara_ue_NotoSansThai-CondensedExtraLight.png,214,ึ,1.0,214,ึ,1,231,0.116,214,0.6786,214,0.1658,214(ึ):1.000 | 161(ก):0.000 | 224(เ):0.000,0
PrintAksorn_dataset/test/sara_ue_NotoSansThai-ExtraCondensedSemiBold.png,214,ึ,1.0,214,ึ,1,213,0.1911,214,0.8053,214,0.6703,214(ึ):1.000 | 161(ก):0.000 | 224(เ):0.000,0
PrintAksorn_dataset/test/sara_ue_NotoSansThaiLooped-Light.png,214,ึ,1.0,214,ึ,1,213,0.2203,214,0.9218,214,0.8537,214(ึ):1.000 | 161(ก):0.000 | 224(เ):0.000,0
PrintAksorn_dataset/test/sara_ue_PSK-Smart-Regular.png,214,ึ,1.0,214,ึ,1,214,0.2799,214,0.8751,214,0.725,214(ึ):1.000 | 161(ก):0.000 | 224(เ):0.000,1
PrintAksorn_dataset/test/sara_ue_SR-FahMai-Normal.png,214,ึ,1.0,214,ึ,1,214,0.4168,214,0.8237,214,0.3797,214(ึ):1.000 | 161(ก):0.000 | 224(เ):0.000,1
PrintAksorn_dataset/test/sara_ue_TlwgTypist-Oblique.png,214,ึ,1.0,214,ึ,1,213,0.2863,214,0.9312,214,0.8996,214(ึ):1.000 | 161(ก):0.000 | 224(เ):0.000,0
PrintAksorn_dataset/test/sara_uee_Athiti-SemiBold.png,215,ื,1.0,215,ื,1,215,0.3189,215,0.3348,215,0.4226,215(ื):1.000 | 161(ก):0.000 | 224(เ):0.000,1
PrintAksorn_dataset/test/sara_uee_ChulaNarak-Bold-Italic.png,232,่,1.0,215,ื,0,232,0.2295,232,0.0642,232,0.3429,232(่):1.000 | 161(ก):0.000 | 224(เ):0.000,1
PrintAksorn_dataset/test/sara_uee_Himmaparnt-Italic.png,215,ื,1.0,215,ื,1,215,0.8086,215,0.8831,215,0.904,215(ื):1.000 | 161(ก):0.000 | 224(เ):0.000,1
PrintAksorn_dataset/test/sara_uee_JS-Arisa-Italic.png,215,ื,1.0,215,ื,1,215,0.8278,215,0.8579,215,0.8942,215(ื):1.000 | 161(ก):0.000 | 224(เ):0.000,1
PrintAksorn_dataset/test/sara_uee_JS-Saksit-Normal.png,215,ื,1.0,215,ื,1,215,0.9146,215,0.9034,215,0.7453,215(ื):1.000 | 161(ก):0.000 | 224(เ):0.000,1
PrintAksorn_dataset/test/sara_uee_JS-Saowapark-Normal.png,215,ื,1.0,215,ื,1,213,0.364,215,0.851,215,0.8773,215(ื):1.000 | 161(ก):0.000 | 224(เ):0.000,0
PrintAksorn_dataset/test/sara_uee_NotoSerifThai-Medium.png,215,ื,1.0,215,ื,1,215,0.15,215,0.8807,215,0.856,215(ื):1.000 | 161(ก):0.000 | 224(เ):0.000,1
PrintAksorn_dataset/test/sara_uee_NotoSerifThai-SemiCondensed.png,215,ื,1.0,215,ื,1,215,0.2049,215,0.8776,215,0.8783,215(ื):1.000 | 161(ก):0.000 | 224(เ):0.000,1
PrintAksorn_dataset/test/sara_uee_Pridi-Light.png,215,ื,1.0,215,ื,1,215,0.7521,215,0.901,215,0.8321,215(ื):1.000 | 161(ก):0.000 | 224(เ):0.000,1
PrintAksorn_dataset/test/sara_uee_Prompt-Thin.png,215,ื,1.0,215,ื,1,186,0.2168,215,0.6356,215,0.5011,215(ื):1.000 | 161(ก):0.000 | 224(เ):0.000,0
PrintAksorn_dataset/test/sara_uee_Purisa-Oblique.png,215,ื,1.0,215,ื,1,213,0.1378,215,0.9121,215,0.7878,215(ื):1.000 | 161(ก):0.000 | 224(เ):0.000,0
PrintAksorn_dataset/test/sara_uee_Sarabun-Thin.png,215,ื,1.0,215,ื,1,215,0.4441,215,0.8651,215,0.8493,215(ื):1.000 | 161(ก):0.000 | 224(เ):0.000,1
PrintAksorn_dataset/test/sara_uee_TH-Baijam-Regular.png,215,ื,1.0,215,ื,1,215,0.6486,215,0.8512,215,0.8308,215(ื):1.000 | 161(ก):0.000 | 224(เ):0.000,1
PrintAksorn_dataset/test/sara_uu_FonLeb-Bold-Italic.png,217,ู,1.0,217,ู,1,217,0.9404,217,0.7604,217,0.5483,217(ู):1.000 | 161(ก):0.000 | 224(เ):0.000,1
PrintAksorn_dataset/test/sara_uu_JS-Pisit-Normal.png,217,ู,1.0,217,ู,1,217,0.5263,217,0.4796,217,0.6137,217(ู):1.000 | 161(ก):0.000 | 224(เ):0.000,1
PrintAksorn_dataset/test/sara_uu_NotoSerifThai-SemiCondensedLight.png,186,บ,1.0,217,ู,0,217,0.7332,186,0.652,186,0.2347,186(บ):1.000 | 161(ก):0.000 | 224(เ):0.000,0
PrintAksorn_dataset/test/sara_uu_Pridi-Regular.png,217,ู,1.0,217,ู,1,217,0.914,217,0.5131,217,0.4252,217(ู):1.000 | 161(ก):0.000 | 224(เ):0.000,1
PrintAksorn_dataset/test/sara_uu_Silom.png,217,ู,1.0,217,ู,1,217,0.9294,217,0.6277,217,0.3855,217(ู):1.000 | 161(ก):0.000 | 224(เ):0.000,1
PrintAksorn_dataset/test/sara_uu_TH-Chakra-Petch-Bold.png,217,ู,1.0,217,ู,1,217,0.9228,217,0.4937,217,0.8146,217(ู):1.000 | 161(ก):0.000 | 224(เ):0.000,1
PrintAksorn_dataset/test/sara_uu_TH-K2D-July8-Italic.png,217,ู,1.0,217,ู,1,217,0.7974,217,0.7897,217,0.294,217(ู):1.000 | 161(ก):0.000 | 224(เ):0.000,1
PrintAksorn_dataset/test/sara_uu_TH-KoHo-Bold.png,217,ู,1.0,217,ู,1,217,0.9097,217,0.6599,217,0.7083,217(ู):1.000 | 161(ก):0.000 | 224(เ):0.000,1
PrintAksorn_dataset/test/sara_uu_Taviraj-SemiBoldItalic.png,186,บ,1.0,217,ู,0,217,0.8479,186,0.5115,186,0.1035,186(บ):1.000 | 161(ก):0.000 | 224(เ):0.000,0
PrintAksorn_dataset/test/sara_uu_Trirong-Regular.png,186,บ,1.0,217,ู,0,217,0.8204,186,0.3255,186,0.3537,186(บ):1.000 | 161(ก):0.000 | 224(เ):0.000,0
PrintAksorn_dataset/test/sara_uu_Trirong-SemiBoldItalic.png,217,ู,1.0,217,ู,1,217,0.8956,186,0.3791,217,0.084,217(ู):1.000 | 161(ก):0.000 | 224(เ):0.000,0
PrintAksorn_dataset/test/sara_uu_Umpush-Bold.png,186,บ,1.0,217,ู,0,217,0.8976,186,0.594,186,0.5075,186(บ):1.000 | 161(ก):0.000 | 224(เ):0.000,0
PrintAksorn_dataset/test/semicolon_Aksaramatee-Regular.png,211,ำ,1.0,,,,210,0.1241,211,0.188,198,0.1482,211(ำ):1.000 | 224(เ):0.000 | 217(ู):0.000,0
PrintAksorn_dataset/test/semicolon_JS-Thanaporn-Normal.png,211,ำ,1.0,,,,210,0.1031,211,0.3155,198,0.1134,211(ำ):1.000 | 224(เ):0.000 | 217(ู):0.000,0
PrintAksorn_dataset/test/semicolon_Kanit-SemiBold.png,208,ะ,1.0,,,,232,0.3054,208,0.6036,208,0.1201,208(ะ):1.000 | 161(ก):0.000 | 224(เ):0.000,0
PrintAksorn_dataset/test/semicolon_NotoSansThai-Bold.png,205,อ,1.0,,,,187,0.1324,186,0.1261,205,0.1765,205(อ):1.000 | 161(ก):0.000 | 224(เ):0.000,0
PrintAksorn_dataset/test/semicolon_NotoSansThai-CondensedThin.png,205,อ,1.0,,,,187,0.1395,205,0.1123,205,0.1762,205(อ):1.000 | 161(ก):0.000 | 224(เ):0.000,0
PrintAksorn_dataset/test/semicolon_NotoSansThai-SemiCondensedExtraBold.png,205,อ,1.0,,,,187,0.1387,205,0.1124,205,0.1755,205(อ):1.000 | 161(ก):0.000 | 224(เ):0.000,0
PrintAksorn_dataset/test/semicolon_NotoSerifThai-CondensedLight.png,205,อ,1.0,,,,187,0.1395,205,0.1123,205,0.1762,205(อ):1.000 | 161(ก):0.000 | 224(เ):0.000,0
PrintAksorn_dataset/test/semicolon_NotoSerifThai-ExtraLight.png,205,อ,1.0,,,,187,0.1324,186,0.1261,205,0.1765,205(อ):1.000 | 161(ก):0.000 | 224(เ):0.000,0
PrintAksorn_dataset/test/semicolon_Sawasdee-Oblique.png,199,ว,1.0,,,,199,0.181,199,0.1595,208,0.1629,199(ว):1.000 | 225(แ):0.000 | 224(เ):0.000,0
PrintAksorn_dataset/test/semicolon_Taviraj-ExtraLight.png,199,ว,1.0,,,,199,0.3245,199,0.2281,199,0.2157,199(ว):1.000 | 225(แ):0.000 | 224(เ):0.000,1
PrintAksorn_dataset/test/slash_ChulaNarak-Regular.png,232,่,1.0,,,,229,0.4082,232,0.8032,232,0.9183,232(่):1.000 | 161(ก):0.000 | 224(เ):0.000,0
PrintAksorn_dataset/test/slash_FonLeb-Bold-Italic.png,232,่,1.0,,,,210,0.3393,232,0.7519,232,0.89,232(่):1.000 | 161(ก):0.000 | 224(เ):0.000,0
PrintAksorn_dataset/test/slash_JS-75-Pumpuang.png,232,่,1.0,,,,229,0.2863,232,0.664,232,0.8663,232(่):1.000 | 161(ก):0.000 | 224(เ):0.000,0
PrintAksorn_dataset/test/slash_JS-Pranee-Italic.png,232,่,1.0,,,,236,0.1339,232,0.4355,232,0.349,232(่):1.000 | 161(ก):0.000 | 224(เ):0.000,0
PrintAksorn_dataset/test/slash_JS-Pumpuang-Normal.png,232,่,1.0,,,,210,0.2991,232,0.7127,232,0.8753,232(่):1.000 | 161(ก):0.000 | 224(เ):0.000,0
PrintAksorn_dataset/test/slash_Kanit-MediumItalic.png,232,่,1.0,,,,210,0.2615,232,0.3054,232,0.7054,232(่):1.000 | 161(ก):0.000 | 224(เ):0.000,0
PrintAksorn_dataset/test/slash_NotoSansThai-CondensedExtraLight.png,205,อ,1.0,,,,187,0.1395,205,0.1123,205,0.1762,205(อ):1.000 | 161(ก):0.000 | 224(เ):0.000,0
PrintAksorn_dataset/test/slash_NotoSerifThai-Black.png,205,อ,1.0,,,,187,0.1355,186,0.1252,205,0.1806,205(อ):1.000 | 161(ก):0.000 | 224(เ):0.000,0
PrintAksorn_dataset/test/slash_Pridi-Regular.png,232,่,1.0,,,,229,0.2887,232,0.6887,232,0.9189,232(่):1.000 | 161(ก):0.000 | 224(เ):0.000,0
PrintAksorn_dataset/test/slash_Prompt-ExtraLightItalic.png,232,่,1.0,,,,210,0.1436,232,0.5651,232,0.8359,232(่):1.000 | 161(ก):0.000 | 224(เ):0.000,0
PrintAksorn_dataset/test/slash_Prompt-Italic.png,232,่,1.0,,,,210,0.2634,232,0.4085,232,0.7149,232(่):1.000 | 161(ก):0.000 | 224(เ):0.000,0
PrintAksorn_dataset/test/slash_Sarabun-Light.png,232,่,1.0,,,,229,0.2845,232,0.7357,232,0.8506,232(่):1.000 | 161(ก):0.000 | 224(เ):0.000,0
PrintAksorn_dataset/test/slash_TH-Baijam-Bold-Italic.png,232,่,1.0,,,,236,0.2386,232,0.3907,232,0.2853,232(่):1.000 | 161(ก):0.000 | 224(เ):0.000,0
PrintAksorn_dataset/test/slash_TH-Baijam-Regular.png,232,่,1.0,,,,210,0.297,232,0.7714,232,0.8712,232(่):1.000 | 161(ก):0.000 | 224(เ):0.000,0
PrintAksorn_dataset/test/slash_TH-Niramit-AS-Italic.png,232,่,1.0,,,,210,0.3777,232,0.7722,232,0.9028,232(่):1.000 | 161(ก):0.000 | 224(เ):0.000,0
PrintAksorn_dataset/test/so_ruesi_Aksaramatee-Bold.png,201,ษ,1.0,201,ษ,1,201,0.4292,201,0.8379,201,0.15,201(ษ):1.000 | 224(เ):0.000 | 217(ู):0.000,1
PrintAksorn_dataset/test/so_ruesi_Athiti-Light.png,201,ษ,1.0,201,ษ,1,201,0.5857,201,0.8833,242,0.3998,201(ษ):1.000 | 224(เ):0.000 | 217(ู):0.000,0
PrintAksorn_dataset/test/so_ruesi_Garuda-BoldOblique.png,201,ษ,1.0,201,ษ,1,201,0.8752,201,0.9373,201,0.7747,201(ษ):1.000 | 224(เ):0.000 | 217(ู):0.000,1
PrintAksorn_dataset/test/so_ruesi_JS-Pumpuang-Normal.png,201,ษ,1.0,201,ษ,1,194,0.8852,201,0.8487,242,0.2369,201(ษ):1.000 | 224(เ):0.000 | 217(ู):0.000,0
PrintAksorn_dataset/test/so_ruesi_JS-Sadayu-Bold.png,201,ษ,1.0,201,ษ,1,201,0.9086,201,0.8322,201,0.8324,201(ษ):1.000 | 224(เ):0.000 | 217(ู):0.000,1
PrintAksorn_dataset/test/so_ruesi_NotoSansThaiLooped-Bold.png,201,ษ,1.0,201,ษ,1,201,0.9208,201,0.9266,201,0.7461,201(ษ):1.000 | 224(เ):0.000 | 217(ู):0.000,1
PrintAksorn_dataset/test/so_ruesi_NotoSerifThai-SemiCondensed.png,201,ษ,1.0,201,ษ,1,201,0.9165,201,0.93,201,0.8223,201(ษ):1.000 | 224(เ):0.000 | 217(ู):0.000,1
PrintAksorn_dataset/test/so_ruesi_Sriracha-Regular.png,201,ษ,1.0,201,ษ,1,201,0.8292,201,0.9233,201,0.7471,201(ษ):1.000 | 224(เ):0.000 | 217(ู):0.000,1
PrintAksorn_dataset/test/so_ruesi_TH-KoHo-Bold-Italic.png,201,ษ,1.0,201,ษ,1,201,0.8112,201,0.8801,201,0.577,201(ษ):1.000 | 224(เ):0.000 | 217(ู):0.000,1
PrintAksorn_dataset/test/so_ruesi_Taviraj-ExtraLightItalic.png,201,ษ,1.0,201,ษ,1,201,0.9083,201,0.9077,201,0.8427,201(ษ):1.000 | 224(เ):0.000 | 217(ู):0.000,1
PrintAksorn_dataset/test/so_ruesi_Taviraj-Italic.png,201,ษ,1.0,201,ษ,1,201,0.912,201,0.916,201,0.7853,201(ษ):1.000 | 224(เ):0.000 | 217(ู):0.000,1
PrintAksorn_dataset/test/so_ruesi_Umpush-Light.png,201,ษ,1.0,201,ษ,1,201,0.9114,201,0.9333,201,0.7477,201(ษ):1.000 | 224(เ):0.000 | 217(ู):0.000,1
PrintAksorn_dataset/test/so_ruesi_Waree-BoldOblique.png,201,ษ,1.0,201,ษ,1,201,0.9108,201,0.9282,201,0.738,201(ษ):1.000 | 224(เ):0.000 | 217(ู):0.000,1
PrintAksorn_dataset/test/so_sala_JS-Saksit-Normal.png,200,ศ,1.0,200,ศ,1,200,0.8631,200,0.9398,200,0.7546,200(ศ):1.000 | 224(เ):0.000 | 217(ู):0.000,1
PrintAksorn_dataset/test/so_sala_Kanit-BlackItalic.png,205,อ,1.0,200,ศ,0,164,0.4284,205,0.5316,248,0.3132,205(อ):1.000 | 161(ก):0.000 | 224(เ):0.000,0
PrintAksorn_dataset/test/so_sala_Kinnari-Italic.png,200,ศ,1.0,200,ศ,1,200,0.9216,200,0.943,200,0.8839,200(ศ):1.000 | 224(เ):0.000 | 217(ู):0.000,1
PrintAksorn_dataset/test/so_sala_Laksaman.png,200,ศ,1.0,200,ศ,1,200,0.9053,200,0.9553,200,0.6289,200(ศ):1.000 | 224(เ):0.000 | 217(ู):0.000,1
PrintAksorn_dataset/test/so_sala_NotoSansThai-SemiCondensedSemiBold.png,200,ศ,1.0,200,ศ,1,200,0.3955,200,0.873,200,0.2575,200(ศ):1.000 | 224(เ):0.000 | 217(ู):0.000,1
PrintAksorn_dataset/test/so_sala_NotoSansThaiLooped-SemiBold.png,200,ศ,1.0,200,ศ,1,200,0.9339,200,0.7849,200,0.2635,200(ศ):1.000 | 224(เ):0.000 | 217(ู):0.000,1
PrintAksorn_dataset/test/so_sala_NotoSerifThai-ExtraCondensedLight.png,200,ศ,1.0,200,ศ,1,200,0.476,200,0.9127,200,0.4839,200(ศ):1.000 | 224(เ):0.000 | 217(ู):0.000,1
PrintAksorn_dataset/test/so_sala_TH-Kodchasal-Regular.png,200,ศ,1.0,200,ศ,1,200,0.9714,200,0.8582,200,0.4998,200(ศ):1.000 | 224(เ):0.000 | 217(ู):0.000,1
PrintAksorn_dataset/test/so_sala_Taviraj-ExtraBold.png,200,ศ,1.0,200,ศ,1,200,0.9313,200,0.7682,172,0.1428,200(ศ):1.000 | 224(เ):0.000 | 217(ู):0.000,0
PrintAksorn_dataset/test/so_sala_Taviraj-LightItalic.png,200,ศ,1.0,200,ศ,1,200,0.5415,200,0.8896,200,0.236,200(ศ):1.000 | 224(เ):0.000 | 217(ู):0.000,1
PrintAksorn_dataset/test/so_sala_TlwgTypewriter.png,200,ศ,1.0,200,ศ,1,200,0.3598,200,0.841,248,0.3177,200(ศ):1.000 | 224(เ):0.000 | 217(ู):0.000,0
PrintAksorn_dataset/test/so_sala_Trirong-Medium.png,200,ศ,1.0,200,ศ,1,200,0.4331,200,0.8407,248,0.1197,200(ศ):1.000 | 224(เ):0.000 | 217(ู):0.000,0
PrintAksorn_dataset/test/so_so_JS-Wansika-Italic.png,170,ช,1.0,171,ซ,0,170,0.1565,171,0.6114,170,0.1479,170(ช):1.000 | 225(แ):0.000 | 224(เ):0.000,0
PrintAksorn_dataset/test/so_so_Kinnari.png,171,ซ,1.0,171,ซ,1,171,0.8951,171,0.9075,171,0.4683,171(ซ):1.000 | 161(ก):0.000 | 225(แ):0.000,1
PrintAksorn_dataset/test/so_so_Maitree-Bold.png,170,ช,1.0,171,ซ,0,245,0.125,170,0.419,201,0.1262,170(ช):1.000 | 225(แ):0.000 | 224(เ):0.000,0
PrintAksorn_dataset/test/so_so_NotoSerifThai-SemiCondensedSemiBold.png,201,ษ,1.0,171,ซ,0,171,0.6066,201,0.3684,201,0.115,201(ษ):1.000 | 224(เ):0.000 | 217(ู):0.000,0
PrintAksorn_dataset/test/so_so_PSK-SmartBI.png,201,ษ,1.0,171,ซ,0,171,0.8787,201,0.4728,201,0.3172,201(ษ):1.000 | 224(เ):0.000 | 217(ู):0.000,0
PrintAksorn_dataset/test/so_so_TH-Niramit-AS-Bold-Italic.png,171,ซ,1.0,171,ซ,1,171,0.8706,171,0.8709,171,0.2488,171(ซ):1.000 | 161(ก):0.000 | 225(แ):0.000,1
PrintAksorn_dataset/test/so_so_TH-Niramit-AS-Italic.png,171,ซ,1.0,171,ซ,1,171,0.3974,171,0.7673,171,0.6178,171(ซ):1.000 | 161(ก):0.000 | 225(แ):0.000,1
PrintAksorn_dataset/test/so_so_TlwgTypo.png,171,ซ,1.0,171,ซ,1,171,0.7939,171,0.5191,166,0.0596,171(ซ):1.000 | 161(ก):0.000 | 225(แ):0.000,0
PrintAksorn_dataset/test/so_suea_JS-Jindara-Bold-Italic.png,202,ส,1.0,202,ส,1,202,0.9063,202,0.9045,202,0.8495,202(ส):1.000 | 225(แ):0.000 | 224(เ):0.000,1
PrintAksorn_dataset/test/so_suea_JS-Padachamai-Normal.png,202,ส,1.0,202,ส,1,202,0.9277,202,0.9186,202,0.574,202(ส):1.000 | 225(แ):0.000 | 224(เ):0.000,1
PrintAksorn_dataset/test/so_suea_JS-Pranee-Italic.png,202,ส,1.0,202,ส,1,202,0.9114,202,0.9256,202,0.7587,202(ส):1.000 | 225(แ):0.000 | 224(เ):0.000,1
PrintAksorn_dataset/test/so_suea_JS-Pudgrong-Normal.png,202,ส,1.0,202,ส,1,202,0.9033,202,0.9469,202,0.7672,202(ส):1.000 | 225(แ):0.000 | 224(เ):0.000,1
PrintAksorn_dataset/test/so_suea_JS-Saksit-Bold.png,202,ส,1.0,202,ส,1,202,0.8949,202,0.6379,202,0.4011,202(ส):1.000 | 225(แ):0.000 | 224(เ):0.000,1
PrintAksorn_dataset/test/so_suea_Kanit-Black.png,197,ล,1.0,202,ส,0,202,0.1924,205,0.2188,197,0.294,197(ล):1.000 | 161(ก):0.000 | 224(เ):0.000,0
PrintAksorn_dataset/test/so_suea_Kinnari-BoldOblique.png,202,ส,1.0,202,ส,1,202,0.8987,202,0.91,202,0.93,202(ส):1.000 | 225(แ):0.000 | 224(เ):0.000,1
PrintAksorn_dataset/test/so_suea_Maitree-Medium.png,202,ส,1.0,202,ส,1,202,0.9373,202,0.8749,197,0.2493,202(ส):1.000 | 225(แ):0.000 | 224(เ):0.000,0
PrintAksorn_dataset/test/so_suea_NotoSansThai-SemiCondensed.png,202,ส,1.0,202,ส,1,202,0.8367,202,0.8946,248,0.3125,202(ส):1.000 | 225(แ):0.000 | 224(เ):0.000,0
PrintAksorn_dataset/test/so_suea_NotoSerifThai-ExtraCondensedExtraBold.png,202,ส,1.0,202,ส,1,202,0.9043,202,0.9028,202,0.5573,202(ส):1.000 | 225(แ):0.000 | 224(เ):0.000,1
PrintAksorn_dataset/test/so_suea_Prompt-ExtraLightItalic.png,202,ส,1.0,202,ส,1,202,0.8463,202,0.9108,248,0.1548,202(ส):1.000 | 225(แ):0.000 | 224(เ):0.000,0
PrintAksorn_dataset/test/so_suea_Sarabun-ExtraLight.png,202,ส,1.0,202,ส,1,202,0.9148,202,0.9231,202,0.8736,202(ส):1.000 | 225(แ):0.000 | 224(เ):0.000,1
PrintAksorn_dataset/test/so_suea_TH-Baijam-Bold-Italic.png,202,ส,1.0,202,ส,1,202,0.9275,202,0.8675,202,0.6686,202(ส):1.000 | 225(แ):0.000 | 224(เ):0.000,1
PrintAksorn_dataset/test/so_suea_TH-Fahkwang-Regular.png,202,ส,1.0,202,ส,1,202,0.8683,202,0.8949,202,0.6797,202(ส):1.000 | 225(แ):0.000 | 224(เ):0.000,1
PrintAksorn_dataset/test/so_suea_Taviraj-SemiBoldItalic.png,202,ส,1.0,202,ส,1,202,0.908,202,0.8141,202,0.3474,202(ส):1.000 | 225(แ):0.000 | 224(เ):0.000,1
PrintAksorn_dataset/test/so_suea_Taviraj-Thin.png,202,ส,1.0,202,ส,1,202,0.9207,202,0.8904,197,0.5544,202(ส):1.000 | 225(แ):0.000 | 224(เ):0.000,0
PrintAksorn_dataset/test/thanthakhat_DC-Palamongkol-Bold.png,236,์,1.0,236,์,1,236,0.8128,236,0.87,248,0.4317,236(์):1.000 | 161(ก):0.000 | 224(เ):0.000,0
PrintAksorn_dataset/test/thanthakhat_Garuda-Bold.png,236,์,1.0,236,์,1,236,0.883,236,0.8871,248,0.2465,236(์):1.000 | 161(ก):0.000 | 224(เ):0.000,0
PrintAksorn_dataset/test/thanthakhat_JS-Mookravee-Normal.png,236,์,1.0,236,์,1,236,0.916,236,0.9369,236,0.8519,236(์):1.000 | 161(ก):0.000 | 224(เ):0.000,1
PrintAksorn_dataset/test/thanthakhat_JS-Rapee-Italic.png,236,์,1.0,236,์,1,236,0.8959,236,0.9234,236,0.9311,236(์):1.000 | 161(ก):0.000 | 224(เ):0.000,1
PrintAksorn_dataset/test/thanthakhat_Kinnari-Italic.png,236,์,1.0,236,์,1,236,0.9143,236,0.9652,236,0.9151,236(์):1.000 | 161(ก):0.000 | 224(เ):0.000,1
PrintAksorn_dataset/test/thanthakhat_NotoSansThai-SemiCondensedBlack.png,232,่,1.0,236,์,0,232,0.4387,205,0.3018,244,0.1382,232(่):1.000 | 161(ก):0.000 | 224(เ):0.000,0
PrintAksorn_dataset/test/thanthakhat_NotoSansThaiLooped-Light.png,236,์,1.0,236,์,1,236,0.7782,236,0.7891,248,0.2886,236(์):1.000 | 161(ก):0.000 | 224(เ):0.000,0
PrintAksorn_dataset/test/thanthakhat_Pattaya-Regular.png,235,๋,1.0,236,์,0,236,0.2495,235,0.459,248,0.163,235(๋):1.000 | 161(ก):0.000 | 224(เ):0.000,0
PrintAksorn_dataset/test/thanthakhat_Prompt-SemiBoldItalic.png,212,ิ,1.0,236,์,0,236,0.1255,212,0.4243,248,0.4554,212(ิ):1.000 | 161(ก):0.000 | 224(เ):0.000,0
PrintAksorn_dataset/test/thanthakhat_TH-Baijam-Bold-Italic.png,236,์,1.0,236,์,1,236,0.802,209,0.4056,236,0.7893,236(์):1.000 | 161(ก):0.000 | 224(เ):0.000,0
PrintAksorn_dataset/test/thanthakhat_TH-Srisakdi-Bold.png,236,์,1.0,236,์,1,236,0.1761,236,0.7386,248,0.3209,236(์):1.000 | 161(ก):0.000 | 224(เ):0.000,0
PrintAksorn_dataset/test/thanthakhat_TlwgMono-BoldOblique.png,236,์,1.0,236,์,1,236,0.9361,236,0.3722,244,0.3406,236(์):1.000 | 161(ก):0.000 | 224(เ):0.000,0
PrintAksorn_dataset/test/thanthakhat_Umpush-Oblique.png,236,์,1.0,236,์,1,236,0.8522,236,0.3936,236,0.4772,236(์):1.000 | 161(ก):0.000 | 224(เ):0.000,1
PrintAksorn_dataset/test/thanthakhat_Umpush.png,236,์,1.0,236,์,1,236,0.8482,236,0.3746,236,0.4594,236(์):1.000 | 161(ก):0.000 | 224(เ):0.000,1
PrintAksorn_dataset/test/tho_montho_Chonburi-Regular.png,178,ฒ,1.0,177,ฑ,0,183,0.9378,178,0.0944,178,0.1449,178(ฒ):1.000 | 161(ก):0.000 | 225(แ):0.000,0
PrintAksorn_dataset/test/tho_montho_JS-Chulee.png,177,ฑ,1.0,177,ฑ,1,183,0.6342,177,0.8835,177,0.6845,177(ฑ):1.000 | 161(ก):0.000 | 225(แ):0.000,0
PrintAksorn_dataset/test/tho_montho_JS-Junkaew-Italic.png,177,ฑ,1.0,177,ฑ,1,183,0.5766,177,0.8515,177,0.2626,177(ฑ):1.000 | 161(ก):0.000 | 225(แ):0.000,0
PrintAksorn_dataset/test/tho_montho_JS-Puriphop-Normal.png,181,ต,1.0,177,ฑ,0,181,0.1589,177,0.3482,181,0.2272,181(ต):1.000 | 225(แ):0.000 | 224(เ):0.000,0
PrintAksorn_dataset/test/tho_montho_JS-Synjai-Italic.png,177,ฑ,1.0,177,ฑ,1,183,0.2358,177,0.9246,177,0.3887,177(ฑ):1.000 | 161(ก):0.000 | 225(แ):0.000,0
PrintAksorn_dataset/test/tho_montho_NotoSansThai-SemiBold.png,177,ฑ,1.0,177,ฑ,1,183,0.9069,177,0.7164,177,0.8438,177(ฑ):1.000 | 161(ก):0.000 | 225(แ):0.000,0
PrintAksorn_dataset/test/tho_montho_NotoSerifThai-ExtraCondensed.png,177,ฑ,1.0,177,ฑ,1,183,0.315,177,0.8463,177,0.5741,177(ฑ):1.000 | 161(ก):0.000 | 225(แ):0.000,0
PrintAksorn_dataset/test/tho_montho_NotoSerifThai-SemiCondensedBlack.png,183,ท,1.0,177,ฑ,0,183,0.5761,177,0.2557,178,0.4412,183(ท):1.000 | 161(ก):0.000 | 224(เ):0.000,0
PrintAksorn_dataset/test/tho_montho_NotoSerifThai-SemiCondensedExtraBold.png,177,ฑ,1.0,177,ฑ,1,183,0.5701,177,0.5244,177,0.3119,177(ฑ):1.000 | 161(ก):0.000 | 225(แ):0.000,0
PrintAksorn_dataset/test/tho_montho_Sriracha-Regular.png,177,ฑ,1.0,177,ฑ,1,183,0.8816,177,0.7951,177,0.3826,177(ฑ):1.000 | 161(ก):0.000 | 225(แ):0.000,0
PrintAksorn_dataset/test/tho_montho_TH-Fahkwang-Regular.png,181,ต,1.0,177,ฑ,0,181,0.3899,183,0.3537,181,0.5194,181(ต):1.000 | 225(แ):0.000 | 224(เ):0.000,0
PrintAksorn_dataset/test/tho_montho_TlwgMono-Bold.png,177,ฑ,1.0,177,ฑ,1,183,0.3281,177,0.8181,177,0.4938,177(ฑ):1.000 | 161(ก):0.000 | 225(แ):0.000,0
PrintAksorn_dataset/test/tho_montho_TlwgTypo-BoldOblique.png,183,ท,1.0,177,ฑ,0,183,0.3765,203,0.4539,178,0.2016,183(ท):1.000 | 161(ก):0.000 | 224(เ):0.000,0
PrintAksorn_dataset/test/tho_montho_Trirong-Medium.png,177,ฑ,1.0,177,ฑ,1,183,0.2491,177,0.7542,178,0.4375,177(ฑ):1.000 | 161(ก):0.000 | 225(แ):0.000,0
PrintAksorn_dataset/test/tho_phuthao_JS-Thanaporn-Normal.png,173,ญ,1.0,178,ฒ,0,173,0.6152,178,0.561,247,0.1329,173(ญ):1.000 | 161(ก):0.000 | 225(แ):0.000,0
PrintAksorn_dataset/test/tho_phuthao_Kinnari-BoldOblique.png,178,ฒ,1.0,178,ฒ,1,178,0.939,178,0.8977,178,0.9033,178(ฒ):1.000 | 161(ก):0.000 | 225(แ):0.000,1
PrintAksorn_dataset/test/tho_phuthao_Laksaman-Italic.png,178,ฒ,1.0,178,ฒ,1,178,0.9391,178,0.9134,178,0.8713,178(ฒ):1.000 | 161(ก):0.000 | 225(แ):0.000,1
PrintAksorn_dataset/test/tho_phuthao_NotoSansThai-CondensedThin.png,173,ญ,1.0,178,ฒ,0,173,0.4343,178,0.1876,247,0.1979,173(ญ):1.000 | 161(ก):0.000 | 225(แ):0.000,0
PrintAksorn_dataset/test/tho_phuthao_NotoSerifThai-SemiCondensed.png,178,ฒ,1.0,178,ฒ,1,178,0.904,178,0.9002,178,0.8002,178(ฒ):1.000 | 161(ก):0.000 | 225(แ):0.000,1
PrintAksorn_dataset/test/tho_phuthao_NotoSerifThai-SemiCondensedBlack.png,178,ฒ,1.0,178,ฒ,1,178,0.835,178,0.8439,178,0.8992,178(ฒ):1.000 | 161(ก):0.000 | 225(แ):0.000,1
PrintAksorn_dataset/test/tho_phuthao_Sarabun-Regular.png,178,ฒ,1.0,178,ฒ,1,178,0.9161,178,0.8731,178,0.8459,178(ฒ):1.000 | 161(ก):0.000 | 225(แ):0.000,1
PrintAksorn_dataset/test/tho_phuthao_Umpush-Oblique.png,178,ฒ,1.0,178,ฒ,1,178,0.883,178,0.8765,178,0.672,178(ฒ):1.000 | 161(ก):0.000 | 225(แ):0.000,1
PrintAksorn_dataset/test/tho_phuthao_Waree-Bold.png,178,ฒ,1.0,178,ฒ,1,178,0.8399,178,0.9037,178,0.8668,178(ฒ):1.000 | 161(ก):0.000 | 225(แ):0.000,1
PrintAksorn_dataset/test/tho_thahan_DC-Palamongkol-Regular.png,183,ท,1.0,183,ท,1,183,0.6994,183,0.7086,183,0.3417,183(ท):1.000 | 161(ก):0.000 | 224(เ):0.000,1
PrintAksorn_dataset/test/tho_thahan_JS-Saowapark-Italic.png,183,ท,1.0,183,ท,1,183,0.8819,183,0.912,183,0.8564,183(ท):1.000 | 161(ก):0.000 | 224(เ):0.000,1
PrintAksorn_dataset/test/tho_thahan_NotoSansThaiLooped-Bold.png,183,ท,1.0,183,ท,1,183,0.8855,183,0.7814,183,0.8004,183(ท):1.000 | 161(ก):0.000 | 224(เ):0.000,1
PrintAksorn_dataset/test/tho_thahan_NotoSerifThai-SemiCondensed.png,183,ท,1.0,183,ท,1,183,0.8505,183,0.6736,183,0.4964,183(ท):1.000 | 161(ก):0.000 | 224(เ):0.000,1
PrintAksorn_dataset/test/tho_thahan_Sarabun-ThinItalic.png,183,ท,1.0,183,ท,1,183,0.8739,183,0.8651,183,0.4972,183(ท):1.000 | 161(ก):0.000 | 224(เ):0.000,1
PrintAksorn_dataset/test/tho_thahan_Taviraj-ExtraLightItalic.png,183,ท,1.0,183,ท,1,183,0.7706,183,0.8179,183,0.2538,183(ท):1.000 | 161(ก):0.000 | 224(เ):0.000,1
PrintAksorn_dataset/test/tho_thahan_Trirong-BoldItalic.png,183,ท,1.0,183,ท,1,183,0.8205,183,0.7051,190,0.2041,183(ท):1.000 | 161(ก):0.000 | 224(เ):0.000,0
PrintAksorn_dataset/test/tho_than_Aksaramatee-Italic.png,176,ฐ,1.0,176,ฐ,1,176,0.6837,176,0.8979,176,0.9467,176(ฐ):1.000 | 161(ก):0.000 | 225(แ):0.000,1
PrintAksorn_dataset/test/tho_than_ChulaNarak-Regular.png,176,ฐ,1.0,176,ฐ,1,176,0.4489,176,0.8845,176,0.8231,176(ฐ):1.000 | 161(ก):0.000 | 225(แ):0.000,1
PrintAksorn_dataset/test/tho_than_DC-Palamongkol-Regular.png,176,ฐ,1.0,176,ฐ,1,176,0.7898,176,0.898,176,0.4845,176(ฐ):1.000 | 161(ก):0.000 | 225(แ):0.000,1
PrintAksorn_dataset/test/tho_than_JS-Saksit-Normal.png,176,ฐ,1.0,176,ฐ,1,176,0.3188,176,0.8762,176,0.6836,176(ฐ):1.000 | 161(ก):0.000 | 225(แ):0.000,1
PrintAksorn_dataset/test/tho_than_Kinnari-Bold.png,176,ฐ,1.0,176,ฐ,1,176,0.456,176,0.9076,176,0.5897,176(ฐ):1.000 | 161(ก):0.000 | 225(แ):0.000,1
PrintAksorn_dataset/test/tho_than_Mitr-Regular.png,174,ฎ,1.0,176,ฐ,0,202,0.2397,174,0.3245,174,0.1208,174(ฎ):1.000 | 161(ก):0.000 | 225(แ):0.000,0
PrintAksorn_dataset/test/tho_than_Norasi-BoldItalic.png,176,ฐ,1.0,176,ฐ,1,195,0.4826,176,0.9117,176,0.8151,176(ฐ):1.000 | 161(ก):0.000 | 225(แ):0.000,0
PrintAksorn_dataset/test/tho_than_NotoSansThai-CondensedBold.png,176,ฐ,1.0,176,ฐ,1,176,0.3192,175,0.5507,176,0.6664,176(ฐ):1.000 | 161(ก):0.000 | 225(แ):0.000,0
PrintAksorn_dataset/test/tho_than_NotoSerifThai-ExtraCondensedExtraLight.png,176,ฐ,1.0,176,ฐ,1,175,0.459,176,0.7716,174,0.3415,176(ฐ):1.000 | 161(ก):0.000 | 225(แ):0.000,0
PrintAksorn_dataset/test/tho_than_Sriracha-Regular.png,176,ฐ,1.0,176,ฐ,1,202,0.1441,176,0.9051,248,0.1619,176(ฐ):1.000 | 161(ก):0.000 | 225(แ):0.000,0
PrintAksorn_dataset/test/tho_thong_Loma.png,184,ธ,1.0,184,ธ,1,184,0.5387,184,0.9563,184,0.8581,184(ธ):1.000 | 161(ก):0.000 | 224(เ):0.000,1
PrintAksorn_dataset/test/tho_thong_NotoSansThai-Bold.png,184,ธ,1.0,184,ธ,1,184,0.1791,184,0.8141,248,0.2618,184(ธ):1.000 | 161(ก):0.000 | 224(เ):0.000,0
PrintAksorn_dataset/test/tho_thong_NotoSansThaiLooped-Thin.png,184,ธ,1.0,184,ธ,1,184,0.2565,184,0.967,184,0.3958,184(ธ):1.000 | 161(ก):0.000 | 224(เ):0.000,1
PrintAksorn_dataset/test/tho_thong_Prompt-ExtraLight.png,184,ธ,1.0,184,ธ,1,197,0.2217,184,0.3026,248,0.3771,184(ธ):1.000 | 161(ก):0.000 | 224(เ):0.000,0
PrintAksorn_dataset/test/tho_thong_Sarabun-ExtraBold.png,184,ธ,1.0,184,ธ,1,249,0.1855,184,0.9639,184,0.2485,184(ธ):1.000 | 161(ก):0.000 | 224(เ):0.000,0
PrintAksorn_dataset/test/tho_thong_TH-Charmonman-Regular.png,184,ธ,1.0,184,ธ,1,184,0.2965,184,0.8724,184,0.6886,184(ธ):1.000 | 161(ก):0.000 | 224(เ):0.000,1
PrintAksorn_dataset/test/tho_thong_Taviraj-MediumItalic.png,184,ธ,1.0,184,ธ,1,184,0.7577,184,0.9585,184,0.7987,184(ธ):1.000 | 161(ก):0.000 | 224(เ):0.000,1
PrintAksorn_dataset/test/tho_thung_ChulaNarak-Bold-Italic.png,182,ถ,1.0,182,ถ,1,182,0.7641,182,0.9453,182,0.9599,182(ถ):1.000 | 161(ก):0.000 | 225(แ):0.000,1
PrintAksorn_dataset/test/tho_thung_FonLeb-Italic.png,182,ถ,1.0,182,ถ,1,182,0.8764,182,0.921,182,0.9616,182(ถ):1.000 | 161(ก):0.000 | 225(แ):0.000,1
PrintAksorn_dataset/test/tho_thung_Himmaparnt-Bold.png,182,ถ,1.0,182,ถ,1,182,0.8361,182,0.9177,182,0.9208,182(ถ):1.000 | 161(ก):0.000 | 225(แ):0.000,1
PrintAksorn_dataset/test/tho_thung_JS-75-Pumpuang.png,161,ก,1.0,182,ถ,0,183,0.2928,161,0.8287,161,0.7848,161(ก):1.000 | 224(เ):0.000 | 217(ู):0.000,0
PrintAksorn_dataset/test/tho_thung_JS-Angsumalin.png,182,ถ,1.0,182,ถ,1,182,0.9079,182,0.7985,182,0.7631,182(ถ):1.000 | 161(ก):0.000 | 225(แ):0.000,1
PrintAksorn_dataset/test/tho_thung_Prompt-BoldItalic.png,182,ถ,1.0,182,ถ,1,182,0.4441,164,0.226,241,0.243,182(ถ):1.000 | 161(ก):0.000 | 225(แ):0.000,0
PrintAksorn_dataset/test/tho_thung_TH-Fahkwang-Italic.png,182,ถ,1.0,182,ถ,1,182,0.7361,182,0.951,182,0.943,182(ถ):1.000 | 161(ก):0.000 | 225(แ):0.000,1
PrintAksorn_dataset/test/tho_thung_Taviraj-LightItalic.png,182,ถ,1.0,182,ถ,1,182,0.7678,182,0.9568,182,0.9654,182(ถ):1.000 | 161(ก):0.000 | 225(แ):0.000,1
PrintAksorn_dataset/test/to_patak_JS-Saksit-Normal.png,175,ฏ,1.0,175,ฏ,1,175,0.9621,175,0.8051,175,0.6429,175(ฏ):1.000 | 161(ก):0.000 | 225(แ):0.000,1
PrintAksorn_dataset/test/to_patak_Laksaman.png,175,ฏ,1.0,175,ฏ,1,175,0.9224,175,0.8459,175,0.8872,175(ฏ):1.000 | 161(ก):0.000 | 225(แ):0.000,1
PrintAksorn_dataset/test/to_patak_NotoSerifThai-CondensedBlack.png,175,ฏ,1.0,175,ฏ,1,175,0.9534,175,0.8236,175,0.5101,175(ฏ):1.000 | 161(ก):0.000 | 225(แ):0.000,1
PrintAksorn_dataset/test/to_patak_NotoSerifThai-CondensedSemiBold.png,175,ฏ,1.0,175,ฏ,1,175,0.9486,175,0.8599,175,0.486,175(ฏ):1.000 | 161(ก):0.000 | 225(แ):0.000,1
PrintAksorn_dataset/test/to_patak_NotoSerifThai-SemiCondensedLight.png,175,ฏ,1.0,175,ฏ,1,175,0.9187,175,0.8491,175,0.6497,175(ฏ):1.000 | 161(ก):0.000 | 225(แ):0.000,1
PrintAksorn_dataset/test/to_patak_SR-FahMai-Bold.png,175,ฏ,1.0,175,ฏ,1,175,0.9281,175,0.8807,175,0.6671,175(ฏ):1.000 | 161(ก):0.000 | 225(แ):0.000,1
PrintAksorn_dataset/test/to_patak_SukhumvitSet.png,174,ฎ,1.0,175,ฏ,0,182,0.1695,174,0.4716,174,0.7352,174(ฎ):1.000 | 161(ก):0.000 | 225(แ):0.000,0
PrintAksorn_dataset/test/to_patak_TlwgMono-Oblique.png,175,ฏ,1.0,175,ฏ,1,175,0.8301,175,0.8739,175,0.9156,175(ฏ):1.000 | 161(ก):0.000 | 225(แ):0.000,1
PrintAksorn_dataset/test/to_patak_Trirong-Thin.png,175,ฏ,1.0,175,ฏ,1,175,0.9038,175,0.834,175,0.6293,175(ฏ):1.000 | 161(ก):0.000 | 225(แ):0.000,1
PrintAksorn_dataset/test/to_tao_JS-Charnchai-Normal.png,181,ต,1.0,181,ต,1,181,0.9108,181,0.7836,181,0.9476,181(ต):1.000 | 225(แ):0.000 | 224(เ):0.000,1
PrintAksorn_dataset/test/to_tao_JS-Junkaew-Italic.png,181,ต,1.0,181,ต,1,181,0.8952,181,0.9065,181,0.8984,181(ต):1.000 | 225(แ):0.000 | 224(เ):0.000,1
PrintAksorn_dataset/test/to_tao_JS-Saowapark-Italic.png,181,ต,1.0,181,ต,1,181,0.9124,181,0.8551,181,0.86,181(ต):1.000 | 225(แ):0.000 | 224(เ):0.000,1
PrintAksorn_dataset/test/to_tao_Kanit-MediumItalic.png,243,๓,1.0,181,ต,0,243,0.2534,165,0.3929,243,0.8102,243(๓):1.000 | 161(ก):0.000 | 224(เ):0.000,0
PrintAksorn_dataset/test/to_tao_NotoSansThai-ExtraCondensedMedium.png,243,๓,1.0,181,ต,0,182,0.0994,165,0.4442,243,0.4879,243(๓):1.000 | 161(ก):0.000 | 224(เ):0.000,0
PrintAksorn_dataset/test/to_tao_NotoSansThai-Light.png,165,ฅ,1.0,181,ต,0,194,0.098,165,0.6543,243,0.5923,165(ฅ):1.000 | 161(ก):0.000 | 225(แ):0.000,0
PrintAksorn_dataset/test/to_tao_NotoSansThai-SemiCondensedExtraLight.png,243,๓,1.0,181,ต,0,194,0.11,181,0.4568,243,0.5854,243(๓):1.000 | 161(ก):0.000 | 224(เ):0.000,0
PrintAksorn_dataset/test/to_tao_NotoSerifThai-CondensedLight.png,181,ต,1.0,181,ต,1,181,0.9069,181,0.8656,181,0.9068,181(ต):1.000 | 225(แ):0.000 | 224(เ):0.000,1
PrintAksorn_dataset/test/to_tao_Prompt-Medium.png,243,๓,1.0,181,ต,0,243,0.2083,181,0.4245,243,0.6744,243(๓):1.000 | 161(ก):0.000 | 224(เ):0.000,0
PrintAksorn_dataset/test/to_tao_Prompt-SemiBoldItalic.png,243,๓,1.0,181,ต,0,243,0.3463,165,0.3556,243,0.7783,243(๓):1.000 | 161(ก):0.000 | 224(เ):0.000,0
PrintAksorn_dataset/test/to_tao_Sarabun-Italic.png,181,ต,1.0,181,ต,1,181,0.9206,181,0.5552,181,0.7667,181(ต):1.000 | 225(แ):0.000 | 224(เ):0.000,1
PrintAksorn_dataset/test/to_tao_Trirong-ThinItalic.png,181,ต,1.0,181,ต,1,181,0.8597,181,0.8131,181,0.8793,181(ต):1.000 | 225(แ):0.000 | 224(เ):0.000,1
PrintAksorn_dataset/test/wo_waen_DC-Palamongkol-Regular.png,199,ว,1.0,199,ว,1,199,0.9104,199,0.8804,199,0.9467,199(ว):1.000 | 225(แ):0.000 | 224(เ):0.000,1
PrintAksorn_dataset/test/wo_waen_FonLeb-Bold.png,199,ว,1.0,199,ว,1,199,0.8701,199,0.9174,199,0.9107,199(ว):1.000 | 225(แ):0.000 | 224(เ):0.000,1
PrintAksorn_dataset/test/wo_waen_JS-Prajuk-Italic.png,199,ว,1.0,199,ว,1,199,0.8954,199,0.8935,199,0.7231,199(ว):1.000 | 225(แ):0.000 | 224(เ):0.000,1
PrintAksorn_dataset/test/wo_waen_JS-Pumpuang-Normal.png,240,๐,1.0,199,ว,0,240,0.4283,199,0.4639,241,0.1313,240(๐):1.000 | 161(ก):0.000 | 224(เ):0.000,0
PrintAksorn_dataset/test/wo_waen_KaniGa-Bold.png,199,ว,1.0,199,ว,1,199,0.8973,199,0.9407,199,0.911,199(ว):1.000 | 225(แ):0.000 | 224(เ):0.000,1
PrintAksorn_dataset/test/wo_waen_Loma-Bold.png,199,ว,1.0,199,ว,1,199,0.9042,199,0.8823,199,0.8574,199(ว):1.000 | 225(แ):0.000 | 224(เ):0.000,1
PrintAksorn_dataset/test/wo_waen_Mitr-Medium.png,199,ว,1.0,199,ว,1,199,0.226,199,0.5991,241,0.2517,199(ว):1.000 | 225(แ):0.000 | 224(เ):0.000,0
PrintAksorn_dataset/test/wo_waen_PSK-Smart-Bold.png,199,ว,1.0,199,ว,1,199,0.8944,199,0.9103,199,0.9322,199(ว):1.000 | 225(แ):0.000 | 224(เ):0.000,1
PrintAksorn_dataset/test/wo_waen_Pattaya-Regular.png,199,ว,1.0,199,ว,1,199,0.3911,199,0.3172,241,0.6959,199(ว):1.000 | 225(แ):0.000 | 224(เ):0.000,0
PrintAksorn_dataset/test/wo_waen_Pridi-Bold.png,199,ว,1.0,199,ว,1,199,0.8214,199,0.503,199,0.6015,199(ว):1.000 | 225(แ):0.000 | 224(เ):0.000,1
PrintAksorn_dataset/test/wo_waen_Pridi-SemiBold.png,199,ว,1.0,199,ว,1,199,0.851,199,0.6384,199,0.816,199(ว):1.000 | 225(แ):0.000 | 224(เ):0.000,1
PrintAksorn_dataset/test/wo_waen_TH-Mali-Grade6-Regular.png,199,ว,1.0,199,ว,1,199,0.8846,199,0.9396,199,0.9022,199(ว):1.000 | 225(แ):0.000 | 224(เ):0.000,1
PrintAksorn_dataset/test/yo_yak_JS-Rapee-Bold.png,194,ย,1.0,194,ย,1,194,0.9071,194,0.5544,194,0.6349,194(ย):1.000 | 161(ก):0.000 | 224(เ):0.000,1
PrintAksorn_dataset/test/yo_yak_Kinnari-BoldItalic.png,194,ย,1.0,194,ย,1,194,0.9053,194,0.8289,194,0.8449,194(ย):1.000 | 161(ก):0.000 | 224(เ):0.000,1
PrintAksorn_dataset/test/yo_yak_NotoSansThai-CondensedExtraBold.png,194,ย,1.0,194,ย,1,194,0.8986,205,0.5107,194,0.4353,194(ย):1.000 | 161(ก):0.000 | 224(เ):0.000,0
PrintAksorn_dataset/test/yo_yak_NotoSerifThai-SemiCondensedMedium.png,194,ย,1.0,194,ย,1,194,0.9048,194,0.9308,194,0.7168,194(ย):1.000 | 161(ก):0.000 | 224(เ):0.000,1
PrintAksorn_dataset/test/yo_yak_Taviraj-Light.png,194,ย,1.0,194,ย,1,194,0.9149,194,0.9076,194,0.8696,194(ย):1.000 | 161(ก):0.000 | 224(เ):0.000,1
PrintAksorn_dataset/test/yo_ying_CmPrasanmit-Bold.png,173,ญ,1.0,173,ญ,1,173,0.4626,173,0.9504,173,0.8796,173(ญ):1.000 | 161(ก):0.000 | 225(แ):0.000,1
PrintAksorn_dataset/test/yo_ying_FonLeb-Italic.png,173,ญ,1.0,173,ญ,1,173,0.9371,173,0.9453,173,0.8658,173(ญ):1.000 | 161(ก):0.000 | 225(แ):0.000,1
PrintAksorn_dataset/test/yo_ying_Himmaparnt-Bold.png,173,ญ,1.0,173,ญ,1,173,0.8967,173,0.9256,173,0.8558,173(ญ):1.000 | 161(ก):0.000 | 225(แ):0.000,1
PrintAksorn_dataset/test/yo_ying_NotoSansThai-CondensedThin.png,173,ญ,1.0,173,ญ,1,173,0.45,173,0.971,173,0.9053,173(ญ):1.000 | 161(ก):0.000 | 225(แ):0.000,1
PrintAksorn_dataset/test/yo_ying_NotoSansThai-SemiCondensedBlack.png,173,ญ,1.0,173,ญ,1,173,0.354,173,0.8942,173,0.76,173(ญ):1.000 | 161(ก):0.000 | 225(แ):0.000,1
PrintAksorn_dataset/test/yo_ying_NotoSansThaiLooped-Medium.png,173,ญ,1.0,173,ญ,1,173,0.4837,173,0.9694,173,0.8762,173(ญ):1.000 | 161(ก):0.000 | 225(แ):0.000,1
PrintAksorn_dataset/test/yo_ying_NotoSerifThai-Black.png,173,ญ,1.0,173,ญ,1,173,0.3568,173,0.958,173,0.8385,173(ญ):1.000 | 161(ก):0.000 | 225(แ):0.000,1
PrintAksorn_dataset/test/yo_ying_NotoSerifThai-ExtraCondensedLight.png,173,ญ,1.0,173,ญ,1,173,0.522,173,0.9488,173,0.8372,173(ญ):1.000 | 161(ก):0.000 | 225(แ):0.000,1
PrintAksorn_dataset/test/yo_ying_Prompt-BoldItalic.png,173,ญ,1.0,173,ญ,1,173,0.4318,173,0.7421,173,0.4325,173(ญ):1.000 | 161(ก):0.000 | 225(แ):0.000,1
PrintAksorn_dataset/test/yo_ying_Purisa-Oblique.png,173,ญ,1.0,173,ญ,1,179,0.2767,173,0.9715,173,0.9213,173(ญ):1.000 | 161(ก):0.000 | 225(แ):0.000,0
PrintAksorn_dataset/test/yo_ying_Sriracha-Regular.png,173,ญ,1.0,173,ญ,1,173,0.8753,173,0.9558,173,0.8667,173(ญ):1.000 | 161(ก):0.000 | 225(แ):0.000,1
PrintAksorn_dataset/test/yo_ying_Taviraj-Medium.png,173,ญ,1.0,173,ญ,1,173,0.8423,173,0.9633,173,0.86,173(ญ):1.000 | 161(ก):0.000 | 225(แ):0.000,1
