path,predicted_class,predicted_char,confidence,true_class,true_char,correct,D1_pred,D1_conf,D2_pred,D2_conf,D3_pred,D3_conf,top_3,agree
PrintAksorn_dataset/test/baht_Ayuthaya.png,201,ษ,0.2069,,,,201,0.2028,201,0.3957,242,0.2157,201(ษ):0.207 | 242(๒):0.087 | 248(๘):0.053,0
PrintAksorn_dataset/test/baht_JS-Prapakorn-Italic.png,242,๒,0.127,,,,206,0.1563,170,0.1383,242,0.3373,242(๒):0.127 | 206(ฮ):0.058 | 201(ษ):0.054,0
PrintAksorn_dataset/test/baht_JS-Sadayu-Bold-Italic.png,242,๒,0.1841,,,,242,0.142,178,0.2127,242,0.4023,242(๒):0.184 | 178(ฒ):0.089 | 201(ษ):0.079,0
PrintAksorn_dataset/test/baht_Kanit-ExtraBoldItalic.png,194,ย,0.1122,,,,194,0.3221,205,0.3068,242,0.2251,194(ย):0.112 | 205(อ):0.112 | 242(๒):0.078,0
PrintAksorn_dataset/test/baht_NotoSerifThai-ExtraCondensedSemiBold.png,242,๒,0.1562,,,,171,0.1764,201,0.2539,242,0.4502,242(๒):0.156 | 201(ษ):0.092 | 171(ซ):0.068,0
PrintAksorn_dataset/test/baht_NotoSerifThai-SemiCondensedBold.png,242,๒,0.1688,,,,171,0.1932,201,0.4325,242,0.4702,242(๒):0.169 | 201(ษ):0.155 | 171(ซ):0.070,0
PrintAksorn_dataset/test/baht_Prompt-MediumItalic.png,201,ษ,0.1333,,,,188,0.1585,201,0.3244,242,0.3023,201(ษ):0.133 | 242(๒):0.125 | 188(ผ):0.061,0
PrintAksorn_dataset/test/baht_TH-K2D-July8-Bold.png,173,ญ,0.1251,,,,242,0.1084,173,0.2084,242,0.1446,173(ญ):0.125 | 184(ธ):0.099 | 242(๒):0.087,0
PrintAksorn_dataset/test/baht_TH-Mali-Grade6-Regular.png,170,ช,0.1281,,,,206,0.1368,170,0.3468,242,0.177,170(ช):0.128 | 242(๒):0.074 | 201(ษ):0.068,0
PrintAksorn_dataset/test/baht_TH-Sarabun-New-Regular.png,184,ธ,0.1966,,,,194,0.107,184,0.5463,242,0.0724,184(ธ):0.197 | 194(ย):0.052 | 205(อ):0.038,0
PrintAksorn_dataset/test/baht_Trirong-SemiBold.png,184,ธ,0.22,,,,206,0.1742,201,0.3433,184,0.46,184(ธ):0.220 | 201(ษ):0.138 | 206(ฮ):0.060,0
PrintAksorn_dataset/test/baht_Umpush-Oblique.png,184,ธ,0.1871,,,,194,0.1175,184,0.4912,242,0.2552,184(ธ):0.187 | 242(๒):0.110 | 248(๘):0.045,0
PrintAksorn_dataset/test/bo_baimai_JS-Pudgrong-Normal.png,186,บ,0.8775,186,บ,1,186,0.8781,186,0.8832,186,0.8712,186(บ):0.878 | 217(ู):0.010 | 162(ข):0.005,1
PrintAksorn_dataset/test/bo_baimai_JS-Saksit-Bold-Italic.png,186,บ,0.745,186,บ,1,186,0.9183,186,0.7913,186,0.5253,186(บ):0.745 | 217(ู):0.040 | 187(ป):0.020,1
PrintAksorn_dataset/test/bo_baimai_JS-Wansika-Italic.png,186,บ,0.6832,186,บ,1,186,0.7914,186,0.6475,186,0.6106,186(บ):0.683 | 187(ป):0.030 | 162(ข):0.024,1
PrintAksorn_dataset/test/bo_baimai_JS-Yodthida.png,186,บ,0.8253,186,บ,1,186,0.8257,186,0.8687,186,0.7816,186(บ):0.825 | 217(ู):0.017 | 185(น):0.013,1
PrintAksorn_dataset/test/bo_baimai_Kanit-BoldItalic.png,186,บ,0.1384,186,บ,1,186,0.1793,186,0.2243,188,0.1551,186(บ):0.138 | 209(ั):0.088 | 194(ย):0.074,0
PrintAksorn_dataset/test/bo_baimai_NotoSerifThai-CondensedThin.png,186,บ,0.9136,186,บ,1,186,0.8995,186,0.8917,186,0.9495,186(บ):0.914 | 217(ู):0.005 | 187(ป):0.005,1
PrintAksorn_dataset/test/bo_baimai_NotoSerifThai-Light.png,186,บ,0.8766,186,บ,1,186,0.9181,186,0.8576,186,0.854,186(บ):0.877 | 217(ู):0.009 | 187(ป):0.005,1
PrintAksorn_dataset/test/bo_baimai_Prompt-Bold.png,186,บ,0.2208,186,บ,1,194,0.1421,186,0.5503,188,0.1243,186(บ):0.221 | 209(ั):0.083 | 194(ย):0.070,0
PrintAksorn_dataset/test/bo_baimai_Prompt-ExtraLightItalic.png,186,บ,0.391,186,บ,1,186,0.1993,186,0.922,224,0.0677,186(บ):0.391 | 187(ป):0.038 | 194(ย):0.033,0
PrintAksorn_dataset/test/bo_baimai_Prompt-Light.png,186,บ,0.3911,186,บ,1,186,0.2,186,0.9246,224,0.0635,186(บ):0.391 | 240(๐):0.044 | 194(ย):0.033,0
PrintAksorn_dataset/test/bo_baimai_Sawasdee-Oblique.png,186,บ,0.3711,186,บ,1,186,0.1623,186,0.8921,224,0.0688,186(บ):0.371 | 187(ป):0.036 | 209(ั):0.034,0
PrintAksorn_dataset/test/bo_baimai_TH-Fahkwang-Italic.png,186,บ,0.8382,186,บ,1,186,0.8892,186,0.8314,186,0.7938,186(บ):0.838 | 187(ป):0.013 | 217(ู):0.012,1
PrintAksorn_dataset/test/bo_baimai_TlwgTypist-Bold.png,186,บ,0.7878,186,บ,1,186,0.8787,186,0.7232,186,0.7614,186(บ):0.788 | 217(ู):0.026 | 187(ป):0.025,1
PrintAksorn_dataset/test/cho_chan_JS-Giat-Bold.png,169,ฉ,0.1851,168,จ,0,168,0.2987,169,0.5313,205,0.1924,169(ฉ):0.185 | 168(จ):0.128 | 205(อ):0.122,0
PrintAksorn_dataset/test/cho_chan_JS-Sunsanee-Normal.png,205,อ,0.2009,168,จ,0,168,0.4311,205,0.2104,205,0.2708,205(อ):0.201 | 168(จ):0.199 | 169(ฉ):0.070,0
PrintAksorn_dataset/test/cho_chan_NotoSerifThai-ExtraCondensedExtraBold.png,168,จ,0.2736,168,จ,1,168,0.7526,205,0.5982,205,0.0734,168(จ):0.274 | 205(อ):0.232 | 192(ภ):0.025,0
PrintAksorn_dataset/test/cho_chan_Prompt-BoldItalic.png,205,อ,0.3406,168,จ,0,205,0.2485,205,0.6642,241,0.4614,205(อ):0.341 | 241(๑):0.157 | 240(๐):0.072,0
PrintAksorn_dataset/test/cho_chan_Prompt-MediumItalic.png,205,อ,0.2664,168,จ,0,240,0.5089,205,0.6515,241,0.1594,205(อ):0.266 | 240(๐):0.203 | 241(๑):0.055,0
PrintAksorn_dataset/test/cho_chan_Taviraj-Black.png,168,จ,0.556,168,จ,1,168,0.9074,168,0.6804,168,0.0803,168(จ):0.556 | 169(ฉ):0.050 | 197(ล):0.033,1
PrintAksorn_dataset/test/cho_chan_Taviraj-Bold.png,168,จ,0.6439,168,จ,1,168,0.9169,168,0.8798,168,0.135,168(จ):0.644 | 197(ล):0.039 | 169(ฉ):0.020,1
PrintAksorn_dataset/test/cho_chan_Trirong-SemiBoldItalic.png,168,จ,0.864,168,จ,1,168,0.8988,168,0.898,168,0.7951,168(จ):0.864 | 197(ล):0.012 | 187(ป):0.005,1
PrintAksorn_dataset/test/cho_chang_JS-Pisit-Italic.png,170,ช,0.7031,170,ช,1,170,0.8691,170,0.8452,170,0.395,170(ช):0.703 | 162(ข):0.084 | 206(ฮ):0.012,1
PrintAksorn_dataset/test/cho_chang_JS-Rapee-Bold-Italic.png,170,ช,0.6823,170,ช,1,170,0.9284,170,0.8573,170,0.261,170(ช):0.682 | 201(ษ):0.067 | 204(ฬ):0.023,1
PrintAksorn_dataset/test/cho_chang_KaniGa-Bold.png,170,ช,0.6971,170,ช,1,170,0.8993,170,0.6287,170,0.5632,170(ช):0.697 | 201(ษ):0.046 | 171(ซ):0.021,1
PrintAksorn_dataset/test/cho_chang_Maitree-Light.png,170,ช,0.3542,170,ช,1,201,0.0842,170,0.8019,170,0.1915,170(ช):0.354 | 201(ษ):0.068 | 186(บ):0.042,0
PrintAksorn_dataset/test/cho_chang_Norasi-Bold.png,170,ช,0.7684,170,ช,1,170,0.897,170,0.79,170,0.6181,170(ช):0.768 | 184(ธ):0.020 | 201(ษ):0.016,1
PrintAksorn_dataset/test/cho_chang_NotoSansThaiLooped-ExtraBold.png,201,ษ,0.3232,170,ช,0,194,0.4017,201,0.744,201,0.1416,201(ษ):0.323 | 194(ย):0.137 | 162(ข):0.042,0
PrintAksorn_dataset/test/cho_chang_NotoSerifThai-CondensedBold.png,170,ช,0.493,170,ช,1,170,0.8474,170,0.549,201,0.2137,170(ช):0.493 | 201(ษ):0.143 | 162(ข):0.053,0
PrintAksorn_dataset/test/cho_chang_NotoSerifThai-SemiCondensed.png,170,ช,0.5872,170,ช,1,170,0.8351,170,0.7767,162,0.3012,170(ช):0.587 | 162(ข):0.110 | 201(ษ):0.040,0
PrintAksorn_dataset/test/cho_chang_Prompt-Regular.png,246,๖,0.1916,170,ช,0,246,0.1486,170,0.4149,246,0.4205,246(๖):0.192 | 170(ช):0.147 | 206(ฮ):0.038,0
PrintAksorn_dataset/test/cho_chang_TH-Chakra-Petch-Bold.png,170,ช,0.4349,170,ช,1,170,0.5591,170,0.4602,170,0.2854,170(ช):0.435 | 171(ซ):0.155 | 162(ข):0.080,1
PrintAksorn_dataset/test/cho_chang_TH-Fahkwang-Regular.png,170,ช,0.2851,170,ช,1,170,0.6836,162,0.3371,162,0.141,170(ช):0.285 | 162(ข):0.165 | 186(บ):0.039,0
PrintAksorn_dataset/test/cho_ching_DC-Palamongkol-Italic.png,169,ฉ,0.6342,169,ฉ,1,169,0.9356,169,0.8571,205,0.206,169(ฉ):0.634 | 205(อ):0.076 | 248(๘):0.027,0
PrintAksorn_dataset/test/cho_ching_Himmaparnt-Italic.png,169,ฉ,0.9066,169,ฉ,1,169,0.9131,169,0.9604,169,0.8462,169(ฉ):0.907 | 182(ถ):0.004 | 168(จ):0.003,1
PrintAksorn_dataset/test/cho_ching_JS-Chusri-Normal.png,169,ฉ,0.3524,169,ฉ,1,182,0.1029,169,0.7969,169,0.1952,169(ฉ):0.352 | 182(ถ):0.074 | 161(ก):0.039,0
PrintAksorn_dataset/test/cho_ching_JS-Sunsanee-Italic.png,169,ฉ,0.8725,169,ฉ,1,169,0.9222,169,0.9134,169,0.7817,169(ฉ):0.872 | 182(ถ):0.007 | 179(ณ):0.007,1
PrintAksorn_dataset/test/cho_ching_Kanit-ExtraBoldItalic.png,205,อ,0.4826,169,ฉ,0,205,0.7339,205,0.5583,205,0.1556,205(อ):0.483 | 175(ฏ):0.047 | 169(ฉ):0.044,1
PrintAksorn_dataset/test/cho_ching_Kanit-LightItalic.png,205,อ,0.3452,169,ฉ,0,205,0.1643,205,0.7798,182,0.2526,205(อ):0.345 | 182(ถ):0.108 | 240(๐):0.073,0
PrintAksorn_dataset/test/cho_ching_Kinnari-BoldOblique.png,169,ฉ,0.8962,169,ฉ,1,169,0.9177,169,0.917,169,0.8538,169(ฉ):0.896 | 182(ถ):0.004 | 197(ล):0.004,1
PrintAksorn_dataset/test/cho_ching_Kinnari.png,169,ฉ,0.8682,169,ฉ,1,169,0.7731,169,0.9434,169,0.8879,169(ฉ):0.868 | 168(จ):0.008 | 182(ถ):0.004,1
PrintAksorn_dataset/test/cho_ching_PSK-Smart-Bold.png,169,ฉ,0.8763,169,ฉ,1,169,0.9134,169,0.9071,169,0.8083,169(ฉ):0.876 | 179(ณ):0.005 | 197(ล):0.005,1
PrintAksorn_dataset/test/cho_ching_Prompt-Medium.png,240,๐,0.2233,169,ฉ,0,240,0.5411,205,0.5335,241,0.1775,240(๐):0.223 | 205(อ):0.212 | 241(๑):0.061,0
PrintAksorn_dataset/test/cho_ching_TH-Sarabun-New-Bold.png,169,ฉ,0.8236,169,ฉ,1,169,0.9486,169,0.9236,169,0.5986,169(ฉ):0.824 | 182(ถ):0.019 | 174(ฎ):0.008,1
PrintAksorn_dataset/test/cho_ching_Taviraj-SemiBold.png,169,ฉ,0.7955,169,ฉ,1,169,0.919,169,0.8952,169,0.5723,169(ฉ):0.796 | 179(ณ):0.013 | 172(ฌ):0.006,1
PrintAksorn_dataset/test/cho_choe_Athiti-Medium.png,173,ญ,0.3263,172,ฌ,0,173,0.837,172,0.6211,179,0.2445,173(ญ):0.326 | 172(ฌ):0.222 | 179(ณ):0.118,0
PrintAksorn_dataset/test/cho_choe_FonLeb-Bold.png,172,ฌ,0.6166,172,ฌ,1,179,0.5685,172,0.911,172,0.9355,172(ฌ):0.617 | 179(ณ):0.190 | 173(ญ):0.040,0
PrintAksorn_dataset/test/cho_choe_JS-Giat-Bold.png,172,ฌ,0.5753,172,ฌ,1,179,0.5171,172,0.9506,172,0.7713,172(ฌ):0.575 | 179(ณ):0.175 | 178(ฒ):0.027,0
PrintAksorn_dataset/test/cho_choe_JS-Sadayu-Allcaps.png,172,ฌ,0.5944,172,ฌ,1,179,0.8225,172,0.8853,172,0.8957,172(ฌ):0.594 | 179(ณ):0.276 | 178(ฒ):0.005,0
PrintAksorn_dataset/test/cho_choe_JS-Saksit-Italic.png,172,ฌ,0.6023,172,ฌ,1,179,0.5435,172,0.8854,172,0.9181,172(ฌ):0.602 | 179(ณ):0.182 | 173(ญ):0.050,0
PrintAksorn_dataset/test/cho_choe_Kanit-ExtraBold.png,172,ฌ,0.3487,172,ฌ,1,179,0.4516,172,0.7197,172,0.3213,172(ฌ):0.349 | 179(ณ):0.209 | 173(ญ):0.092,0
PrintAksorn_dataset/test/cho_choe_Maitree-Regular.png,172,ฌ,0.6035,172,ฌ,1,173,0.3643,172,0.8911,172,0.9154,172(ฌ):0.604 | 173(ญ):0.122 | 193(ม):0.040,0
PrintAksorn_dataset/test/cho_choe_NotoSansThai-Black.png,172,ฌ,0.3849,172,ฌ,1,179,0.5674,172,0.7892,172,0.3629,172(ฌ):0.385 | 179(ณ):0.255 | 173(ญ):0.104,0
PrintAksorn_dataset/test/cho_choe_NotoSansThai-ExtraBold.png,172,ฌ,0.4027,172,ฌ,1,173,0.7377,172,0.8627,172,0.3435,172(ฌ):0.403 | 173(ญ):0.264 | 179(ณ):0.106,0
PrintAksorn_dataset/test/cho_choe_NotoSerifThai-Light.png,172,ฌ,0.6138,172,ฌ,1,179,0.2291,172,0.9169,172,0.9199,172(ฌ):0.614 | 179(ณ):0.077 | 173(ญ):0.074,0
PrintAksorn_dataset/test/cho_choe_PSK-SmartItaic.png,172,ฌ,0.6065,172,ฌ,1,179,0.5289,172,0.9042,172,0.912,172(ฌ):0.607 | 179(ณ):0.177 | 173(ญ):0.053,0
PrintAksorn_dataset/test/cho_choe_Pattaya-Regular.png,172,ฌ,0.2309,172,ฌ,1,179,0.3025,172,0.596,178,0.1062,172(ฌ):0.231 | 179(ณ):0.136 | 173(ญ):0.071,0
PrintAksorn_dataset/test/cho_choe_Prompt-Bold.png,172,ฌ,0.3379,172,ฌ,1,179,0.4655,172,0.8398,172,0.1693,172(ฌ):0.338 | 179(ณ):0.207 | 173(ญ):0.089,0
PrintAksorn_dataset/test/cho_choe_Prompt-BoldItalic.png,172,ฌ,0.2748,172,ฌ,1,179,0.3429,172,0.756,179,0.125,172(ฌ):0.275 | 179(ณ):0.167 | 173(ญ):0.073,0
PrintAksorn_dataset/test/cho_choe_Sarabun-Italic.png,172,ฌ,0.6083,172,ฌ,1,179,0.6354,172,0.9161,172,0.9058,172(ฌ):0.608 | 179(ณ):0.212 | 173(ญ):0.032,0
PrintAksorn_dataset/test/cho_choe_Taviraj-Light.png,172,ฌ,0.6096,172,ฌ,1,173,0.364,172,0.9033,172,0.9217,172(ฌ):0.610 | 173(ญ):0.122 | 179(ณ):0.077,0
PrintAksorn_dataset/test/cho_choe_TlwgTypewriter-Bold.png,172,ฌ,0.5941,172,ฌ,1,179,0.3153,172,0.841,172,0.9366,172(ฌ):0.594 | 179(ณ):0.107 | 173(ญ):0.062,0
PrintAksorn_dataset/test/cho_choe_Waree-Oblique.png,172,ฌ,0.6121,172,ฌ,1,179,0.6305,172,0.907,172,0.9259,172(ฌ):0.612 | 179(ณ):0.211 | 173(ญ):0.029,0
PrintAksorn_dataset/test/colon_Garuda-Bold.png,208,ะ,0.2872,,,,236,0.054,208,0.2725,208,0.5766,208(ะ):0.287 | 199(ว):0.029 | 236(์):0.027,0
PrintAksorn_dataset/test/colon_JS-Thanaporn-Normal.png,208,ะ,0.2551,,,,236,0.1135,208,0.2578,208,0.4957,208(ะ):0.255 | 236(์):0.048 | 232(่):0.031,0
PrintAksorn_dataset/test/colon_JS-Yodthida-Italic.png,208,ะ,0.1904,,,,236,0.0861,208,0.1361,208,0.4244,208(ะ):0.190 | 236(์):0.043 | 199(ว):0.040,0
PrintAksorn_dataset/test/colon_NotoSansThai-Black.png,205,อ,0.1056,,,,187,0.1355,186,0.1252,205,0.1806,205(อ):0.106 | 187(ป):0.073 | 186(บ):0.058,0
PrintAksorn_dataset/test/colon_NotoSerifThai-CondensedBold.png,205,อ,0.1062,,,,187,0.1387,205,0.1124,205,0.1755,205(อ):0.106 | 187(ป):0.074 | 161(ก):0.052,0
PrintAksorn_dataset/test/colon_Prompt-Thin.png,210,า,0.1165,,,,210,0.3169,182,0.0996,198,0.1504,210(า):0.117 | 198(ฦ):0.059 | 227(ใ):0.043,0
PrintAksorn_dataset/test/colon_SR-FahMai-Bold-Italic.png,232,่,0.1893,,,,232,0.3798,208,0.4867,232,0.1796,232(่):0.189 | 208(ะ):0.189 | 210(า):0.030,0
PrintAksorn_dataset/test/colon_Silom.png,208,ะ,0.384,,,,232,0.0972,208,0.6031,208,0.5376,208(ะ):0.384 | 184(ธ):0.042 | 232(่):0.035,0
PrintAksorn_dataset/test/colon_TlwgTypist-BoldOblique.png,208,ะ,0.4081,,,,195,0.1299,208,0.5715,208,0.6413,208(ะ):0.408 | 195(ร):0.049 | 236(์):0.025,0
PrintAksorn_dataset/test/comma_Athiti-SemiBold.png,216,ุ,0.1926,,,,216,0.5488,199,0.422,217,0.1442,216(ุ):0.193 | 199(ว):0.158 | 217(ู):0.064,0
PrintAksorn_dataset/test/comma_Loma-Oblique.png,230,ๆ,0.156,,,,167,0.1803,167,0.1987,230,0.4469,230(ๆ):0.156 | 167(ง):0.140 | 199(ว):0.065,0
PrintAksorn_dataset/test/comma_NotoSerifThai-Regular.png,205,อ,0.1036,,,,187,0.1324,186,0.1261,205,0.1765,205(อ):0.104 | 187(ป):0.071 | 186(บ):0.059,0
PrintAksorn_dataset/test/comma_Prompt-MediumItalic.png,232,่,0.3173,,,,232,0.9086,206,0.1718,167,0.1397,232(่):0.317 | 206(ฮ):0.072 | 167(ง):0.049,0
PrintAksorn_dataset/test/comma_Sarabun-Medium.png,216,ุ,0.3317,,,,216,0.7339,167,0.1983,241,0.3615,216(ุ):0.332 | 241(๑):0.123 | 167(ง):0.087,0
PrintAksorn_dataset/test/digit_0_JS-Prasoplarp-Normal.png,240,๐,0.6002,240,๐,1,240,0.9051,205,0.4964,240,0.8929,240(๐):0.600 | 205(อ):0.166 | 212(ิ):0.089,0
PrintAksorn_dataset/test/digit_0_JS-Rapee-Bold-Italic.png,240,๐,0.604,240,๐,1,240,0.9053,205,0.7856,240,0.9047,240(๐):0.604 | 205(อ):0.263 | 212(ิ):0.016,0
PrintAksorn_dataset/test/digit_0_JS-Saowapark-Italic.png,240,๐,0.5989,240,๐,1,240,0.8997,205,0.84,240,0.8952,240(๐):0.599 | 205(อ):0.281 | 212(ิ):0.008,0
PrintAksorn_dataset/test/digit_0_NotoSansThai-Light.png,240,๐,0.5849,240,๐,1,240,0.8745,205,0.7368,240,0.878,240(๐):0.585 | 205(อ):0.247 | 212(ิ):0.018,0
PrintAksorn_dataset/test/digit_0_NotoSansThai-SemiCondensedExtraBold.png,240,๐,0.5561,240,๐,1,240,0.8797,205,0.8846,240,0.7864,240(๐):0.556 | 205(อ):0.297 | 241(๑):0.016,0
PrintAksorn_dataset/test/digit_0_NotoSerifThai-CondensedMedium.png,240,๐,0.6034,240,๐,1,240,0.9194,205,0.7701,240,0.8882,240(๐):0.603 | 205(อ):0.257 | 212(ิ):0.010,0
PrintAksorn_dataset/test/digit_0_TH-Niramit-AS-Italic.png,240,๐,0.5941,240,๐,1,240,0.8859,205,0.5529,240,0.8934,240(๐):0.594 | 205(อ):0.185 | 212(ิ):0.068,0
PrintAksorn_dataset/test/digit_0_Trirong-BlackItalic.png,240,๐,0.5968,240,๐,1,240,0.937,205,0.8077,240,0.8513,240(๐):0.597 | 205(อ):0.271 | 212(ิ):0.008,0
PrintAksorn_dataset/test/digit_0_Trirong-ExtraBold.png,240,๐,0.5891,240,๐,1,240,0.9405,205,0.8174,240,0.8252,240(๐):0.589 | 205(อ):0.274 | 241(๑):0.013,0
PrintAksorn_dataset/test/digit_0_Umpush-Oblique.png,240,๐,0.5931,240,๐,1,240,0.897,205,0.7623,240,0.88,240(๐):0.593 | 205(อ):0.255 | 212(ิ):0.026,0
PrintAksorn_dataset/test/digit_1_Aksaramatee-Regular.png,241,๑,0.5438,241,๑,1,241,0.7159,180,0.4784,241,0.9122,241(๑):0.544 | 180(ด):0.167 | 205(อ):0.091,0
PrintAksorn_dataset/test/digit_1_CmPrasanmit-Italic.png,241,๑,0.5364,241,๑,1,241,0.7034,180,0.4664,241,0.9026,241(๑):0.536 | 180(ด):0.175 | 205(อ):0.092,0
PrintAksorn_dataset/test/digit_1_JS-Rapee-Normal.png,241,๑,0.5988,241,๑,1,241,0.8866,180,0.7577,241,0.9072,241(๑):0.599 | 180(ด):0.256 | 205(อ):0.012,0
PrintAksorn_dataset/test/digit_1_JS-Sadayu-Allcaps.png,241,๑,0.5783,241,๑,1,241,0.818,205,0.624,241,0.914,241(๑):0.578 | 205(อ):0.212 | 180(ด):0.062,0
PrintAksorn_dataset/test/digit_1_JS-Saowapark-Normal.png,241,๑,0.5115,241,๑,1,241,0.6379,205,0.4856,241,0.8921,241(๑):0.511 | 205(อ):0.165 | 180(ด):0.088,0
PrintAksorn_dataset/test/digit_1_Prompt-BoldItalic.png,241,๑,0.3506,241,๑,1,241,0.1452,205,0.879,241,0.9051,241(๑):0.351 | 205(อ):0.321 | 168(จ):0.031,0
PrintAksorn_dataset/test/digit_1_Prompt-Italic.png,241,๑,0.2822,241,๑,1,240,0.446,205,0.7349,241,0.8077,241(๑):0.282 | 205(อ):0.247 | 240(๐):0.157,0
PrintAksorn_dataset/test/digit_1_Sawasdee.png,240,๐,0.3074,241,๑,0,240,0.4982,205,0.6755,240,0.4219,240(๐):0.307 | 205(อ):0.232 | 241(๑):0.099,0
PrintAksorn_dataset/test/digit_1_TH-Srisakdi-Bold.png,241,๑,0.5519,241,๑,1,241,0.7258,205,0.7944,241,0.9275,241(๑):0.552 | 205(อ):0.271 | 180(ด):0.013,0
PrintAksorn_dataset/test/digit_2_Athiti-Bold.png,242,๒,0.3199,242,๒,1,194,0.459,201,0.5217,242,0.8908,242(๒):0.320 | 201(ษ):0.181 | 194(ย):0.154,0
PrintAksorn_dataset/test/digit_2_JS-Jindara-Italic.png,242,๒,0.5543,242,๒,1,242,0.7269,178,0.1542,242,0.929,242(๒):0.554 | 178(ฒ):0.055 | 188(ผ):0.036,0
PrintAksorn_dataset/test/digit_2_JS-Pitsamai-Italic.png,242,๒,0.4123,242,๒,1,242,0.3252,201,0.4003,242,0.908,242(๒):0.412 | 201(ษ):0.142 | 178(ฒ):0.027,0
PrintAksorn_dataset/test/digit_2_JS-Sadayu-Allcaps.png,242,๒,0.5592,242,๒,1,242,0.7211,201,0.1266,242,0.9509,242(๒):0.559 | 201(ษ):0.045 | 178(ฒ):0.043,0
PrintAksorn_dataset/test/digit_2_JS-Wansika-Italic.png,242,๒,0.5477,242,๒,1,242,0.765,172,0.1695,242,0.8733,242(๒):0.548 | 172(ฌ):0.058 | 201(ษ):0.049,0
PrintAksorn_dataset/test/digit_2_KaniGa-Bold-Italic.png,242,๒,0.4116,242,๒,1,242,0.3201,178,0.1011,242,0.907,242(๒):0.412 | 178(ฒ):0.039 | 181(ต):0.038,0
PrintAksorn_dataset/test/digit_2_NotoSerifThai-SemiCondensed.png,242,๒,0.4545,242,๒,1,242,0.4122,201,0.2669,242,0.9464,242(๒):0.454 | 201(ษ):0.092 | 194(ย):0.049,0
PrintAksorn_dataset/test/digit_2_Sarabun-ExtraBold.png,242,๒,0.5187,242,๒,1,242,0.6572,178,0.1611,242,0.8943,242(๒):0.519 | 178(ฒ):0.056 | 205(อ):0.053,0
PrintAksorn_dataset/test/digit_2_Sarabun-ExtraLight.png,242,๒,0.4966,242,๒,1,242,0.5705,201,0.2258,242,0.9139,242(๒):0.497 | 201(ษ):0.078 | 205(อ):0.037,0
PrintAksorn_dataset/test/digit_2_TH-Chakra-Petch-Italic.png,242,๒,0.4344,242,๒,1,242,0.359,201,0.1247,242,0.9368,242(๒):0.434 | 201(ษ):0.046 | 178(ฒ):0.034,0
PrintAksorn_dataset/test/digit_2_TH-Sarabun-New-Regular.png,242,๒,0.5625,242,๒,1,242,0.7581,201,0.3315,242,0.9246,242(๒):0.562 | 201(ษ):0.112 | 173(ญ):0.022,0
PrintAksorn_dataset/test/digit_2_TH-Srisakdi-Bold.png,242,๒,0.2828,242,๒,1,213,0.1029,224,0.2838,242,0.822,242(๒):0.283 | 224(เ):0.120 | 213(ี):0.040,0
PrintAksorn_dataset/test/digit_3_Aksaramatee-Bold.png,243,๓,0.4166,243,๓,1,243,0.3906,181,0.5982,243,0.857,243(๓):0.417 | 181(ต):0.219 | 165(ฅ):0.084,0
PrintAksorn_dataset/test/digit_3_Athiti-Medium.png,165,ฅ,0.3378,243,๓,0,243,0.0902,165,0.9244,243,0.5485,165(ฅ):0.338 | 243(๓):0.213 | 182(ถ):0.024,0
PrintAksorn_dataset/test/digit_3_JS-Pumpuang-Normal.png,243,๓,0.3616,243,๓,1,243,0.2796,178,0.2225,243,0.8024,243(๓):0.362 | 178(ฒ):0.078 | 181(ต):0.073,0
PrintAksorn_dataset/test/digit_3_Krungthep.png,243,๓,0.3095,243,๓,1,183,0.1778,165,0.5432,243,0.8256,243(๓):0.310 | 165(ฅ):0.192 | 183(ท):0.061,0
PrintAksorn_dataset/test/digit_3_Sarabun-SemiBoldItalic.png,243,๓,0.4283,243,๓,1,243,0.4424,181,0.136,243,0.8353,243(๓):0.428 | 181(ต):0.054 | 173(ญ):0.045,0
PrintAksorn_dataset/test/digit_3_TH-K2D-July8-Bold.png,243,๓,0.376,243,๓,1,243,0.233,181,0.323,243,0.8904,243(๓):0.376 | 181(ต):0.123 | 165(ฅ):0.084,0
PrintAksorn_dataset/test/digit_3_TH-KoHo-Bold-Italic.png,243,๓,0.3596,243,๓,1,243,0.1374,181,0.831,243,0.9395,243(๓):0.360 | 181(ต):0.287 | 183(ท):0.041,0
PrintAksorn_dataset/test/digit_3_TH-Sarabun-New-Italic.png,243,๓,0.4167,243,๓,1,243,0.3938,181,0.218,243,0.8461,243(๓):0.417 | 181(ต):0.083 | 183(ท):0.063,0
PrintAksorn_dataset/test/digit_3_Taviraj-BoldItalic.png,243,๓,0.2762,243,๓,1,243,0.4016,179,0.1256,243,0.4198,243(๓):0.276 | 178(ฒ):0.071 | 179(ณ):0.065,0
PrintAksorn_dataset/test/digit_3_Taviraj-Thin.png,243,๓,0.2932,243,๓,1,183,0.2839,181,0.2807,243,0.8053,243(๓):0.293 | 183(ท):0.114 | 181(ต):0.100,0
PrintAksorn_dataset/test/digit_3_Trirong-ExtraBold.png,243,๓,0.2293,243,๓,1,243,0.2539,179,0.2325,243,0.4272,243(๓):0.229 | 179(ณ):0.091 | 173(ญ):0.060,0
PrintAksorn_dataset/test/digit_4_Athiti-ExtraLight.png,231,็,0.3262,244,๔,0,249,0.0741,231,0.9165,244,0.8692,231(็):0.326 | 244(๔):0.302 | 249(๙):0.026,0
PrintAksorn_dataset/test/digit_4_Garuda-BoldOblique.png,244,๔,0.4613,244,๔,1,244,0.4802,231,0.9223,244,0.9027,244(๔):0.461 | 231(็):0.333 | 236(์):0.022,0
PrintAksorn_dataset/test/digit_4_Garuda.png,244,๔,0.5268,244,๔,1,244,0.6887,231,0.9408,244,0.8911,244(๔):0.527 | 231(็):0.322 | 242(๒):0.007,0
PrintAksorn_dataset/test/digit_4_JS-Giat-Bold.png,231,็,0.3279,244,๔,0,231,0.2142,231,0.7617,244,0.6753,231(็):0.328 | 244(๔):0.261 | 245(๕):0.025,0
PrintAksorn_dataset/test/digit_4_JS-Sunsanee-Italic.png,248,๘,0.1362,244,๔,0,170,0.1072,184,0.1784,248,0.3943,248(๘):0.136 | 184(ธ):0.098 | 244(๔):0.067,0
PrintAksorn_dataset/test/digit_4_Kanit-SemiBold.png,231,็,0.3965,244,๔,0,231,0.338,231,0.8506,244,0.8664,231(็):0.397 | 244(๔):0.311 | 248(๘):0.032,0
PrintAksorn_dataset/test/digit_4_NotoSansThai-Bold.png,244,๔,0.3977,244,๔,1,244,0.398,231,0.5859,244,0.7898,244(๔):0.398 | 231(็):0.202 | 245(๕):0.027,0
PrintAksorn_dataset/test/digit_4_NotoSerifThai-Bold.png,244,๔,0.3288,244,๔,1,244,0.3504,231,0.8346,244,0.6333,244(๔):0.329 | 231(็):0.306 | 246(๖):0.013,0
PrintAksorn_dataset/test/digit_4_NotoSerifThai-Condensed.png,244,๔,0.3574,244,๔,1,244,0.1974,231,0.8468,244,0.873,244(๔):0.357 | 231(็):0.297 | 236(์):0.033,0
PrintAksorn_dataset/test/digit_4_NotoSerifThai-CondensedBold.png,244,๔,0.3619,244,๔,1,244,0.298,231,0.7903,244,0.7847,244(๔):0.362 | 231(็):0.277 | 236(์):0.038,0
PrintAksorn_dataset/test/digit_4_TH-Niramit-AS-Regular.png,244,๔,0.4864,244,๔,1,244,0.566,231,0.9488,244,0.8926,244(๔):0.486 | 231(็):0.337 | 236(์):0.007,0
PrintAksorn_dataset/test/digit_4_TlwgMono-Bold.png,244,๔,0.3864,244,๔,1,244,0.364,231,0.9486,244,0.7947,244(๔):0.386 | 231(็):0.329 | 248(๘):0.019,0
PrintAksorn_dataset/test/digit_4_TlwgTypo-BoldOblique.png,244,๔,0.4729,244,๔,1,244,0.5423,231,0.9325,244,0.8758,244(๔):0.473 | 231(็):0.315 | 236(์):0.027,0
PrintAksorn_dataset/test/digit_4_Trirong-BlackItalic.png,244,๔,0.378,244,๔,1,244,0.3448,231,0.9344,244,0.7885,244(๔):0.378 | 231(็):0.353 | 170(ช):0.010,0
PrintAksorn_dataset/test/digit_5_JS-Jindara-Italic.png,245,๕,0.3368,245,๕,1,249,0.1851,206,0.2574,245,0.9086,245(๕):0.337 | 206(ฮ):0.092 | 249(๙):0.064,0
PrintAksorn_dataset/test/digit_5_JS-Oobboon-Normal.png,245,๕,0.3447,245,๕,1,245,0.2274,231,0.2079,245,0.8013,245(๕):0.345 | 244(๔):0.078 | 231(็):0.077,0
PrintAksorn_dataset/test/digit_5_JS-Pisit-Normal.png,245,๕,0.3736,245,๕,1,245,0.3516,231,0.1551,245,0.7606,245(๕):0.374 | 231(็):0.055 | 206(ฮ):0.042,0
PrintAksorn_dataset/test/digit_5_JS-Rapee-Bold.png,245,๕,0.5132,245,๕,1,245,0.8096,231,0.2986,245,0.7219,245(๕):0.513 | 231(็):0.101 | 206(ฮ):0.065,0
PrintAksorn_dataset/test/digit_5_Laksaman-BoldItalic.png,245,๕,0.462,245,๕,1,245,0.5651,231,0.3315,245,0.8149,245(๕):0.462 | 231(็):0.113 | 206(ฮ):0.062,0
PrintAksorn_dataset/test/digit_5_Maitree-Bold.png,245,๕,0.3921,245,๕,1,245,0.3606,231,0.4841,245,0.8102,245(๕):0.392 | 231(็):0.168 | 244(๔):0.093,0
PrintAksorn_dataset/test/digit_5_Norasi-BoldOblique.png,245,๕,0.4426,245,๕,1,245,0.5352,231,0.675,245,0.7902,245(๕):0.443 | 231(็):0.227 | 244(๔):0.053,0
PrintAksorn_dataset/test/digit_5_NotoSansThai-SemiBold.png,245,๕,0.4647,245,๕,1,245,0.4637,205,0.112,245,0.9191,245(๕):0.465 | 205(อ):0.039 | 206(ฮ):0.038,0
PrintAksorn_dataset/test/digit_5_NotoSerifThai-ExtraCondensedBold.png,245,๕,0.396,245,๕,1,245,0.2624,231,0.1389,245,0.9141,245(๕):0.396 | 231(็):0.049 | 205(อ):0.030,0
PrintAksorn_dataset/test/digit_5_Sarabun-Thin.png,245,๕,0.4106,245,๕,1,245,0.3681,231,0.4139,245,0.8571,245(๕):0.411 | 231(็):0.141 | 244(๔):0.055,0
PrintAksorn_dataset/test/digit_5_TH-Niramit-AS-Italic.png,245,๕,0.3683,245,๕,1,244,0.2307,231,0.5641,245,0.9208,245(๕):0.368 | 231(็):0.196 | 244(๔):0.079,0
PrintAksorn_dataset/test/digit_5_Trirong-MediumItalic.png,245,๕,0.4473,245,๕,1,245,0.4783,231,0.4049,245,0.8565,245(๕):0.447 | 231(็):0.139 | 244(๔):0.031,0
PrintAksorn_dataset/test/digit_5_Waree-Oblique.png,245,๕,0.3744,245,๕,1,245,0.2531,231,0.4955,245,0.8647,245(๕):0.374 | 231(็):0.172 | 244(๔):0.078,0
PrintAksorn_dataset/test/digit_6_JS-Jukaphan-Italic.png,246,๖,0.392,246,๖,1,246,0.2838,173,0.209,246,0.8861,246(๖):0.392 | 173(ญ):0.073 | 193(ม):0.025,0
PrintAksorn_dataset/test/digit_6_JS-Synjai-Italic.png,246,๖,0.3417,246,๖,1,246,0.1596,173,0.2136,246,0.8596,246(๖):0.342 | 173(ญ):0.074 | 214(ึ):0.050,0
PrintAksorn_dataset/test/digit_6_Kanit-Medium.png,246,๖,0.2796,246,๖,1,240,0.1682,214,0.232,246,0.7659,246(๖):0.280 | 214(ึ):0.081 | 240(๐):0.059,0
PrintAksorn_dataset/test/digit_6_NotoSansThai-ExtraCondensedSemiBold.png,246,๖,0.295,246,๖,1,199,0.2172,167,0.1354,246,0.8364,246(๖):0.295 | 167(ง):0.095 | 199(ว):0.079,0
PrintAksorn_dataset/test/digit_6_NotoSansThaiLooped-ExtraLight.png,246,๖,0.3194,246,๖,1,246,0.0784,173,0.1461,246,0.8735,246(๖):0.319 | 173(ญ):0.056 | 199(ว):0.048,0
PrintAksorn_dataset/test/digit_6_NotoSerifThai-ExtraCondensedMedium.png,246,๖,0.4982,246,๖,1,246,0.6445,174,0.0951,246,0.8446,246(๖):0.498 | 174(ฎ):0.035 | 193(ม):0.031,0
PrintAksorn_dataset/test/digit_6_Pattaya-Regular.png,246,๖,0.2571,246,๖,1,246,0.1085,208,0.1085,246,0.6573,246(๖):0.257 | 205(อ):0.050 | 208(ะ):0.040,0
PrintAksorn_dataset/test/digit_6_TH-Baijam-Bold.png,246,๖,0.5612,246,๖,1,246,0.7989,173,0.1375,246,0.8789,246(๖):0.561 | 173(ญ):0.047 | 199(ว):0.027,0
PrintAksorn_dataset/test/digit_7_Ayuthaya.png,247,๗,0.4021,247,๗,1,247,0.3781,234,0.8908,247,0.8267,247(๗):0.402 | 234(๊):0.302 | 173(ญ):0.031,0
PrintAksorn_dataset/test/digit_7_JS-Synjai-Italic.png,247,๗,0.3749,247,๗,1,247,0.2221,234,0.8537,247,0.9004,247(๗):0.375 | 234(๊):0.317 | 173(ญ):0.017,0
PrintAksorn_dataset/test/digit_7_Laksaman-BoldItalic.png,247,๗,0.3696,247,๗,1,247,0.2026,234,0.9418,247,0.9056,247(๗):0.370 | 234(๊):0.334 | 242(๒):0.042,0
PrintAksorn_dataset/test/digit_7_Nakaracha-Bold.png,247,๗,0.3257,247,๗,1,173,0.1237,234,0.7588,247,0.9067,247(๗):0.326 | 234(๊):0.260 | 173(ญ):0.044,0
PrintAksorn_dataset/test/digit_7_Pridi-Regular.png,173,ญ,0.2944,247,๗,0,173,0.812,234,0.4361,247,0.7766,173(ญ):0.294 | 247(๗):0.261 | 234(๊):0.156,0
PrintAksorn_dataset/test/digit_7_Prompt-LightItalic.png,247,๗,0.2728,247,๗,1,173,0.476,234,0.6859,247,0.8042,247(๗):0.273 | 234(๊):0.238 | 173(ญ):0.176,0
PrintAksorn_dataset/test/digit_7_Sarabun-Regular.png,247,๗,0.3254,247,๗,1,173,0.2171,234,0.9187,247,0.8925,247(๗):0.325 | 234(๊):0.320 | 173(ญ):0.076,0
PrintAksorn_dataset/test/digit_7_Sarabun-SemiBoldItalic.png,247,๗,0.348,247,๗,1,247,0.1258,234,0.9486,247,0.9176,247(๗):0.348 | 234(๊):0.340 | 173(ญ):0.027,0
PrintAksorn_dataset/test/digit_7_Sawasdee-Bold.png,247,๗,0.3229,247,๗,1,173,0.2299,234,0.7926,247,0.835,247(๗):0.323 | 234(๊):0.268 | 173(ญ):0.085,0
PrintAksorn_dataset/test/digit_7_Taviraj-Regular.png,234,๊,0.3224,247,๗,0,173,0.2081,234,0.9353,247,0.9166,234(๊):0.322 | 247(๗):0.319 | 173(ญ):0.071,0
PrintAksorn_dataset/test/digit_7_TlwgTypo-Bold.png,247,๗,0.3112,247,๗,1,242,0.0734,234,0.8048,247,0.884,247(๗):0.311 | 234(๊):0.288 | 178(ฒ):0.035,0
PrintAksorn_dataset/test/digit_7_Trirong-Light.png,234,๊,0.3271,247,๗,0,173,0.2534,234,0.9406,247,0.907,234(๊):0.327 | 247(๗):0.314 | 173(ญ):0.087,0
PrintAksorn_dataset/test/digit_7_Trirong-LightItalic.png,234,๊,0.3201,247,๗,0,173,0.1497,234,0.916,247,0.9087,234(๊):0.320 | 247(๗):0.319 | 173(ญ):0.052,0
PrintAksorn_dataset/test/digit_7_Umpush-BoldOblique.png,234,๊,0.3149,247,๗,0,173,0.0948,234,0.8698,247,0.8789,234(๊):0.315 | 247(๗):0.304 | 178(ฒ):0.037,0
PrintAksorn_dataset/test/digit_8_ChulaNarak-Bold.png,231,็,0.504,248,๘,0,231,0.6657,231,0.8426,248,0.8117,231(็):0.504 | 248(๘):0.296 | 244(๔):0.006,0
PrintAksorn_dataset/test/digit_8_JS-75-Pumpuang.png,231,็,0.3615,248,๘,0,231,0.1266,231,0.9575,248,0.9328,231(็):0.361 | 248(๘):0.324 | 247(๗):0.017,0
PrintAksorn_dataset/test/digit_8_Kanit-MediumItalic.png,231,็,0.4528,248,๘,0,231,0.4744,231,0.8711,248,0.8493,231(็):0.453 | 248(๘):0.298 | 243(๓):0.033,0
PrintAksorn_dataset/test/digit_8_Kinnari-BoldOblique.png,248,๘,0.3317,248,๘,1,231,0.1579,231,0.7865,248,0.8552,248(๘):0.332 | 231(็):0.315 | 247(๗):0.029,0
PrintAksorn_dataset/test/digit_8_NotoSansThai-SemiCondensedExtraLight.png,231,็,0.3404,248,๘,0,247,0.1969,231,0.9294,248,0.9027,231(็):0.340 | 248(๘):0.320 | 247(๗):0.067,0
PrintAksorn_dataset/test/digit_8_NotoSansThai-SemiCondensedLight.png,231,็,0.3268,248,๘,0,247,0.1581,231,0.8886,248,0.9048,231(็):0.327 | 248(๘):0.327 | 247(๗):0.054,0
PrintAksorn_dataset/test/digit_8_NotoSerifThai-SemiCondensedBlack.png,231,็,0.3028,248,๘,0,247,0.1467,231,0.8209,248,0.8094,231(็):0.303 | 248(๘):0.278 | 247(๗):0.051,0
PrintAksorn_dataset/test/digit_8_PSK-SmartBI.png,231,็,0.4459,248,๘,0,231,0.5132,231,0.8196,248,0.856,231(็):0.446 | 248(๘):0.382 | 247(๗):0.004,0
PrintAksorn_dataset/test/digit_8_Sathu.png,248,๘,0.2909,248,๘,1,231,0.1136,231,0.7286,248,0.8412,248(๘):0.291 | 231(็):0.281 | 244(๔):0.037,0
PrintAksorn_dataset/test/digit_8_Silom.png,231,็,0.4764,248,๘,0,231,0.4937,231,0.9326,248,0.8241,231(็):0.476 | 248(๘):0.328 | 243(๓):0.013,0
PrintAksorn_dataset/test/digit_8_TH-KoHo-Bold-Italic.png,231,็,0.3975,248,๘,0,231,0.2952,231,0.8926,248,0.8863,231(็):0.397 | 248(๘):0.354 | 243(๓):0.012,0
PrintAksorn_dataset/test/digit_9_JS-Obsaward-Normal.png,249,๙,0.2935,249,๙,1,170,0.1206,200,0.7986,249,0.8687,249(๙):0.293 | 200(ศ):0.274 | 170(ช):0.043,0
PrintAksorn_dataset/test/digit_9_JS-Prapakorn-Normal.png,249,๙,0.3057,249,๙,1,236,0.081,231,0.6405,249,0.9061,249(๙):0.306 | 231(็):0.229 | 236(์):0.035,0
PrintAksorn_dataset/test/digit_9_JS-Saksit-Bold-Italic.png,249,๙,0.3034,249,๙,1,249,0.8814,184,0.3059,245,0.3214,249(๙):0.303 | 245(๕):0.109 | 184(ธ):0.106,0
PrintAksorn_dataset/test/digit_9_JS-Saksit-Normal.png,249,๙,0.3099,249,๙,1,249,0.8988,184,0.2513,245,0.3614,249(๙):0.310 | 245(๕):0.123 | 184(ธ):0.087,0
PrintAksorn_dataset/test/digit_9_Kanit-ExtraLightItalic.png,249,๙,0.3093,249,๙,1,171,0.1185,201,0.1499,249,0.9104,249(๙):0.309 | 201(ษ):0.053 | 231(็):0.052,0
PrintAksorn_dataset/test/digit_9_Kanit-Light.png,249,๙,0.3025,249,๙,1,243,0.118,231,0.1705,249,0.8889,249(๙):0.303 | 231(็):0.061 | 165(ฅ):0.045,0
PrintAksorn_dataset/test/digit_9_Kinnari-Italic.png,249,๙,0.2889,249,๙,1,202,0.1591,202,0.6103,249,0.858,249(๙):0.289 | 202(ส):0.257 | 236(์):0.042,0
PrintAksorn_dataset/test/digit_9_Mitr-ExtraLight.png,248,๘,0.1154,249,๙,0,173,0.1184,231,0.2122,248,0.3286,248(๘):0.115 | 249(๙):0.111 | 231(็):0.076,0
PrintAksorn_dataset/test/digit_9_NotoSansThai-ExtraCondensed.png,249,๙,0.3143,249,๙,1,202,0.4259,200,0.646,249,0.9339,249(๙):0.314 | 200(ศ):0.220 | 202(ส):0.191,0
PrintAksorn_dataset/test/digit_9_NotoSansThai-SemiCondensedMedium.png,249,๙,0.3169,249,๙,1,202,0.272,200,0.4412,249,0.9376,249(๙):0.317 | 200(ศ):0.151 | 202(ส):0.100,0
PrintAksorn_dataset/test/digit_9_PSK-SmartBI.png,249,๙,0.3108,249,๙,1,231,0.0847,231,0.3018,249,0.92,249(๙):0.311 | 231(็):0.129 | 200(ศ):0.078,0
PrintAksorn_dataset/test/digit_9_TH-Kodchasal-Bold.png,249,๙,0.2977,249,๙,1,231,0.1047,202,0.2126,249,0.8831,249(๙):0.298 | 231(็):0.105 | 202(ส):0.078,0
PrintAksorn_dataset/test/digit_9_TlwgTypewriter-BoldOblique.png,249,๙,0.298,249,๙,1,234,0.1091,234,0.7264,249,0.886,249(๙):0.298 | 234(๊):0.279 | 236(์):0.049,0
PrintAksorn_dataset/test/digit_9_TlwgTypo-Oblique.png,249,๙,0.3079,249,๙,1,236,0.0721,231,0.2104,249,0.9133,249(๙):0.308 | 236(์):0.087 | 231(็):0.081,0
PrintAksorn_dataset/test/digit_9_Trirong-ExtraBold.png,249,๙,0.3172,249,๙,1,236,0.0672,231,0.2217,249,0.9381,249(๙):0.317 | 231(็):0.088 | 234(๊):0.056,0
PrintAksorn_dataset/test/digit_9_Waree-BoldOblique.png,249,๙,0.2993,249,๙,1,236,0.116,231,0.2927,249,0.8884,249(๙):0.299 | 231(็):0.114 | 236(์):0.047,0
PrintAksorn_dataset/test/do_chada_CmPrasanmit-Bold.png,174,ฎ,0.5791,174,ฎ,1,175,0.8163,174,0.9011,174,0.8125,174(ฎ):0.579 | 175(ฏ):0.292 | 192(ภ):0.009,0
PrintAksorn_dataset/test/do_chada_DC-Palamongkol-Bold-Italic.png,174,ฎ,0.5273,174,ฎ,1,175,0.8207,174,0.8502,174,0.6983,174(ฎ):0.527 | 175(ฏ):0.307 | 182(ถ):0.011,0
PrintAksorn_dataset/test/do_chada_JS-Jindara-Italic.png,174,ฎ,0.6495,174,ฎ,1,175,0.8145,174,0.9693,174,0.9414,174(ฎ):0.649 | 175(ฏ):0.278 | 193(ม):0.004,0
PrintAksorn_dataset/test/do_chada_Kinnari-BoldItalic.png,174,ฎ,0.5695,174,ฎ,1,175,0.9064,174,0.8165,174,0.8765,174(ฎ):0.570 | 175(ฏ):0.344 | 182(ถ):0.005,0
PrintAksorn_dataset/test/do_chada_Mitr-Bold.png,174,ฎ,0.2682,174,ฎ,1,175,0.3867,174,0.5671,174,0.1447,174(ฎ):0.268 | 175(ฏ):0.224 | 205(อ):0.038,0
PrintAksorn_dataset/test/do_chada_NotoSansThai-SemiBold.png,174,ฎ,0.5832,174,ฎ,1,175,0.1699,174,0.8751,174,0.81,174(ฎ):0.583 | 175(ฏ):0.080 | 192(ภ):0.021,0
PrintAksorn_dataset/test/do_chada_NotoSansThaiLooped-ExtraLight.png,174,ฎ,0.6148,174,ฎ,1,175,0.8537,174,0.9457,174,0.8857,174(ฎ):0.615 | 175(ฏ):0.288 | 176(ฐ):0.005,0
PrintAksorn_dataset/test/do_chada_NotoSerifThai-SemiCondensedSemiBold.png,174,ฎ,0.5304,174,ฎ,1,175,0.9549,174,0.7531,174,0.8303,174(ฎ):0.530 | 175(ฏ):0.370 | 182(ถ):0.006,0
PrintAksorn_dataset/test/do_chada_Sarabun-Medium.png,174,ฎ,0.6142,174,ฎ,1,175,0.9401,174,0.9377,174,0.8961,174(ฎ):0.614 | 175(ฏ):0.317 | 182(ถ):0.004,0
PrintAksorn_dataset/test/do_chada_Sathu.png,174,ฎ,0.4405,174,ฎ,1,175,0.8683,174,0.7738,174,0.5294,174(ฎ):0.441 | 175(ฏ):0.384 | 182(ถ):0.013,0
PrintAksorn_dataset/test/do_dek_Chonburi-Regular.png,164,ค,0.1103,180,ด,0,240,0.138,164,0.3184,241,0.1115,164(ค):0.110 | 205(อ):0.063 | 240(๐):0.059,0
PrintAksorn_dataset/test/do_dek_Himmaparnt-Bold-Italic.png,180,ด,0.9033,180,ด,1,180,0.9091,180,0.892,180,0.9089,180(ด):0.903 | 164(ค):0.011 | 248(๘):0.004,1
PrintAksorn_dataset/test/do_dek_JS-Jukaphan.png,180,ด,0.8878,180,ด,1,180,0.9028,180,0.8846,180,0.8758,180(ด):0.888 | 164(ค):0.011 | 161(ก):0.004,1
PrintAksorn_dataset/test/do_dek_JS-Junkaew-Italic.png,180,ด,0.9276,180,ด,1,180,0.9029,180,0.9443,180,0.9355,180(ด):0.928 | 241(๑):0.003 | 164(ค):0.002,1
PrintAksorn_dataset/test/do_dek_JS-Pisit-Italic.png,180,ด,0.9269,180,ด,1,180,0.9209,180,0.9515,180,0.9083,180(ด):0.927 | 241(๑):0.004 | 248(๘):0.003,1
PrintAksorn_dataset/test/do_dek_Kanit-SemiBoldItalic.png,241,๑,0.2026,180,ด,0,240,0.1858,164,0.4698,241,0.5733,241(๑):0.203 | 164(ค):0.162 | 240(๐):0.090,0
PrintAksorn_dataset/test/do_dek_NotoSansThai-Condensed.png,240,๐,0.2137,180,ด,0,240,0.1428,161,0.2604,240,0.4943,240(๐):0.214 | 161(ก):0.105 | 182(ถ):0.092,0
PrintAksorn_dataset/test/do_dek_Taviraj-Bold.png,180,ด,0.6739,180,ด,1,180,0.859,180,0.7089,180,0.4539,180(ด):0.674 | 241(๑):0.087 | 164(ค):0.024,1
PrintAksorn_dataset/test/dot_JS-Charnchai-Normal.png,237,ํ,0.2753,,,,232,0.4175,205,0.1898,237,0.801,237(ํ):0.275 | 232(่):0.148 | 240(๐):0.071,0
PrintAksorn_dataset/test/dot_JS-Rapee-Bold.png,237,ํ,0.2917,,,,240,0.3759,205,0.3671,237,0.8507,237(ํ):0.292 | 240(๐):0.130 | 205(อ):0.125,0
PrintAksorn_dataset/test/dot_Kanit-BlackItalic.png,232,่,0.2954,,,,232,0.8428,184,0.1688,237,0.1478,232(่):0.295 | 184(ธ):0.064 | 237(ํ):0.051,0
PrintAksorn_dataset/test/dot_Kinnari-Oblique.png,237,ํ,0.2886,,,,240,0.4776,205,0.4712,237,0.8481,237(ํ):0.289 | 240(๐):0.168 | 205(อ):0.160,0
PrintAksorn_dataset/test/dot_Maitree-Bold.png,237,ํ,0.2525,,,,240,0.5231,205,0.5682,237,0.7432,237(ํ):0.253 | 240(๐):0.199 | 205(อ):0.192,0
PrintAksorn_dataset/test/dot_Mitr-Regular.png,237,ํ,0.2947,,,,232,0.334,205,0.2549,237,0.8623,237(ํ):0.295 | 232(่):0.120 | 240(๐):0.109,0
PrintAksorn_dataset/test/dot_Norasi.png,237,ํ,0.285,,,,240,0.4105,205,0.2193,237,0.8317,237(ํ):0.285 | 240(๐):0.142 | 205(อ):0.076,0
PrintAksorn_dataset/test/dot_NotoSansThai-CondensedBlack.png,205,อ,0.1056,,,,187,0.1355,186,0.1252,205,0.1806,205(อ):0.106 | 187(ป):0.073 | 186(บ):0.058,0
PrintAksorn_dataset/test/dot_NotoSerifThai-ExtraCondensed.png,205,อ,0.1056,,,,187,0.1355,186,0.1252,205,0.1806,205(อ):0.106 | 187(ป):0.073 | 186(บ):0.058,0
PrintAksorn_dataset/test/dot_Prompt-ExtraBoldItalic.png,237,ํ,0.2885,,,,240,0.4715,205,0.4645,237,0.8454,237(ํ):0.289 | 240(๐):0.165 | 205(อ):0.157,0
PrintAksorn_dataset/test/dot_Sarabun-BoldItalic.png,240,๐,0.2271,,,,240,0.5368,205,0.5835,237,0.6212,240(๐):0.227 | 237(ํ):0.212 | 205(อ):0.198,0
PrintAksorn_dataset/test/dot_TH-Fahkwang-Regular.png,232,่,0.3039,,,,232,0.7812,236,0.1404,237,0.735,232(่):0.304 | 237(ํ):0.249 | 236(์):0.050,0
PrintAksorn_dataset/test/dot_TH-KoHo-Bold-Italic.png,232,่,0.2749,,,,232,0.7793,205,0.1779,237,0.7611,232(่):0.275 | 237(ํ):0.257 | 205(อ):0.062,0
PrintAksorn_dataset/test/dot_TH-Niramit-AS-Bold-Italic.png,237,ํ,0.2785,,,,232,0.368,205,0.239,237,0.8125,237(ํ):0.279 | 232(่):0.131 | 240(๐):0.086,0
PrintAksorn_dataset/test/dot_TlwgTypewriter.png,237,ํ,0.2925,,,,240,0.6656,205,0.4712,237,0.8635,237(ํ):0.293 | 240(๐):0.229 | 205(อ):0.159,0
PrintAksorn_dataset/test/dot_TlwgTypo-Bold.png,237,ํ,0.2935,,,,240,0.6635,205,0.4849,237,0.8664,237(ํ):0.294 | 240(๐):0.229 | 205(อ):0.164,0
PrintAksorn_dataset/test/exclamation_Athiti-Medium.png,232,่,0.3157,,,,210,0.2312,224,0.1354,232,0.694,232(่):0.316 | 210(า):0.086 | 224(เ):0.081,0
PrintAksorn_dataset/test/exclamation_FonLeb-Italic.png,232,่,0.2068,,,,224,0.2459,232,0.124,232,0.4842,232(่):0.207 | 224(เ):0.161 | 227(ใ):0.063,0
PrintAksorn_dataset/test/exclamation_JS-Pisit-Italic.png,224,เ,0.3778,,,,224,0.6811,224,0.2563,232,0.3121,224(เ):0.378 | 232(่):0.121 | 236(์):0.048,0
PrintAksorn_dataset/test/exclamation_NotoSerifThai-Bold.png,205,อ,0.1036,,,,187,0.1324,186,0.1261,205,0.1765,205(อ):0.104 | 187(ป):0.071 | 186(บ):0.059,0
PrintAksorn_dataset/test/exclamation_NotoSerifThai-CondensedSemiBold.png,205,อ,0.1062,,,,187,0.1387,205,0.1124,205,0.1755,205(อ):0.106 | 187(ป):0.074 | 161(ก):0.052,0
PrintAksorn_dataset/test/exclamation_Trirong-ExtraLightItalic.png,232,่,0.4257,,,,227,0.1669,232,0.4129,232,0.8504,232(่):0.426 | 224(เ):0.073 | 210(า):0.066,0
PrintAksorn_dataset/test/fo_fa_Garuda-Oblique.png,189,ฝ,0.8925,189,ฝ,1,189,0.9443,189,0.9164,189,0.8168,189(ฝ):0.893 | 191(ฟ):0.005 | 187(ป):0.004,1
PrintAksorn_dataset/test/fo_fa_JS-Wanida-Italic.png,189,ฝ,0.9371,189,ฝ,1,189,0.9013,189,0.9334,189,0.9766,189(ฝ):0.937 | 191(ฟ):0.011 | 188(ผ):0.004,1
PrintAksorn_dataset/test/fo_fa_NotoSansThai-SemiCondensedThin.png,189,ฝ,0.767,189,ฝ,1,189,0.783,189,0.6023,189,0.9157,189(ฝ):0.767 | 188(ผ):0.068 | 213(ี):0.016,1
PrintAksorn_dataset/test/fo_fa_Pridi-Bold.png,189,ฝ,0.4858,189,ฝ,1,189,0.8765,189,0.4296,191,0.1595,189(ฝ):0.486 | 188(ผ):0.070 | 172(ฌ):0.063,0
PrintAksorn_dataset/test/fo_fa_Prompt-ExtraLight.png,189,ฝ,0.6106,189,ฝ,1,189,0.8671,188,0.5274,189,0.6774,189(ฝ):0.611 | 188(ผ):0.192 | 191(ฟ):0.019,0
PrintAksorn_dataset/test/fo_fa_Purisa-Bold.png,189,ฝ,0.8796,189,ฝ,1,189,0.8672,189,0.8661,189,0.9054,189(ฝ):0.880 | 188(ผ):0.004 | 247(๗):0.004,1
PrintAksorn_dataset/test/fo_fa_TH-Krub-Bold-Italic.png,189,ฝ,0.6419,189,ฝ,1,189,0.9317,188,0.5777,189,0.7671,189(ฝ):0.642 | 188(ผ):0.196 | 213(ี):0.006,0
PrintAksorn_dataset/test/fo_fa_TH-Krub-Italic.png,189,ฝ,0.7572,189,ฝ,1,189,0.9358,189,0.4822,189,0.8537,189(ฝ):0.757 | 188(ผ):0.109 | 213(ี):0.005,1
PrintAksorn_dataset/test/fo_fa_Taviraj-ExtraBold.png,189,ฝ,0.3579,189,ฝ,1,189,0.7931,188,0.4523,189,0.0929,189(ฝ):0.358 | 188(ผ):0.191 | 172(ฌ):0.027,0
PrintAksorn_dataset/test/fo_fa_TlwgTypist-BoldOblique.png,189,ฝ,0.8112,189,ฝ,1,189,0.9484,189,0.6386,189,0.8465,189(ฝ):0.811 | 188(ผ):0.045 | 191(ฟ):0.007,1
PrintAksorn_dataset/test/fo_fan_JS-Hariphan.png,189,ฝ,0.3409,191,ฟ,0,191,0.5953,189,0.3616,189,0.6365,189(ฝ):0.341 | 191(ฟ):0.338 | 190(พ):0.048,0
PrintAksorn_dataset/test/fo_fan_Kanit-BlackItalic.png,234,๊,0.2457,191,ฟ,0,191,0.3254,234,0.6697,247,0.5091,234(๊):0.246 | 247(๗):0.173 | 191(ฟ):0.112,0
PrintAksorn_dataset/test/fo_fan_Kinnari-Italic.png,191,ฟ,0.8826,191,ฟ,1,191,0.8969,191,0.8787,191,0.8722,191(ฟ):0.883 | 189(ฝ):0.008 | 190(พ):0.007,1
PrintAksorn_dataset/test/fo_fan_Loma-Oblique.png,190,พ,0.4534,191,ฟ,0,191,0.9045,190,0.7974,190,0.5601,190(พ):0.453 | 191(ฟ):0.405 | 188(ผ):0.005,0
PrintAksorn_dataset/test/fo_fan_NotoSerifThai-ExtraCondensedBlack.png,191,ฟ,0.5324,191,ฟ,1,191,0.8835,190,0.6014,191,0.4586,191(ฟ):0.532 | 190(พ):0.309 | 234(๊):0.005,0
PrintAksorn_dataset/test/fo_fan_NotoSerifThai-Medium.png,191,ฟ,0.4368,191,ฟ,1,191,0.8992,190,0.7953,190,0.5128,191(ฟ):0.437 | 190(พ):0.437 | 188(ผ):0.005,0
PrintAksorn_dataset/test/fo_fan_PSK-Smart-Bold.png,191,ฟ,0.5486,191,ฟ,1,191,0.9369,190,0.6613,191,0.4444,191(ฟ):0.549 | 190(พ):0.350 | 189(ฝ):0.004,0
PrintAksorn_dataset/test/fo_fan_PSK-Smart-Regular.png,191,ฟ,0.6574,191,ฟ,1,191,0.87,190,0.6114,191,0.8509,191(ฟ):0.657 | 190(พ):0.208 | 189(ฝ):0.016,0
PrintAksorn_dataset/test/fo_fan_Sarabun-ExtraBold.png,191,ฟ,0.7707,191,ฟ,1,191,0.9249,191,0.681,191,0.7061,191(ฟ):0.771 | 190(พ):0.104 | 189(ฝ):0.004,1
PrintAksorn_dataset/test/fo_fan_TH-Chakra-Petch-Bold-Italic.png,191,ฟ,0.7021,191,ฟ,1,191,0.7972,191,0.4886,191,0.8205,191(ฟ):0.702 | 190(พ):0.134 | 189(ฝ):0.014,1
PrintAksorn_dataset/test/fo_fan_TH-Niramit-AS-Italic.png,191,ฟ,0.5361,191,ฟ,1,191,0.8879,190,0.6639,191,0.5474,191(ฟ):0.536 | 190(พ):0.304 | 189(ฝ):0.006,0
PrintAksorn_dataset/test/fo_fan_Trirong-Regular.png,191,ฟ,0.6381,191,ฟ,1,191,0.9076,190,0.6247,191,0.7751,191(ฟ):0.638 | 190(พ):0.234 | 189(ฝ):0.007,0
PrintAksorn_dataset/test/ho_hip_Aksaramatee-Regular.png,203,ห,0.8835,203,ห,1,203,0.9172,203,0.8368,203,0.8964,203(ห):0.883 | 204(ฬ):0.008 | 183(ท):0.006,1
PrintAksorn_dataset/test/ho_hip_NotoSansThai-ExtraLight.png,203,ห,0.276,203,ห,1,203,0.6882,203,0.1309,215,0.0752,203(ห):0.276 | 183(ท):0.053 | 177(ฑ):0.043,0
PrintAksorn_dataset/test/ho_hip_NotoSansThaiLooped-ExtraLight.png,203,ห,0.8189,203,ห,1,203,0.8848,203,0.872,203,0.7,203(ห):0.819 | 204(ฬ):0.008 | 190(พ):0.007,1
PrintAksorn_dataset/test/ho_hip_NotoSerifThai-ExtraBold.png,203,ห,0.7303,203,ห,1,203,0.9232,203,0.7397,203,0.5279,203(ห):0.730 | 185(น):0.020 | 179(ณ):0.019,1
PrintAksorn_dataset/test/ho_hip_NotoSerifThai-ExtraLight.png,203,ห,0.7949,203,ห,1,203,0.9,203,0.8648,203,0.6199,203(ห):0.795 | 190(พ):0.008 | 188(ผ):0.008,1
PrintAksorn_dataset/test/ho_hip_Purisa.png,203,ห,0.7039,203,ห,1,203,0.4689,203,0.9295,203,0.7133,203(ห):0.704 | 185(น):0.066 | 190(พ):0.010,1
PrintAksorn_dataset/test/ho_hip_SR-FahMai-Bold-Italic.png,203,ห,0.8181,203,ห,1,203,0.9047,203,0.8457,203,0.7039,203(ห):0.818 | 185(น):0.009 | 188(ผ):0.007,1
PrintAksorn_dataset/test/ho_hip_Sawasdee-BoldOblique.png,183,ท,0.3437,203,ห,0,183,0.4454,183,0.4235,183,0.1622,183(ท):0.344 | 161(ก):0.078 | 177(ฑ):0.071,1
PrintAksorn_dataset/test/ho_hip_TH-Fahkwang-Bold.png,203,ห,0.5946,203,ห,1,203,0.8438,203,0.7753,183,0.2957,203(ห):0.595 | 183(ท):0.107 | 190(พ):0.013,0
PrintAksorn_dataset/test/ho_hip_Taviraj-ExtraBoldItalic.png,203,ห,0.4911,203,ห,1,203,0.7842,203,0.4854,203,0.2037,203(ห):0.491 | 185(น):0.035 | 179(ณ):0.031,1
PrintAksorn_dataset/test/ho_hip_Taviraj-SemiBold.png,203,ห,0.7,203,ห,1,203,0.8986,203,0.83,203,0.3713,203(ห):0.700 | 190(พ):0.036 | 185(น):0.011,1
PrintAksorn_dataset/test/ho_hip_TlwgMono-Oblique.png,203,ห,0.8837,203,ห,1,203,0.9129,203,0.9104,203,0.8279,203(ห):0.884 | 185(น):0.004 | 183(ท):0.004,1
PrintAksorn_dataset/test/ho_hip_TlwgTypo-Bold.png,203,ห,0.7902,203,ห,1,203,0.9101,203,0.8888,203,0.5718,203(ห):0.790 | 188(ผ):0.017 | 180(ด):0.009,1
PrintAksorn_dataset/test/ho_hip_Waree-Oblique.png,203,ห,0.7645,203,ห,1,203,0.9051,203,0.8488,203,0.5395,203(ห):0.764 | 190(พ):0.023 | 183(ท):0.011,1
PrintAksorn_dataset/test/ho_nokhuk_JS-Oobboon-Normal.png,205,อ,0.4286,206,ฮ,0,205,0.505,205,0.7052,242,0.1296,205(อ):0.429 | 194(ย):0.068 | 242(๒):0.045,0
PrintAksorn_dataset/test/ho_nokhuk_JS-Pisit-Normal.png,206,ฮ,0.6949,206,ฮ,1,206,0.5828,206,0.8325,206,0.6695,206(ฮ):0.695 | 194(ย):0.038 | 249(๙):0.021,1
PrintAksorn_dataset/test/ho_nokhuk_JS-Prajuk-Italic.png,206,ฮ,0.4159,206,ฮ,1,170,0.4206,206,0.8722,206,0.3292,206(ฮ):0.416 | 170(ช):0.174 | 187(ป):0.044,0
PrintAksorn_dataset/test/ho_nokhuk_Kanit-Italic.png,205,อ,0.1932,206,ฮ,0,205,0.3346,206,0.3453,248,0.3384,205(อ):0.193 | 206(ฮ):0.149 | 184(ธ):0.119,0
PrintAksorn_dataset/test/ho_nokhuk_Laksaman-BoldItalic.png,206,ฮ,0.8564,206,ฮ,1,206,0.7711,206,0.8932,206,0.9049,206(ฮ):0.856 | 249(๙):0.015 | 194(ย):0.010,1
PrintAksorn_dataset/test/ho_nokhuk_NotoSansThai-ExtraCondensed.png,206,ฮ,0.3175,206,ฮ,1,206,0.1217,206,0.7848,246,0.2036,206(ฮ):0.317 | 246(๖):0.093 | 205(อ):0.051,0
PrintAksorn_dataset/test/ho_nokhuk_PSK-Smart-Bold.png,206,ฮ,0.6117,206,ฮ,1,206,0.586,206,0.8035,206,0.4456,206(ฮ):0.612 | 176(ฐ):0.040 | 184(ธ):0.023,1
PrintAksorn_dataset/test/ho_nokhuk_PSK-SmartBI.png,206,ฮ,0.5947,206,ฮ,1,206,0.489,206,0.7528,206,0.5425,206(ฮ):0.595 | 176(ฐ):0.053 | 202(ส):0.032,1
PrintAksorn_dataset/test/ho_nokhuk_Prompt-MediumItalic.png,206,ฮ,0.303,206,ฮ,1,206,0.1507,206,0.7276,246,0.2033,206(ฮ):0.303 | 246(๖):0.085 | 205(อ):0.071,0
PrintAksorn_dataset/test/ho_nokhuk_Prompt-SemiBoldItalic.png,206,ฮ,0.3389,206,ฮ,1,206,0.2366,206,0.7408,246,0.2119,206(ฮ):0.339 | 246(๖):0.089 | 248(๘):0.051,0
PrintAksorn_dataset/test/ho_nokhuk_TH-Sarabun-New-BoldItalic.png,206,ฮ,0.87,206,ฮ,1,206,0.7758,206,0.8852,206,0.949,206(ฮ):0.870 | 249(๙):0.016 | 194(ย):0.008,1
PrintAksorn_dataset/test/ho_nokhuk_Taviraj-Light.png,206,ฮ,0.7448,206,ฮ,1,206,0.6257,206,0.9478,206,0.6608,206(ฮ):0.745 | 194(ย):0.027 | 248(๘):0.014,1
PrintAksorn_dataset/test/ho_nokhuk_Taviraj-SemiBoldItalic.png,206,ฮ,0.5352,206,ฮ,1,206,0.4332,206,0.8708,206,0.3015,206(ฮ):0.535 | 202(ส):0.078 | 176(ฐ):0.024,1
PrintAksorn_dataset/test/kho_khai_Aksaramatee-Bold-Italic.png,162,ข,0.7508,162,ข,1,162,0.8377,162,0.5433,162,0.8712,162(ข):0.751 | 217(ู):0.069 | 186(บ):0.051,1
PrintAksorn_dataset/test/kho_khai_DC-Palamongkol-Regular.png,162,ข,0.4762,162,ข,1,162,0.4081,162,0.3788,162,0.6416,162(ข):0.476 | 194(ย):0.100 | 186(บ):0.058,1
PrintAksorn_dataset/test/kho_khai_JS-Obsaward-Italic.png,162,ข,0.5847,162,ข,1,162,0.3059,162,0.8136,162,0.6345,162(ข):0.585 | 168(จ):0.057 | 167(ง):0.042,1
PrintAksorn_dataset/test/kho_khai_Mitr-ExtraLight.png,194,ย,0.2756,162,ข,0,194,0.428,186,0.436,194,0.2256,194(ย):0.276 | 186(บ):0.181 | 187(ป):0.052,0
PrintAksorn_dataset/test/kho_khai_NotoSansThai-ExtraLight.png,194,ย,0.2056,162,ข,0,194,0.31,186,0.2647,162,0.2707,194(ย):0.206 | 162(ข):0.141 | 186(บ):0.121,0
PrintAksorn_dataset/test/kho_khai_NotoSansThaiLooped-Medium.png,162,ข,0.2652,162,ข,1,194,0.5859,186,0.3655,162,0.6774,162(ข):0.265 | 194(ย):0.244 | 186(บ):0.154,0
PrintAksorn_dataset/test/kho_khai_NotoSerifThai-ExtraCondensed.png,162,ข,0.8525,162,ข,1,162,0.8698,162,0.8095,162,0.8782,162(ข):0.853 | 186(บ):0.025 | 217(ู):0.009,1
PrintAksorn_dataset/test/kho_khai_Prompt-Black.png,194,ย,0.3295,162,ข,0,194,0.8991,205,0.258,163,0.1315,194(ย):0.329 | 205(อ):0.089 | 217(ู):0.061,0
PrintAksorn_dataset/test/kho_khon_CmPrasanmit-Italic.png,165,ฅ,0.6147,165,ฅ,1,181,0.5117,165,0.9078,165,0.9229,165(ฅ):0.615 | 181(ต):0.172 | 164(ค):0.047,0
PrintAksorn_dataset/test/kho_khon_JS-Pitsamai-Italic.png,165,ฅ,0.4925,165,ฅ,1,181,0.5929,165,0.8546,165,0.5996,165(ฅ):0.492 | 181(ต):0.202 | 164(ค):0.024,0
PrintAksorn_dataset/test/kho_khon_Laksaman-Italic.png,165,ฅ,0.6196,165,ฅ,1,181,0.3731,165,0.8891,165,0.9434,165(ฅ):0.620 | 181(ต):0.125 | 164(ค):0.055,0
PrintAksorn_dataset/test/kho_khon_Loma-Oblique.png,165,ฅ,0.5852,165,ฅ,1,181,0.506,165,0.8775,165,0.8404,165(ฅ):0.585 | 181(ต):0.171 | 164(ค):0.026,0
PrintAksorn_dataset/test/kho_khon_Maitree-ExtraLight.png,165,ฅ,0.5852,165,ฅ,1,181,0.3762,165,0.8993,165,0.8426,165(ฅ):0.585 | 181(ต):0.133 | 188(ผ):0.018,0
PrintAksorn_dataset/test/kho_khon_Norasi-BoldItalic.png,165,ฅ,0.5863,165,ฅ,1,181,0.3957,165,0.8947,165,0.8413,165(ฅ):0.586 | 181(ต):0.139 | 164(ค):0.079,0
PrintAksorn_dataset/test/kho_khon_Prompt-Thin.png,165,ฅ,0.5327,165,ฅ,1,164,0.1214,165,0.8651,165,0.7103,165(ฅ):0.533 | 164(ค):0.042 | 181(ต):0.022,0
PrintAksorn_dataset/test/kho_khon_Sarabun-ExtraBoldItalic.png,165,ฅ,0.5546,165,ฅ,1,181,0.6107,165,0.9002,165,0.7426,165(ฅ):0.555 | 181(ต):0.216 | 164(ค):0.013,0
PrintAksorn_dataset/test/kho_khon_Sawasdee-Bold.png,165,ฅ,0.4173,165,ฅ,1,183,0.1457,165,0.937,165,0.3016,165(ฅ):0.417 | 243(๓):0.084 | 183(ท):0.052,0
PrintAksorn_dataset/test/kho_khon_TH-Fahkwang-Bold.png,165,ฅ,0.5133,165,ฅ,1,181,0.7946,165,0.8801,165,0.6512,165(ฅ):0.513 | 181(ต):0.281 | 243(๓):0.019,0
PrintAksorn_dataset/test/kho_khon_TH-Kodchasal-Bold.png,165,ฅ,0.4623,165,ฅ,1,181,0.3736,165,0.8676,165,0.5059,165(ฅ):0.462 | 181(ต):0.134 | 243(๓):0.057,0
PrintAksorn_dataset/test/kho_khon_TH-Sarabun-New-Bold.png,165,ฅ,0.6106,165,ฅ,1,181,0.4606,165,0.9138,165,0.8912,165(ฅ):0.611 | 181(ต):0.155 | 200(ศ):0.021,0
PrintAksorn_dataset/test/kho_khon_Taviraj-Light.png,165,ฅ,0.5891,165,ฅ,1,181,0.6748,165,0.9172,165,0.836,165(ฅ):0.589 | 181(ต):0.237 | 164(ค):0.013,0
PrintAksorn_dataset/test/kho_khon_Trirong-ExtraBold.png,165,ฅ,0.485,165,ฅ,1,183,0.1686,165,0.9118,165,0.5193,165(ฅ):0.485 | 181(ต):0.067 | 183(ท):0.058,0
PrintAksorn_dataset/test/kho_khuat_JS-Giat-Bold.png,194,ย,0.2619,163,ฃ,0,194,0.6529,186,0.1853,162,0.136,194(ย):0.262 | 162(ข):0.081 | 186(บ):0.065,0
PrintAksorn_dataset/test/kho_khuat_JS-Saksit-Normal.png,163,ฃ,0.5076,163,ฃ,1,162,0.4574,163,0.8895,163,0.6274,163(ฃ):0.508 | 162(ข):0.161 | 171(ซ):0.019,0
PrintAksorn_dataset/test/kho_khuat_KaniGa-Bold.png,162,ข,0.5242,163,ฃ,0,162,0.8606,163,0.7822,162,0.6589,162(ข):0.524 | 163(ฃ):0.282 | 194(ย):0.013,0
PrintAksorn_dataset/test/kho_khuat_NotoSansThai-SemiCondensedBold.png,194,ย,0.2908,163,ฃ,0,194,0.7761,163,0.2327,163,0.4088,194(ย):0.291 | 163(ฃ):0.215 | 205(อ):0.059,0
PrintAksorn_dataset/test/kho_khuat_Sawasdee-Bold.png,194,ย,0.4446,163,ฃ,0,194,0.7901,194,0.1979,194,0.3458,194(ย):0.445 | 186(บ):0.029 | 201(ษ):0.028,1
PrintAksorn_dataset/test/kho_khuat_Taviraj-Thin.png,194,ย,0.1998,163,ฃ,0,194,0.1551,163,0.2668,194,0.23,194(ย):0.200 | 162(ข):0.113 | 163(ฃ):0.103,0
PrintAksorn_dataset/test/kho_khwai_Athiti-Bold.png,164,ค,0.5635,164,ค,1,164,0.798,164,0.884,180,0.1292,164(ค):0.563 | 180(ด):0.044 | 169(ฉ):0.026,0
PrintAksorn_dataset/test/kho_khwai_FonLeb-Italic.png,164,ค,0.6018,164,ค,1,164,0.8547,164,0.9488,180,0.7993,164(ค):0.602 | 180(ด):0.272 | 161(ก):0.009,0
PrintAksorn_dataset/test/kho_khwai_Kanit-ExtraBoldItalic.png,164,ค,0.5886,164,ค,1,164,0.8678,164,0.8912,241,0.216,164(ค):0.589 | 241(๑):0.073 | 180(ด):0.053,0
PrintAksorn_dataset/test/kho_khwai_Maitree-Bold.png,164,ค,0.6023,164,ค,1,164,0.8668,164,0.9321,180,0.2538,164(ค):0.602 | 180(ด):0.088 | 241(๑):0.042,0
PrintAksorn_dataset/test/kho_khwai_NotoSansThai-Regular.png,164,ค,0.5528,164,ค,1,164,0.7387,164,0.9143,161,0.3799,164(ค):0.553 | 161(ก):0.132 | 168(จ):0.030,0
PrintAksorn_dataset/test/kho_khwai_Sawasdee-Bold.png,164,ค,0.5061,164,ค,1,164,0.7386,164,0.777,161,0.6391,164(ค):0.506 | 161(ก):0.247 | 180(ด):0.009,0
PrintAksorn_dataset/test/kho_khwai_Taviraj-MediumItalic.png,164,ค,0.6047,164,ค,1,164,0.8691,164,0.9398,180,0.5124,164(ค):0.605 | 180(ด):0.175 | 241(๑):0.020,0
PrintAksorn_dataset/test/kho_khwai_Trirong-ExtraBoldItalic.png,164,ค,0.5957,164,ค,1,164,0.8413,164,0.9369,180,0.1224,164(ค):0.596 | 205(อ):0.042 | 180(ด):0.042,0
PrintAksorn_dataset/test/kho_rakhang_Athiti-Bold.png,194,ย,0.4181,166,ฆ,0,194,0.573,194,0.6323,166,0.1967,194(ย):0.418 | 166(ฆ):0.070 | 162(ข):0.036,0
PrintAksorn_dataset/test/kho_rakhang_Ayuthaya.png,166,ฆ,0.4541,166,ฆ,1,193,0.5303,166,0.6806,166,0.6764,166(ฆ):0.454 | 193(ม):0.201 | 174(ฎ):0.025,0
PrintAksorn_dataset/test/kho_rakhang_JS-Jindara-Bold.png,166,ฆ,0.5395,166,ฆ,1,193,0.3857,166,0.896,166,0.7172,166(ฆ):0.540 | 193(ม):0.140 | 178(ฒ):0.039,0
PrintAksorn_dataset/test/kho_rakhang_JS-Yodthida-Italic.png,166,ฆ,0.4303,166,ฆ,1,193,0.3103,166,0.4546,166,0.8302,166(ฆ):0.430 | 193(ม):0.170 | 188(ผ):0.036,0
PrintAksorn_dataset/test/kho_rakhang_Mitr-SemiBold.png,194,ย,0.2174,166,ฆ,0,194,0.6151,163,0.1264,242,0.0836,194(ย):0.217 | 166(ฆ):0.061 | 163(ฃ):0.052,0
PrintAksorn_dataset/test/kho_rakhang_Taviraj-Black.png,193,ม,0.2332,166,ฆ,0,193,0.407,166,0.2937,166,0.3344,193(ม):0.233 | 166(ฆ):0.211 | 178(ฒ):0.091,0
PrintAksorn_dataset/test/kho_rakhang_Taviraj-SemiBoldItalic.png,193,ม,0.4157,166,ฆ,0,193,0.5314,193,0.4613,193,0.2545,193(ม):0.416 | 166(ฆ):0.141 | 178(ฒ):0.048,1
PrintAksorn_dataset/test/kho_rakhang_Umpush.png,166,ฆ,0.4796,166,ฆ,1,193,0.4712,166,0.8362,166,0.5971,166(ฆ):0.480 | 193(ม):0.171 | 178(ฒ):0.025,0
PrintAksorn_dataset/test/ko_kai_Himmaparnt-Regular.png,161,ก,0.8622,161,ก,1,161,0.8866,161,0.8047,161,0.8952,161(ก):0.862 | 182(ถ):0.004 | 234(๊):0.003,1
PrintAksorn_dataset/test/ko_kai_JS-Pitsanu.png,161,ก,0.7999,161,ก,1,161,0.8295,161,0.6579,161,0.9122,161(ก):0.800 | 164(ค):0.011 | 182(ถ):0.006,1
PrintAksorn_dataset/test/ko_kai_JS-Synjai-Normal.png,161,ก,0.8759,161,ก,1,161,0.9002,161,0.8621,161,0.8654,161(ก):0.876 | 182(ถ):0.004 | 197(ล):0.004,1
PrintAksorn_dataset/test/ko_kai_Kanit-Medium.png,161,ก,0.5628,161,ก,1,161,0.7181,161,0.4092,161,0.561,161(ก):0.563 | 182(ถ):0.117 | 192(ภ):0.027,1
PrintAksorn_dataset/test/ko_kai_NotoSansThai-CondensedBlack.png,164,ค,0.1713,161,ก,0,164,0.4966,161,0.2006,161,0.2048,164(ค):0.171 | 161(ก):0.165 | 182(ถ):0.095,0
PrintAksorn_dataset/test/ko_kai_NotoSansThai-ExtraCondensedBold.png,161,ก,0.7134,161,ก,1,161,0.5385,161,0.7934,161,0.8084,161(ก):0.713 | 164(ค):0.040 | 192(ภ):0.028,1
PrintAksorn_dataset/test/ko_kai_NotoSansThai-SemiCondensedMedium.png,161,ก,0.7717,161,ก,1,161,0.5753,161,0.8378,161,0.9021,161(ก):0.772 | 192(ภ):0.026 | 182(ถ):0.025,1
PrintAksorn_dataset/test/ko_kai_NotoSansThaiLooped-Light.png,161,ก,0.7559,161,ก,1,161,0.3745,161,0.9645,161,0.9288,161(ก):0.756 | 164(ค):0.032 | 192(ภ):0.028,1
PrintAksorn_dataset/test/ko_kai_NotoSansThaiLooped-Medium.png,161,ก,0.7824,161,ก,1,161,0.6163,161,0.856,161,0.8748,161(ก):0.782 | 182(ถ):0.027 | 192(ภ):0.025,1
PrintAksorn_dataset/test/ko_kai_Taviraj-ExtraBold.png,161,ก,0.2134,161,ก,1,161,0.2843,161,0.2176,182,0.1563,161(ก):0.213 | 192(ภ):0.129 | 182(ถ):0.092,0
PrintAksorn_dataset/test/ko_kai_Waree-Oblique.png,161,ก,0.9249,161,ก,1,161,0.8954,161,0.9323,161,0.947,161(ก):0.925 | 182(ถ):0.003 | 164(ค):0.003,1
PrintAksorn_dataset/test/lakkhangyao_Chonburi-Regular.png,210,า,0.4049,229,ๅ,0,210,0.9226,210,0.2481,184,0.3233,210(า):0.405 | 184(ธ):0.116 | 161(ก):0.030,0
PrintAksorn_dataset/test/lakkhangyao_JS-Prasoplarp-Normal.png,210,า,0.607,229,ๅ,0,229,0.7409,210,0.8885,210,0.8574,210(า):0.607 | 229(ๅ):0.248 | 245(๕):0.004,0
PrintAksorn_dataset/test/lakkhangyao_JS-Saksit-Bold-Italic.png,210,า,0.4815,229,ๅ,0,229,0.9054,210,0.7814,210,0.6607,210(า):0.482 | 229(ๅ):0.303 | 232(่):0.027,0
PrintAksorn_dataset/test/lakkhangyao_Kanit-ExtraLightItalic.png,210,า,0.5852,229,ๅ,0,229,0.9065,210,0.8923,210,0.8607,210(า):0.585 | 229(ๅ):0.303 | 226(โ):0.005,0
PrintAksorn_dataset/test/lakkhangyao_NotoSansThai-ExtraLight.png,210,า,0.5917,229,ๅ,0,229,0.8803,210,0.8849,210,0.8793,210(า):0.592 | 229(ๅ):0.294 | 226(โ):0.005,0
PrintAksorn_dataset/test/lakkhangyao_NotoSansThaiLooped-ExtraBold.png,210,า,0.4809,229,ๅ,0,229,0.9186,210,0.8208,210,0.6208,210(า):0.481 | 229(ๅ):0.308 | 161(ก):0.016,0
PrintAksorn_dataset/test/lakkhangyao_Purisa.png,210,า,0.5945,229,ๅ,0,229,0.8861,210,0.8744,210,0.8925,210(า):0.594 | 229(ๅ):0.296 | 226(โ):0.004,0
PrintAksorn_dataset/test/lakkhangyao_TlwgTypo.png,210,า,0.5739,229,ๅ,0,229,0.7414,210,0.8523,210,0.8164,210(า):0.574 | 229(ๅ):0.248 | 226(โ):0.005,0
PrintAksorn_dataset/test/lakkhangyao_Trirong-MediumItalic.png,210,า,0.5505,229,ๅ,0,229,0.8997,210,0.8506,210,0.794,210(า):0.551 | 229(ๅ):0.301 | 161(ก):0.008,0
PrintAksorn_dataset/test/lbrace_JS-Likhit-Normal.png,232,่,0.1885,,,,210,0.2501,226,0.2227,232,0.5277,232(่):0.189 | 226(โ):0.090 | 210(า):0.089,0
PrintAksorn_dataset/test/lbrace_JS-Pitsamai-Italic.png,235,๋,0.1412,,,,227,0.1246,235,0.23,235,0.1871,235(๋):0.141 | 226(โ):0.103 | 184(ธ):0.074,0
PrintAksorn_dataset/test/lbrace_JS-Rapee-Bold.png,226,โ,0.1307,,,,224,0.2868,195,0.2074,226,0.1817,226(โ):0.131 | 224(เ):0.126 | 195(ร):0.071,0
PrintAksorn_dataset/test/lbrace_Kanit-Black.png,244,๔,0.1187,,,,232,0.2192,184,0.3097,244,0.3497,244(๔):0.119 | 184(ธ):0.108 | 232(่):0.079,0
PrintAksorn_dataset/test/lbrace_Maitree-Regular.png,226,โ,0.2774,,,,226,0.2506,176,0.3675,226,0.2853,226(โ):0.277 | 176(ฐ):0.129 | 227(ใ):0.064,0
PrintAksorn_dataset/test/lbrace_Mitr-Light.png,227,ใ,0.1638,,,,227,0.4738,235,0.2959,226,0.1852,227(ใ):0.164 | 226(โ):0.149 | 235(๋):0.115,0
PrintAksorn_dataset/test/lbrace_NotoSerifThai-ExtraBold.png,205,อ,0.1057,,,,187,0.1325,205,0.1085,205,0.1794,205(อ):0.106 | 187(ป):0.072 | 161(ก):0.052,0
PrintAksorn_dataset/test/lbrace_NotoSerifThai-ExtraCondensedExtraLight.png,205,อ,0.1056,,,,187,0.1355,186,0.1252,205,0.1806,205(อ):0.106 | 187(ป):0.073 | 186(บ):0.058,0
PrintAksorn_dataset/test/lbrace_NotoSerifThai-SemiCondensedLight.png,205,อ,0.1039,,,,187,0.1222,205,0.1075,205,0.1774,205(อ):0.104 | 187(ป):0.068 | 161(ก):0.052,0
PrintAksorn_dataset/test/lbrace_TH-KoHo-Italic.png,226,โ,0.4652,,,,226,0.5148,226,0.6533,226,0.2277,226(โ):0.465 | 224(เ):0.064 | 249(๙):0.063,1
PrintAksorn_dataset/test/lbrace_TH-Srisakdi-Bold.png,226,โ,0.109,,,,224,0.268,195,0.2577,232,0.1173,226(โ):0.109 | 224(เ):0.109 | 195(ร):0.088,0
PrintAksorn_dataset/test/lbrace_Taviraj-Medium.png,226,โ,0.2247,,,,227,0.2368,176,0.2959,226,0.2622,226(โ):0.225 | 176(ฐ):0.105 | 227(ใ):0.080,0
PrintAksorn_dataset/test/lbracket_DC-Palamongkol-Bold.png,232,่,0.5306,,,,224,0.4334,232,0.8962,232,0.6891,232(่):0.531 | 224(เ):0.152 | 210(า):0.088,0
PrintAksorn_dataset/test/lbracket_JS-Arisa.png,232,่,0.3227,,,,224,0.4305,232,0.3525,232,0.6087,232(่):0.323 | 224(เ):0.174 | 210(า):0.079,0
PrintAksorn_dataset/test/lbracket_JS-Jindara-Italic.png,226,โ,0.3997,,,,210,0.171,226,0.8548,226,0.2585,226(โ):0.400 | 224(เ):0.086 | 210(า):0.069,0
PrintAksorn_dataset/test/lbracket_JS-Prajuk-Italic.png,226,โ,0.18,,,,210,0.3177,226,0.4142,232,0.4053,226(โ):0.180 | 232(่):0.162 | 210(า):0.147,0
PrintAksorn_dataset/test/lbracket_JS-Saksit-Bold-Italic.png,232,่,0.193,,,,224,0.4809,235,0.228,232,0.4418,232(่):0.193 | 224(เ):0.183 | 235(๋):0.085,0
PrintAksorn_dataset/test/lbracket_Krungthep.png,232,่,0.2079,,,,224,0.259,235,0.3052,232,0.4033,232(่):0.208 | 235(๋):0.105 | 224(เ):0.103,0
PrintAksorn_dataset/test/lbracket_NotoSerifThai-Condensed.png,205,อ,0.1062,,,,187,0.1387,205,0.1124,205,0.1755,205(อ):0.106 | 187(ป):0.074 | 161(ก):0.052,0
PrintAksorn_dataset/test/lbracket_NotoSerifThai-CondensedExtraBold.png,205,อ,0.1019,,,,187,0.1458,186,0.1209,205,0.1687,205(อ):0.102 | 187(ป):0.076 | 186(บ):0.056,0
PrintAksorn_dataset/test/lbracket_Taviraj-Black.png,235,๋,0.1286,,,,210,0.2153,235,0.3726,226,0.1541,235(๋):0.129 | 226(โ):0.100 | 184(ธ):0.096,0
PrintAksorn_dataset/test/lbracket_TlwgTypo-Bold.png,224,เ,0.2476,,,,224,0.4994,235,0.2907,226,0.3335,224(เ):0.248 | 226(โ):0.205 | 235(๋):0.100,0
PrintAksorn_dataset/test/lbracket_Waree.png,226,โ,0.2603,,,,224,0.2687,226,0.3704,226,0.2707,226(โ):0.260 | 224(เ):0.123 | 232(่):0.112,0
PrintAksorn_dataset/test/lo_chula_Himmaparnt-Bold.png,204,ฬ,0.6005,204,ฬ,1,204,0.3916,204,0.8231,204,0.5869,204(ฬ):0.601 | 203(ห):0.029 | 190(พ):0.023,1
PrintAksorn_dataset/test/lo_chula_JS-Thanaporn-Normal.png,188,ผ,0.1134,204,ฬ,0,173,0.1213,172,0.1425,188,0.2529,188(ผ):0.113 | 186(บ):0.055 | 172(ฌ):0.052,0
PrintAksorn_dataset/test/lo_chula_Kinnari-Oblique.png,204,ฬ,0.495,204,ฬ,1,203,0.405,204,0.8613,204,0.5108,204(ฬ):0.495 | 203(ห):0.149 | 190(พ):0.080,0
PrintAksorn_dataset/test/lo_chula_TH-Fahkwang-Italic.png,204,ฬ,0.3754,204,ฬ,1,203,0.5882,204,0.8571,204,0.2246,204(ฬ):0.375 | 203(ห):0.259 | 190(พ):0.034,0
PrintAksorn_dataset/test/lo_ling_ChulaNarak-Bold-Italic.png,197,ล,0.8917,197,ล,1,197,0.8908,197,0.9313,197,0.8529,197(ล):0.892 | 182(ถ):0.005 | 192(ภ):0.003,1
PrintAksorn_dataset/test/lo_ling_DC-Palamongkol-Bold.png,197,ล,0.8308,197,ล,1,197,0.8544,197,0.8283,197,0.8096,197(ล):0.831 | 168(จ):0.006 | 192(ภ):0.006,1
PrintAksorn_dataset/test/lo_ling_FonLeb-Regular.png,197,ล,0.8944,197,ล,1,197,0.9122,197,0.9006,197,0.8702,197(ล):0.894 | 182(ถ):0.004 | 241(๑):0.004,1
PrintAksorn_dataset/test/lo_ling_JS-Arisa.png,197,ล,0.8842,197,ล,1,197,0.9216,197,0.8991,197,0.832,197(ล):0.884 | 182(ถ):0.005 | 241(๑):0.003,1
PrintAksorn_dataset/test/lo_ling_JS-Wanida-Italic.png,197,ล,0.8866,197,ล,1,197,0.8644,197,0.9528,197,0.8426,197(ล):0.887 | 202(ส):0.013 | 182(ถ):0.004,1
PrintAksorn_dataset/test/lo_ling_Kanit-Black.png,205,อ,0.3551,197,ล,0,205,0.2725,205,0.6849,197,0.38,205(อ):0.355 | 197(ล):0.201 | 169(ฉ):0.054,0
PrintAksorn_dataset/test/lo_ling_Kanit-ExtraBoldItalic.png,197,ล,0.3842,197,ล,1,197,0.5576,205,0.6499,197,0.5611,197(ล):0.384 | 205(อ):0.233 | 169(ฉ):0.031,0
PrintAksorn_dataset/test/lo_ling_Kanit-Light.png,197,ล,0.5159,197,ล,1,197,0.7285,197,0.6191,197,0.2002,197(ล):0.516 | 182(ถ):0.047 | 241(๑):0.038,1
PrintAksorn_dataset/test/lo_ling_Kanit-Thin.png,197,ล,0.3588,197,ล,1,197,0.2683,197,0.7904,248,0.1309,197(ล):0.359 | 248(๘):0.048 | 182(ถ):0.044,0
PrintAksorn_dataset/test/lo_ling_Mitr-Medium.png,197,ล,0.4277,197,ล,1,197,0.822,205,0.2522,197,0.3176,197(ล):0.428 | 205(อ):0.091 | 192(ภ):0.028,0
PrintAksorn_dataset/test/lo_ling_NotoSerifThai-Thin.png,197,ล,0.9011,197,ล,1,197,0.8681,197,0.9206,197,0.9145,197(ล):0.901 | 202(ส):0.005 | 182(ถ):0.003,1
PrintAksorn_dataset/test/lo_ling_TlwgMono-BoldOblique.png,197,ล,0.8948,197,ล,1,197,0.8877,197,0.8982,197,0.8984,197(ล):0.895 | 202(ส):0.004 | 168(จ):0.003,1
PrintAksorn_dataset/test/lo_ling_Trirong-Medium.png,197,ล,0.91,197,ล,1,197,0.9113,197,0.9192,197,0.8995,197(ล):0.910 | 182(ถ):0.003 | 205(อ):0.002,1
PrintAksorn_dataset/test/lparen_DC-Palamongkol-Italic.png,232,่,0.1851,,,,210,0.3751,232,0.4952,244,0.1591,232(่):0.185 | 210(า):0.151 | 224(เ):0.061,0
PrintAksorn_dataset/test/lparen_Garuda-BoldOblique.png,210,า,0.2225,,,,210,0.5449,236,0.2367,224,0.1174,210(า):0.223 | 232(่):0.090 | 236(์):0.085,0
PrintAksorn_dataset/test/lparen_JS-75-Pumpuang.png,244,๔,0.1374,,,,199,0.2346,236,0.3174,244,0.3809,244(๔):0.137 | 236(์):0.112 | 199(ว):0.082,0
PrintAksorn_dataset/test/lparen_JS-Chusri-Normal.png,232,่,0.1985,,,,224,0.3073,232,0.5461,244,0.1371,232(่):0.199 | 224(เ):0.131 | 236(์):0.056,0
PrintAksorn_dataset/test/lparen_JS-Sunsanee-Italic.png,244,๔,0.1449,,,,199,0.192,236,0.2726,244,0.4099,244(๔):0.145 | 236(์):0.098 | 232(่):0.082,0
PrintAksorn_dataset/test/lparen_Kanit-ExtraBold.png,244,๔,0.2018,,,,224,0.1509,236,0.3447,244,0.5832,244(๔):0.202 | 236(์):0.125 | 170(ช):0.066,0
PrintAksorn_dataset/test/lparen_Krungthep.png,232,่,0.1814,,,,210,0.4112,232,0.4458,167,0.3371,232(่):0.181 | 210(า):0.150 | 167(ง):0.128,0
PrintAksorn_dataset/test/lparen_Maitree-Bold.png,232,่,0.2697,,,,210,0.3257,232,0.6934,240,0.0779,232(่):0.270 | 210(า):0.129 | 167(ง):0.049,0
PrintAksorn_dataset/test/lparen_Mitr-Regular.png,236,์,0.2533,,,,224,0.2597,236,0.742,244,0.3713,236(์):0.253 | 244(๔):0.129 | 224(เ):0.104,0
PrintAksorn_dataset/test/lparen_NotoSansThai-ExtraCondensedLight.png,205,อ,0.1061,,,,187,0.1362,186,0.1254,205,0.1814,205(อ):0.106 | 187(ป):0.073 | 186(บ):0.058,0
PrintAksorn_dataset/test/lparen_NotoSerifThai-ExtraCondensedLight.png,205,อ,0.1061,,,,187,0.1362,186,0.1254,205,0.1814,205(อ):0.106 | 187(ป):0.073 | 186(บ):0.058,0
PrintAksorn_dataset/test/lparen_NotoSerifThai-SemiCondensedBold.png,205,อ,0.1036,,,,187,0.1216,205,0.1077,205,0.1765,205(อ):0.104 | 187(ป):0.068 | 161(ก):0.053,0
PrintAksorn_dataset/test/lparen_NotoSerifThai-SemiCondensedLight.png,205,อ,0.1039,,,,187,0.1222,205,0.1075,205,0.1774,205(อ):0.104 | 187(ป):0.068 | 161(ก):0.052,0
PrintAksorn_dataset/test/lparen_Prompt-ExtraBold.png,236,์,0.1052,,,,224,0.1814,236,0.2959,244,0.2616,236(์):0.105 | 244(๔):0.095 | 224(เ):0.068,0
PrintAksorn_dataset/test/lparen_TH-Baijam-Regular.png,232,่,0.2569,,,,210,0.2838,232,0.6056,232,0.1559,232(่):0.257 | 210(า):0.121 | 224(เ):0.085,0
PrintAksorn_dataset/test/lparen_TlwgTypo-BoldOblique.png,236,์,0.18,,,,210,0.1377,236,0.5007,244,0.2254,236(์):0.180 | 244(๔):0.080 | 210(า):0.071,0
PrintAksorn_dataset/test/lparen_Trirong-ThinItalic.png,226,โ,0.1124,,,,226,0.2168,236,0.217,224,0.1925,226(โ):0.112 | 224(เ):0.104 | 236(์):0.080,0
PrintAksorn_dataset/test/mai_chattawa_CmPrasanmit-Italic.png,235,๋,0.6199,235,๋,1,231,0.076,235,0.943,235,0.9082,235(๋):0.620 | 231(็):0.026 | 236(์):0.024,0
PrintAksorn_dataset/test/mai_chattawa_JS-Sadayu-Bold.png,235,๋,0.1812,235,๋,1,216,0.0933,235,0.4469,179,0.3177,235(๋):0.181 | 201(ษ):0.127 | 179(ณ):0.109,0
PrintAksorn_dataset/test/mai_chattawa_NotoSansThai-CondensedExtraLight.png,235,๋,0.5954,235,๋,1,187,0.0826,235,0.9158,235,0.8617,235(๋):0.595 | 187(ป):0.028 | 191(ฟ):0.020,0
PrintAksorn_dataset/test/mai_chattawa_NotoSansThai-Thin.png,235,๋,0.6026,235,๋,1,187,0.0807,235,0.9184,235,0.8805,235(๋):0.603 | 187(ป):0.028 | 213(ี):0.019,0
PrintAksorn_dataset/test/mai_chattawa_NotoSerifThai-Black.png,201,ษ,0.2603,235,๋,0,195,0.0733,201,0.7367,235,0.2129,201(ษ):0.260 | 235(๋):0.088 | 179(ณ):0.046,0
PrintAksorn_dataset/test/mai_chattawa_NotoSerifThai-Condensed.png,235,๋,0.5523,235,๋,1,170,0.1524,235,0.8562,235,0.7906,235(๋):0.552 | 170(ช):0.052 | 228(ไ):0.022,0
PrintAksorn_dataset/test/mai_chattawa_Prompt-ExtraBold.png,232,่,0.1204,235,๋,0,232,0.3451,169,0.3151,237,0.1372,232(่):0.120 | 169(ฉ):0.110 | 184(ธ):0.062,0
PrintAksorn_dataset/test/mai_chattawa_SR-FahMai-Bold.png,235,๋,0.6048,235,๋,1,231,0.1519,235,0.9079,235,0.8987,235(๋):0.605 | 231(็):0.051 | 207(ฯ):0.020,0
PrintAksorn_dataset/test/mai_chattawa_TH-K2D-July8-Italic.png,235,๋,0.605,235,๋,1,231,0.1725,235,0.9116,235,0.8963,235(๋):0.605 | 231(็):0.058 | 236(์):0.034,0
PrintAksorn_dataset/test/mai_chattawa_TH-Sarabun-New-Italic.png,235,๋,0.6073,235,๋,1,231,0.229,235,0.9192,235,0.8959,235(๋):0.607 | 231(็):0.077 | 236(์):0.035,0
PrintAksorn_dataset/test/mai_chattawa_Taviraj-ExtraLight.png,235,๋,0.597,235,๋,1,231,0.078,235,0.8838,235,0.8984,235(๋):0.597 | 231(็):0.027 | 213(ี):0.025,0
PrintAksorn_dataset/test/mai_chattawa_TlwgMono.png,235,๋,0.5015,235,๋,1,195,0.0705,235,0.7175,235,0.7768,235(๋):0.502 | 201(ษ):0.032 | 185(น):0.028,0
PrintAksorn_dataset/test/mai_chattawa_TlwgTypist-BoldOblique.png,232,่,0.1604,235,๋,0,232,0.4712,172,0.1896,179,0.106,232(่):0.160 | 172(ฌ):0.068 | 201(ษ):0.064,0
PrintAksorn_dataset/test/mai_chattawa_Umpush-BoldOblique.png,235,๋,0.3873,235,๋,1,245,0.0527,235,0.7536,235,0.3976,235(๋):0.387 | 185(น):0.053 | 179(ณ):0.034,0
PrintAksorn_dataset/test/mai_ek_JS-Jindara-Italic.png,232,่,0.8801,232,่,1,232,0.894,232,0.8812,232,0.8651,232(่):0.880 | 217(ู):0.004 | 162(ข):0.003,1
PrintAksorn_dataset/test/mai_ek_JS-Saksit-Italic.png,232,่,0.6685,232,่,1,232,0.9007,232,0.3407,232,0.7642,232(่):0.669 | 184(ธ):0.026 | 162(ข):0.016,1
PrintAksorn_dataset/test/mai_ek_Kanit-LightItalic.png,232,่,0.4241,232,่,1,232,0.9109,232,0.133,232,0.2285,232(่):0.424 | 237(ํ):0.053 | 217(ู):0.040,1
PrintAksorn_dataset/test/mai_ek_Laksaman-Bold.png,232,่,0.3544,232,่,1,232,0.8883,184,0.0965,237,0.1228,232(่):0.354 | 237(ํ):0.042 | 184(ธ):0.036,0
PrintAksorn_dataset/test/mai_ek_Maitree-Medium.png,232,่,0.7307,232,่,1,232,0.9013,232,0.7395,232,0.5512,232(่):0.731 | 217(ู):0.019 | 237(ํ):0.013,1
PrintAksorn_dataset/test/mai_ek_Norasi-Bold.png,232,่,0.6502,232,่,1,232,0.8972,232,0.5001,232,0.5532,232(่):0.650 | 162(ข):0.036 | 217(ู):0.031,1
PrintAksorn_dataset/test/mai_ek_NotoSansThai-CondensedBlack.png,232,่,0.2552,232,่,1,232,0.709,205,0.158,242,0.1366,232(่):0.255 | 205(อ):0.077 | 242(๒):0.048,0
PrintAksorn_dataset/test/mai_ek_NotoSansThai-CondensedBold.png,232,่,0.3468,232,่,1,232,0.8806,217,0.0989,237,0.1371,232(่):0.347 | 237(ํ):0.047 | 217(ู):0.043,0
PrintAksorn_dataset/test/mai_ek_NotoSansThaiLooped-SemiBold.png,232,่,0.2886,232,่,1,232,0.7822,184,0.0825,242,0.1772,232(่):0.289 | 242(๒):0.061 | 205(อ):0.050,0
PrintAksorn_dataset/test/mai_ek_Prompt-SemiBoldItalic.png,232,่,0.2965,232,่,1,232,0.8016,205,0.1492,237,0.2242,232(่):0.297 | 237(ํ):0.076 | 205(อ):0.062,0
PrintAksorn_dataset/test/mai_ek_Silom.png,232,่,0.8985,232,่,1,232,0.9195,232,0.9196,232,0.8565,232(่):0.899 | 217(ู):0.004 | 237(ํ):0.003,1
PrintAksorn_dataset/test/mai_ek_TH-Baijam-Bold-Italic.png,232,่,0.6936,232,่,1,232,0.9183,232,0.477,232,0.6853,232(่):0.694 | 237(ํ):0.021 | 217(ู):0.017,1
PrintAksorn_dataset/test/mai_ek_TH-Baijam-Bold.png,232,่,0.6795,232,่,1,232,0.9329,232,0.4159,232,0.6897,232(่):0.680 | 217(ู):0.021 | 237(ํ):0.017,1
PrintAksorn_dataset/test/mai_ek_TH-Chakra-Petch-Regular.png,232,่,0.8802,232,่,1,232,0.8876,232,0.9179,232,0.8351,232(่):0.880 | 210(า):0.004 | 229(ๅ):0.003,1
PrintAksorn_dataset/test/mai_ek_TH-Charm-of-AU-Regular.png,232,่,0.7533,232,่,1,232,0.4825,232,0.9143,232,0.8631,232(่):0.753 | 210(า):0.081 | 229(ๅ):0.017,1
PrintAksorn_dataset/test/mai_ek_TH-Fahkwang-Italic.png,232,่,0.7142,232,่,1,232,0.911,232,0.4273,232,0.8043,232(่):0.714 | 217(ู):0.019 | 184(ธ):0.017,1
PrintAksorn_dataset/test/mai_ek_Trirong-SemiBold.png,232,่,0.2886,232,่,1,232,0.7822,184,0.0825,242,0.1772,232(่):0.289 | 242(๒):0.061 | 205(อ):0.050,0
PrintAksorn_dataset/test/mai_ek_Umpush-Oblique.png,232,่,0.3696,232,่,1,232,0.8832,232,0.0925,237,0.1898,232(่):0.370 | 237(ํ):0.065 | 217(ู):0.038,0
PrintAksorn_dataset/test/mai_tho_JS-Prajuk-Italic.png,233,้,0.8661,233,้,1,233,0.8003,233,0.9229,233,0.8752,233(้):0.866 | 209(ั):0.016 | 170(ช):0.004,1
PrintAksorn_dataset/test/mai_tho_Kanit-Light.png,235,๋,0.2168,233,้,0,213,0.3368,235,0.6353,186,0.304,235(๋):0.217 | 186(บ):0.144 | 213(ี):0.121,0
PrintAksorn_dataset/test/mai_tho_TH-Baijam-Regular.png,233,้,0.827,233,้,1,233,0.8795,233,0.9312,233,0.6704,233(้):0.827 | 209(ั):0.020 | 241(๑):0.016,1
PrintAksorn_dataset/test/mai_tho_TH-Srisakdi-Regular.png,209,ั,0.5541,233,้,0,209,0.4052,209,0.8982,209,0.359,209(ั):0.554 | 248(๘):0.067 | 213(ี):0.016,1
PrintAksorn_dataset/test/mai_tho_Trirong-ExtraLight.png,233,้,0.6947,233,้,1,233,0.7673,233,0.8825,233,0.4343,233(้):0.695 | 209(ั):0.046 | 241(๑):0.018,1
PrintAksorn_dataset/test/mai_tho_Trirong-SemiBoldItalic.png,233,้,0.6511,233,้,1,233,0.8664,233,0.6891,233,0.3978,233(้):0.651 | 209(ั):0.096 | 173(ญ):0.015,1
PrintAksorn_dataset/test/mai_tri_JS-Jukaphan.png,234,๊,0.6514,234,๊,1,234,0.6669,234,0.8818,234,0.4054,234(๊):0.651 | 247(๗):0.137 | 197(ล):0.014,1
PrintAksorn_dataset/test/mai_tri_NotoSerifThai-Condensed.png,247,๗,0.2902,234,๊,0,234,0.2165,178,0.6251,247,0.8579,247(๗):0.290 | 178(ฒ):0.238 | 234(๊):0.136,0
PrintAksorn_dataset/test/mai_tri_NotoSerifThai-ExtraCondensedBlack.png,178,ฒ,0.289,234,๊,0,234,0.2918,178,0.7638,247,0.7746,178(ฒ):0.289 | 247(๗):0.261 | 234(๊):0.115,0
PrintAksorn_dataset/test/mai_tri_TH-Srisakdi-Bold.png,247,๗,0.309,234,๊,0,213,0.0719,234,0.4856,247,0.9038,247(๗):0.309 | 234(๊):0.177 | 191(ฟ):0.065,0
PrintAksorn_dataset/test/maihan-akat_JS-Prasoplarp-Normal.png,209,ั,0.9009,209,ั,1,209,0.8902,209,0.9172,209,0.8954,209(ั):0.901 | 247(๗):0.003 | 208(ะ):0.002,1
PrintAksorn_dataset/test/maihan-akat_Kanit-Thin.png,213,ี,0.2526,209,ั,0,213,0.68,235,0.5627,209,0.1786,213(ี):0.253 | 235(๋):0.193 | 209(ั):0.070,0
PrintAksorn_dataset/test/maihan-akat_NotoSansThai-SemiCondensedBlack.png,209,ั,0.3222,209,ั,1,209,0.3026,209,0.3126,209,0.3515,209(ั):0.322 | 214(ึ):0.097 | 217(ู):0.053,1
PrintAksorn_dataset/test/maihan-akat_NotoSerifThai-SemiCondensedThin.png,209,ั,0.9122,209,ั,1,209,0.88,209,0.9273,209,0.9292,209(ั):0.912 | 205(อ):0.003 | 207(ฯ):0.002,1
PrintAksorn_dataset/test/maitaikhu_JS-Jukaphan.png,231,็,0.568,231,็,1,231,0.7716,231,0.9181,248,0.8664,231(็):0.568 | 248(๘):0.311 | 236(์):0.005,0
PrintAksorn_dataset/test/maitaikhu_JS-Obsaward-Italic.png,231,็,0.4434,231,็,1,231,0.2617,231,0.9657,248,0.7781,231(็):0.443 | 248(๘):0.274 | 180(ด):0.019,0
PrintAksorn_dataset/test/maitaikhu_Kanit-LightItalic.png,231,็,0.4931,231,็,1,231,0.8115,231,0.6612,248,0.5007,231(็):0.493 | 248(๘):0.175 | 244(๔):0.095,0
PrintAksorn_dataset/test/maitaikhu_NotoSerifThai-SemiCondensedSemiBold.png,231,็,0.5463,231,็,1,231,0.7716,231,0.8627,248,0.8877,231(็):0.546 | 248(๘):0.310 | 243(๓):0.011,0
PrintAksorn_dataset/test/maitaikhu_TH-Charmonman-Bold.png,202,ส,0.2496,231,็,0,226,0.1409,202,0.7306,249,0.4895,202(ส):0.250 | 249(๙):0.166 | 226(โ):0.049,0
PrintAksorn_dataset/test/maitaikhu_Umpush-LightOblique.png,231,็,0.5404,231,็,1,231,0.7329,231,0.8763,248,0.8671,231(็):0.540 | 248(๘):0.329 | 236(์):0.004,0
PrintAksorn_dataset/test/maiyamok_Garuda-BoldOblique.png,230,ๆ,0.5141,230,ๆ,1,230,0.7161,163,0.5478,230,0.8236,230(ๆ):0.514 | 163(ฃ):0.187 | 196(ฤ):0.019,0
PrintAksorn_dataset/test/maiyamok_JS-Junkaew.png,230,ๆ,0.5113,230,ๆ,1,230,0.7733,211,0.2401,230,0.7547,230(ๆ):0.511 | 211(ำ):0.082 | 198(ฦ):0.072,0
PrintAksorn_dataset/test/maiyamok_JS-Pisit-Italic.png,230,ๆ,0.5585,230,ๆ,1,230,0.8226,198,0.2647,230,0.8488,230(ๆ):0.558 | 198(ฦ):0.093 | 211(ำ):0.063,0
PrintAksorn_dataset/test/maiyamok_Kanit-Italic.png,243,๓,0.2705,230,ๆ,0,230,0.1983,181,0.4364,243,0.743,243(๓):0.271 | 181(ต):0.156 | 230(ๆ):0.076,0
PrintAksorn_dataset/test/maiyamok_NotoSansThai-CondensedExtraBold.png,230,ๆ,0.4455,230,ๆ,1,230,0.8888,177,0.3938,230,0.4445,230(ๆ):0.446 | 163(ฃ):0.137 | 177(ฑ):0.136,0
PrintAksorn_dataset/test/maiyamok_NotoSansThai-ExtraCondensedBlack.png,230,ๆ,0.2735,230,ๆ,1,230,0.4556,163,0.512,230,0.3616,230(ๆ):0.274 | 163(ฃ):0.259 | 162(ข):0.084,0
PrintAksorn_dataset/test/maiyamok_NotoSansThai-SemiCondensedThin.png,230,ๆ,0.4687,230,ๆ,1,230,0.6661,181,0.2665,230,0.7339,230(ๆ):0.469 | 181(ต):0.091 | 207(ฯ):0.088,0
PrintAksorn_dataset/test/maiyamok_NotoSansThaiLooped-Bold.png,230,ๆ,0.3459,230,ๆ,1,230,0.4474,163,0.7407,230,0.5886,230(ๆ):0.346 | 163(ฃ):0.261 | 207(ฯ):0.027,0
PrintAksorn_dataset/test/maiyamok_NotoSerifThai-CondensedLight.png,230,ๆ,0.3392,230,ๆ,1,230,0.8423,196,0.3603,196,0.6125,230(ๆ):0.339 | 196(ฤ):0.326 | 198(ฦ):0.057,0
PrintAksorn_dataset/test/maiyamok_NotoSerifThai-SemiCondensedExtraBold.png,230,ๆ,0.2084,230,ๆ,1,230,0.6103,163,0.192,162,0.2355,230(ๆ):0.208 | 162(ข):0.131 | 198(ฦ):0.119,0
PrintAksorn_dataset/test/maiyamok_TlwgMono-Bold.png,230,ๆ,0.3156,230,ๆ,1,230,0.255,163,0.6935,230,0.6896,230(ๆ):0.316 | 163(ฃ):0.246 | 181(ต):0.033,0
PrintAksorn_dataset/test/maiyamok_Waree-Bold.png,230,ๆ,0.3433,230,ๆ,1,230,0.9132,181,0.2106,198,0.2595,230(ๆ):0.343 | 198(ฦ):0.108 | 181(ต):0.076,0
PrintAksorn_dataset/test/mdash_Athiti-Medium.png,213,ี,0.2032,,,,213,0.5662,235,0.4615,212,0.168,213(ี):0.203 | 235(๋):0.160 | 212(ิ):0.072,0
PrintAksorn_dataset/test/mdash_Kanit-Italic.png,213,ี,0.2077,,,,213,0.5845,235,0.4587,212,0.1407,213(ี):0.208 | 235(๋):0.159 | 212(ิ):0.060,0
PrintAksorn_dataset/test/mdash_NotoSansThai-ExtraLight.png,205,อ,0.104,,,,187,0.1329,186,0.1265,205,0.1771,205(อ):0.104 | 187(ป):0.072 | 186(บ):0.059,0
PrintAksorn_dataset/test/mdash_NotoSerifThai-SemiCondensedSemiBold.png,205,อ,0.1036,,,,187,0.1216,205,0.1077,205,0.1765,205(อ):0.104 | 187(ป):0.068 | 161(ก):0.053,0
PrintAksorn_dataset/test/mdash_SukhumvitSet.png,235,๋,0.1248,,,,213,0.3351,235,0.3525,209,0.1462,235(๋):0.125 | 213(ี):0.123 | 209(ั):0.073,0
PrintAksorn_dataset/test/mdash_TH-KoHo-Regular.png,213,ี,0.1227,,,,213,0.344,232,0.0712,209,0.1187,213(ี):0.123 | 209(ั):0.050 | 212(ิ):0.046,0
PrintAksorn_dataset/test/mdash_TlwgTypewriter-BoldOblique.png,213,ี,0.2792,,,,213,0.8051,235,0.6619,212,0.1144,213(ี):0.279 | 235(๋):0.225 | 212(ิ):0.054,0
PrintAksorn_dataset/test/mo_ma_JS-Pitsamai-Italic.png,193,ม,0.7987,193,ม,1,193,0.8843,193,0.5521,193,0.9597,193(ม):0.799 | 166(ฆ):0.061 | 172(ฌ):0.018,1
PrintAksorn_dataset/test/mo_ma_KaniGa-Regular.png,193,ม,0.6348,193,ม,1,193,0.8502,193,0.4398,193,0.6144,193(ม):0.635 | 186(บ):0.150 | 187(ป):0.009,1
PrintAksorn_dataset/test/mo_ma_Mitr-ExtraLight.png,186,บ,0.4204,193,ม,0,186,0.2498,186,0.9118,186,0.0997,186(บ):0.420 | 224(เ):0.033 | 194(ย):0.031,1
PrintAksorn_dataset/test/mo_ma_NotoSansThai-Thin.png,186,บ,0.3048,193,ม,0,186,0.1141,186,0.7524,224,0.1576,186(บ):0.305 | 224(เ):0.061 | 187(ป):0.049,0
PrintAksorn_dataset/test/mo_ma_NotoSerifThai-Light.png,193,ม,0.8948,193,ม,1,193,0.8936,193,0.9226,193,0.8681,193(ม):0.895 | 186(บ):0.005 | 190(พ):0.002,1
PrintAksorn_dataset/test/mo_ma_Purisa-Bold.png,193,ม,0.7136,193,ม,1,193,0.3387,193,0.9544,193,0.8477,193(ม):0.714 | 185(น):0.020 | 170(ช):0.011,1
PrintAksorn_dataset/test/mo_ma_TH-Baijam-Italic.png,193,ม,0.8963,193,ม,1,193,0.8872,193,0.9263,193,0.8754,193(ม):0.896 | 186(บ):0.007 | 192(ภ):0.003,1
PrintAksorn_dataset/test/mo_ma_TH-Baijam-Regular.png,193,ม,0.8985,193,ม,1,193,0.8917,193,0.9254,193,0.8783,193(ม):0.898 | 186(บ):0.004 | 192(ภ):0.002,1
PrintAksorn_dataset/test/mo_ma_TlwgTypo-BoldOblique.png,193,ม,0.9301,193,ม,1,193,0.9035,193,0.9363,193,0.9504,193(ม):0.930 | 166(ฆ):0.002 | 229(ๅ):0.001,1
PrintAksorn_dataset/test/mo_ma_Trirong-Medium.png,193,ม,0.8914,193,ม,1,193,0.8898,193,0.901,193,0.8835,193(ม):0.891 | 173(ญ):0.003 | 192(ภ):0.002,1
PrintAksorn_dataset/test/ndash_Ayuthaya.png,213,ี,0.2521,,,,213,0.7091,235,0.5968,212,0.1336,213(ี):0.252 | 235(๋):0.204 | 212(ิ):0.063,0
PrintAksorn_dataset/test/ndash_JS-Arisa.png,213,ี,0.2217,,,,213,0.625,235,0.4864,212,0.1649,213(ี):0.222 | 235(๋):0.169 | 212(ิ):0.069,0
PrintAksorn_dataset/test/ndash_JS-Chulee.png,213,ี,0.2671,,,,213,0.7665,235,0.6199,212,0.2014,213(ี):0.267 | 235(๋):0.213 | 212(ิ):0.080,0
PrintAksorn_dataset/test/ndash_JS-Prajuk-Italic.png,232,่,0.2122,,,,232,0.2295,232,0.0642,232,0.3429,232(่):0.212 | 210(า):0.056 | 162(ข):0.024,1
PrintAksorn_dataset/test/ndash_JS-Rapee-Normal.png,232,่,0.2122,,,,232,0.2295,232,0.0642,232,0.3429,232(่):0.212 | 210(า):0.056 | 162(ข):0.024,1
PrintAksorn_dataset/test/ndash_Kanit-ExtraLightItalic.png,213,ี,0.2431,,,,213,0.6956,235,0.1949,212,0.146,213(ี):0.243 | 235(๋):0.071 | 212(ิ):0.057,0
PrintAksorn_dataset/test/ndash_Maitree-Regular.png,213,ี,0.2188,,,,213,0.6161,235,0.501,212,0.1634,213(ี):0.219 | 235(๋):0.173 | 212(ิ):0.067,0
PrintAksorn_dataset/test/ndash_NotoSansThaiLooped-Black.png,213,ี,0.3124,,,,213,0.8276,235,0.2806,212,0.2202,213(ี):0.312 | 212(ิ):0.105 | 235(๋):0.097,0
PrintAksorn_dataset/test/ndash_NotoSerifThai-Medium.png,205,อ,0.1036,,,,187,0.1324,186,0.1261,205,0.1765,205(อ):0.104 | 187(ป):0.071 | 186(บ):0.059,0
PrintAksorn_dataset/test/ndash_TH-Kodchasal-Bold-Italic.png,213,ี,0.248,,,,213,0.7051,235,0.6267,212,0.117,213(ี):0.248 | 235(๋):0.214 | 212(ิ):0.055,0
PrintAksorn_dataset/test/ndash_TlwgMono-Oblique.png,213,ี,0.2167,,,,213,0.6188,235,0.2617,212,0.1646,213(ี):0.217 | 235(๋):0.094 | 212(ิ):0.067,0
PrintAksorn_dataset/test/ndash_Trirong-Italic.png,213,ี,0.2242,,,,213,0.6324,235,0.6426,212,0.1619,213(ี):0.224 | 235(๋):0.221 | 212(ิ):0.069,0
PrintAksorn_dataset/test/ngo_ngu_FonLeb-Italic.png,167,ง,0.8932,167,ง,1,167,0.912,167,0.9301,167,0.8375,167(ง):0.893 | 168(จ):0.004 | 162(ข):0.003,1
PrintAksorn_dataset/test/ngo_ngu_JS-Jindara-Bold.png,167,ง,0.9419,167,ง,1,167,0.9137,167,0.9696,167,0.9425,167(ง):0.942 | 231(็):0.001 | 168(จ):0.001,1
PrintAksorn_dataset/test/ngo_ngu_JS-Pranee-Italic.png,167,ง,0.5098,167,ง,1,167,0.5543,168,0.4954,167,0.646,167(ง):0.510 | 168(จ):0.172 | 240(๐):0.039,0
PrintAksorn_dataset/test/ngo_ngu_Kanit-Bold.png,205,อ,0.2678,167,ง,0,205,0.2094,205,0.4913,246,0.3156,205(อ):0.268 | 246(๖):0.114 | 242(๒):0.057,0
PrintAksorn_dataset/test/ngo_ngu_NotoSansThai-CondensedBold.png,194,ย,0.111,167,ง,0,194,0.3167,203,0.2674,242,0.2982,194(ย):0.111 | 242(๒):0.103 | 203(ห):0.092,0
PrintAksorn_dataset/test/ngo_ngu_NotoSerifThai-ExtraCondensedExtraBold.png,167,ง,0.2213,167,ง,1,167,0.2304,167,0.2015,167,0.232,167(ง):0.221 | 187(ป):0.079 | 186(บ):0.046,1
PrintAksorn_dataset/test/ngo_ngu_Pridi-Bold.png,186,บ,0.14,167,ง,0,186,0.3965,205,0.2324,242,0.1654,186(บ):0.140 | 205(อ):0.097 | 201(ษ):0.068,0
PrintAksorn_dataset/test/ngo_ngu_Prompt-LightItalic.png,240,๐,0.153,167,ง,0,240,0.2379,186,0.4063,240,0.217,240(๐):0.153 | 186(บ):0.149 | 242(๒):0.039,0
PrintAksorn_dataset/test/ngo_ngu_Prompt-Regular.png,240,๐,0.2156,167,ง,0,240,0.4722,186,0.3227,240,0.1689,240(๐):0.216 | 186(บ):0.113 | 246(๖):0.051,0
PrintAksorn_dataset/test/no_nen_FonLeb-Bold-Italic.png,179,ณ,0.7333,179,ณ,1,179,0.9058,179,0.6418,179,0.6523,179(ณ):0.733 | 173(ญ):0.025 | 172(ฌ):0.024,1
PrintAksorn_dataset/test/no_nen_Kanit-ExtraLight.png,173,ญ,0.3771,179,ณ,0,173,0.9264,172,0.5358,179,0.2934,173(ญ):0.377 | 172(ฌ):0.184 | 179(ณ):0.155,0
PrintAksorn_dataset/test/no_nen_Maitree-Regular.png,179,ณ,0.6893,179,ณ,1,179,0.877,179,0.673,179,0.5179,179(ณ):0.689 | 173(ญ):0.026 | 172(ฌ):0.021,1
PrintAksorn_dataset/test/no_nen_Nakaracha-Regular.png,179,ณ,0.8941,179,ณ,1,179,0.9281,179,0.8975,179,0.8566,179(ณ):0.894 | 172(ฌ):0.003 | 182(ถ):0.002,1
PrintAksorn_dataset/test/no_nen_NotoSansThai-ExtraCondensedBlack.png,172,ฌ,0.3677,179,ณ,0,179,0.7219,172,0.6432,172,0.4572,172(ฌ):0.368 | 179(ณ):0.323 | 173(ญ):0.037,0
PrintAksorn_dataset/test/no_nen_NotoSansThaiLooped-Bold.png,179,ณ,0.7834,179,ณ,1,179,0.8034,179,0.7855,179,0.7612,179(ณ):0.783 | 173(ญ):0.014 | 172(ฌ):0.012,1
PrintAksorn_dataset/test/no_nen_NotoSerifThai-CondensedLight.png,179,ณ,0.8572,179,ณ,1,179,0.8566,179,0.8773,179,0.8376,179(ณ):0.857 | 185(น):0.005 | 243(๓):0.004,1
PrintAksorn_dataset/test/no_nen_Pattaya-Regular.png,179,ณ,0.5124,179,ณ,1,179,0.743,179,0.634,179,0.1602,179(ณ):0.512 | 247(๗):0.037 | 178(ฒ):0.027,1
PrintAksorn_dataset/test/no_nen_Prompt-SemiBold.png,179,ณ,0.2442,179,ณ,1,173,0.3609,172,0.5668,179,0.2418,179(ณ):0.244 | 172(ฌ):0.204 | 173(ญ):0.156,0
PrintAksorn_dataset/test/no_nen_Sarabun-Thin.png,179,ณ,0.7408,179,ณ,1,179,0.8533,179,0.7734,179,0.5957,179(ณ):0.741 | 173(ญ):0.014 | 172(ฌ):0.013,1
PrintAksorn_dataset/test/no_nen_Sawasdee-BoldOblique.png,179,ณ,0.4084,179,ณ,1,173,0.3836,179,0.5125,179,0.4128,179(ณ):0.408 | 173(ญ):0.154 | 172(ฌ):0.099,0
PrintAksorn_dataset/test/no_nen_TH-Sarabun-New-Bold.png,179,ณ,0.7509,179,ณ,1,179,0.9097,179,0.637,179,0.7059,179(ณ):0.751 | 172(ฌ):0.032 | 173(ญ):0.016,1
PrintAksorn_dataset/test/no_nen_Waree-Oblique.png,179,ณ,0.821,179,ณ,1,179,0.9134,179,0.7303,179,0.8193,179(ณ):0.821 | 173(ญ):0.020 | 172(ฌ):0.020,1
PrintAksorn_dataset/test/no_nu_Ayuthaya.png,185,น,0.8246,185,น,1,185,0.9111,185,0.9117,185,0.6511,185(น):0.825 | 193(ม):0.021 | 186(บ):0.009,1
PrintAksorn_dataset/test/no_nu_DC-Palamongkol-Bold.png,185,น,0.5852,185,น,1,185,0.8631,185,0.4469,185,0.4456,185(น):0.585 | 190(พ):0.027 | 193(ม):0.021,1
PrintAksorn_dataset/test/no_nu_JS-Chulee.png,185,น,0.7219,185,น,1,185,0.9076,185,0.6031,185,0.6549,185(น):0.722 | 190(พ):0.030 | 188(ผ):0.025,1
PrintAksorn_dataset/test/no_nu_JS-Jukaphan.png,185,น,0.8293,185,น,1,185,0.9035,185,0.9503,185,0.6339,185(น):0.829 | 193(ม):0.013 | 186(บ):0.012,1
PrintAksorn_dataset/test/no_nu_JS-Mookravee-Normal.png,185,น,0.8263,185,น,1,185,0.909,185,0.9064,185,0.6634,185(น):0.826 | 186(บ):0.026 | 193(ม):0.010,1
PrintAksorn_dataset/test/no_nu_JS-Pisit-Italic.png,185,น,0.7908,185,น,1,185,0.9121,185,0.8807,185,0.5797,185(น):0.791 | 186(บ):0.022 | 193(ม):0.014,1
PrintAksorn_dataset/test/no_nu_JS-Prapakorn-Normal.png,186,บ,0.2192,185,น,0,186,0.5802,203,0.4973,203,0.1198,186(บ):0.219 | 203(ห):0.207 | 225(แ):0.061,0
PrintAksorn_dataset/test/no_nu_JS-Wansika-Italic.png,185,น,0.457,185,น,1,185,0.6424,185,0.6625,179,0.1157,185(น):0.457 | 179(ณ):0.048 | 204(ฬ):0.030,0
PrintAksorn_dataset/test/no_nu_Mitr-Regular.png,186,บ,0.2618,185,น,0,186,0.4267,186,0.3062,188,0.2683,186(บ):0.262 | 188(ผ):0.103 | 203(ห):0.087,0
PrintAksorn_dataset/test/no_nu_Nakaracha-Regular.png,185,น,0.8866,185,น,1,185,0.8914,185,0.9049,185,0.8635,185(น):0.887 | 193(ม):0.004 | 190(พ):0.003,1
PrintAksorn_dataset/test/no_nu_NotoSansThai-SemiCondensed.png,186,บ,0.2081,185,น,0,186,0.2763,203,0.3629,186,0.1494,186(บ):0.208 | 203(ห):0.124 | 187(ป):0.048,0
PrintAksorn_dataset/test/no_nu_PSK-SmartBI.png,185,น,0.7574,185,น,1,185,0.915,185,0.7963,185,0.5609,185(น):0.757 | 193(ม):0.017 | 203(ห):0.016,1
PrintAksorn_dataset/test/no_nu_Prompt-ThinItalic.png,186,บ,0.1836,185,น,0,186,0.1161,203,0.4165,224,0.0688,186(บ):0.184 | 203(ห):0.143 | 187(ป):0.065,0
PrintAksorn_dataset/test/no_nu_TH-Kodchasal-Bold.png,185,น,0.3581,185,น,1,185,0.1508,185,0.5572,185,0.3662,185(น):0.358 | 186(บ):0.080 | 201(ษ):0.053,1
PrintAksorn_dataset/test/no_nu_TlwgMono.png,185,น,0.8845,185,น,1,185,0.9064,185,0.9187,185,0.8285,185(น):0.885 | 193(ม):0.004 | 246(๖):0.004,1
PrintAksorn_dataset/test/o_ang_CmPrasanmit-Italic.png,205,อ,0.9382,205,อ,1,205,0.9047,205,0.9623,205,0.9476,205(อ):0.938 | 182(ถ):0.001 | 180(ด):0.001,1
PrintAksorn_dataset/test/o_ang_JS-Jukaphan.png,205,อ,0.9098,205,อ,1,205,0.9034,205,0.9217,205,0.9043,205(อ):0.910 | 182(ถ):0.003 | 206(ฮ):0.002,1
PrintAksorn_dataset/test/o_ang_JS-Padachamai-Normal.png,205,อ,0.8881,205,อ,1,205,0.9214,205,0.9502,205,0.7927,205(อ):0.888 | 197(ล):0.005 | 241(๑):0.004,1
PrintAksorn_dataset/test/o_ang_JS-Saksit-Bold-Italic.png,205,อ,0.9057,205,อ,1,205,0.8975,205,0.921,205,0.8987,205(อ):0.906 | 240(๐):0.005 | 241(๑):0.005,1
PrintAksorn_dataset/test/o_ang_JS-Thanaporn-Normal.png,205,อ,0.5051,205,อ,1,205,0.2578,205,0.8366,205,0.4209,205(อ):0.505 | 240(๐):0.149 | 197(ล):0.019,1
PrintAksorn_dataset/test/o_ang_Kanit-BlackItalic.png,205,อ,0.639,205,อ,1,205,0.859,205,0.9266,241,0.5889,205(อ):0.639 | 241(๑):0.198 | 246(๖):0.007,0
PrintAksorn_dataset/test/o_ang_Kanit-ExtraLightItalic.png,205,อ,0.6123,205,อ,1,205,0.5927,205,0.8814,205,0.3628,205(อ):0.612 | 240(๐):0.046 | 242(๒):0.032,1
PrintAksorn_dataset/test/o_ang_NotoSansThai-CondensedLight.png,205,อ,0.7091,205,อ,1,205,0.5679,205,0.9115,205,0.6479,205(อ):0.709 | 240(๐):0.036 | 199(ว):0.013,1
PrintAksorn_dataset/test/o_ang_NotoSansThaiLooped-Thin.png,205,อ,0.8711,205,อ,1,205,0.7601,205,0.9053,205,0.9479,205(อ):0.871 | 187(ป):0.005 | 194(ย):0.005,1
PrintAksorn_dataset/test/o_ang_NotoSerifThai-CondensedExtraLight.png,205,อ,0.8343,205,อ,1,205,0.8571,205,0.8435,205,0.8022,205(อ):0.834 | 182(ถ):0.013 | 206(ฮ):0.006,1
PrintAksorn_dataset/test/o_ang_NotoSerifThai-ExtraCondensedMedium.png,205,อ,0.8485,205,อ,1,205,0.8918,205,0.9099,205,0.7439,205(อ):0.849 | 182(ถ):0.016 | 246(๖):0.006,1
PrintAksorn_dataset/test/o_ang_Prompt-ThinItalic.png,205,อ,0.3916,205,อ,1,240,0.2354,205,0.8268,205,0.2492,205(อ):0.392 | 240(๐):0.150 | 246(๖):0.036,0
PrintAksorn_dataset/test/o_ang_Sarabun-ExtraBoldItalic.png,205,อ,0.8395,205,อ,1,205,0.9233,205,0.9387,205,0.6564,205(อ):0.839 | 241(๑):0.016 | 240(๐):0.008,1
PrintAksorn_dataset/test/o_ang_Sawasdee-Bold.png,240,๐,0.4066,205,อ,0,240,0.4554,205,0.9008,240,0.7632,240(๐):0.407 | 205(อ):0.347 | 241(๑):0.017,0
PrintAksorn_dataset/test/o_ang_TH-Krub-Regular.png,205,อ,0.8603,205,อ,1,205,0.8732,205,0.8952,205,0.8125,205(อ):0.860 | 246(๖):0.006 | 206(ฮ):0.004,1
PrintAksorn_dataset/test/o_ang_TH-Srisakdi-Bold.png,205,อ,0.8575,205,อ,1,205,0.8915,205,0.9581,205,0.7228,205(อ):0.857 | 206(ฮ):0.008 | 182(ถ):0.006,1
PrintAksorn_dataset/test/o_ang_TH-Srisakdi-Regular.png,205,อ,0.8811,205,อ,1,205,0.9133,205,0.9387,205,0.7913,205(อ):0.881 | 206(ฮ):0.006 | 182(ถ):0.004,1
PrintAksorn_dataset/test/o_ang_Trirong-ThinItalic.png,205,อ,0.9165,205,อ,1,205,0.8709,205,0.9364,205,0.9422,205(อ):0.917 | 182(ถ):0.005 | 194(ย):0.002,1
PrintAksorn_dataset/test/o_ang_Umpush-LightOblique.png,205,อ,0.9017,205,อ,1,205,0.8915,205,0.9376,205,0.876,205(อ):0.902 | 164(ค):0.003 | 180(ด):0.003,1
PrintAksorn_dataset/test/paiyannoi_CmPrasanmit-Italic.png,207,ฯ,0.8025,207,ฯ,1,207,0.6709,207,0.9119,207,0.8246,207(ฯ):0.802 | 209(ั):0.024 | 194(ย):0.009,1
PrintAksorn_dataset/test/paiyannoi_Prompt-BoldItalic.png,207,ฯ,0.5125,207,ฯ,1,207,0.3808,207,0.7539,207,0.4028,207(ฯ):0.512 | 194(ย):0.093 | 217(ู):0.026,1
PrintAksorn_dataset/test/paiyannoi_TH-Fahkwang-Bold-Italic.png,207,ฯ,0.7633,207,ฯ,1,207,0.6094,207,0.8871,207,0.7933,207(ฯ):0.763 | 209(ั):0.020 | 228(ไ):0.008,1
PrintAksorn_dataset/test/paiyannoi_Waree-Bold.png,207,ฯ,0.8639,207,ฯ,1,207,0.7851,207,0.9669,207,0.8397,207(ฯ):0.864 | 209(ั):0.014 | 194(ย):0.006,1
PrintAksorn_dataset/test/pho_phan_ChulaNarak-Italic.png,190,พ,0.8767,190,พ,1,190,0.8824,190,0.8347,190,0.9131,190(พ):0.877 | 191(ฟ):0.015 | 188(ผ):0.007,1
PrintAksorn_dataset/test/pho_phan_Kinnari.png,190,พ,0.8579,190,พ,1,190,0.9034,190,0.886,190,0.7842,190(พ):0.858 | 188(ผ):0.022 | 191(ฟ):0.007,1
PrintAksorn_dataset/test/pho_phan_NotoSansThai-ExtraCondensedBlack.png,190,พ,0.4422,190,พ,1,190,0.8834,190,0.3033,190,0.1398,190(พ):0.442 | 234(๊):0.050 | 225(แ):0.046,1
PrintAksorn_dataset/test/pho_phan_NotoSerifThai-CondensedMedium.png,190,พ,0.8797,190,พ,1,190,0.8993,190,0.8549,190,0.885,190(พ):0.880 | 188(ผ):0.013 | 191(ฟ):0.011,1
PrintAksorn_dataset/test/pho_phan_Sriracha-Regular.png,190,พ,0.1815,190,พ,1,190,0.1573,188,0.2015,190,0.2198,190(พ):0.181 | 188(ผ):0.130 | 173(ญ):0.058,0
PrintAksorn_dataset/test/pho_phan_Waree-Bold.png,190,พ,0.8463,190,พ,1,190,0.9031,190,0.7936,190,0.8424,190(พ):0.846 | 191(ฟ):0.016 | 188(ผ):0.006,1
PrintAksorn_dataset/test/pho_phueng_Itim-Regular.png,188,ผ,0.8232,188,ผ,1,188,0.7893,188,0.828,188,0.8524,188(ผ):0.823 | 189(ฝ):0.008 | 167(ง):0.005,1
PrintAksorn_dataset/test/pho_phueng_JS-Jindara-Bold-Italic.png,188,ผ,0.8622,188,ผ,1,188,0.9319,188,0.804,188,0.8506,188(ผ):0.862 | 189(ฝ):0.023 | 162(ข):0.003,1
PrintAksorn_dataset/test/pho_phueng_NotoSerifThai-SemiCondensed.png,188,ผ,0.8789,188,ผ,1,188,0.8987,188,0.8392,188,0.8988,188(ผ):0.879 | 189(ฝ):0.009 | 178(ฒ):0.003,1
PrintAksorn_dataset/test/pho_samphao_JS-Giat-Bold.png,192,ภ,0.8187,192,ภ,1,192,0.8826,192,0.8367,192,0.7368,192(ภ):0.819 | 198(ฦ):0.017 | 179(ณ):0.008,1
PrintAksorn_dataset/test/pho_samphao_JS-Rapee-Normal.png,192,ภ,0.7785,192,ภ,1,192,0.8036,192,0.6424,192,0.8893,192(ภ):0.778 | 182(ถ):0.021 | 198(ฦ):0.009,1
PrintAksorn_dataset/test/pho_samphao_Kanit-BoldItalic.png,192,ภ,0.5349,192,ภ,1,192,0.8705,192,0.2506,192,0.4835,192(ภ):0.535 | 182(ถ):0.052 | 164(ค):0.033,1
PrintAksorn_dataset/test/pho_samphao_Kanit-LightItalic.png,161,ก,0.7948,192,ภ,0,161,0.5883,161,0.8451,161,0.9508,161(ก):0.795 | 192(ภ):0.056 | 164(ค):0.013,1
PrintAksorn_dataset/test/pho_samphao_Sarabun-ThinItalic.png,192,ภ,0.739,192,ภ,1,192,0.7252,192,0.6239,192,0.8681,192(ภ):0.739 | 182(ถ):0.034 | 198(ฦ):0.015,1
PrintAksorn_dataset/test/pho_samphao_TH-Mali-Grade6-Regular.png,192,ภ,0.7893,192,ภ,1,192,0.6804,192,0.8017,192,0.8858,192(ภ):0.789 | 198(ฦ):0.018 | 182(ถ):0.013,1
PrintAksorn_dataset/test/pho_samphao_Taviraj-Thin.png,192,ภ,0.7037,192,ภ,1,192,0.6437,192,0.6892,192,0.7784,192(ภ):0.704 | 198(ฦ):0.023 | 182(ถ):0.020,1
PrintAksorn_dataset/test/po_pla_Aksaramatee-Bold.png,187,ป,0.7889,187,ป,1,187,0.8612,187,0.785,187,0.7204,187(ป):0.789 | 186(บ):0.032 | 217(ู):0.017,1
PrintAksorn_dataset/test/po_pla_Itim-Regular.png,187,ป,0.5199,187,ป,1,187,0.8608,186,0.5793,187,0.5004,187(ป):0.520 | 186(บ):0.309 | 217(ู):0.037,0
PrintAksorn_dataset/test/po_pla_JS-Arisa.png,187,ป,0.7881,187,ป,1,187,0.8775,187,0.645,187,0.8417,187(ป):0.788 | 186(บ):0.043 | 217(ู):0.009,1
PrintAksorn_dataset/test/po_pla_JS-Obsaward-Italic.png,187,ป,0.8171,187,ป,1,187,0.8232,187,0.8147,187,0.8134,187(ป):0.817 | 191(ฟ):0.015 | 189(ฝ):0.007,1
PrintAksorn_dataset/test/po_pla_JS-Prapakorn-Normal.png,186,บ,0.3044,187,ป,0,187,0.5543,186,0.8087,187,0.2196,186(บ):0.304 | 187(ป):0.286 | 217(ู):0.025,0
PrintAksorn_dataset/test/po_pla_JS-Puriphop-Normal.png,187,ป,0.726,187,ป,1,187,0.88,187,0.4427,187,0.8555,187(ป):0.726 | 186(บ):0.052 | 217(ู):0.012,1
PrintAksorn_dataset/test/po_pla_JS-Saksit-Bold-Italic.png,187,ป,0.868,187,ป,1,187,0.8793,187,0.8714,187,0.8532,187(ป):0.868 | 186(บ):0.011 | 217(ู):0.004,1
PrintAksorn_dataset/test/po_pla_KaniGa-Regular.png,187,ป,0.8039,187,ป,1,187,0.8713,187,0.7142,187,0.8261,187(ป):0.804 | 186(บ):0.020 | 217(ู):0.008,1
PrintAksorn_dataset/test/po_pla_NotoSansThaiLooped-ExtraBold.png,187,ป,0.5544,187,ป,1,187,0.8675,186,0.3982,187,0.4761,187(ป):0.554 | 186(บ):0.198 | 217(ู):0.052,0
PrintAksorn_dataset/test/po_pla_Sarabun-Italic.png,187,ป,0.7022,187,ป,1,187,0.8866,187,0.474,187,0.746,187(ป):0.702 | 186(บ):0.101 | 217(ู):0.030,1
PrintAksorn_dataset/test/po_pla_TH-Sarabun-New-Regular.png,187,ป,0.6788,187,ป,1,187,0.8541,187,0.404,187,0.7782,187(ป):0.679 | 186(บ):0.131 | 217(ู):0.016,1
PrintAksorn_dataset/test/po_pla_TlwgTypo.png,187,ป,0.6488,187,ป,1,187,0.8936,186,0.3993,187,0.733,187(ป):0.649 | 186(บ):0.168 | 217(ู):0.014,0
PrintAksorn_dataset/test/question_CmPrasanmit-Bold.png,199,ว,0.2276,,,,210,0.2004,199,0.3803,199,0.1566,199(ว):0.228 | 227(ใ):0.102 | 210(า):0.093,0
PrintAksorn_dataset/test/question_DC-Palamongkol-Bold.png,210,า,0.1592,,,,210,0.3877,199,0.1992,199,0.1044,210(า):0.159 | 199(ว):0.130 | 226(โ):0.067,0
PrintAksorn_dataset/test/question_JS-Puchong-Normal.png,197,ล,0.1346,,,,199,0.2844,197,0.3943,227,0.1532,197(ล):0.135 | 199(ว):0.125 | 226(โ):0.116,0
PrintAksorn_dataset/test/question_NotoSansThai-ExtraCondensedExtraLight.png,205,อ,0.1061,,,,187,0.1362,186,0.1254,205,0.1814,205(อ):0.106 | 187(ป):0.073 | 186(บ):0.058,0
PrintAksorn_dataset/test/question_NotoSansThaiLooped-Medium.png,226,โ,0.0846,,,,210,0.121,197,0.1713,226,0.0802,226(โ):0.085 | 199(ว):0.076 | 197(ล):0.066,0
PrintAksorn_dataset/test/question_PSK-Smart-Bold.png,199,ว,0.2535,,,,199,0.2343,199,0.3406,199,0.1857,199(ว):0.254 | 210(า):0.108 | 227(ใ):0.066,1
PrintAksorn_dataset/test/question_Sarabun-BoldItalic.png,199,ว,0.1078,,,,199,0.1681,236,0.219,246,0.0914,199(ว):0.108 | 236(์):0.080 | 195(ร):0.059,0
PrintAksorn_dataset/test/question_TH-K2D-July8-Bold-Italic.png,227,ใ,0.1434,,,,199,0.2005,227,0.2022,227,0.1618,227(ใ):0.143 | 199(ว):0.108 | 226(โ):0.070,0
PrintAksorn_dataset/test/quote_CmPrasanmit-Bold-Italic.png,225,แ,0.0835,,,,186,0.1622,225,0.2318,217,0.0722,225(แ):0.084 | 186(บ):0.067 | 217(ู):0.048,0
PrintAksorn_dataset/test/quote_DC-Palamongkol-Bold-Italic.png,225,แ,0.2646,,,,186,0.3784,225,0.7756,232,0.296,225(แ):0.265 | 186(บ):0.138 | 232(่):0.109,0
PrintAksorn_dataset/test/quote_JS-Saksit-Bold-Italic.png,203,ห,0.1159,,,,232,0.09,203,0.199,203,0.0899,203(ห):0.116 | 225(แ):0.069 | 188(ผ):0.051,0
PrintAksorn_dataset/test/quote_Laksaman.png,225,แ,0.262,,,,186,0.4176,225,0.7724,232,0.3012,225(แ):0.262 | 186(บ):0.150 | 232(่):0.117,0
PrintAksorn_dataset/test/quote_Loma-Oblique.png,225,แ,0.2564,,,,190,0.1735,225,0.7509,188,0.1807,225(แ):0.256 | 188(ผ):0.069 | 190(พ):0.064,0
PrintAksorn_dataset/test/quote_NotoSansThai-ExtraCondensed.png,205,อ,0.1056,,,,187,0.1355,186,0.1252,205,0.1806,205(อ):0.106 | 187(ป):0.073 | 186(บ):0.058,0
PrintAksorn_dataset/test/quote_NotoSansThai-SemiCondensed.png,205,อ,0.1036,,,,187,0.1216,205,0.1077,205,0.1765,205(อ):0.104 | 187(ป):0.068 | 161(ก):0.053,0
PrintAksorn_dataset/test/quote_Pridi-Medium.png,225,แ,0.0965,,,,232,0.0905,225,0.2708,234,0.0647,225(แ):0.096 | 186(บ):0.046 | 163(ฃ):0.037,0
PrintAksorn_dataset/test/quote_Purisa-BoldOblique.png,225,แ,0.0932,,,,179,0.1165,225,0.2597,188,0.1047,225(แ):0.093 | 188(ผ):0.063 | 203(ห):0.045,0
PrintAksorn_dataset/test/quote_TH-Chakra-Petch-Bold-Italic.png,225,แ,0.2799,,,,232,0.1154,225,0.8164,217,0.045,225(แ):0.280 | 232(่):0.050 | 161(ก):0.031,0
PrintAksorn_dataset/test/quote_TH-KoHo-Italic.png,225,แ,0.2884,,,,186,0.2135,225,0.8456,232,0.159,225(แ):0.288 | 186(บ):0.076 | 232(่):0.075,0
PrintAksorn_dataset/test/quote_TH-Kodchasal-Bold.png,225,แ,0.2454,,,,186,0.0933,225,0.7149,173,0.0809,225(แ):0.245 | 173(ญ):0.039 | 186(บ):0.033,0
PrintAksorn_dataset/test/rbrace_JS-Wanida-Italic.png,226,โ,0.2212,,,,226,0.3593,176,0.2948,228,0.4693,226(โ):0.221 | 228(ไ):0.168 | 176(ฐ):0.102,0
PrintAksorn_dataset/test/rbrace_Kanit-MediumItalic.png,199,ว,0.1752,,,,210,0.3328,199,0.519,228,0.3078,199(ว):0.175 | 228(ไ):0.143 | 210(า):0.114,0
PrintAksorn_dataset/test/rbrace_Laksaman.png,226,โ,0.4688,,,,226,0.558,226,0.5593,226,0.2892,226(โ):0.469 | 228(ไ):0.063 | 210(า):0.038,1
PrintAksorn_dataset/test/rbrace_Mitr-Bold.png,235,๋,0.121,,,,227,0.1544,235,0.3428,184,0.1485,235(๋):0.121 | 184(ธ):0.088 | 169(ฉ):0.076,0
PrintAksorn_dataset/test/rbrace_NotoSansThai-CondensedBold.png,205,อ,0.1062,,,,187,0.1387,205,0.1124,205,0.1755,205(อ):0.106 | 187(ป):0.074 | 161(ก):0.052,0
PrintAksorn_dataset/test/rbrace_NotoSansThai-Light.png,205,อ,0.104,,,,187,0.1329,186,0.1265,205,0.1771,205(อ):0.104 | 187(ป):0.072 | 186(บ):0.059,0
PrintAksorn_dataset/test/rbrace_NotoSansThaiLooped-ExtraLight.png,205,อ,0.1051,,,,187,0.1272,205,0.1075,205,0.1799,205(อ):0.105 | 187(ป):0.070 | 161(ก):0.052,0
PrintAksorn_dataset/test/rbrace_NotoSansThaiUI-Bold.png,205,อ,0.1036,,,,187,0.1324,186,0.1261,205,0.1765,205(อ):0.104 | 187(ป):0.071 | 186(บ):0.059,0
PrintAksorn_dataset/test/rbrace_NotoSerifThai-SemiCondensedBlack.png,205,อ,0.1056,,,,187,0.1355,186,0.1252,205,0.1806,205(อ):0.106 | 187(ป):0.073 | 186(บ):0.058,0
PrintAksorn_dataset/test/rbrace_Silom.png,210,า,0.2839,,,,210,0.7684,226,0.3744,232,0.2363,210(า):0.284 | 226(โ):0.162 | 232(่):0.084,0
PrintAksorn_dataset/test/rbrace_TH-Charm-of-AU-Regular.png,226,โ,0.24,,,,226,0.2946,226,0.3589,232,0.181,226(โ):0.240 | 224(เ):0.140 | 228(ไ):0.079,0
PrintAksorn_dataset/test/rbrace_TH-K2D-July8-Italic.png,226,โ,0.2706,,,,210,0.35,226,0.422,228,0.1827,226(โ):0.271 | 210(า):0.139 | 228(ไ):0.083,0
PrintAksorn_dataset/test/rbracket_JS-Sadayu-Bold-Italic.png,232,่,0.1129,,,,187,0.2053,167,0.2331,232,0.2038,232(่):0.113 | 187(ป):0.110 | 167(ง):0.084,0
PrintAksorn_dataset/test/rbracket_Loma.png,229,ๅ,0.2291,,,,229,0.6788,210,0.2236,232,0.3464,229(ๅ):0.229 | 232(่):0.128 | 210(า):0.120,0
PrintAksorn_dataset/test/rbracket_NotoSansThaiUI-Bold.png,205,อ,0.1036,,,,187,0.1324,186,0.1261,205,0.1765,205(อ):0.104 | 187(ป):0.071 | 186(บ):0.059,0
PrintAksorn_dataset/test/rbracket_TH-Chakra-Petch-Bold-Italic.png,210,า,0.3629,,,,210,0.6872,210,0.3833,232,0.7075,210(า):0.363 | 232(่):0.270 | 229(ๅ):0.051,0
PrintAksorn_dataset/test/rbracket_TH-Mali-Grade6-Regular.png,187,ป,0.2016,,,,187,0.4751,167,0.3813,224,0.1304,187(ป):0.202 | 167(ง):0.134 | 210(า):0.062,0
PrintAksorn_dataset/test/rbracket_Taviraj-Light.png,229,ๅ,0.2192,,,,229,0.65,210,0.1716,232,0.4804,229(ๅ):0.219 | 232(่):0.174 | 210(า):0.091,0
PrintAksorn_dataset/test/rbracket_TlwgTypo-BoldOblique.png,187,ป,0.1672,,,,187,0.4105,167,0.3646,226,0.0792,187(ป):0.167 | 167(ง):0.135 | 229(ๅ):0.062,0
PrintAksorn_dataset/test/ro_ruea_JS-Chodok-Bold.png,195,ร,0.9106,195,ร,1,195,0.8941,195,0.9301,195,0.9077,195(ร):0.911 | 246(๖):0.002 | 184(ธ):0.002,1
PrintAksorn_dataset/test/ro_ruea_JS-Korakhot-Normal.png,195,ร,0.8824,195,ร,1,195,0.9114,195,0.9381,195,0.7976,195(ร):0.882 | 197(ล):0.009 | 248(๘):0.006,1
PrintAksorn_dataset/test/ro_ruea_JS-Rapee-Italic.png,195,ร,0.9,195,ร,1,195,0.8807,195,0.8921,195,0.9272,195(ร):0.900 | 226(โ):0.004 | 187(ป):0.002,1
PrintAksorn_dataset/test/ro_ruea_JS-Saowapark-Italic.png,195,ร,0.9072,195,ร,1,195,0.902,195,0.9468,195,0.8726,195(ร):0.907 | 226(โ):0.003 | 199(ว):0.003,1
PrintAksorn_dataset/test/ro_ruea_Kanit-Black.png,195,ร,0.1107,195,ร,1,195,0.2827,184,0.176,248,0.1569,195(ร):0.111 | 184(ธ):0.066 | 248(๘):0.056,0
PrintAksorn_dataset/test/ro_ruea_Mitr-Regular.png,167,ง,0.1212,195,ร,0,195,0.1429,167,0.2349,248,0.2567,167(ง):0.121 | 195(ร):0.111 | 248(๘):0.092,0
PrintAksorn_dataset/test/ro_ruea_NotoSerifThai-CondensedMedium.png,195,ร,0.908,195,ร,1,195,0.9049,195,0.9023,195,0.9167,195(ร):0.908 | 226(โ):0.003 | 248(๘):0.002,1
PrintAksorn_dataset/test/ro_ruea_NotoSerifThai-ExtraLight.png,195,ร,0.8682,195,ร,1,195,0.8099,195,0.9339,195,0.8608,195(ร):0.868 | 199(ว):0.008 | 248(๘):0.005,1
PrintAksorn_dataset/test/ro_ruea_Prompt-ExtraLight.png,167,ง,0.1643,195,ร,0,240,0.1237,167,0.4149,248,0.1825,167(ง):0.164 | 248(๘):0.068 | 240(๐):0.054,0
PrintAksorn_dataset/test/ro_ruea_Sarabun-Bold.png,195,ร,0.9194,195,ร,1,195,0.9084,195,0.9287,195,0.9211,195(ร):0.919 | 184(ธ):0.002 | 197(ล):0.002,1
PrintAksorn_dataset/test/ro_ruea_TH-Mali-Grade6-Regular.png,195,ร,0.8637,195,ร,1,195,0.6877,195,0.9764,195,0.9271,195(ร):0.864 | 202(ส):0.006 | 199(ว):0.004,1
PrintAksorn_dataset/test/ro_ruea_Taviraj-LightItalic.png,195,ร,0.9156,195,ร,1,195,0.8929,195,0.9591,195,0.8947,195(ร):0.916 | 226(โ):0.003 | 248(๘):0.003,1
PrintAksorn_dataset/test/ro_ruea_TlwgTypo-Oblique.png,195,ร,0.9068,195,ร,1,195,0.8961,195,0.9392,195,0.8852,195(ร):0.907 | 226(โ):0.004 | 197(ล):0.002,1
PrintAksorn_dataset/test/ro_ruea_Umpush-BoldOblique.png,195,ร,0.8734,195,ร,1,195,0.893,195,0.9217,195,0.8054,195(ร):0.873 | 197(ล):0.009 | 226(โ):0.005,1
PrintAksorn_dataset/test/rparen_ChulaNarak-Bold.png,199,ว,0.2814,,,,199,0.2661,199,0.5474,246,0.2802,199(ว):0.281 | 210(า):0.114 | 246(๖):0.097,0
PrintAksorn_dataset/test/rparen_KaniGa-Regular.png,210,า,0.1755,,,,229,0.2849,199,0.2937,210,0.2394,210(า):0.176 | 199(ว):0.150 | 229(ๅ):0.098,0
PrintAksorn_dataset/test/rparen_Kanit-Medium.png,210,า,0.2234,,,,210,0.5536,167,0.2747,210,0.1116,210(า):0.223 | 167(ง):0.099 | 229(ๅ):0.057,0
PrintAksorn_dataset/test/rparen_NotoSansThai-Condensed.png,205,อ,0.1062,,,,187,0.1387,205,0.1124,205,0.1755,205(อ):0.106 | 187(ป):0.074 | 161(ก):0.052,0
PrintAksorn_dataset/test/rparen_NotoSansThai-ExtraCondensed.png,205,อ,0.1056,,,,187,0.1355,186,0.1252,205,0.1806,205(อ):0.106 | 187(ป):0.073 | 186(บ):0.058,0
PrintAksorn_dataset/test/rparen_NotoSerifThai-CondensedLight.png,205,อ,0.1064,,,,187,0.1395,205,0.1123,205,0.1762,205(อ):0.106 | 187(ป):0.074 | 161(ก):0.052,0
PrintAksorn_dataset/test/rparen_Sawasdee-BoldOblique.png,210,า,0.2322,,,,210,0.5731,232,0.2384,232,0.2713,210(า):0.232 | 232(่):0.172 | 229(ๅ):0.086,0
PrintAksorn_dataset/test/rparen_TH-Fahkwang-Regular.png,210,า,0.308,,,,210,0.7669,232,0.3106,232,0.1658,210(า):0.308 | 232(่):0.160 | 199(ว):0.043,0
PrintAksorn_dataset/test/sara_a_ChulaNarak-Bold-Italic.png,208,ะ,0.6005,208,ะ,1,209,0.1735,208,0.8973,208,0.8928,208(ะ):0.600 | 209(ั):0.060 | 236(์):0.031,0
PrintAksorn_dataset/test/sara_a_JS-Pisit-Normal.png,208,ะ,0.6159,208,ะ,1,209,0.1478,208,0.9132,208,0.9221,208(ะ):0.616 | 209(ั):0.050 | 244(๔):0.031,0
PrintAksorn_dataset/test/sara_a_JS-Sadayu-Bold-Italic.png,208,ะ,0.6176,208,ะ,1,236,0.1859,208,0.9079,208,0.933,208(ะ):0.618 | 236(์):0.062 | 195(ร):0.026,0
PrintAksorn_dataset/test/sara_a_Kanit-Light.png,208,ะ,0.3361,208,ะ,1,231,0.2307,208,0.8388,208,0.163,208(ะ):0.336 | 231(็):0.081 | 194(ย):0.053,0
PrintAksorn_dataset/test/sara_a_NotoSansThai-SemiCondensed.png,208,ะ,0.619,208,ะ,1,231,0.1651,208,0.8961,208,0.9505,208(ะ):0.619 | 231(็):0.057 | 195(ร):0.020,0
PrintAksorn_dataset/test/sara_a_NotoSerifThai-CondensedExtraBold.png,208,ะ,0.3484,208,ะ,1,245,0.1094,208,0.5544,208,0.4801,208(ะ):0.348 | 245(๕):0.044 | 244(๔):0.036,0
PrintAksorn_dataset/test/sara_a_NotoSerifThai-ExtraBold.png,208,ะ,0.3354,208,ะ,1,245,0.137,208,0.6429,208,0.3541,208(ะ):0.335 | 245(๕):0.056 | 173(ญ):0.033,0
PrintAksorn_dataset/test/sara_a_NotoSerifThai-Regular.png,208,ะ,0.554,208,ะ,1,244,0.1555,208,0.817,208,0.8338,208(ะ):0.554 | 244(๔):0.054 | 249(๙):0.026,0
PrintAksorn_dataset/test/sara_a_Pridi-SemiBold.png,208,ะ,0.4201,208,ะ,1,245,0.1433,208,0.8244,208,0.4269,208(ะ):0.420 | 245(๕):0.123 | 244(๔):0.045,0
PrintAksorn_dataset/test/sara_a_Prompt-Black.png,208,ะ,0.4415,208,ะ,1,194,0.1313,208,0.789,208,0.5256,208(ะ):0.442 | 245(๕):0.059 | 194(ย):0.050,0
PrintAksorn_dataset/test/sara_a_TH-Baijam-Bold-Italic.png,208,ะ,0.5945,208,ะ,1,249,0.0682,208,0.8621,208,0.9116,208(ะ):0.594 | 249(๙):0.024 | 233(้):0.017,0
PrintAksorn_dataset/test/sara_a_TH-Sarabun-New-Bold.png,208,ะ,0.5883,208,ะ,1,170,0.047,208,0.8497,208,0.9033,208(ะ):0.588 | 170(ช):0.017 | 209(ั):0.017,0
PrintAksorn_dataset/test/sara_a_TH-Srisakdi-Regular.png,208,ะ,0.6042,208,ะ,1,236,0.247,208,0.9076,208,0.8969,208(ะ):0.604 | 236(์):0.083 | 195(ร):0.030,0
PrintAksorn_dataset/test/sara_a_Taviraj-ThinItalic.png,208,ะ,0.5782,208,ะ,1,249,0.1309,208,0.8771,208,0.846,208(ะ):0.578 | 249(๙):0.045 | 209(ั):0.021,0
PrintAksorn_dataset/test/sara_a_TlwgTypist-BoldOblique.png,208,ะ,0.4888,208,ะ,1,245,0.1027,208,0.8087,208,0.649,208(ะ):0.489 | 245(๕):0.049 | 193(ม):0.036,0
PrintAksorn_dataset/test/sara_a_Trirong-SemiBold.png,208,ะ,0.546,208,ะ,1,249,0.075,208,0.7723,208,0.8541,208(ะ):0.546 | 249(๙):0.027 | 244(๔):0.021,0
PrintAksorn_dataset/test/sara_a_Umpush-BoldOblique.png,208,ะ,0.5908,208,ะ,1,244,0.1217,208,0.8742,208,0.8884,208(ะ):0.591 | 244(๔):0.042 | 245(๕):0.035,0
PrintAksorn_dataset/test/sara_a_Waree-Oblique.png,208,ะ,0.6065,208,ะ,1,244,0.0824,208,0.9077,208,0.9016,208(ะ):0.606 | 244(๔):0.028 | 209(ั):0.025,0
PrintAksorn_dataset/test/sara_aa_KaniGa-Italic.png,210,า,0.8524,210,า,1,210,0.8376,210,0.8968,210,0.8228,210(า):0.852 | 199(ว):0.004 | 161(ก):0.004,1
PrintAksorn_dataset/test/sara_aa_NotoSansThai-SemiCondensedLight.png,210,า,0.5875,210,า,1,229,0.8887,210,0.9003,210,0.8619,210(า):0.587 | 229(ๅ):0.297 | 245(๕):0.004,0
PrintAksorn_dataset/test/sara_aa_NotoSansThaiUI-Regular.png,210,า,0.5397,210,า,1,229,0.8996,210,0.8031,210,0.8158,210(า):0.540 | 229(ๅ):0.301 | 216(ุ):0.006,0
PrintAksorn_dataset/test/sara_aa_Prompt-BlackItalic.png,210,า,0.2206,210,า,1,210,0.622,199,0.1872,184,0.4347,210(า):0.221 | 184(ธ):0.202 | 205(อ):0.113,0
PrintAksorn_dataset/test/sara_aa_Prompt-ExtraBoldItalic.png,184,ธ,0.2507,210,า,0,210,0.6223,168,0.1666,184,0.6043,184(ธ):0.251 | 210(า):0.229 | 229(ๅ):0.075,0
PrintAksorn_dataset/test/sara_aa_Prompt-Italic.png,210,า,0.5263,210,า,1,229,0.9094,210,0.8349,210,0.7392,210(า):0.526 | 229(ๅ):0.304 | 161(ก):0.008,0
PrintAksorn_dataset/test/sara_aa_TH-Charmonman-Regular.png,210,า,0.8845,210,า,1,210,0.8592,210,0.9184,210,0.8759,210(า):0.884 | 168(จ):0.004 | 199(ว):0.003,1
PrintAksorn_dataset/test/sara_aa_TH-Kodchasal-Bold.png,210,า,0.7854,210,า,1,210,0.896,210,0.6346,210,0.8257,210(า):0.785 | 199(ว):0.013 | 212(ิ):0.011,1
PrintAksorn_dataset/test/sara_aa_Taviraj-ExtraBoldItalic.png,210,า,0.4404,210,า,1,210,0.8461,210,0.2821,210,0.1932,210(า):0.440 | 199(ว):0.060 | 161(ก):0.045,1
PrintAksorn_dataset/test/sara_ae_CmPrasanmit-Regular.png,225,แ,0.4923,225,แ,1,225,0.5589,225,0.9092,179,0.1195,225(แ):0.492 | 179(ณ):0.059 | 224(เ):0.042,0
PrintAksorn_dataset/test/sara_ae_JS-Junkaew-Italic.png,225,แ,0.4722,225,แ,1,225,0.5023,225,0.9058,179,0.1071,225(แ):0.472 | 179(ณ):0.073 | 185(น):0.032,0
PrintAksorn_dataset/test/sara_ae_JS-Mookravee-Normal.png,225,แ,0.47,225,แ,1,225,0.5354,225,0.8664,224,0.1235,225(แ):0.470 | 179(ณ):0.072 | 224(เ):0.048,0
PrintAksorn_dataset/test/sara_ae_JS-Obsaward-Italic.png,225,แ,0.5719,225,แ,1,225,0.8159,225,0.8922,243,0.1232,225(แ):0.572 | 243(๓):0.042 | 179(ณ):0.036,0
PrintAksorn_dataset/test/sara_ae_JS-Puchong-Normal.png,183,ท,0.2427,225,แ,0,183,0.6399,161,0.3456,161,0.1651,183(ท):0.243 | 161(ก):0.190 | 225(แ):0.119,0
PrintAksorn_dataset/test/sara_ae_JS-Rapee-Bold-Italic.png,225,แ,0.4516,225,แ,1,225,0.417,225,0.9274,179,0.1002,225(แ):0.452 | 179(ณ):0.070 | 192(ภ):0.024,0
PrintAksorn_dataset/test/sara_ae_JS-Rapee-Italic.png,225,แ,0.5096,225,แ,1,225,0.6193,225,0.8999,192,0.1082,225(แ):0.510 | 179(ณ):0.038 | 192(ภ):0.038,0
PrintAksorn_dataset/test/sara_ae_Kinnari-Italic.png,225,แ,0.4562,225,แ,1,225,0.4964,225,0.8628,179,0.0888,225(แ):0.456 | 179(ณ):0.051 | 224(เ):0.026,0
PrintAksorn_dataset/test/sara_ae_Kinnari.png,225,แ,0.4103,225,แ,1,225,0.3312,225,0.8911,192,0.0683,225(แ):0.410 | 179(ณ):0.037 | 224(เ):0.029,0
PrintAksorn_dataset/test/sara_ae_Mitr-Bold.png,186,บ,0.1281,225,แ,0,186,0.3433,172,0.131,217,0.073,186(บ):0.128 | 172(ฌ):0.048 | 217(ู):0.040,0
PrintAksorn_dataset/test/sara_ae_Pridi-ExtraLight.png,225,แ,0.4836,225,แ,1,225,0.5423,225,0.8993,179,0.1342,225(แ):0.484 | 179(ณ):0.066 | 224(เ):0.035,0
PrintAksorn_dataset/test/sara_ae_Pridi-Medium.png,225,แ,0.5521,225,แ,1,225,0.7689,225,0.8786,179,0.1139,225(แ):0.552 | 179(ณ):0.045 | 173(ญ):0.043,0
PrintAksorn_dataset/test/sara_ae_Sarabun-Bold.png,225,แ,0.5279,225,แ,1,225,0.6995,225,0.8749,179,0.1325,225(แ):0.528 | 179(ณ):0.051 | 173(ญ):0.025,0
PrintAksorn_dataset/test/sara_ai_maimalai_JS-Chulee.png,228,ไ,0.8752,228,ไ,1,228,0.8948,228,0.8404,228,0.8903,228(ไ):0.875 | 226(โ):0.007 | 210(า):0.003,1
PrintAksorn_dataset/test/sara_ai_maimalai_JS-Jukaphan-Italic.png,228,ไ,0.8956,228,ไ,1,228,0.8873,228,0.9338,228,0.8655,228(ไ):0.896 | 226(โ):0.005 | 227(ใ):0.003,1
PrintAksorn_dataset/test/sara_ai_maimalai_Pridi-Medium.png,226,โ,0.7469,228,ไ,0,226,0.7919,226,0.6335,226,0.8151,226(โ):0.747 | 184(ธ):0.027 | 195(ร):0.016,1
PrintAksorn_dataset/test/sara_ai_maimalai_Pridi-Regular.png,226,โ,0.8268,228,ไ,0,226,0.8295,226,0.8922,226,0.7587,226(โ):0.827 | 195(ร):0.012 | 228(ไ):0.009,1
PrintAksorn_dataset/test/sara_ai_maimalai_Sarabun-ExtraLight.png,228,ไ,0.8822,228,ไ,1,228,0.8494,228,0.9057,228,0.8915,228(ไ):0.882 | 227(ใ):0.008 | 226(โ):0.004,1
PrintAksorn_dataset/test/sara_ai_maimalai_TlwgTypist-BoldOblique.png,228,ไ,0.7742,228,ไ,1,228,0.8635,228,0.7637,228,0.6953,228(ไ):0.774 | 171(ซ):0.009 | 163(ฃ):0.009,1
PrintAksorn_dataset/test/sara_ai_maimuan_Himmaparnt-Italic.png,227,ใ,0.9171,227,ใ,1,227,0.9156,227,0.9441,227,0.8917,227(ใ):0.917 | 226(โ):0.009 | 170(ช):0.002,1
PrintAksorn_dataset/test/sara_ai_maimuan_JS-Giat-Bold.png,227,ใ,0.6438,227,ใ,1,227,0.8924,227,0.6526,227,0.3865,227(ใ):0.644 | 162(ข):0.049 | 226(โ):0.019,1
PrintAksorn_dataset/test/sara_ai_maimuan_JS-Prapakorn-Italic.png,210,า,0.6832,227,ใ,0,210,0.7697,210,0.7969,210,0.483,210(า):0.683 | 227(ใ):0.047 | 198(ฦ):0.027,1
PrintAksorn_dataset/test/sara_ai_maimuan_Maitree-ExtraLight.png,227,ใ,0.8782,227,ใ,1,227,0.8566,227,0.9019,227,0.8762,227(ใ):0.878 | 226(โ):0.012 | 170(ช):0.003,1
PrintAksorn_dataset/test/sara_ai_maimuan_NotoSerifThai-ExtraCondensedThin.png,227,ใ,0.9042,227,ใ,1,227,0.9166,227,0.9414,227,0.8545,227(ใ):0.904 | 226(โ):0.005 | 228(ไ):0.004,1
PrintAksorn_dataset/test/sara_ai_maimuan_Sarabun-Regular.png,227,ใ,0.9043,227,ใ,1,227,0.924,227,0.9604,227,0.8285,227(ใ):0.904 | 226(โ):0.009 | 162(ข):0.003,1
PrintAksorn_dataset/test/sara_ai_maimuan_TH-KoHo-Bold.png,227,ใ,0.8584,227,ใ,1,227,0.9203,227,0.9389,227,0.716,227(ใ):0.858 | 226(โ):0.027 | 170(ช):0.005,1
PrintAksorn_dataset/test/sara_ai_maimuan_Trirong-Regular.png,227,ใ,0.7951,227,ใ,1,227,0.914,227,0.7754,227,0.6959,227(ใ):0.795 | 226(โ):0.028 | 170(ช):0.007,1
PrintAksorn_dataset/test/sara_am_Chonburi-Regular.png,211,ำ,0.2988,211,ำ,1,210,0.3596,211,0.8833,198,0.0687,211(ำ):0.299 | 210(า):0.126 | 229(ๅ):0.032,0
PrintAksorn_dataset/test/sara_am_Garuda-BoldOblique.png,211,ำ,0.2828,211,ำ,1,229,0.3735,211,0.8365,198,0.2734,211(ำ):0.283 | 229(ๅ):0.127 | 198(ฦ):0.094,0
PrintAksorn_dataset/test/sara_am_JS-Rapee-Bold.png,211,ำ,0.2857,211,ำ,1,229,0.3991,211,0.8451,198,0.2309,211(ำ):0.286 | 229(ๅ):0.136 | 198(ฦ):0.079,0
PrintAksorn_dataset/test/sara_am_Maitree-Medium.png,211,ำ,0.2987,211,ำ,1,229,0.5537,211,0.883,198,0.1912,211(ำ):0.299 | 229(ๅ):0.187 | 198(ฦ):0.066,0
PrintAksorn_dataset/test/sara_am_Maitree-Regular.png,211,ำ,0.2898,211,ำ,1,229,0.454,211,0.8561,198,0.1335,211(ำ):0.290 | 229(ๅ):0.154 | 198(ฦ):0.047,0
PrintAksorn_dataset/test/sara_am_NotoSansThai-SemiBold.png,211,ำ,0.2901,211,ำ,1,229,0.499,211,0.8591,183,0.1416,211(ำ):0.290 | 229(ๅ):0.169 | 183(ท):0.052,0
PrintAksorn_dataset/test/sara_am_Prompt-BoldItalic.png,211,ำ,0.2556,211,ำ,1,210,0.2376,211,0.7554,162,0.1088,211(ำ):0.256 | 210(า):0.085 | 162(ข):0.041,0
PrintAksorn_dataset/test/sara_am_Prompt-ExtraBold.png,211,ำ,0.2974,211,ำ,1,210,0.242,211,0.8803,183,0.1102,211(ำ):0.297 | 210(า):0.085 | 229(ๅ):0.057,0
PrintAksorn_dataset/test/sara_am_Silom.png,211,ำ,0.2965,211,ำ,1,210,0.3187,211,0.8779,210,0.108,211(ำ):0.296 | 210(า):0.143 | 229(ๅ):0.086,0
PrintAksorn_dataset/test/sara_am_TlwgMono.png,211,ำ,0.278,211,ำ,1,229,0.1381,211,0.8191,207,0.1169,211(ำ):0.278 | 210(า):0.051 | 229(ๅ):0.049,0
PrintAksorn_dataset/test/sara_am_Umpush-Bold.png,211,ำ,0.304,211,ำ,1,210,0.6247,211,0.9018,183,0.1523,211(ำ):0.304 | 210(า):0.236 | 183(ท):0.053,0
PrintAksorn_dataset/test/sara_e_Athiti-Regular.png,224,เ,0.5659,224,เ,1,224,0.7833,232,0.2873,224,0.6274,224(เ):0.566 | 232(่):0.137 | 187(ป):0.031,0
PrintAksorn_dataset/test/sara_e_JS-Arisa.png,224,เ,0.8946,224,เ,1,224,0.8323,224,0.932,224,0.9196,224(เ):0.895 | 236(์):0.003 | 213(ี):0.003,1
PrintAksorn_dataset/test/sara_e_JS-Pisit-Normal.png,224,เ,0.8461,224,เ,1,224,0.7257,224,0.9362,224,0.8763,224(เ):0.846 | 236(์):0.005 | 213(ี):0.004,1
PrintAksorn_dataset/test/sara_e_JS-Pudgrong-Normal.png,224,เ,0.8967,224,เ,1,224,0.8284,224,0.918,224,0.9436,224(เ):0.897 | 236(์):0.004 | 187(ป):0.003,1
PrintAksorn_dataset/test/sara_e_KaniGa-Bold.png,224,เ,0.8912,224,เ,1,224,0.8417,224,0.9302,224,0.9018,224(เ):0.891 | 236(์):0.004 | 207(ฯ):0.002,1
PrintAksorn_dataset/test/sara_e_NotoSansThai-ExtraCondensedBlack.png,224,เ,0.3365,224,เ,1,224,0.6467,232,0.2195,224,0.1901,224(เ):0.336 | 232(่):0.142 | 187(ป):0.027,0
PrintAksorn_dataset/test/sara_e_TH-Chakra-Petch-Bold-Italic.png,224,เ,0.9106,224,เ,1,224,0.882,224,0.9252,224,0.9247,224(เ):0.911 | 236(์):0.011 | 187(ป):0.002,1
PrintAksorn_dataset/test/sara_e_TH-K2D-July8-Bold.png,224,เ,0.8978,224,เ,1,224,0.8504,224,0.9157,224,0.9272,224(เ):0.898 | 236(์):0.003 | 232(่):0.002,1
PrintAksorn_dataset/test/sara_e_Taviraj-BlackItalic.png,224,เ,0.4483,224,เ,1,224,0.3295,224,0.4973,224,0.5182,224(เ):0.448 | 236(์):0.028 | 170(ช):0.023,1
PrintAksorn_dataset/test/sara_e_Trirong-ExtraLightItalic.png,224,เ,0.8911,224,เ,1,224,0.8398,224,0.8987,224,0.9348,224(เ):0.891 | 236(์):0.011 | 187(ป):0.003,1
PrintAksorn_dataset/test/sara_e_Trirong-MediumItalic.png,224,เ,0.8374,224,เ,1,224,0.8495,224,0.8432,224,0.8193,224(เ):0.837 | 236(์):0.015 | 232(่):0.008,1
PrintAksorn_dataset/test/sara_e_Trirong-SemiBoldItalic.png,224,เ,0.7865,224,เ,1,224,0.8108,224,0.7917,224,0.7569,224(เ):0.786 | 236(์):0.019 | 232(่):0.010,1
PrintAksorn_dataset/test/sara_i_Aksaramatee-Regular.png,212,ิ,0.8933,212,ิ,1,212,0.8965,212,0.8863,212,0.8971,212(ิ):0.893 | 213(ี):0.003 | 197(ล):0.003,1
PrintAksorn_dataset/test/sara_i_JS-Prajuk-Italic.png,212,ิ,0.5845,212,ิ,1,213,0.5688,212,0.9417,212,0.7441,212(ิ):0.585 | 213(ี):0.194 | 209(ั):0.011,0
PrintAksorn_dataset/test/sara_i_Kanit-Thin.png,213,ี,0.1879,212,ิ,0,213,0.5275,235,0.4944,212,0.1684,213(ี):0.188 | 235(๋):0.171 | 212(ิ):0.070,0
PrintAksorn_dataset/test/sara_i_NotoSansThai-SemiCondensedThin.png,213,ี,0.2508,212,ิ,0,213,0.7139,235,0.6749,212,0.2484,213(ี):0.251 | 235(๋):0.232 | 212(ิ):0.100,0
PrintAksorn_dataset/test/sara_i_NotoSerifThai-ExtraCondensedLight.png,212,ิ,0.692,212,ิ,1,212,0.33,212,0.9015,212,0.8446,212(ิ):0.692 | 240(๐):0.046 | 241(๑):0.008,1
PrintAksorn_dataset/test/sara_i_TH-Baijam-Regular.png,212,ิ,0.8812,212,ิ,1,212,0.8639,212,0.8918,212,0.8879,212(ิ):0.881 | 240(๐):0.003 | 210(า):0.003,1
PrintAksorn_dataset/test/sara_i_TH-Charmonman-Regular.png,212,ิ,0.3798,212,ิ,1,167,0.2455,212,0.8514,168,0.3806,212(ิ):0.380 | 168(จ):0.160 | 167(ง):0.086,0
PrintAksorn_dataset/test/sara_i_TH-KoHo-Bold-Italic.png,212,ิ,0.8654,212,ิ,1,212,0.8444,212,0.8883,212,0.8634,212(ิ):0.865 | 210(า):0.004 | 240(๐):0.004,1
PrintAksorn_dataset/test/sara_i_Taviraj-SemiBoldItalic.png,212,ิ,0.8709,212,ิ,1,212,0.7867,212,0.895,212,0.931,212(ิ):0.871 | 240(๐):0.004 | 210(า):0.003,1
PrintAksorn_dataset/test/sara_ii_Himmaparnt-Regular.png,213,ี,0.8252,213,ี,1,213,0.8137,213,0.8068,213,0.8551,213(ี):0.825 | 215(ื):0.030 | 212(ิ):0.005,1
PrintAksorn_dataset/test/sara_ii_JS-Arisa-Italic.png,213,ี,0.9023,213,ี,1,213,0.9046,213,0.914,213,0.8882,213(ี):0.902 | 215(ื):0.006 | 212(ิ):0.003,1
PrintAksorn_dataset/test/sara_ii_JS-Pumpuang-Normal.png,214,ึ,0.3664,213,ี,0,213,0.2144,214,0.842,214,0.2484,214(ึ):0.366 | 213(ี):0.080 | 229(ๅ):0.040,0
PrintAksorn_dataset/test/sara_ii_JS-Synjai-Normal.png,213,ี,0.7969,213,ี,1,213,0.8779,213,0.619,213,0.8938,213(ี):0.797 | 215(ื):0.080 | 212(ิ):0.003,1
PrintAksorn_dataset/test/sara_ii_Kanit-Regular.png,213,ี,0.368,213,ี,1,213,0.8146,186,0.2769,213,0.2295,213(ี):0.368 | 186(บ):0.108 | 215(ื):0.076,0
PrintAksorn_dataset/test/sara_ii_NotoSansThai-SemiCondensedBold.png,213,ี,0.3728,213,ี,1,213,0.9451,215,0.4414,215,0.445,213(ี):0.373 | 215(ื):0.296 | 186(บ):0.033,0
PrintAksorn_dataset/test/sara_ii_NotoSansThai-SemiCondensedSemiBold.png,215,ื,0.361,213,ี,0,213,0.9226,215,0.4195,215,0.6621,215(ื):0.361 | 213(ี):0.352 | 186(บ):0.031,0
PrintAksorn_dataset/test/sara_ii_NotoSansThaiLooped-SemiBold.png,213,ี,0.779,213,ี,1,213,0.7915,213,0.8761,213,0.6696,213(ี):0.779 | 215(ื):0.021 | 214(ึ):0.016,1
PrintAksorn_dataset/test/sara_ii_PSK-SmartItaic.png,213,ี,0.8757,213,ี,1,213,0.8988,213,0.8263,213,0.902,213(ี):0.876 | 215(ื):0.033 | 212(ิ):0.004,1
PrintAksorn_dataset/test/sara_ii_TH-Kodchasal-Regular.png,213,ี,0.8941,213,ี,1,213,0.9524,213,0.8734,213,0.8565,213(ี):0.894 | 215(ื):0.014 | 212(ิ):0.004,1
PrintAksorn_dataset/test/sara_ii_Umpush-Oblique.png,213,ี,0.8777,213,ี,1,213,0.9172,213,0.7933,213,0.9225,213(ี):0.878 | 215(ื):0.034 | 212(ิ):0.002,1
PrintAksorn_dataset/test/sara_o_Himmaparnt-Regular.png,226,โ,0.9048,226,โ,1,226,0.8916,226,0.9329,226,0.89,226(โ):0.905 | 195(ร):0.003 | 224(เ):0.002,1
PrintAksorn_dataset/test/sara_o_Itim-Regular.png,226,โ,0.8457,226,โ,1,226,0.8457,226,0.8579,226,0.8335,226(โ):0.846 | 195(ร):0.006 | 184(ธ):0.004,1
PrintAksorn_dataset/test/sara_o_JS-Pitsamai-Italic.png,226,โ,0.8133,226,โ,1,226,0.8381,226,0.8833,226,0.7185,226(โ):0.813 | 224(เ):0.014 | 195(ร):0.005,1
PrintAksorn_dataset/test/sara_o_Maitree-Medium.png,226,โ,0.8843,226,โ,1,226,0.8792,226,0.9284,226,0.8452,226(โ):0.884 | 224(เ):0.003 | 207(ฯ):0.002,1
PrintAksorn_dataset/test/sara_o_NotoSansThai-ExtraCondensedExtraBold.png,226,โ,0.511,226,โ,1,226,0.5915,184,0.1689,226,0.7921,226(โ):0.511 | 210(า):0.074 | 184(ธ):0.060,0
PrintAksorn_dataset/test/sara_o_Pattaya-Regular.png,226,โ,0.7909,226,โ,1,226,0.8062,226,0.7249,226,0.8416,226(โ):0.791 | 184(ธ):0.037 | 210(า):0.008,1
PrintAksorn_dataset/test/sara_o_Trirong-LightItalic.png,226,โ,0.8906,226,โ,1,226,0.8712,226,0.9127,226,0.888,226(โ):0.891 | 224(เ):0.003 | 195(ร):0.002,1
PrintAksorn_dataset/test/sara_u_Garuda-Bold.png,216,ุ,0.5611,216,ุ,1,216,0.9458,216,0.4968,216,0.2406,216(ุ):0.561 | 217(ู):0.070 | 205(อ):0.029,1
PrintAksorn_dataset/test/sara_u_NotoSansThai-ExtraCondensed.png,232,่,0.2023,216,ุ,0,232,0.3745,232,0.1627,217,0.4002,232(่):0.202 | 217(ู):0.144 | 210(า):0.129,0
PrintAksorn_dataset/test/sara_u_NotoSansThai-Light.png,210,า,0.408,216,ุ,0,210,0.4911,210,0.6747,216,0.2217,210(า):0.408 | 229(ๅ):0.138 | 216(ุ):0.091,0
PrintAksorn_dataset/test/sara_u_Prompt-Medium.png,210,า,0.1918,216,ุ,0,210,0.492,169,0.3008,184,0.1321,210(า):0.192 | 169(ฉ):0.109 | 184(ธ):0.091,0
PrintAksorn_dataset/test/sara_u_TH-Baijam-Italic.png,216,ุ,0.7012,216,ุ,1,216,0.5228,216,0.8846,216,0.6962,216(ุ):0.701 | 241(๑):0.021 | 240(๐):0.015,1
PrintAksorn_dataset/test/sara_u_TH-K2D-July8-Bold.png,216,ุ,0.6308,216,ุ,1,216,0.8341,216,0.5011,216,0.5571,216(ุ):0.631 | 217(ู):0.056 | 241(๑):0.019,1
PrintAksorn_dataset/test/sara_u_TlwgTypist-Bold.png,216,ุ,0.3289,216,ุ,1,216,0.6674,216,0.2562,237,0.1668,216(ุ):0.329 | 237(ํ):0.059 | 241(๑):0.053,0
PrintAksorn_dataset/test/sara_u_TlwgTypist-Oblique.png,216,ุ,0.3954,216,ุ,1,216,0.4707,216,0.5755,241,0.2746,216(ุ):0.395 | 241(๑):0.098 | 217(ู):0.053,0
PrintAksorn_dataset/test/sara_ue_JS-Chulee.png,214,ึ,0.6945,214,ึ,1,214,0.3722,214,0.8785,214,0.8328,214(ึ):0.695 | 213(ี):0.054 | 212(ิ):0.013,1
PrintAksorn_dataset/test/sara_ue_JS-Rapee-Bold-Italic.png,214,ึ,0.5262,214,ึ,1,214,0.4227,214,0.8313,214,0.3245,214(ึ):0.526 | 213(ี):0.078 | 215(ื):0.043,1
PrintAksorn_dataset/test/sara_ue_JS-Sadayu-Allcaps.png,214,ึ,0.6419,214,ึ,1,213,0.2749,214,0.8859,214,0.9094,214(ึ):0.642 | 213(ี):0.094 | 231(็):0.022,0
PrintAksorn_dataset/test/sara_ue_Kanit-ThinItalic.png,214,ึ,0.3125,214,ึ,1,231,0.1405,214,0.714,214,0.2176,214(ึ):0.312 | 231(็):0.052 | 213(ี):0.036,0
PrintAksorn_dataset/test/sara_ue_Loma-Bold.png,214,ึ,0.6376,214,ึ,1,213,0.1384,214,0.9065,214,0.8922,214(ึ):0.638 | 213(ี):0.047 | 231(็):0.034,0
PrintAksorn_dataset/test/sara_ue_NotoSansThai-CondensedExtraLight.png,214,ึ,0.2842,214,ึ,1,231,0.116,214,0.6786,214,0.1658,214(ึ):0.284 | 231(็):0.044 | 213(ี):0.042,0
PrintAksorn_dataset/test/sara_ue_NotoSansThai-ExtraCondensedSemiBold.png,214,ึ,0.518,214,ึ,1,213,0.1911,214,0.8053,214,0.6703,214(ึ):0.518 | 213(ี):0.066 | 231(็):0.037,0
PrintAksorn_dataset/test/sara_ue_NotoSansThaiLooped-Light.png,214,ึ,0.6022,214,ึ,1,213,0.2203,214,0.9218,214,0.8537,214(ึ):0.602 | 213(ี):0.075 | 231(็):0.022,0
PrintAksorn_dataset/test/sara_ue_PSK-Smart-Regular.png,214,ึ,0.6267,214,ึ,1,214,0.2799,214,0.8751,214,0.725,214(ึ):0.627 | 213(ี):0.078 | 212(ิ):0.026,1
PrintAksorn_dataset/test/sara_ue_SR-FahMai-Normal.png,214,ึ,0.5401,214,ึ,1,214,0.4168,214,0.8237,214,0.3797,214(ึ):0.540 | 213(ี):0.050 | 212(ิ):0.028,1
PrintAksorn_dataset/test/sara_ue_TlwgTypist-Oblique.png,214,ึ,0.6318,214,ึ,1,213,0.2863,214,0.9312,214,0.8996,214(ึ):0.632 | 213(ี):0.096 | 231(็):0.022,0
PrintAksorn_dataset/test/sara_uee_Athiti-SemiBold.png,215,ื,0.3587,215,ื,1,215,0.3189,215,0.3348,215,0.4226,215(ื):0.359 | 213(ี):0.061 | 217(ู):0.044,1
PrintAksorn_dataset/test/sara_uee_ChulaNarak-Bold-Italic.png,232,่,0.2122,215,ื,0,232,0.2295,232,0.0642,232,0.3429,232(่):0.212 | 210(า):0.056 | 162(ข):0.024,1
PrintAksorn_dataset/test/sara_uee_Himmaparnt-Italic.png,215,ื,0.8652,215,ื,1,215,0.8086,215,0.8831,215,0.904,215(ื):0.865 | 213(ี):0.012 | 190(พ):0.003,1
PrintAksorn_dataset/test/sara_uee_JS-Arisa-Italic.png,215,ื,0.86,215,ื,1,215,0.8278,215,0.8579,215,0.8942,215(ื):0.860 | 213(ี):0.009 | 228(ไ):0.003,1
PrintAksorn_dataset/test/sara_uee_JS-Saksit-Normal.png,215,ื,0.8544,215,ื,1,215,0.9146,215,0.9034,215,0.7453,215(ื):0.854 | 163(ฃ):0.005 | 162(ข):0.005,1
PrintAksorn_dataset/test/sara_uee_JS-Saowapark-Normal.png,215,ื,0.6862,215,ื,1,213,0.364,215,0.851,215,0.8773,215(ื):0.686 | 213(ี):0.123 | 234(๊):0.009,0
PrintAksorn_dataset/test/sara_uee_NotoSerifThai-Medium.png,215,ื,0.6289,215,ื,1,215,0.15,215,0.8807,215,0.856,215(ื):0.629 | 213(ี):0.045 | 234(๊):0.036,1
PrintAksorn_dataset/test/sara_uee_NotoSerifThai-SemiCondensed.png,215,ื,0.6536,215,ื,1,215,0.2049,215,0.8776,215,0.8783,215(ื):0.654 | 213(ี):0.041 | 234(๊):0.032,1
PrintAksorn_dataset/test/sara_uee_Pridi-Light.png,215,ื,0.8284,215,ื,1,215,0.7521,215,0.901,215,0.8321,215(ื):0.828 | 213(ี):0.031 | 214(ึ):0.005,1
PrintAksorn_dataset/test/sara_uee_Prompt-Thin.png,215,ื,0.3851,215,ื,1,186,0.2168,215,0.6356,215,0.5011,215(ื):0.385 | 186(บ):0.093 | 213(ี):0.036,0
PrintAksorn_dataset/test/sara_uee_Purisa-Oblique.png,215,ื,0.5859,215,ื,1,213,0.1378,215,0.9121,215,0.7878,215(ื):0.586 | 213(ี):0.047 | 179(ณ):0.021,0
PrintAksorn_dataset/test/sara_uee_Sarabun-Thin.png,215,ื,0.7195,215,ื,1,215,0.4441,215,0.8651,215,0.8493,215(ื):0.720 | 213(ี):0.098 | 188(ผ):0.004,1
PrintAksorn_dataset/test/sara_uee_TH-Baijam-Regular.png,215,ื,0.7769,215,ื,1,215,0.6486,215,0.8512,215,0.8308,215(ื):0.777 | 213(ี):0.043 | 162(ข):0.003,1
PrintAksorn_dataset/test/sara_uu_FonLeb-Bold-Italic.png,217,ู,0.7497,217,ู,1,217,0.9404,217,0.7604,217,0.5483,217(ู):0.750 | 186(บ):0.077 | 233(้):0.007,1
PrintAksorn_dataset/test/sara_uu_JS-Pisit-Normal.png,217,ู,0.5399,217,ู,1,217,0.5263,217,0.4796,217,0.6137,217(ู):0.540 | 186(บ):0.175 | 162(ข):0.039,1
PrintAksorn_dataset/test/sara_uu_NotoSerifThai-SemiCondensedLight.png,217,ู,0.4038,217,ู,1,217,0.7332,186,0.652,186,0.2347,217(ู):0.404 | 186(บ):0.305 | 162(ข):0.020,0
PrintAksorn_dataset/test/sara_uu_Pridi-Regular.png,217,ู,0.6174,217,ู,1,217,0.914,217,0.5131,217,0.4252,217(ู):0.617 | 186(บ):0.124 | 162(ข):0.029,1
PrintAksorn_dataset/test/sara_uu_Silom.png,217,ู,0.6475,217,ู,1,217,0.9294,217,0.6277,217,0.3855,217(ู):0.648 | 186(บ):0.135 | 162(ข):0.014,1
PrintAksorn_dataset/test/sara_uu_TH-Chakra-Petch-Bold.png,217,ู,0.7437,217,ู,1,217,0.9228,217,0.4937,217,0.8146,217(ู):0.744 | 186(บ):0.121 | 162(ข):0.018,1
PrintAksorn_dataset/test/sara_uu_TH-K2D-July8-Italic.png,217,ู,0.627,217,ู,1,217,0.7974,217,0.7897,217,0.294,217(ู):0.627 | 162(ข):0.051 | 186(บ):0.044,1
PrintAksorn_dataset/test/sara_uu_TH-KoHo-Bold.png,217,ู,0.7593,217,ู,1,217,0.9097,217,0.6599,217,0.7083,217(ู):0.759 | 186(บ):0.091 | 233(้):0.012,1
PrintAksorn_dataset/test/sara_uu_Taviraj-SemiBoldItalic.png,217,ู,0.3732,217,ู,1,217,0.8479,186,0.5115,186,0.1035,217(ู):0.373 | 186(บ):0.207 | 193(ม):0.041,0
PrintAksorn_dataset/test/sara_uu_Trirong-Regular.png,217,ู,0.3441,217,ู,1,217,0.8204,186,0.3255,186,0.3537,217(ู):0.344 | 186(บ):0.236 | 193(ม):0.119,0
PrintAksorn_dataset/test/sara_uu_Umpush-Bold.png,217,ู,0.406,217,ู,1,217,0.8976,186,0.594,186,0.5075,217(ู):0.406 | 186(บ):0.369 | 162(ข):0.024,0
PrintAksorn_dataset/test/semicolon_Athiti-Medium.png,208,ะ,0.1101,,,,195,0.0643,208,0.2587,246,0.1912,208(ะ):0.110 | 199(ว):0.095 | 246(๖):0.071,0
PrintAksorn_dataset/test/semicolon_CmPrasanmit-Italic.png,208,ะ,0.2343,,,,199,0.2578,208,0.5065,208,0.1888,208(ะ):0.234 | 199(ว):0.107 | 176(ฐ):0.036,0
PrintAksorn_dataset/test/semicolon_DC-Palamongkol-Bold.png,208,ะ,0.2629,,,,199,0.1748,208,0.1832,208,0.596,208(ะ):0.263 | 199(ว):0.100 | 211(ำ):0.038,0
PrintAksorn_dataset/test/semicolon_Mitr-Bold.png,208,ะ,0.4812,,,,232,0.0948,208,0.805,208,0.6284,208(ะ):0.481 | 232(่):0.034 | 195(ร):0.026,0
PrintAksorn_dataset/test/semicolon_Norasi-BoldItalic.png,208,ะ,0.3714,,,,167,0.1286,208,0.5381,208,0.5674,208(ะ):0.371 | 167(ง):0.068 | 227(ใ):0.038,0
PrintAksorn_dataset/test/semicolon_NotoSansThai-SemiCondensedMedium.png,205,อ,0.1036,,,,187,0.1216,205,0.1077,205,0.1765,205(อ):0.104 | 187(ป):0.068 | 161(ก):0.053,0
PrintAksorn_dataset/test/semicolon_NotoSansThaiLooped-Medium.png,208,ะ,0.1358,,,,210,0.2087,208,0.2009,208,0.1975,208(ะ):0.136 | 210(า):0.079 | 211(ำ):0.070,0
PrintAksorn_dataset/test/semicolon_NotoSansThaiLooped-Regular.png,210,า,0.1156,,,,210,0.3113,211,0.185,198,0.1611,210(า):0.116 | 208(ะ):0.088 | 211(ำ):0.067,0
PrintAksorn_dataset/test/semicolon_NotoSerifThai-CondensedSemiBold.png,205,อ,0.1062,,,,187,0.1387,205,0.1124,205,0.1755,205(อ):0.106 | 187(ป):0.074 | 161(ก):0.052,0
PrintAksorn_dataset/test/semicolon_NotoSerifThai-SemiCondensedExtraLight.png,205,อ,0.1036,,,,187,0.1216,205,0.1077,205,0.1765,205(อ):0.104 | 187(ป):0.068 | 161(ก):0.053,0
PrintAksorn_dataset/test/semicolon_Sathu.png,208,ะ,0.1436,,,,210,0.1043,208,0.2921,246,0.2948,208(ะ):0.144 | 246(๖):0.103 | 199(ว):0.067,0
PrintAksorn_dataset/test/semicolon_TH-Srisakdi-Bold.png,208,ะ,0.4249,,,,199,0.137,208,0.6009,208,0.6652,208(ะ):0.425 | 199(ว):0.068 | 195(ร):0.044,0
PrintAksorn_dataset/test/semicolon_TH-Srisakdi-Regular.png,208,ะ,0.307,,,,199,0.2881,208,0.3735,208,0.5397,208(ะ):0.307 | 199(ว):0.150 | 227(ใ):0.029,0
PrintAksorn_dataset/test/semicolon_Umpush.png,199,ว,0.2226,,,,199,0.4687,208,0.4659,246,0.2318,199(ว):0.223 | 208(ะ):0.180 | 246(๖):0.081,0
PrintAksorn_dataset/test/slash_CmPrasanmit-Bold-Italic.png,232,่,0.564,,,,210,0.2789,232,0.7638,232,0.8826,232(่):0.564 | 210(า):0.108 | 229(ๅ):0.071,0
PrintAksorn_dataset/test/slash_JS-Giat-Bold.png,232,่,0.3636,,,,232,0.8103,232,0.227,167,0.1016,232(่):0.364 | 167(ง):0.041 | 194(ย):0.033,0
PrintAksorn_dataset/test/slash_JS-Padachamai-Normal.png,232,่,0.6236,,,,210,0.2896,232,0.8456,232,0.9267,232(่):0.624 | 210(า):0.112 | 229(ๅ):0.095,0
PrintAksorn_dataset/test/slash_JS-Synjai-Italic.png,232,่,0.5555,,,,210,0.3039,232,0.7257,232,0.8676,232(่):0.556 | 210(า):0.123 | 229(ๅ):0.065,0
PrintAksorn_dataset/test/slash_Kanit-BlackItalic.png,232,่,0.2845,,,,232,0.8072,236,0.0657,194,0.1707,232(่):0.285 | 194(ย):0.060 | 228(ไ):0.031,0
PrintAksorn_dataset/test/slash_Norasi-Oblique.png,232,่,0.5123,,,,210,0.2122,232,0.646,232,0.8365,232(่):0.512 | 210(า):0.093 | 229(ๅ):0.066,0
PrintAksorn_dataset/test/slash_NotoSansThai-ExtraCondensedExtraLight.png,205,อ,0.1061,,,,187,0.1362,186,0.1254,205,0.1814,205(อ):0.106 | 187(ป):0.073 | 186(บ):0.058,0
PrintAksorn_dataset/test/slash_NotoSansThai-ExtraLight.png,205,อ,0.104,,,,187,0.1329,186,0.1265,205,0.1771,205(อ):0.104 | 187(ป):0.072 | 186(บ):0.059,0
PrintAksorn_dataset/test/slash_NotoSansThaiLooped-SemiBold.png,232,่,0.5452,,,,210,0.3423,232,0.5707,232,0.9238,232(่):0.545 | 210(า):0.149 | 229(ๅ):0.071,0
PrintAksorn_dataset/test/slash_Pridi-ExtraLight.png,232,่,0.5667,,,,229,0.4371,232,0.7742,232,0.9106,232(่):0.567 | 229(ๅ):0.146 | 210(า):0.099,0
PrintAksorn_dataset/test/slash_Pridi-Regular.png,232,่,0.5777,,,,229,0.2887,232,0.6887,232,0.9189,232(่):0.578 | 210(า):0.097 | 229(ๅ):0.097,0
PrintAksorn_dataset/test/slash_TH-Krub-Bold.png,232,่,0.5668,,,,229,0.3699,232,0.7328,232,0.9244,232(่):0.567 | 229(ๅ):0.124 | 210(า):0.107,0
PrintAksorn_dataset/test/slash_Taviraj-BoldItalic.png,232,่,0.5068,,,,210,0.2044,232,0.6338,232,0.8249,232(่):0.507 | 210(า):0.092 | 229(ๅ):0.057,0
PrintAksorn_dataset/test/slash_Taviraj-Medium.png,232,่,0.5742,,,,229,0.4222,232,0.8016,232,0.9081,232(่):0.574 | 229(ๅ):0.142 | 210(า):0.105,0
PrintAksorn_dataset/test/slash_TlwgMono-Oblique.png,232,่,0.3554,,,,210,0.0902,232,0.4535,232,0.561,232(่):0.355 | 210(า):0.052 | 236(์):0.030,0
PrintAksorn_dataset/test/so_ruesi_Aksaramatee-Bold.png,201,ษ,0.4724,201,ษ,1,201,0.4292,201,0.8379,201,0.15,201(ษ):0.472 | 194(ย):0.032 | 242(๒):0.023,1
PrintAksorn_dataset/test/so_ruesi_Athiti-Light.png,201,ษ,0.5169,201,ษ,1,201,0.5857,201,0.8833,242,0.3998,201(ษ):0.517 | 242(๒):0.138 | 187(ป):0.026,0
PrintAksorn_dataset/test/so_ruesi_Garuda-BoldOblique.png,201,ษ,0.8624,201,ษ,1,201,0.8752,201,0.9373,201,0.7747,201(ษ):0.862 | 185(น):0.004 | 206(ฮ):0.003,1
PrintAksorn_dataset/test/so_ruesi_JS-Pumpuang-Normal.png,201,ษ,0.3075,201,ษ,1,194,0.8852,201,0.8487,242,0.2369,201(ษ):0.307 | 194(ย):0.304 | 242(๒):0.080,0
PrintAksorn_dataset/test/so_ruesi_JS-Sadayu-Bold.png,201,ษ,0.8577,201,ษ,1,201,0.9086,201,0.8322,201,0.8324,201(ษ):0.858 | 162(ข):0.005 | 217(ู):0.004,1
PrintAksorn_dataset/test/so_ruesi_NotoSansThaiLooped-Bold.png,201,ษ,0.8645,201,ษ,1,201,0.9208,201,0.9266,201,0.7461,201(ษ):0.864 | 162(ข):0.003 | 245(๕):0.003,1
PrintAksorn_dataset/test/so_ruesi_NotoSerifThai-SemiCondensed.png,201,ษ,0.8896,201,ษ,1,201,0.9165,201,0.93,201,0.8223,201(ษ):0.890 | 185(น):0.003 | 187(ป):0.003,1
PrintAksorn_dataset/test/so_ruesi_Sriracha-Regular.png,201,ษ,0.8332,201,ษ,1,201,0.8292,201,0.9233,201,0.7471,201(ษ):0.833 | 242(๒):0.010 | 185(น):0.008,1
PrintAksorn_dataset/test/so_ruesi_TH-KoHo-Bold-Italic.png,201,ษ,0.7561,201,ษ,1,201,0.8112,201,0.8801,201,0.577,201(ษ):0.756 | 173(ญ):0.010 | 194(ย):0.006,1
PrintAksorn_dataset/test/so_ruesi_Taviraj-ExtraLightItalic.png,201,ษ,0.8862,201,ษ,1,201,0.9083,201,0.9077,201,0.8427,201(ษ):0.886 | 187(ป):0.003 | 242(๒):0.003,1
PrintAksorn_dataset/test/so_ruesi_Taviraj-Italic.png,201,ษ,0.8711,201,ษ,1,201,0.912,201,0.916,201,0.7853,201(ษ):0.871 | 242(๒):0.003 | 206(ฮ):0.003,1
PrintAksorn_dataset/test/so_ruesi_Umpush-Light.png,201,ษ,0.8641,201,ษ,1,201,0.9114,201,0.9333,201,0.7477,201(ษ):0.864 | 242(๒):0.007 | 162(ข):0.005,1
PrintAksorn_dataset/test/so_ruesi_Waree-BoldOblique.png,201,ษ,0.859,201,ษ,1,201,0.9108,201,0.9282,201,0.738,201(ษ):0.859 | 172(ฌ):0.005 | 162(ข):0.005,1
PrintAksorn_dataset/test/so_sala_JS-Saksit-Normal.png,200,ศ,0.8525,200,ศ,1,200,0.8631,200,0.9398,200,0.7546,200(ศ):0.852 | 180(ด):0.007 | 206(ฮ):0.004,1
PrintAksorn_dataset/test/so_sala_Kanit-BlackItalic.png,205,อ,0.2039,200,ศ,0,164,0.4284,205,0.5316,248,0.3132,205(อ):0.204 | 164(ค):0.179 | 248(๘):0.107,0
PrintAksorn_dataset/test/so_sala_Kinnari-Italic.png,200,ศ,0.9162,200,ศ,1,200,0.9216,200,0.943,200,0.8839,200(ศ):0.916 | 180(ด):0.004 | 164(ค):0.003,1
PrintAksorn_dataset/test/so_sala_Laksaman.png,200,ศ,0.8298,200,ศ,1,200,0.9053,200,0.9553,200,0.6289,200(ศ):0.830 | 165(ฅ):0.033 | 169(ฉ):0.004,1
PrintAksorn_dataset/test/so_sala_NotoSansThai-SemiCondensedSemiBold.png,200,ศ,0.5086,200,ศ,1,200,0.3955,200,0.873,200,0.2575,200(ศ):0.509 | 164(ค):0.071 | 202(ส):0.019,1
PrintAksorn_dataset/test/so_sala_NotoSansThaiLooped-SemiBold.png,200,ศ,0.6608,200,ศ,1,200,0.9339,200,0.7849,200,0.2635,200(ศ):0.661 | 248(๘):0.031 | 164(ค):0.026,1
PrintAksorn_dataset/test/so_sala_NotoSerifThai-ExtraCondensedLight.png,200,ศ,0.6242,200,ศ,1,200,0.476,200,0.9127,200,0.4839,200(ศ):0.624 | 248(๘):0.044 | 164(ค):0.025,1
PrintAksorn_dataset/test/so_sala_TH-Kodchasal-Regular.png,200,ศ,0.7765,200,ศ,1,200,0.9714,200,0.8582,200,0.4998,200(ศ):0.776 | 248(๘):0.023 | 168(จ):0.009,1
PrintAksorn_dataset/test/so_sala_Taviraj-ExtraBold.png,200,ศ,0.5897,200,ศ,1,200,0.9313,200,0.7682,172,0.1428,200(ศ):0.590 | 172(ฌ):0.050 | 248(๘):0.023,0
PrintAksorn_dataset/test/so_sala_Taviraj-LightItalic.png,200,ศ,0.5557,200,ศ,1,200,0.5415,200,0.8896,200,0.236,200(ศ):0.556 | 248(๘):0.072 | 164(ค):0.049,1
PrintAksorn_dataset/test/so_sala_TlwgTypewriter.png,200,ศ,0.4514,200,ศ,1,200,0.3598,200,0.841,248,0.3177,200(ศ):0.451 | 248(๘):0.108 | 164(ค):0.090,0
PrintAksorn_dataset/test/so_sala_Trirong-Medium.png,200,ศ,0.4609,200,ศ,1,200,0.4331,200,0.8407,248,0.1197,200(ศ):0.461 | 248(๘):0.042 | 164(ค):0.039,0
PrintAksorn_dataset/test/so_so_JS-Wansika-Italic.png,171,ซ,0.2823,171,ซ,1,170,0.1565,171,0.6114,170,0.1479,171(ซ):0.282 | 170(ช):0.187 | 206(ฮ):0.030,0
PrintAksorn_dataset/test/so_so_Kinnari.png,171,ซ,0.757,171,ซ,1,171,0.8951,171,0.9075,171,0.4683,171(ซ):0.757 | 177(ฑ):0.014 | 166(ฆ):0.013,1
PrintAksorn_dataset/test/so_so_Maitree-Bold.png,170,ช,0.2064,171,ซ,0,245,0.125,170,0.419,201,0.1262,170(ช):0.206 | 201(ษ):0.102 | 245(๕):0.050,0
PrintAksorn_dataset/test/so_so_NotoSerifThai-SemiCondensedSemiBold.png,171,ซ,0.3008,171,ซ,1,171,0.6066,201,0.3684,201,0.115,171(ซ):0.301 | 201(ษ):0.164 | 170(ช):0.044,0
PrintAksorn_dataset/test/so_so_PSK-SmartBI.png,171,ซ,0.3938,171,ซ,1,171,0.8787,201,0.4728,201,0.3172,171(ซ):0.394 | 201(ษ):0.264 | 170(ช):0.018,0
PrintAksorn_dataset/test/so_so_TH-Niramit-AS-Bold-Italic.png,171,ซ,0.6634,171,ซ,1,171,0.8706,171,0.8709,171,0.2488,171(ซ):0.663 | 163(ฃ):0.052 | 201(ษ):0.024,1
PrintAksorn_dataset/test/so_so_TH-Niramit-AS-Italic.png,171,ซ,0.5942,171,ซ,1,171,0.3974,171,0.7673,171,0.6178,171(ซ):0.594 | 170(ช):0.162 | 201(ษ):0.027,1
PrintAksorn_dataset/test/so_so_TlwgTypo.png,171,ซ,0.4563,171,ซ,1,171,0.7939,171,0.5191,166,0.0596,171(ซ):0.456 | 170(ช):0.079 | 201(ษ):0.034,0
PrintAksorn_dataset/test/so_suea_JS-Jindara-Bold-Italic.png,202,ส,0.8868,202,ส,1,202,0.9063,202,0.9045,202,0.8495,202(ส):0.887 | 197(ล):0.011 | 195(ร):0.004,1
PrintAksorn_dataset/test/so_suea_JS-Padachamai-Normal.png,202,ส,0.8068,202,ส,1,202,0.9277,202,0.9186,202,0.574,202(ส):0.807 | 197(ล):0.030 | 195(ร):0.009,1
PrintAksorn_dataset/test/so_suea_JS-Pranee-Italic.png,202,ส,0.8652,202,ส,1,202,0.9114,202,0.9256,202,0.7587,202(ส):0.865 | 249(๙):0.010 | 248(๘):0.005,1
PrintAksorn_dataset/test/so_suea_JS-Saksit-Bold.png,202,ส,0.6446,202,ส,1,202,0.8949,202,0.6379,202,0.4011,202(ส):0.645 | 197(ล):0.076 | 200(ศ):0.022,1
PrintAksorn_dataset/test/so_suea_Kanit-Black.png,197,ล,0.1271,202,ส,0,202,0.1924,205,0.2188,197,0.294,197(ล):0.127 | 205(อ):0.086 | 202(ส):0.074,0
PrintAksorn_dataset/test/so_suea_Kinnari-BoldOblique.png,202,ส,0.9129,202,ส,1,202,0.8987,202,0.91,202,0.93,202(ส):0.913 | 197(ล):0.003 | 214(ึ):0.002,1
PrintAksorn_dataset/test/so_suea_Maitree-Medium.png,202,ส,0.6606,202,ส,1,202,0.9373,202,0.8749,197,0.2493,202(ส):0.661 | 197(ล):0.087 | 182(ถ):0.029,0
PrintAksorn_dataset/test/so_suea_NotoSansThai-SemiCondensed.png,202,ส,0.5922,202,ส,1,202,0.8367,202,0.8946,248,0.3125,202(ส):0.592 | 248(๘):0.105 | 197(ล):0.045,0
PrintAksorn_dataset/test/so_suea_NotoSerifThai-ExtraCondensedExtraBold.png,202,ส,0.7881,202,ส,1,202,0.9043,202,0.9028,202,0.5573,202(ส):0.788 | 248(๘):0.027 | 249(๙):0.018,1
PrintAksorn_dataset/test/so_suea_Prompt-ExtraLightItalic.png,202,ส,0.5991,202,ส,1,202,0.8463,202,0.9108,248,0.1548,202(ส):0.599 | 197(ล):0.059 | 248(๘):0.053,0
PrintAksorn_dataset/test/so_suea_Sarabun-ExtraLight.png,202,ส,0.9038,202,ส,1,202,0.9148,202,0.9231,202,0.8736,202(ส):0.904 | 197(ล):0.009 | 214(ึ):0.003,1
PrintAksorn_dataset/test/so_suea_TH-Baijam-Bold-Italic.png,202,ส,0.8212,202,ส,1,202,0.9275,202,0.8675,202,0.6686,202(ส):0.821 | 197(ล):0.053 | 213(ี):0.005,1
PrintAksorn_dataset/test/so_suea_TH-Fahkwang-Regular.png,202,ส,0.8143,202,ส,1,202,0.8683,202,0.8949,202,0.6797,202(ส):0.814 | 197(ล):0.029 | 176(ฐ):0.004,1
PrintAksorn_dataset/test/so_suea_Taviraj-SemiBoldItalic.png,202,ส,0.6898,202,ส,1,202,0.908,202,0.8141,202,0.3474,202(ส):0.690 | 197(ล):0.126 | 213(ี):0.007,1
PrintAksorn_dataset/test/so_suea_Taviraj-Thin.png,202,ส,0.6574,202,ส,1,202,0.9207,202,0.8904,197,0.5544,202(ส):0.657 | 197(ล):0.188 | 213(ี):0.007,0
PrintAksorn_dataset/test/thanthakhat_DC-Palamongkol-Bold.png,236,์,0.6069,236,์,1,236,0.8128,236,0.87,248,0.4317,236(์):0.607 | 248(๘):0.145 | 246(๖):0.022,0
PrintAksorn_dataset/test/thanthakhat_Garuda-Bold.png,236,์,0.6041,236,์,1,236,0.883,236,0.8871,248,0.2465,236(์):0.604 | 248(๘):0.083 | 249(๙):0.046,0
PrintAksorn_dataset/test/thanthakhat_JS-Mookravee-Normal.png,236,์,0.9016,236,์,1,236,0.916,236,0.9369,236,0.8519,236(์):0.902 | 248(๘):0.003 | 170(ช):0.003,1
PrintAksorn_dataset/test/thanthakhat_JS-Rapee-Italic.png,236,์,0.9168,236,์,1,236,0.8959,236,0.9234,236,0.9311,236(์):0.917 | 209(ั):0.006 | 231(็):0.003,1
PrintAksorn_dataset/test/thanthakhat_Kinnari-Italic.png,236,์,0.9315,236,์,1,236,0.9143,236,0.9652,236,0.9151,236(์):0.932 | 248(๘):0.004 | 249(๙):0.003,1
PrintAksorn_dataset/test/thanthakhat_NotoSansThai-SemiCondensedBlack.png,232,่,0.1487,236,์,0,232,0.4387,205,0.3018,244,0.1382,232(่):0.149 | 205(อ):0.111 | 164(ค):0.105,0
PrintAksorn_dataset/test/thanthakhat_NotoSansThaiLooped-Light.png,236,์,0.5775,236,์,1,236,0.7782,236,0.7891,248,0.2886,236(์):0.578 | 248(๘):0.097 | 195(ร):0.019,0
PrintAksorn_dataset/test/thanthakhat_Pattaya-Regular.png,235,๋,0.1562,236,์,0,236,0.2495,235,0.459,248,0.163,235(๋):0.156 | 236(์):0.107 | 212(ิ):0.083,0
PrintAksorn_dataset/test/thanthakhat_Prompt-SemiBoldItalic.png,212,ิ,0.1819,236,์,0,236,0.1255,212,0.4243,248,0.4554,212(ิ):0.182 | 248(๘):0.156 | 236(์):0.065,0
PrintAksorn_dataset/test/thanthakhat_TH-Baijam-Bold-Italic.png,236,์,0.6602,236,์,1,236,0.802,209,0.4056,236,0.7893,236(์):0.660 | 209(ั):0.161 | 231(็):0.008,0
PrintAksorn_dataset/test/thanthakhat_TH-Srisakdi-Bold.png,236,์,0.3139,236,์,1,236,0.1761,236,0.7386,248,0.3209,236(์):0.314 | 248(๘):0.110 | 209(ั):0.047,0
PrintAksorn_dataset/test/thanthakhat_TlwgMono-BoldOblique.png,236,์,0.4589,236,์,1,236,0.9361,236,0.3722,244,0.3406,236(์):0.459 | 244(๔):0.115 | 209(ั):0.076,0
PrintAksorn_dataset/test/thanthakhat_Umpush-Oblique.png,236,์,0.5743,236,์,1,236,0.8522,236,0.3936,236,0.4772,236(์):0.574 | 231(็):0.054 | 209(ั):0.046,1
PrintAksorn_dataset/test/thanthakhat_Umpush.png,236,์,0.5607,236,์,1,236,0.8482,236,0.3746,236,0.4594,236(์):0.561 | 231(็):0.049 | 209(ั):0.040,1
PrintAksorn_dataset/test/tho_montho_Chonburi-Regular.png,183,ท,0.3364,177,ฑ,0,183,0.9378,178,0.0944,178,0.1449,183(ท):0.336 | 178(ฒ):0.080 | 242(๒):0.033,0
PrintAksorn_dataset/test/tho_montho_JS-Chulee.png,177,ฑ,0.524,177,ฑ,1,183,0.6342,177,0.8835,177,0.6845,177(ฑ):0.524 | 183(ท):0.223 | 190(พ):0.022,0
PrintAksorn_dataset/test/tho_montho_JS-Junkaew-Italic.png,177,ฑ,0.3728,177,ฑ,1,183,0.5766,177,0.8515,177,0.2626,177(ฑ):0.373 | 183(ท):0.204 | 181(ต):0.067,0
PrintAksorn_dataset/test/tho_montho_JS-Puriphop-Normal.png,181,ต,0.1415,177,ฑ,0,181,0.1589,177,0.3482,181,0.2272,181(ต):0.142 | 177(ฑ):0.134 | 183(ท):0.100,0
PrintAksorn_dataset/test/tho_montho_JS-Synjai-Italic.png,177,ฑ,0.4399,177,ฑ,1,183,0.2358,177,0.9246,177,0.3887,177(ฑ):0.440 | 183(ท):0.087 | 181(ต):0.072,0
PrintAksorn_dataset/test/tho_montho_NotoSansThai-SemiBold.png,177,ฑ,0.5204,177,ฑ,1,183,0.9069,177,0.7164,177,0.8438,177(ฑ):0.520 | 183(ท):0.328 | 161(ก):0.008,0
PrintAksorn_dataset/test/tho_montho_NotoSerifThai-ExtraCondensed.png,177,ฑ,0.4757,177,ฑ,1,183,0.315,177,0.8463,177,0.5741,177(ฑ):0.476 | 183(ท):0.114 | 181(ต):0.072,0
PrintAksorn_dataset/test/tho_montho_NotoSerifThai-SemiCondensedBlack.png,183,ท,0.2067,177,ฑ,0,183,0.5761,177,0.2557,178,0.4412,183(ท):0.207 | 178(ฒ):0.177 | 177(ฑ):0.144,0
PrintAksorn_dataset/test/tho_montho_NotoSerifThai-SemiCondensedExtraBold.png,177,ฑ,0.2804,177,ฑ,1,183,0.5701,177,0.5244,177,0.3119,177(ฑ):0.280 | 183(ท):0.200 | 178(ฒ):0.106,0
PrintAksorn_dataset/test/tho_montho_Sriracha-Regular.png,177,ฑ,0.3931,177,ฑ,1,183,0.8816,177,0.7951,177,0.3826,177(ฑ):0.393 | 183(ท):0.358 | 190(พ):0.021,0
PrintAksorn_dataset/test/tho_montho_TH-Fahkwang-Regular.png,181,ต,0.3089,177,ฑ,0,181,0.3899,183,0.3537,181,0.5194,181(ต):0.309 | 183(ท):0.129 | 177(ฑ):0.111,0
PrintAksorn_dataset/test/tho_montho_TlwgMono-Bold.png,177,ฑ,0.4393,177,ฑ,1,183,0.3281,177,0.8181,177,0.4938,177(ฑ):0.439 | 183(ท):0.113 | 181(ต):0.051,0
PrintAksorn_dataset/test/tho_montho_TlwgTypo-BoldOblique.png,183,ท,0.2141,177,ฑ,0,183,0.3765,203,0.4539,178,0.2016,183(ท):0.214 | 203(ห):0.168 | 177(ฑ):0.105,0
PrintAksorn_dataset/test/tho_montho_Trirong-Medium.png,177,ฑ,0.2987,177,ฑ,1,183,0.2491,177,0.7542,178,0.4375,177(ฑ):0.299 | 178(ฒ):0.161 | 183(ท):0.107,0
PrintAksorn_dataset/test/tho_phuthao_JS-Thanaporn-Normal.png,173,ญ,0.2146,178,ฒ,0,173,0.6152,178,0.561,247,0.1329,173(ญ):0.215 | 178(ฒ):0.208 | 179(ณ):0.050,0
PrintAksorn_dataset/test/tho_phuthao_Kinnari-BoldOblique.png,178,ฒ,0.9133,178,ฒ,1,178,0.939,178,0.8977,178,0.9033,178(ฒ):0.913 | 172(ฌ):0.010 | 181(ต):0.003,1
PrintAksorn_dataset/test/tho_phuthao_Laksaman-Italic.png,178,ฒ,0.9079,178,ฒ,1,178,0.9391,178,0.9134,178,0.8713,178(ฒ):0.908 | 172(ฌ):0.005 | 242(๒):0.003,1
PrintAksorn_dataset/test/tho_phuthao_NotoSansThai-CondensedThin.png,173,ญ,0.1569,178,ฒ,0,173,0.4343,178,0.1876,247,0.1979,173(ญ):0.157 | 178(ฒ):0.100 | 247(๗):0.070,0
PrintAksorn_dataset/test/tho_phuthao_NotoSerifThai-SemiCondensed.png,178,ฒ,0.8681,178,ฒ,1,178,0.904,178,0.9002,178,0.8002,178(ฒ):0.868 | 172(ฌ):0.012 | 242(๒):0.004,1
PrintAksorn_dataset/test/tho_phuthao_NotoSerifThai-SemiCondensedBlack.png,178,ฒ,0.8594,178,ฒ,1,178,0.835,178,0.8439,178,0.8992,178(ฒ):0.859 | 179(ณ):0.005 | 172(ฌ):0.005,1
PrintAksorn_dataset/test/tho_phuthao_Sarabun-Regular.png,178,ฒ,0.8784,178,ฒ,1,178,0.9161,178,0.8731,178,0.8459,178(ฒ):0.878 | 172(ฌ):0.011 | 242(๒):0.003,1
PrintAksorn_dataset/test/tho_phuthao_Umpush-Oblique.png,178,ฒ,0.8105,178,ฒ,1,178,0.883,178,0.8765,178,0.672,178(ฒ):0.811 | 172(ฌ):0.034 | 242(๒):0.005,1
PrintAksorn_dataset/test/tho_phuthao_Waree-Bold.png,178,ฒ,0.8701,178,ฒ,1,178,0.8399,178,0.9037,178,0.8668,178(ฒ):0.870 | 172(ฌ):0.013 | 179(ณ):0.004,1
PrintAksorn_dataset/test/tho_thahan_DC-Palamongkol-Regular.png,183,ท,0.5833,183,ท,1,183,0.6994,183,0.7086,183,0.3417,183(ท):0.583 | 203(ห):0.020 | 161(ก):0.014,1
PrintAksorn_dataset/test/tho_thahan_JS-Saowapark-Italic.png,183,ท,0.8834,183,ท,1,183,0.8819,183,0.912,183,0.8564,183(ท):0.883 | 161(ก):0.003 | 177(ฑ):0.003,1
PrintAksorn_dataset/test/tho_thahan_NotoSansThaiLooped-Bold.png,183,ท,0.8224,183,ท,1,183,0.8855,183,0.7814,183,0.8004,183(ท):0.822 | 177(ฑ):0.007 | 179(ณ):0.005,1
PrintAksorn_dataset/test/tho_thahan_NotoSerifThai-SemiCondensed.png,183,ท,0.6735,183,ท,1,183,0.8505,183,0.6736,183,0.4964,183(ท):0.673 | 190(พ):0.039 | 203(ห):0.020,1
PrintAksorn_dataset/test/tho_thahan_Sarabun-ThinItalic.png,183,ท,0.7454,183,ท,1,183,0.8739,183,0.8651,183,0.4972,183(ท):0.745 | 190(พ):0.025 | 203(ห):0.012,1
PrintAksorn_dataset/test/tho_thahan_Taviraj-ExtraLightItalic.png,183,ท,0.6141,183,ท,1,183,0.7706,183,0.8179,183,0.2538,183(ท):0.614 | 190(พ):0.040 | 203(ห):0.039,1
PrintAksorn_dataset/test/tho_thahan_Trirong-BoldItalic.png,183,ท,0.547,183,ท,1,183,0.8205,183,0.7051,190,0.2041,183(ท):0.547 | 190(พ):0.077 | 203(ห):0.033,0
PrintAksorn_dataset/test/tho_than_Aksaramatee-Italic.png,176,ฐ,0.8428,176,ฐ,1,176,0.6837,176,0.8979,176,0.9467,176(ฐ):0.843 | 175(ฏ):0.031 | 184(ธ):0.005,1
PrintAksorn_dataset/test/tho_than_ChulaNarak-Regular.png,176,ฐ,0.7188,176,ฐ,1,176,0.4489,176,0.8845,176,0.8231,176(ฐ):0.719 | 175(ฏ):0.027 | 195(ร):0.023,1
PrintAksorn_dataset/test/tho_than_DC-Palamongkol-Regular.png,176,ฐ,0.7241,176,ฐ,1,176,0.7898,176,0.898,176,0.4845,176(ฐ):0.724 | 175(ฏ):0.026 | 173(ญ):0.015,1
PrintAksorn_dataset/test/tho_than_JS-Saksit-Normal.png,176,ฐ,0.6262,176,ฐ,1,176,0.3188,176,0.8762,176,0.6836,176(ฐ):0.626 | 175(ฏ):0.047 | 174(ฎ):0.023,1
PrintAksorn_dataset/test/tho_than_Kinnari-Bold.png,176,ฐ,0.6511,176,ฐ,1,176,0.456,176,0.9076,176,0.5897,176(ฐ):0.651 | 175(ฏ):0.036 | 245(๕):0.027,1
PrintAksorn_dataset/test/tho_than_Mitr-Regular.png,174,ฎ,0.1617,176,ฐ,0,202,0.2397,174,0.3245,174,0.1208,174(ฎ):0.162 | 175(ฏ):0.118 | 176(ฐ):0.087,0
PrintAksorn_dataset/test/tho_than_Norasi-BoldItalic.png,176,ฐ,0.5948,176,ฐ,1,195,0.4826,176,0.9117,176,0.8151,176(ฐ):0.595 | 195(ร):0.163 | 226(โ):0.013,0
PrintAksorn_dataset/test/tho_than_NotoSansThai-CondensedBold.png,176,ฐ,0.4173,176,ฐ,1,176,0.3192,175,0.5507,176,0.6664,176(ฐ):0.417 | 175(ฏ):0.219 | 202(ส):0.063,0
PrintAksorn_dataset/test/tho_than_NotoSerifThai-ExtraCondensedExtraLight.png,176,ฐ,0.3562,176,ฐ,1,175,0.459,176,0.7716,174,0.3415,176(ฐ):0.356 | 175(ฏ):0.239 | 174(ฎ):0.125,0
PrintAksorn_dataset/test/tho_than_Sriracha-Regular.png,176,ฐ,0.3458,176,ฐ,1,202,0.1441,176,0.9051,248,0.1619,176(ฐ):0.346 | 248(๘):0.061 | 202(ส):0.050,0
PrintAksorn_dataset/test/tho_thong_Loma.png,184,ธ,0.7844,184,ธ,1,184,0.5387,184,0.9563,184,0.8581,184(ธ):0.784 | 197(ล):0.056 | 206(ฮ):0.009,1
PrintAksorn_dataset/test/tho_thong_NotoSansThai-Bold.png,184,ธ,0.3645,184,ธ,1,184,0.1791,184,0.8141,248,0.2618,184(ธ):0.365 | 248(๘):0.090 | 195(ร):0.043,0
PrintAksorn_dataset/test/tho_thong_NotoSansThaiLooped-Thin.png,184,ธ,0.5398,184,ธ,1,184,0.2565,184,0.967,184,0.3958,184(ธ):0.540 | 248(๘):0.132 | 194(ย):0.037,1
PrintAksorn_dataset/test/tho_thong_Prompt-ExtraLight.png,184,ธ,0.1359,184,ธ,1,197,0.2217,184,0.3026,248,0.3771,184(ธ):0.136 | 248(๘):0.134 | 197(ล):0.083,0
PrintAksorn_dataset/test/tho_thong_Sarabun-ExtraBold.png,184,ธ,0.4444,184,ธ,1,249,0.1855,184,0.9639,184,0.2485,184(ธ):0.444 | 249(๙):0.064 | 248(๘):0.059,0
PrintAksorn_dataset/test/tho_thong_Taviraj-MediumItalic.png,184,ธ,0.8383,184,ธ,1,184,0.7577,184,0.9585,184,0.7987,184(ธ):0.838 | 206(ฮ):0.016 | 182(ถ):0.011,1
PrintAksorn_dataset/test/tho_thung_ChulaNarak-Bold-Italic.png,182,ถ,0.8897,182,ถ,1,182,0.7641,182,0.9453,182,0.9599,182(ถ):0.890 | 196(ฤ):0.007 | 199(ว):0.003,1
PrintAksorn_dataset/test/tho_thung_FonLeb-Italic.png,182,ถ,0.9197,182,ถ,1,182,0.8764,182,0.921,182,0.9616,182(ถ):0.920 | 196(ฤ):0.006 | 197(ล):0.004,1
PrintAksorn_dataset/test/tho_thung_Himmaparnt-Bold.png,182,ถ,0.8915,182,ถ,1,182,0.8361,182,0.9177,182,0.9208,182(ถ):0.892 | 196(ฤ):0.007 | 192(ภ):0.003,1
PrintAksorn_dataset/test/tho_thung_JS-75-Pumpuang.png,161,ก,0.5646,182,ถ,0,183,0.2928,161,0.8287,161,0.7848,161(ก):0.565 | 183(ท):0.100 | 182(ถ):0.013,0
PrintAksorn_dataset/test/tho_thung_JS-Angsumalin.png,182,ถ,0.8232,182,ถ,1,182,0.9079,182,0.7985,182,0.7631,182(ถ):0.823 | 196(ฤ):0.013 | 243(๓):0.007,1
PrintAksorn_dataset/test/tho_thung_Prompt-BoldItalic.png,182,ถ,0.2463,182,ถ,1,182,0.4441,164,0.226,241,0.243,182(ถ):0.246 | 241(๑):0.086 | 164(ค):0.084,0
PrintAksorn_dataset/test/tho_thung_TH-Fahkwang-Italic.png,182,ถ,0.8767,182,ถ,1,182,0.7361,182,0.951,182,0.943,182(ถ):0.877 | 196(ฤ):0.006 | 205(อ):0.005,1
PrintAksorn_dataset/test/tho_thung_Taviraj-LightItalic.png,182,ถ,0.8967,182,ถ,1,182,0.7678,182,0.9568,182,0.9654,182(ถ):0.897 | 196(ฤ):0.008 | 197(ล):0.004,1
PrintAksorn_dataset/test/to_patak_JS-Saksit-Normal.png,175,ฏ,0.8033,175,ฏ,1,175,0.9621,175,0.8051,175,0.6429,175(ฏ):0.803 | 174(ฎ):0.107 | 182(ถ):0.002,1
PrintAksorn_dataset/test/to_patak_Laksaman.png,175,ฏ,0.8852,175,ฏ,1,175,0.9224,175,0.8459,175,0.8872,175(ฏ):0.885 | 174(ฎ):0.012 | 176(ฐ):0.003,1
PrintAksorn_dataset/test/to_patak_NotoSerifThai-CondensedBlack.png,175,ฏ,0.7624,175,ฏ,1,175,0.9534,175,0.8236,175,0.5101,175(ฏ):0.762 | 174(ฎ):0.087 | 173(ญ):0.009,1
PrintAksorn_dataset/test/to_patak_NotoSerifThai-CondensedSemiBold.png,175,ฏ,0.7648,175,ฏ,1,175,0.9486,175,0.8599,175,0.486,175(ฏ):0.765 | 174(ฎ):0.085 | 173(ญ):0.006,1
PrintAksorn_dataset/test/to_patak_NotoSerifThai-SemiCondensedLight.png,175,ฏ,0.8058,175,ฏ,1,175,0.9187,175,0.8491,175,0.6497,175(ฏ):0.806 | 174(ฎ):0.065 | 192(ภ):0.004,1
PrintAksorn_dataset/test/to_patak_SR-FahMai-Bold.png,175,ฏ,0.8253,175,ฏ,1,175,0.9281,175,0.8807,175,0.6671,175(ฏ):0.825 | 174(ฎ):0.037 | 192(ภ):0.005,1
PrintAksorn_dataset/test/to_patak_SukhumvitSet.png,174,ฎ,0.4322,175,ฏ,0,182,0.1695,174,0.4716,174,0.7352,174(ฎ):0.432 | 175(ฏ):0.146 | 182(ถ):0.070,0
PrintAksorn_dataset/test/to_patak_TlwgMono-Oblique.png,175,ฏ,0.8732,175,ฏ,1,175,0.8301,175,0.8739,175,0.9156,175(ฏ):0.873 | 174(ฎ):0.018 | 182(ถ):0.003,1
PrintAksorn_dataset/test/to_patak_Trirong-Thin.png,175,ฏ,0.789,175,ฏ,1,175,0.9038,175,0.834,175,0.6293,175(ฏ):0.789 | 174(ฎ):0.081 | 192(ภ):0.004,1
PrintAksorn_dataset/test/to_tao_JS-Charnchai-Normal.png,181,ต,0.8807,181,ต,1,181,0.9108,181,0.7836,181,0.9476,181(ต):0.881 | 165(ฅ):0.012 | 178(ฒ):0.006,1
PrintAksorn_dataset/test/to_tao_JS-Junkaew-Italic.png,181,ต,0.9,181,ต,1,181,0.8952,181,0.9065,181,0.8984,181(ต):0.900 | 180(ด):0.011 | 165(ฅ):0.007,1
PrintAksorn_dataset/test/to_tao_JS-Saowapark-Italic.png,181,ต,0.8758,181,ต,1,181,0.9124,181,0.8551,181,0.86,181(ต):0.876 | 165(ฅ):0.016 | 180(ด):0.010,1
PrintAksorn_dataset/test/to_tao_Kanit-MediumItalic.png,243,๓,0.3559,181,ต,0,243,0.2534,165,0.3929,243,0.8102,243(๓):0.356 | 165(ฅ):0.141 | 181(ต):0.079,0
PrintAksorn_dataset/test/to_tao_NotoSansThai-ExtraCondensedMedium.png,243,๓,0.178,181,ต,0,182,0.0994,165,0.4442,243,0.4879,243(๓):0.178 | 165(ฅ):0.162 | 181(ต):0.105,0
PrintAksorn_dataset/test/to_tao_NotoSansThai-Light.png,165,ฅ,0.2462,181,ต,0,194,0.098,165,0.6543,243,0.5923,165(ฅ):0.246 | 243(๓):0.209 | 181(ต):0.072,0
PrintAksorn_dataset/test/to_tao_NotoSansThai-SemiCondensedExtraLight.png,243,๓,0.2063,181,ต,0,194,0.11,181,0.4568,243,0.5854,243(๓):0.206 | 181(ต):0.165 | 165(ฅ):0.153,0
PrintAksorn_dataset/test/to_tao_NotoSerifThai-CondensedLight.png,181,ต,0.8931,181,ต,1,181,0.9069,181,0.8656,181,0.9068,181(ต):0.893 | 165(ฅ):0.011 | 178(ฒ):0.007,1
PrintAksorn_dataset/test/to_tao_Prompt-Medium.png,243,๓,0.2952,181,ต,0,243,0.2083,181,0.4245,243,0.6744,243(๓):0.295 | 181(ต):0.148 | 165(ฅ):0.105,0
PrintAksorn_dataset/test/to_tao_Prompt-SemiBoldItalic.png,243,๓,0.3762,181,ต,0,243,0.3463,165,0.3556,243,0.7783,243(๓):0.376 | 165(ฅ):0.128 | 181(ต):0.070,0
PrintAksorn_dataset/test/to_tao_Sarabun-Italic.png,181,ต,0.7475,181,ต,1,181,0.9206,181,0.5552,181,0.7667,181(ต):0.747 | 165(ฅ):0.102 | 243(๓):0.006,1
PrintAksorn_dataset/test/to_tao_Trirong-ThinItalic.png,181,ต,0.8507,181,ต,1,181,0.8597,181,0.8131,181,0.8793,181(ต):0.851 | 165(ฅ):0.016 | 178(ฒ):0.008,1
PrintAksorn_dataset/test/wo_waen_DC-Palamongkol-Regular.png,199,ว,0.9125,199,ว,1,199,0.9104,199,0.8804,199,0.9467,199(ว):0.912 | 187(ป):0.002 | 205(อ):0.002,1
PrintAksorn_dataset/test/wo_waen_FonLeb-Bold.png,199,ว,0.8994,199,ว,1,199,0.8701,199,0.9174,199,0.9107,199(ว):0.899 | 210(า):0.004 | 195(ร):0.003,1
PrintAksorn_dataset/test/wo_waen_JS-Prajuk-Italic.png,199,ว,0.8373,199,ว,1,199,0.8954,199,0.8935,199,0.7231,199(ว):0.837 | 195(ร):0.015 | 192(ภ):0.012,1
PrintAksorn_dataset/test/wo_waen_JS-Pumpuang-Normal.png,240,๐,0.177,199,ว,0,240,0.4283,199,0.4639,241,0.1313,240(๐):0.177 | 199(ว):0.173 | 205(อ):0.076,0
PrintAksorn_dataset/test/wo_waen_KaniGa-Bold.png,199,ว,0.9163,199,ว,1,199,0.8973,199,0.9407,199,0.911,199(ว):0.916 | 210(า):0.002 | 195(ร):0.002,1
PrintAksorn_dataset/test/wo_waen_Loma-Bold.png,199,ว,0.8813,199,ว,1,199,0.9042,199,0.8823,199,0.8574,199(ว):0.881 | 195(ร):0.006 | 246(๖):0.005,1
PrintAksorn_dataset/test/wo_waen_Mitr-Medium.png,199,ว,0.2957,199,ว,1,199,0.226,199,0.5991,241,0.2517,199(ว):0.296 | 241(๑):0.086 | 240(๐):0.060,0
PrintAksorn_dataset/test/wo_waen_PSK-Smart-Bold.png,199,ว,0.9123,199,ว,1,199,0.8944,199,0.9103,199,0.9322,199(ว):0.912 | 195(ร):0.005 | 205(อ):0.002,1
PrintAksorn_dataset/test/wo_waen_Pattaya-Regular.png,199,ว,0.245,199,ว,1,199,0.3911,199,0.3172,241,0.6959,199(ว):0.245 | 241(๑):0.235 | 205(อ):0.113,0
PrintAksorn_dataset/test/wo_waen_Pridi-Bold.png,199,ว,0.642,199,ว,1,199,0.8214,199,0.503,199,0.6015,199(ว):0.642 | 195(ร):0.023 | 192(ภ):0.020,1
PrintAksorn_dataset/test/wo_waen_Pridi-SemiBold.png,199,ว,0.7685,199,ว,1,199,0.851,199,0.6384,199,0.816,199(ว):0.768 | 195(ร):0.016 | 192(ภ):0.011,1
PrintAksorn_dataset/test/wo_waen_TH-Mali-Grade6-Regular.png,199,ว,0.9088,199,ว,1,199,0.8846,199,0.9396,199,0.9022,199(ว):0.909 | 246(๖):0.002 | 187(ป):0.002,1
PrintAksorn_dataset/test/yo_yak_JS-Rapee-Bold.png,194,ย,0.6988,194,ย,1,194,0.9071,194,0.5544,194,0.6349,194(ย):0.699 | 188(ผ):0.041 | 186(บ):0.015,1
PrintAksorn_dataset/test/yo_yak_Kinnari-BoldItalic.png,194,ย,0.8597,194,ย,1,194,0.9053,194,0.8289,194,0.8449,194(ย):0.860 | 205(อ):0.009 | 209(ั):0.005,1
PrintAksorn_dataset/test/yo_yak_NotoSansThai-CondensedExtraBold.png,194,ย,0.493,194,ย,1,194,0.8986,205,0.5107,194,0.4353,194(ย):0.493 | 205(อ):0.174 | 188(ผ):0.012,0
PrintAksorn_dataset/test/yo_yak_NotoSerifThai-SemiCondensedMedium.png,194,ย,0.8508,194,ย,1,194,0.9048,194,0.9308,194,0.7168,194(ย):0.851 | 162(ข):0.015 | 188(ผ):0.005,1
PrintAksorn_dataset/test/yo_yak_Taviraj-Light.png,194,ย,0.8974,194,ย,1,194,0.9149,194,0.9076,194,0.8696,194(ย):0.897 | 162(ข):0.005 | 186(บ):0.004,1
PrintAksorn_dataset/test/yo_ying_CmPrasanmit-Bold.png,173,ญ,0.7642,173,ญ,1,173,0.4626,173,0.9504,173,0.8796,173(ญ):0.764 | 179(ณ):0.074 | 175(ฏ):0.009,1
PrintAksorn_dataset/test/yo_ying_FonLeb-Italic.png,173,ญ,0.9161,173,ญ,1,173,0.9371,173,0.9453,173,0.8658,173(ญ):0.916 | 175(ฏ):0.003 | 174(ฎ):0.003,1
PrintAksorn_dataset/test/yo_ying_Himmaparnt-Bold.png,173,ญ,0.8927,173,ญ,1,173,0.8967,173,0.9256,173,0.8558,173(ญ):0.893 | 179(ณ):0.014 | 247(๗):0.004,1
PrintAksorn_dataset/test/yo_ying_NotoSansThai-CondensedThin.png,173,ญ,0.7754,173,ญ,1,173,0.45,173,0.971,173,0.9053,173(ญ):0.775 | 193(ม):0.012 | 162(ข):0.010,1
PrintAksorn_dataset/test/yo_ying_NotoSansThai-SemiCondensedBlack.png,173,ญ,0.6694,173,ญ,1,173,0.354,173,0.8942,173,0.76,173(ญ):0.669 | 162(ข):0.032 | 217(ู):0.021,1
PrintAksorn_dataset/test/yo_ying_NotoSansThaiLooped-Medium.png,173,ญ,0.7764,173,ญ,1,173,0.4837,173,0.9694,173,0.8762,173(ญ):0.776 | 175(ฏ):0.040 | 179(ณ):0.011,1
PrintAksorn_dataset/test/yo_ying_NotoSerifThai-Black.png,173,ญ,0.7178,173,ญ,1,173,0.3568,173,0.958,173,0.8385,173(ญ):0.718 | 179(ณ):0.048 | 175(ฏ):0.016,1
PrintAksorn_dataset/test/yo_ying_NotoSerifThai-ExtraCondensedLight.png,173,ญ,0.7693,173,ญ,1,173,0.522,173,0.9488,173,0.8372,173(ญ):0.769 | 179(ณ):0.057 | 175(ฏ):0.013,1
PrintAksorn_dataset/test/yo_ying_Prompt-BoldItalic.png,173,ญ,0.5355,173,ญ,1,173,0.4318,173,0.7421,173,0.4325,173(ญ):0.535 | 247(๗):0.048 | 201(ษ):0.030,1
PrintAksorn_dataset/test/yo_ying_Purisa-Oblique.png,173,ญ,0.6551,173,ญ,1,179,0.2767,173,0.9715,173,0.9213,173(ญ):0.655 | 179(ณ):0.093 | 193(ม):0.022,0
PrintAksorn_dataset/test/yo_ying_Sriracha-Regular.png,173,ญ,0.8992,173,ญ,1,173,0.8753,173,0.9558,173,0.8667,173(ญ):0.899 | 179(ณ):0.008 | 247(๗):0.004,1
PrintAksorn_dataset/test/yo_ying_Taviraj-Medium.png,173,ญ,0.8885,173,ญ,1,173,0.8423,173,0.9633,173,0.86,173(ญ):0.889 | 175(ฏ):0.008 | 179(ณ):0.006,1
